timestamp,lat,long,bssid,signal_dbm,frequency,channel,ssid,devicename
2025-10-24_19-57-37,,,9e:05:d6:96:11:ff,-43,5805,162,Bermuda,inside3
2025-10-24_19-57-37,,,9c:05:d6:d6:11:ff,-43,5805,162,Bermuda Guest WIFI,inside3
2025-10-24_19-57-37,,,9e:05:d6:96:20:6f,-50,5745,150,Bermuda Guest WIFI,inside1
2025-10-24_19-57-37,,,9e:05:d6:a6:20:6f,-51,5745,150,Bermuda,Unknown
2025-10-24_19-57-37,,,9c:05:d6:d6:20:6f,-51,5745,150,Private WIFI,inside1
2025-10-24_19-57-37,,,9e:05:d6:b6:20:6f,-51,5745,150,Private WIFI,Unknown
2025-10-24_19-57-37,,,9e:05:d6:96:25:73,-56,5220,45,Bermuda,inside4
2025-10-24_19-57-37,,,9c:05:d6:d6:25:73,-56,5220,45,Bermuda Guest WIFI,inside4
2025-10-24_19-57-37,,,9c:05:d6:d6:11:fe,-59,2462,11,Bermuda 2G,inside3
2025-10-24_19-57-37,,,9e:05:d6:96:11:fe,-60,2462,11,Bermuda Guest WIFI 2G,inside3
2025-10-24_19-57-37,,,9c:05:d6:d6:20:6e,-66,2437,6,Private WIFI,inside1
2025-10-24_19-57-37,,,9e:05:d6:a6:20:6e,-66,2437,6,Bermuda Guest WIFI 2G,Unknown
2025-10-24_19-57-37,,,9e:05:d6:96:2c:47,-67,5785,158,Bermuda,inside2
2025-10-24_19-57-37,,,9e:05:d6:96:22:af,-67,5805,162,Bermuda,inside5
2025-10-24_19-57-37,,,9e:05:d6:96:20:6e,-67,2437,6,Bermuda 2G,inside1
2025-10-24_19-57-37,,,9c:05:d6:d6:2c:47,-67,5785,158,Bermuda Guest WIFI,inside2
2025-10-24_19-57-37,,,9c:05:d6:d6:25:72,-68,2412,1,Bermuda 2G,inside4
2025-10-24_19-57-37,,,22:6a:1b:63:f6:f2,-69,5240,49,Bermuda,Outside SE
2025-10-24_19-57-37,,,1c:6a:1b:63:f6:f2,-70,5240,49,Bermuda Guest WIFI,Outside SE
2025-10-24_19-57-37,,,9e:05:d6:96:25:72,-71,2412,1,Bermuda Guest WIFI 2G,inside4
2025-10-24_19-57-37,,,9c:05:d6:d6:22:ae,-71,2462,11,Bermuda 2G,inside5
2025-10-24_19-57-37,,,9e:05:d6:96:2c:46,-74,2412,1,Bermuda Guest WIFI 2G,inside2
2025-10-24_19-57-37,,,2e:70:4e:d0:88:21,-75,2412,1,Bermuda Guest WIFI 2G,pole 14
2025-10-24_19-57-37,,,9c:05:d6:d6:2c:46,-77,2412,1,Bermuda 2G,inside2
2025-10-24_19-57-37,,,28:70:4e:d0:88:21,-78,2412,1,Bermuda 2G,pole 14
2025-10-24_19-57-37,,,28:70:4e:23:62:7b,-82,5765,154,Bermuda Guest WIFI,inside6
2025-10-24_19-57-37,,,2a:70:4e:13:62:7b,-83,5765,154,Bermuda,inside6
2025-10-24_19-57-37,,,9e:05:d6:96:11:ff,-43,5805,162,Bermuda,inside3
2025-10-24_19-57-37,,,9c:05:d6:d6:11:ff,-43,5805,162,Bermuda Guest WIFI,inside3
2025-10-24_19-57-37,,,9e:05:d6:a6:20:6f,-56,5745,150,Bermuda,Unknown
2025-10-24_19-57-37,,,9e:05:d6:96:20:6f,-56,5745,150,Bermuda Guest WIFI,inside1
2025-10-24_19-57-37,,,9c:05:d6:d6:20:6f,-56,5745,150,Private WIFI,inside1
2025-10-24_19-57-37,,,9e:05:d6:b6:20:6f,-56,5745,150,Private WIFI,Unknown
2025-10-24_19-57-37,,,9c:05:d6:d6:22:af,-58,5805,162,Bermuda Guest WIFI,inside5
2025-10-24_19-57-37,,,9e:05:d6:96:25:73,-60,5220,45,Bermuda,inside4
2025-10-24_19-57-37,,,9c:05:d6:d6:25:73,-60,5220,45,Bermuda Guest WIFI,inside4
2025-10-24_19-57-37,,,9e:05:d6:96:2c:47,-62,5785,158,Bermuda,inside2
2025-10-24_19-57-37,,,9c:05:d6:d6:2c:47,-62,5785,158,Bermuda Guest WIFI,inside2
2025-10-24_19-57-37,,,9c:05:d6:d6:22:ae,-65,2462,11,Bermuda 2G,inside5
2025-10-24_19-57-37,,,9e:05:d6:96:22:ae,-66,2462,11,Bermuda Guest WIFI 2G,inside5
2025-10-24_19-57-37,,,9e:05:d6:96:22:af,-67,5805,162,Bermuda,inside5
2025-10-24_19-57-37,,,9c:05:d6:d6:20:6e,-68,2437,6,Private WIFI,inside1
2025-10-24_19-57-37,,,9e:05:d6:96:11:fe,-68,2462,11,Bermuda Guest WIFI 2G,inside3
2025-10-24_19-57-37,,,9e:05:d6:96:20:6e,-69,2437,6,Bermuda 2G,inside1
2025-10-24_19-57-37,,,9e:05:d6:a6:20:6e,-69,2437,6,Bermuda Guest WIFI 2G,Unknown
2025-10-24_19-57-37,,,22:6a:1b:63:f6:f2,-69,5240,49,Bermuda,Outside SE
2025-10-24_19-57-37,,,9c:05:d6:d6:11:fe,-70,2462,11,Bermuda 2G,inside3
2025-10-24_19-57-37,,,9c:05:d6:d6:25:72,-72,2412,1,Bermuda 2G,inside4
2025-10-24_19-57-37,,,9e:05:d6:96:25:72,-72,2412,1,Bermuda Guest WIFI 2G,inside4
2025-10-24_19-57-37,,,2e:70:4e:d0:88:21,-75,2412,1,Bermuda Guest WIFI 2G,pole 14
2025-10-24_19-57-37,,,1c:6a:1b:63:f6:f2,-76,5240,49,Bermuda Guest WIFI,Outside SE
2025-10-24_19-57-37,,,28:70:4e:d0:88:21,-78,2412,1,Bermuda 2G,pole 14
2025-10-24_19-57-37,,,84:1f:e8:ff:29:e9,-78,2412,1,ShellyPlusRGBWPM-841FE8FF29E8,Unknown
2025-10-24_19-57-37,,,9e:05:d6:96:2c:46,-79,2412,1,Bermuda Guest WIFI 2G,inside2
2025-10-24_19-57-37,,,9c:05:d6:d6:2c:46,-80,2412,1,Bermuda 2G,inside2
2025-10-24_19-57-37,,,2a:70:4e:13:62:7b,-81,5765,154,Bermuda,inside6
2025-10-24_19-57-37,,,28:70:4e:23:62:7b,-83,5765,154,Bermuda Guest WIFI,inside6
2025-10-24_19-57-37,,,9e:05:d6:96:11:ff,-43,5805,162,Bermuda,inside3
2025-10-24_19-57-37,,,9c:05:d6:d6:11:ff,-43,5805,162,Bermuda Guest WIFI,inside3
2025-10-24_19-57-37,,,9c:05:d6:d6:11:fe,-54,2462,11,Bermuda 2G,inside3
2025-10-24_19-57-37,,,9e:05:d6:96:25:73,-54,5220,45,Bermuda,inside4
2025-10-24_19-57-37,,,9c:05:d6:d6:25:73,-54,5220,45,Bermuda Guest WIFI,inside4
2025-10-24_19-57-37,,,9e:05:d6:a6:20:6f,-56,5745,150,Bermuda,Unknown
2025-10-24_19-57-37,,,9e:05:d6:96:11:fe,-56,2462,11,Bermuda Guest WIFI 2G,inside3
2025-10-24_19-57-37,,,9e:05:d6:96:20:6f,-56,5745,150,Bermuda Guest WIFI,inside1
2025-10-24_19-57-37,,,9c:05:d6:d6:20:6f,-56,5745,150,Private WIFI,inside1
2025-10-24_19-57-37,,,9e:05:d6:b6:20:6f,-56,5745,150,Private WIFI,Unknown
2025-10-24_19-57-37,,,9e:05:d6:96:20:6e,-59,2437,6,Bermuda 2G,inside1
2025-10-24_19-57-37,,,9c:05:d6:d6:20:6e,-59,2437,6,Private WIFI,inside1
2025-10-24_19-57-37,,,9e:05:d6:a6:20:6e,-59,2437,6,Bermuda Guest WIFI 2G,Unknown
2025-10-24_19-57-37,,,9c:05:d6:d6:22:af,-62,5805,162,Bermuda Guest WIFI,inside5
2025-10-24_19-57-37,,,9e:05:d6:96:22:af,-62,5805,162,Bermuda,inside5
2025-10-24_19-57-37,,,9e:05:d6:96:2c:47,-66,5785,158,Bermuda,inside2
2025-10-24_19-57-37,,,9e:05:d6:96:25:72,-66,2412,1,Bermuda Guest WIFI 2G,inside4
2025-10-24_19-57-37,,,9c:05:d6:d6:2c:47,-66,5785,158,Bermuda Guest WIFI,inside2
2025-10-24_19-57-37,,,9c:05:d6:d6:22:ae,-69,2462,11,Bermuda 2G,inside5
2025-10-24_19-57-37,,,9e:05:d6:96:22:ae,-69,2462,11,Bermuda Guest WIFI 2G,inside5
2025-10-24_19-57-37,,,9c:05:d6:d6:25:72,-70,2412,1,Bermuda 2G,inside4
2025-10-24_19-57-37,,,1c:6a:1b:63:f6:f2,-70,5240,49,Bermuda Guest WIFI,Outside SE
2025-10-24_19-57-37,,,22:6a:1b:63:f6:f2,-70,5240,49,Bermuda,Outside SE
2025-10-24_19-57-37,,,9e:05:d6:96:2c:46,-75,2412,1,Bermuda Guest WIFI 2G,inside2
2025-10-24_19-57-37,,,9c:05:d6:d6:2c:46,-76,2412,1,Bermuda 2G,inside2
2025-10-24_19-57-37,,,84:1f:e8:ff:29:e9,-78,2412,1,ShellyPlusRGBWPM-841FE8FF29E8,Unknown
2025-10-24_19-57-37,,,2a:70:4e:13:62:7b,-81,5765,154,Bermuda,inside6
2025-10-24_19-57-37,,,28:70:4e:23:62:7b,-83,5765,154,Bermuda Guest WIFI,inside6
2025-10-24_19-57-37,,,9e:05:d6:96:11:ff,-43,5805,162,Bermuda,inside3
2025-10-24_19-57-37,,,9c:05:d6:d6:11:ff,-43,5805,162,Bermuda Guest WIFI,inside3
2025-10-24_19-57-37,,,9e:05:d6:96:20:6f,-46,5745,150,Bermuda Guest WIFI,inside1
2025-10-24_19-57-37,,,9c:05:d6:d6:20:6f,-46,5745,150,Private WIFI,inside1
2025-10-24_19-57-37,,,9e:05:d6:b6:20:6f,-46,5745,150,Private WIFI,Unknown
2025-10-24_19-57-37,,,9e:05:d6:a6:20:6f,-46,5745,150,Bermuda,Unknown
2025-10-24_19-57-37,,,9c:05:d6:d6:22:af,-57,5805,162,Bermuda Guest WIFI,inside5
2025-10-24_19-57-37,,,9e:05:d6:96:22:af,-57,5805,162,Bermuda,inside5
2025-10-24_19-57-37,,,9c:05:d6:d6:20:6e,-59,2437,6,Private WIFI,inside1
2025-10-24_19-57-37,,,9c:05:d6:d6:11:fe,-59,2462,11,Bermuda 2G,inside3
2025-10-24_19-57-37,,,9e:05:d6:96:11:fe,-59,2462,11,Bermuda Guest WIFI 2G,inside3
2025-10-24_19-57-37,,,9e:05:d6:96:25:73,-61,5220,45,Bermuda,inside4
2025-10-24_19-57-37,,,9c:05:d6:d6:25:73,-61,5220,45,Bermuda Guest WIFI,inside4
2025-10-24_19-57-37,,,9e:05:d6:96:20:6e,-63,2437,6,Bermuda 2G,inside1
2025-10-24_19-57-37,,,9e:05:d6:96:2c:47,-64,5785,158,Bermuda,inside2
2025-10-24_19-57-37,,,9c:05:d6:d6:2c:47,-64,5785,158,Bermuda Guest WIFI,inside2
2025-10-24_19-57-37,,,9e:05:d6:a6:20:6e,-65,2437,6,Bermuda Guest WIFI 2G,Unknown
2025-10-24_19-57-37,,,1c:6a:1b:63:f6:f2,-70,5240,49,Bermuda Guest WIFI,Outside SE
2025-10-24_19-57-37,,,22:6a:1b:63:f6:f2,-70,5240,49,Bermuda,Outside SE
2025-10-24_19-57-37,,,9c:05:d6:d6:22:ae,-72,2462,11,Bermuda 2G,inside5
2025-10-24_19-57-37,,,9e:05:d6:96:22:ae,-73,2462,11,Bermuda Guest WIFI 2G,inside5
2025-10-24_19-57-37,,,9c:05:d6:d6:25:72,-74,2412,1,Bermuda 2G,inside4
2025-10-24_19-57-37,,,9e:05:d6:96:25:72,-74,2412,1,Bermuda Guest WIFI 2G,inside4
2025-10-24_19-57-37,,,9e:05:d6:96:2c:46,-75,2412,1,Bermuda Guest WIFI 2G,inside2
2025-10-24_19-57-37,,,9c:05:d6:d6:2c:46,-76,2412,1,Bermuda 2G,inside2
2025-10-24_19-57-37,,,28:70:4e:23:62:7b,-80,5765,154,Bermuda Guest WIFI,inside6
2025-10-24_19-57-37,,,2a:70:4e:13:62:7b,-82,5765,154,Bermuda,inside6
2025-10-24T19:59:22.601900+00:00,,,1c:6a:1b:63:f6:f6,-44,5240,49,Bermuda Guest WIFI,Outside SW
2025-10-24T19:59:22.601900+00:00,,,22:6a:1b:63:f6:f6,-44,5240,49,Bermuda,Outside SW
2025-10-24T19:59:22.601900+00:00,,,1c:6a:1b:63:f6:f2,-53,5240,49,Bermuda Guest WIFI,Outside SE
2025-10-24T19:59:22.601900+00:00,,,22:6a:1b:63:f6:f2,-54,5240,49,Bermuda,Outside SE
2025-10-24T19:59:22.601900+00:00,,,9e:05:d6:96:11:ff,-56,5805,162,Bermuda,inside3
2025-10-24T19:59:22.601900+00:00,,,9c:05:d6:d6:11:ff,-56,5805,162,Bermuda Guest WIFI,inside3
2025-10-24T19:59:22.601900+00:00,,,1c:6a:1b:63:f6:f5,-66,2462,11,Bermuda 2G,Outside SW
2025-10-24T19:59:22.601900+00:00,,,28:70:4e:dd:d0:4a,-67,5240,49,Bermuda Guest WIFI,pole 13 SW
2025-10-24T19:59:22.601900+00:00,,,2e:70:4e:dd:d0:4a,-67,5240,49,Bermuda,pole 13 SW
2025-10-24T19:59:22.601900+00:00,,,9c:05:d6:d6:11:fe,-69,2462,11,Bermuda 2G,inside3
2025-10-24T19:59:22.601900+00:00,,,84:1f:e8:ff:29:e9,-72,2412,1,ShellyPlusRGBWPM-841FE8FF29E8,Unknown
2025-10-24T19:59:22.601900+00:00,,,9c:05:d6:d6:22:af,-72,5805,162,Bermuda Guest WIFI,inside5
2025-10-24T19:59:22.601900+00:00,,,9c:05:d6:d6:25:73,-73,5220,45,Bermuda Guest WIFI,inside4
2025-10-24T19:59:22.601900+00:00,,,9e:05:d6:96:25:73,-73,5220,45,Bermuda,inside4
2025-10-24T19:59:22.601900+00:00,,,9e:05:d6:a6:20:6f,-74,5745,150,Bermuda,Unknown
2025-10-24T19:59:22.601900+00:00,,,9e:05:d6:b6:20:6f,-74,5745,150,Private WIFI,Unknown
2025-10-24T19:59:22.601900+00:00,,,9c:05:d6:d6:20:6f,-74,5745,150,Private WIFI,inside1
2025-10-24T19:59:22.601900+00:00,,,9e:05:d6:96:20:6f,-75,5745,150,Bermuda Guest WIFI,inside1
2025-10-24T19:59:22.601900+00:00,,,6a:4e:05:c3:64:61,-76,2412,1,venus-HQ2519QWPH9-5aa,Unknown
2025-10-24T19:59:22.601900+00:00,,,28:70:4e:d0:88:21,-76,2412,1,Bermuda 2G,pole 14
2025-10-24T19:59:22.601900+00:00,,,2e:70:4e:d0:88:21,-76,2412,1,Bermuda Guest WIFI 2G,pole 14
2025-10-24T19:59:22.601900+00:00,,,1c:6a:1b:63:f6:f1,-78,2462,11,Bermuda 2G,Outside SE
2025-10-24T19:59:22.601900+00:00,,,22:6a:1b:63:f6:f2,-60,5240,49,Bermuda,Outside SE
2025-10-24T19:59:22.601900+00:00,,,1c:6a:1b:63:f6:f2,-61,5240,49,Bermuda Guest WIFI,Outside SE
2025-10-24T19:59:22.601900+00:00,,,1c:6a:1b:63:f6:f6,-63,5240,49,Bermuda Guest WIFI,Outside SW
2025-10-24T19:59:22.601900+00:00,,,22:6a:1b:63:f6:f6,-63,5240,49,Bermuda,Outside SW
2025-10-24T19:59:22.601900+00:00,,,28:70:4e:dd:d0:4a,-67,5240,49,Bermuda Guest WIFI,pole 13 SW
2025-10-24T19:59:22.601900+00:00,,,2e:70:4e:dd:d0:4a,-67,5240,49,Bermuda,pole 13 SW
2025-10-24T19:59:22.601900+00:00,,,1c:6a:1b:63:f6:f5,-68,2462,11,Bermuda 2G,Outside SW
2025-10-24T19:59:22.601900+00:00,,,22:6a:1b:63:f6:f5,-68,2462,11,Bermuda Guest WIFI 2G,Outside SW
2025-10-24T19:59:22.601900+00:00,,,9c:05:d6:d6:11:fe,-69,2462,11,Bermuda 2G,inside3
2025-10-24T19:59:22.601900+00:00,,,9e:05:d6:96:22:af,-69,5805,162,Bermuda,inside5
2025-10-24T19:59:22.601900+00:00,,,9c:05:d6:d6:11:ff,-70,5805,162,Bermuda Guest WIFI,inside3
2025-10-24T19:59:22.601900+00:00,,,9c:05:d6:d6:22:af,-70,5805,162,Bermuda Guest WIFI,inside5
2025-10-24T19:59:22.601900+00:00,,,9e:05:d6:96:11:ff,-72,5805,162,Bermuda,inside3
2025-10-24T19:59:22.601900+00:00,,,9c:05:d6:d6:25:73,-73,5220,45,Bermuda Guest WIFI,inside4
2025-10-24T19:59:22.601900+00:00,,,9e:05:d6:96:25:73,-73,5220,45,Bermuda,inside4
2025-10-24T19:59:22.601900+00:00,,,1c:6a:1b:63:f6:f1,-75,2462,11,Bermuda 2G,Outside SE
2025-10-24T19:59:22.601900+00:00,,,22:6a:1b:63:f6:f1,-75,2462,11,Bermuda Guest WIFI 2G,Outside SE
2025-10-24T19:59:22.601900+00:00,,,6a:4e:05:c3:64:61,-76,2412,1,venus-HQ2519QWPH9-5aa,Unknown
2025-10-24T19:59:22.601900+00:00,,,28:70:4e:d0:88:21,-76,2412,1,Bermuda 2G,pole 14
2025-10-24T19:59:22.601900+00:00,,,2e:70:4e:d0:88:21,-76,2412,1,Bermuda Guest WIFI 2G,pole 14
2025-10-24T19:59:22.601900+00:00,,,84:1f:e8:ff:29:e9,-77,2412,1,ShellyPlusRGBWPM-841FE8FF29E8,Unknown
2025-10-24T19:59:22.601900+00:00,,,9e:05:d6:96:20:6f,-77,5745,150,Bermuda Guest WIFI,inside1
2025-10-24T19:59:22.601900+00:00,,,9c:05:d6:d6:20:6f,-77,5745,150,Private WIFI,inside1
2025-10-24T19:59:22.601900+00:00,,,9e:05:d6:a6:20:6f,-78,5745,150,Bermuda,Unknown
2025-10-24T19:59:22.601900+00:00,,,9e:05:d6:b6:20:6f,-78,5745,150,Private WIFI,Unknown
2025-10-24T19:59:22.601900+00:00,,,1c:6a:1b:63:f6:f6,-66,5240,49,Bermuda Guest WIFI,Outside SW
2025-10-24T19:59:22.601900+00:00,,,22:6a:1b:63:f6:f6,-66,5240,49,Bermuda,Outside SW
2025-10-24T19:59:22.601900+00:00,,,1c:6a:1b:63:f6:f2,-68,5240,49,Bermuda Guest WIFI,Outside SE
2025-10-24T19:59:22.601900+00:00,,,84:1f:e8:ff:29:e9,-69,2412,1,ShellyPlusRGBWPM-841FE8FF29E8,Unknown
2025-10-24T19:59:22.601900+00:00,,,22:6a:1b:63:f6:f2,-69,5240,49,Bermuda,Outside SE
2025-10-24T19:59:22.601900+00:00,,,28:70:4e:d0:88:21,-72,2412,1,Bermuda 2G,pole 14
2025-10-24T19:59:22.601900+00:00,,,2e:70:4e:d0:88:21,-72,2412,1,Bermuda Guest WIFI 2G,pole 14
2025-10-24T19:59:22.601900+00:00,,,28:70:4e:dd:d0:4a,-73,5240,49,Bermuda Guest WIFI,pole 13 SW
2025-10-24T19:59:22.601900+00:00,,,2e:70:4e:dd:d0:4a,-73,5240,49,Bermuda,pole 13 SW
2025-10-24T19:59:22.601900+00:00,,,9c:05:d6:d6:22:af,-74,5805,162,Bermuda Guest WIFI,inside5
2025-10-24T19:59:22.601900+00:00,,,9e:05:d6:96:11:ff,-76,5805,162,Bermuda,inside3
2025-10-24T19:59:22.601900+00:00,,,9e:05:d6:a6:20:6f,-76,5745,150,Bermuda,Unknown
2025-10-24T19:59:22.601900+00:00,,,9e:05:d6:96:22:af,-76,5805,162,Bermuda,inside5
2025-10-24T19:59:22.601900+00:00,,,9c:05:d6:d6:20:6f,-76,5745,150,Private WIFI,inside1
2025-10-24T19:59:22.601900+00:00,,,9e:05:d6:b6:20:6f,-76,5745,150,Private WIFI,Unknown
2025-10-24T19:59:22.601900+00:00,,,9c:05:d6:d6:11:ff,-77,5805,162,Bermuda Guest WIFI,inside3
2025-10-24T19:59:22.601900+00:00,,,9e:05:d6:96:20:6f,-77,5745,150,Bermuda Guest WIFI,inside1
2025-10-24T19:59:22.601900+00:00,,,60:22:32:16:1e:33,-80,5805,162,Bermuda Guest WIFI,laundry1
2025-10-24T19:59:22.601900+00:00,,,84:1f:e8:ff:29:e9,-61,2412,1,ShellyPlusRGBWPM-841FE8FF29E8,Unknown
2025-10-24T19:59:22.601900+00:00,,,22:6a:1b:63:f6:f2,-63,5240,49,Bermuda,Outside SE
2025-10-24T19:59:22.601900+00:00,,,1c:6a:1b:63:f6:f6,-66,5240,49,Bermuda Guest WIFI,Outside SW
2025-10-24T19:59:22.601900+00:00,,,22:6a:1b:63:f6:f6,-66,5240,49,Bermuda,Outside SW
2025-10-24T19:59:22.601900+00:00,,,1c:6a:1b:63:f6:f2,-68,5240,49,Bermuda Guest WIFI,Outside SE
2025-10-24T19:59:22.601900+00:00,,,28:70:4e:d0:88:21,-72,2412,1,Bermuda 2G,pole 14
2025-10-24T19:59:22.601900+00:00,,,2e:70:4e:d0:88:21,-72,2412,1,Bermuda Guest WIFI 2G,pole 14
2025-10-24T19:59:22.601900+00:00,,,28:70:4e:dd:d0:4a,-73,5240,49,Bermuda Guest WIFI,pole 13 SW
2025-10-24T19:59:22.601900+00:00,,,2e:70:4e:dd:d0:4a,-73,5240,49,Bermuda,pole 13 SW
2025-10-24T19:59:22.601900+00:00,,,9c:05:d6:d6:22:af,-74,5805,162,Bermuda Guest WIFI,inside5
2025-10-24T19:59:22.601900+00:00,,,9e:05:d6:96:11:ff,-76,5805,162,Bermuda,inside3
2025-10-24T19:59:22.601900+00:00,,,9e:05:d6:a6:20:6f,-76,5745,150,Bermuda,Unknown
2025-10-24T19:59:22.601900+00:00,,,9e:05:d6:96:22:af,-76,5805,162,Bermuda,inside5
2025-10-24T19:59:22.601900+00:00,,,9c:05:d6:d6:20:6f,-76,5745,150,Private WIFI,inside1
2025-10-24T19:59:22.601900+00:00,,,9e:05:d6:b6:20:6f,-76,5745,150,Private WIFI,Unknown
2025-10-24T19:59:22.601900+00:00,,,9c:05:d6:d6:11:ff,-77,5805,162,Bermuda Guest WIFI,inside3
2025-10-24T19:59:22.601900+00:00,,,9e:05:d6:96:20:6f,-77,5745,150,Bermuda Guest WIFI,inside1
2025-10-24T19:59:22.601900+00:00,,,60:22:32:16:1e:33,-80,5805,162,Bermuda Guest WIFI,laundry1
2025-10-24T20:01:01.396417+00:00,,,84:1f:e8:ff:29:e9,-51,2412,1,ShellyPlusRGBWPM-841FE8FF29E8,Unknown
2025-10-24T20:01:01.396417+00:00,,,1c:6a:1b:63:f6:f6,-68,5240,49,Bermuda Guest WIFI,Outside SW
2025-10-24T20:01:01.396417+00:00,,,22:6a:1b:63:f6:f6,-68,5240,49,Bermuda,Outside SW
2025-10-24T20:01:01.396417+00:00,,,22:6a:1b:63:f6:f2,-70,5240,49,Bermuda,Outside SE
2025-10-24T20:01:01.396417+00:00,,,1c:6a:1b:63:f6:f2,-70,5240,49,Bermuda Guest WIFI,Outside SE
2025-10-24T20:01:01.396417+00:00,,,9c:05:d6:d6:11:ff,-81,5805,162,Bermuda Guest WIFI,inside3
2025-10-24T20:01:01.396417+00:00,,,9e:05:d6:96:11:ff,-82,5805,162,Bermuda,inside3
2025-10-24T20:01:01.396417+00:00,,,9e:05:d6:96:20:6f,-85,5745,150,Bermuda Guest WIFI,inside1
2025-10-24T20:01:01.396417+00:00,,,9c:05:d6:d6:20:6f,-85,5745,150,Private WIFI,inside1
2025-10-24T20:01:01.396417+00:00,,,12:e8:a7:2a:9e:2b,-86,2442,7,myGMC 9E2B,Unknown
2025-10-24T20:01:01.396417+00:00,,,9e:05:d6:a6:20:6f,-87,5745,150,Bermuda,Unknown
2025-10-24T20:01:01.396417+00:00,,,9e:05:d6:b6:20:6f,-87,5745,150,Private WIFI,Unknown
2025-10-24T20:01:01.396417+00:00,,,84:1f:e8:ff:29:e9,-51,2412,1,ShellyPlusRGBWPM-841FE8FF29E8,Unknown
2025-10-24T20:01:01.396417+00:00,,,1c:6a:1b:63:f6:f6,-68,5240,49,Bermuda Guest WIFI,Outside SW
2025-10-24T20:01:01.396417+00:00,,,22:6a:1b:63:f6:f6,-68,5240,49,Bermuda,Outside SW
2025-10-24T20:01:01.396417+00:00,,,22:6a:1b:63:f6:f2,-70,5240,49,Bermuda,Outside SE
2025-10-24T20:01:01.396417+00:00,,,1c:6a:1b:63:f6:f2,-70,5240,49,Bermuda Guest WIFI,Outside SE
2025-10-24T20:01:01.396417+00:00,,,9c:05:d6:d6:11:ff,-81,5805,162,Bermuda Guest WIFI,inside3
2025-10-24T20:01:01.396417+00:00,,,9e:05:d6:96:11:ff,-82,5805,162,Bermuda,inside3
2025-10-24T20:01:01.396417+00:00,,,6a:4e:05:c3:64:61,-83,2412,1,venus-HQ2519QWPH9-5aa,Unknown
2025-10-24T20:01:01.396417+00:00,,,9e:05:d6:96:20:6f,-85,5745,150,Bermuda Guest WIFI,inside1
2025-10-24T20:01:01.396417+00:00,,,9c:05:d6:d6:20:6f,-85,5745,150,Private WIFI,inside1
2025-10-24T20:01:01.396417+00:00,,,12:e8:a7:2a:9e:2b,-86,2442,7,myGMC 9E2B,Unknown
2025-10-24T20:01:01.396417+00:00,,,9e:05:d6:a6:20:6f,-87,5745,150,Bermuda,Unknown
2025-10-24T20:01:01.396417+00:00,,,9e:05:d6:b6:20:6f,-87,5745,150,Private WIFI,Unknown
2025-10-24T20:01:01.396417+00:00,,,22:6a:1b:63:f6:f2,-68,5240,49,Bermuda,Outside SE
2025-10-24T20:01:01.396417+00:00,,,1c:6a:1b:63:f6:f6,-68,5240,49,Bermuda Guest WIFI,Outside SW
2025-10-24T20:01:01.396417+00:00,,,1c:6a:1b:63:f6:f2,-68,5240,49,Bermuda Guest WIFI,Outside SE
2025-10-24T20:01:01.396417+00:00,,,22:6a:1b:63:f6:f6,-68,5240,49,Bermuda,Outside SW
2025-10-24T20:01:01.396417+00:00,,,28:70:4e:d0:89:15,-73,5180,37,Bermuda Guest WIFI,pole 21
2025-10-24T20:01:01.396417+00:00,,,2e:70:4e:d0:89:15,-73,5180,37,Bermuda,pole 21
2025-10-24T20:01:01.396417+00:00,,,28:70:4e:d0:87:50,-80,5745,150,Bermuda Guest WIFI,pole 13 E
2025-10-24T20:01:01.396417+00:00,,,2e:70:4e:d0:87:50,-81,5745,150,Bermuda,pole 13 E
2025-10-24T20:01:01.396417+00:00,,,6a:4e:05:c3:64:61,-83,2412,1,venus-HQ2519QWPH9-5aa,Unknown
2025-10-24T20:01:01.396417+00:00,,,28:70:4e:d2:92:ab,-84,5745,150,Bermuda Guest WIFI,pole 12 N
2025-10-24T20:01:01.396417+00:00,,,9e:05:d6:96:11:ff,-85,5805,162,Bermuda,inside3
2025-10-24T20:01:01.396417+00:00,,,2e:70:4e:d2:92:ab,-85,5745,150,Bermuda,pole 12 N
2025-10-24T20:01:01.396417+00:00,,,9c:05:d6:d6:11:ff,-86,5805,162,Bermuda Guest WIFI,inside3
2025-10-24T20:01:01.396417+00:00,,,22:6a:1b:63:f6:f2,-68,5240,49,Bermuda,Outside SE
2025-10-24T20:01:01.396417+00:00,,,1c:6a:1b:63:f6:f6,-68,5240,49,Bermuda Guest WIFI,Outside SW
2025-10-24T20:01:01.396417+00:00,,,1c:6a:1b:63:f6:f2,-68,5240,49,Bermuda Guest WIFI,Outside SE
2025-10-24T20:01:01.396417+00:00,,,22:6a:1b:63:f6:f6,-68,5240,49,Bermuda,Outside SW
2025-10-24T20:01:01.396417+00:00,,,84:1f:e8:ff:29:e9,-68,2412,1,ShellyPlusRGBWPM-841FE8FF29E8,Unknown
2025-10-24T20:01:01.396417+00:00,,,28:70:4e:d0:89:15,-73,5180,37,Bermuda Guest WIFI,pole 21
2025-10-24T20:01:01.396417+00:00,,,2e:70:4e:d0:89:15,-73,5180,37,Bermuda,pole 21
2025-10-24T20:01:01.396417+00:00,,,28:70:4e:d0:87:50,-80,5745,150,Bermuda Guest WIFI,pole 13 E
2025-10-24T20:01:01.396417+00:00,,,2e:70:4e:d0:87:50,-81,5745,150,Bermuda,pole 13 E
2025-10-24T20:01:01.396417+00:00,,,28:70:4e:d2:92:ab,-84,5745,150,Bermuda Guest WIFI,pole 12 N
2025-10-24T20:01:01.396417+00:00,,,9e:05:d6:96:11:ff,-85,5805,162,Bermuda,inside3
2025-10-24T20:01:01.396417+00:00,,,2e:70:4e:d2:92:ab,-85,5745,150,Bermuda,pole 12 N
2025-10-24T20:01:01.396417+00:00,,,9c:05:d6:d6:11:ff,-86,5805,162,Bermuda Guest WIFI,inside3
2025-10-24T20:02:35.281942+00:00,,,22:6a:1b:63:f6:f2,-72,5240,49,Bermuda,Outside SE
2025-10-24T20:02:35.281942+00:00,,,2e:70:4e:d0:89:15,-73,5180,37,Bermuda,pole 21
2025-10-24T20:02:35.281942+00:00,,,28:70:4e:d0:89:15,-74,5180,37,Bermuda Guest WIFI,pole 21
2025-10-24T20:02:35.281942+00:00,,,28:70:4e:d2:92:ab,-80,5745,150,Bermuda Guest WIFI,pole 12 N
2025-10-24T20:02:35.281942+00:00,,,2e:70:4e:d2:92:ab,-80,5745,150,Bermuda,pole 12 N
2025-10-24T20:02:35.281942+00:00,,,9c:05:d6:d6:11:ff,-83,5805,162,Bermuda Guest WIFI,inside3
2025-10-24T20:02:35.281942+00:00,,,9e:05:d6:96:11:ff,-84,5805,162,Bermuda,inside3
2025-10-24T20:02:35.281942+00:00,26.673886,-81.80464416666666,84:1f:e8:ff:29:e9,-52,2412,1,ShellyPlusRGBWPM-841FE8FF29E8,Unknown
2025-10-24T20:02:35.281942+00:00,26.673886,-81.80464416666666,1c:6a:1b:63:f6:f6,-66,5240,49,Bermuda Guest WIFI,Outside SW
2025-10-24T20:02:35.281942+00:00,26.673886,-81.80464416666666,22:6a:1b:63:f6:f6,-66,5240,49,Bermuda,Outside SW
2025-10-24T20:02:35.281942+00:00,26.673886,-81.80464416666666,9e:05:d6:96:11:ff,-71,5805,162,Bermuda,inside3
2025-10-24T20:02:35.281942+00:00,26.673886,-81.80464416666666,9c:05:d6:d6:11:ff,-71,5805,162,Bermuda Guest WIFI,inside3
2025-10-24T20:02:35.281942+00:00,26.673886,-81.80464416666666,2e:70:4e:d0:89:15,-73,5180,37,Bermuda,pole 21
2025-10-24T20:02:35.281942+00:00,26.673886,-81.80464416666666,28:70:4e:d0:89:15,-74,5180,37,Bermuda Guest WIFI,pole 21
2025-10-24T20:02:35.281942+00:00,26.673886,-81.80464416666666,22:6a:1b:63:f6:f2,-76,5240,49,Bermuda,Outside SE
2025-10-24T20:02:35.281942+00:00,26.673886,-81.80464416666666,28:70:4e:d2:92:ab,-80,5745,150,Bermuda Guest WIFI,pole 12 N
2025-10-24T20:02:35.281942+00:00,26.673886,-81.80464416666666,2e:70:4e:d2:92:ab,-80,5745,150,Bermuda,pole 12 N
2025-10-24T20:02:35.281942+00:00,26.6737025,-81.80470866666667,84:1f:e8:ff:29:e9,-52,2412,1,ShellyPlusRGBWPM-841FE8FF29E8,Unknown
2025-10-24T20:02:35.281942+00:00,26.6737025,-81.80470866666667,1c:6a:1b:63:f6:f6,-70,5240,49,Bermuda Guest WIFI,Outside SW
2025-10-24T20:02:35.281942+00:00,26.6737025,-81.80470866666667,22:6a:1b:63:f6:f6,-70,5240,49,Bermuda,Outside SW
2025-10-24T20:02:35.281942+00:00,26.6737025,-81.80470866666667,2e:70:4e:d0:89:15,-73,5180,37,Bermuda,pole 21
2025-10-24T20:02:35.281942+00:00,26.6737025,-81.80470866666667,28:70:4e:d0:89:15,-74,5180,37,Bermuda Guest WIFI,pole 21
2025-10-24T20:02:35.281942+00:00,26.6737025,-81.80470866666667,6a:4e:05:c3:64:61,-74,2412,1,venus-HQ2519QWPH9-5aa,Unknown
2025-10-24T20:02:35.281942+00:00,26.6737025,-81.80470866666667,22:6a:1b:63:f6:f2,-80,5240,49,Bermuda,Outside SE
2025-10-24T20:02:35.281942+00:00,26.6737025,-81.80470866666667,28:70:4e:d2:92:ab,-80,5745,150,Bermuda Guest WIFI,pole 12 N
2025-10-24T20:02:35.281942+00:00,26.6737025,-81.80470866666667,2e:70:4e:d2:92:ab,-80,5745,150,Bermuda,pole 12 N
2025-10-24T20:02:35.281942+00:00,26.6737025,-81.80470866666667,9e:05:d6:96:11:ff,-82,5805,162,Bermuda,inside3
2025-10-24T20:02:35.281942+00:00,26.6737025,-81.80470866666667,9c:05:d6:d6:11:ff,-82,5805,162,Bermuda Guest WIFI,inside3
2025-10-24T20:02:35.281942+00:00,26.6737025,-81.80470866666667,28:70:4e:dd:d0:49,-84,2437,6,Bermuda 2G,pole 13 SW
2025-10-24T20:03:50.687944+00:00,26.672980333333335,-81.80448333333334,84:1f:e8:ff:29:e9,-57,2412,1,ShellyPlusRGBWPM-841FE8FF29E8,Unknown
2025-10-24T20:03:50.687944+00:00,26.672980333333335,-81.80448333333334,28:70:4e:d0:88:22,-65,5765,154,Bermuda Guest WIFI,pole 14
2025-10-24T20:03:50.687944+00:00,26.672980333333335,-81.80448333333334,2e:70:4e:d0:88:22,-66,5765,154,Bermuda,pole 14
2025-10-24T20:03:50.687944+00:00,26.672980333333335,-81.80448333333334,28:70:4e:d2:92:aa,-72,2437,6,Bermuda 2G,pole 12 N
2025-10-24T20:03:50.687944+00:00,26.672980333333335,-81.80448333333334,28:70:4e:d0:86:c2,-76,2437,6,Bermuda 2G,pole 12 W
2025-10-24T20:03:50.687944+00:00,26.672980333333335,-81.80448333333334,60:22:32:16:1e:33,-76,5805,162,Bermuda Guest WIFI,laundry1
2025-10-24T20:03:50.687944+00:00,26.672980333333335,-81.80448333333334,62:22:32:16:1e:33,-76,5805,162,Bermuda,laundry1
2025-10-24T20:03:50.687944+00:00,26.672980333333335,-81.80448333333334,28:70:4e:dd:d0:49,-80,2437,6,Bermuda 2G,pole 13 SW
2025-10-24T20:03:50.687944+00:00,26.672980333333335,-81.80448333333334,22:6a:1b:63:f6:f2,-81,5240,49,Bermuda,Outside SE
2025-10-24T20:03:50.687944+00:00,26.672980333333335,-81.80448333333334,6a:4e:05:c3:64:61,-85,2412,1,venus-HQ2519QWPH9-5aa,Unknown
2025-10-24T20:03:50.687944+00:00,26.6729885,-81.80435566666667,84:1f:e8:ff:29:e9,-57,2412,1,ShellyPlusRGBWPM-841FE8FF29E8,Unknown
2025-10-24T20:03:50.687944+00:00,26.6729885,-81.80435566666667,28:70:4e:d0:88:22,-65,5765,154,Bermuda Guest WIFI,pole 14
2025-10-24T20:03:50.687944+00:00,26.6729885,-81.80435566666667,2e:70:4e:d0:88:22,-66,5765,154,Bermuda,pole 14
2025-10-24T20:03:50.687944+00:00,26.6729885,-81.80435566666667,28:70:4e:d2:92:aa,-72,2437,6,Bermuda 2G,pole 12 N
2025-10-24T20:03:50.687944+00:00,26.6729885,-81.80435566666667,28:70:4e:d0:86:c2,-76,2437,6,Bermuda 2G,pole 12 W
2025-10-24T20:03:50.687944+00:00,26.6729885,-81.80435566666667,60:22:32:16:1e:33,-76,5805,162,Bermuda Guest WIFI,laundry1
2025-10-24T20:03:50.687944+00:00,26.6729885,-81.80435566666667,62:22:32:16:1e:33,-76,5805,162,Bermuda,laundry1
2025-10-24T20:03:50.687944+00:00,26.6729885,-81.80435566666667,22:6a:1b:63:f6:f2,-77,5240,49,Bermuda,Outside SE
2025-10-24T20:03:50.687944+00:00,26.6729885,-81.80435566666667,28:70:4e:dd:d0:49,-80,2437,6,Bermuda 2G,pole 13 SW
2025-10-24T20:03:50.687944+00:00,26.6729885,-81.80435566666667,6a:4e:05:c3:64:61,-85,2412,1,venus-HQ2519QWPH9-5aa,Unknown
2025-10-24T20:03:50.687944+00:00,26.672988666666665,-81.80436716666667,84:1f:e8:ff:29:e9,-57,2412,1,ShellyPlusRGBWPM-841FE8FF29E8,Unknown
2025-10-24T20:03:50.687944+00:00,26.672988666666665,-81.80436716666667,28:70:4e:d0:88:22,-65,5765,154,Bermuda Guest WIFI,pole 14
2025-10-24T20:03:50.687944+00:00,26.672988666666665,-81.80436716666667,2e:70:4e:d0:88:22,-66,5765,154,Bermuda,pole 14
2025-10-24T20:03:50.687944+00:00,26.672988666666665,-81.80436716666667,2e:70:4e:d0:87:5e,-71,2462,11,Bermuda Guest WIFI 2G,pole 15 S
2025-10-24T20:03:50.687944+00:00,26.672988666666665,-81.80436716666667,28:70:4e:d2:92:aa,-72,2437,6,Bermuda 2G,pole 12 N
2025-10-24T20:03:50.687944+00:00,26.672988666666665,-81.80436716666667,28:70:4e:d0:87:5e,-73,2462,11,Bermuda 2G,pole 15 S
2025-10-24T20:03:50.687944+00:00,26.672988666666665,-81.80436716666667,28:70:4e:d0:87:5f,-73,5240,49,Bermuda Guest WIFI,pole 15 S
2025-10-24T20:03:50.687944+00:00,26.672988666666665,-81.80436716666667,2e:70:4e:d0:87:5f,-73,5240,49,Bermuda,pole 15 S
2025-10-24T20:03:50.687944+00:00,26.672988666666665,-81.80436716666667,2e:70:4e:dd:d0:49,-74,2437,6,Bermuda Guest WIFI 2G,pole 13 SW
2025-10-24T20:03:50.687944+00:00,26.672988666666665,-81.80436716666667,28:70:4e:d0:86:c2,-76,2437,6,Bermuda 2G,pole 12 W
2025-10-24T20:03:50.687944+00:00,26.672988666666665,-81.80436716666667,28:70:4e:dd:d0:49,-76,2437,6,Bermuda 2G,pole 13 SW
2025-10-24T20:03:50.687944+00:00,26.672988666666665,-81.80436716666667,60:22:32:16:1e:33,-76,5805,162,Bermuda Guest WIFI,laundry1
2025-10-24T20:03:50.687944+00:00,26.672988666666665,-81.80436716666667,62:22:32:16:1e:33,-76,5805,162,Bermuda,laundry1
2025-10-24T20:03:50.687944+00:00,26.672988666666665,-81.80436716666667,22:6a:1b:63:f6:f2,-78,5240,49,Bermuda,Outside SE
2025-10-24T20:03:50.687944+00:00,26.672988666666665,-81.80436716666667,2e:70:4e:d0:86:c2,-78,2437,6,Bermuda Guest WIFI 2G,pole 12 W
2025-10-24T20:03:50.687944+00:00,26.672988666666665,-81.80436716666667,28:70:4e:d2:c9:b0,-78,2437,6,Bermuda 2G,pole 15 NW
2025-10-24T20:03:50.687944+00:00,26.672988666666665,-81.80436716666667,28:70:4e:d0:88:f9,-82,2412,1,Bermuda 2G,pole 11
2025-10-24T20:03:50.687944+00:00,26.672988666666665,-81.80436716666667,2e:70:4e:d0:88:f9,-82,2412,1,Bermuda Guest WIFI 2G,pole 11
2025-10-24T20:03:50.687944+00:00,26.672988666666665,-81.80436716666667,6a:4e:05:c3:64:61,-85,2412,1,venus-HQ2519QWPH9-5aa,Unknown
2025-10-24T20:03:50.687944+00:00,26.672988666666665,-81.80436716666667,6a:4e:05:22:b2:a8,-85,2412,1,venus-HQ2519UPV7N-e3f,Unknown
2025-10-24T20:04:54.350061+00:00,26.672985833333332,-81.80435283333334,84:1f:e8:ff:29:e9,-47,2412,1,ShellyPlusRGBWPM-841FE8FF29E8,Unknown
2025-10-24T20:04:54.350061+00:00,26.672985833333332,-81.80435283333334,28:70:4e:d0:88:21,-74,2412,1,Bermuda 2G,pole 14
2025-10-24T20:04:54.350061+00:00,26.672985833333332,-81.80435283333334,2e:70:4e:d0:88:21,-74,2412,1,Bermuda Guest WIFI 2G,pole 14
2025-10-24T20:04:54.350061+00:00,26.672985833333332,-81.80435283333334,22:6a:1b:63:f6:f2,-76,5240,49,Bermuda,Outside SE
2025-10-24T20:04:54.350061+00:00,26.672985833333332,-81.80435283333334,28:70:4e:dd:d0:49,-76,2437,6,Bermuda 2G,pole 13 SW
2025-10-24T20:04:54.350061+00:00,26.672985833333332,-81.80435283333334,2e:70:4e:dd:d0:49,-79,2437,6,Bermuda Guest WIFI 2G,pole 13 SW
2025-10-24T20:04:54.350061+00:00,26.672985833333332,-81.80435283333334,28:70:4e:d0:86:c3,-79,5765,154,Bermuda Guest WIFI,pole 12 W
2025-10-24T20:04:54.350061+00:00,26.672985833333332,-81.80435283333334,2e:70:4e:d0:86:c3,-79,5765,154,Bermuda,pole 12 W
2025-10-24T20:04:54.350061+00:00,26.672985833333332,-81.80435283333334,28:70:4e:d2:92:aa,-81,2437,6,Bermuda 2G,pole 12 N
2025-10-24T20:04:54.350061+00:00,26.672985833333332,-81.80435283333334,60:22:32:16:1e:33,-87,5805,162,Bermuda Guest WIFI,laundry1
2025-10-24T20:04:54.350061+00:00,26.673011,-81.80436666666667,84:1f:e8:ff:29:e9,-47,2412,1,ShellyPlusRGBWPM-841FE8FF29E8,Unknown
2025-10-24T20:04:54.350061+00:00,26.673011,-81.80436666666667,2e:70:4e:d0:87:5e,-68,2462,11,Bermuda Guest WIFI 2G,pole 15 S
2025-10-24T20:04:54.350061+00:00,26.673011,-81.80436666666667,28:70:4e:d0:87:5e,-69,2462,11,Bermuda 2G,pole 15 S
2025-10-24T20:04:54.350061+00:00,26.673011,-81.80436666666667,28:70:4e:d0:86:c3,-71,5765,154,Bermuda Guest WIFI,pole 12 W
2025-10-24T20:04:54.350061+00:00,26.673011,-81.80436666666667,2e:70:4e:d0:86:c3,-71,5765,154,Bermuda,pole 12 W
2025-10-24T20:04:54.350061+00:00,26.673011,-81.80436666666667,28:70:4e:d2:c9:b0,-73,2437,6,Bermuda 2G,pole 15 NW
2025-10-24T20:04:54.350061+00:00,26.673011,-81.80436666666667,2e:70:4e:d0:88:21,-74,2412,1,Bermuda Guest WIFI 2G,pole 14
2025-10-24T20:04:54.350061+00:00,26.673011,-81.80436666666667,2e:70:4e:dd:d0:4a,-74,5240,49,Bermuda,pole 13 SW
2025-10-24T20:04:54.350061+00:00,26.673011,-81.80436666666667,2e:70:4e:d2:c9:b0,-75,2437,6,Bermuda Guest WIFI 2G,pole 15 NW
2025-10-24T20:04:54.350061+00:00,26.673011,-81.80436666666667,28:70:4e:dd:d0:4a,-75,5240,49,Bermuda Guest WIFI,pole 13 SW
2025-10-24T20:04:54.350061+00:00,26.673011,-81.80436666666667,22:6a:1b:63:f6:f2,-76,5240,49,Bermuda,Outside SE
2025-10-24T20:04:54.350061+00:00,26.673011,-81.80436666666667,2e:70:4e:dd:d0:49,-76,2437,6,Bermuda Guest WIFI 2G,pole 13 SW
2025-10-24T20:04:54.350061+00:00,26.673011,-81.80436666666667,28:70:4e:d0:88:21,-77,2412,1,Bermuda 2G,pole 14
2025-10-24T20:04:54.350061+00:00,26.673011,-81.80436666666667,28:70:4e:dd:d0:49,-77,2437,6,Bermuda 2G,pole 13 SW
2025-10-24T20:04:54.350061+00:00,26.673011,-81.80436666666667,2e:70:4e:d0:87:5f,-80,5240,49,Bermuda,pole 15 S
2025-10-24T20:04:54.350061+00:00,26.673011,-81.80436666666667,28:70:4e:d2:92:aa,-81,2437,6,Bermuda 2G,pole 12 N
2025-10-24T20:04:54.350061+00:00,26.673011,-81.80436666666667,6a:4e:05:22:b2:a8,-81,2412,1,venus-HQ2519UPV7N-e3f,Unknown
2025-10-24T20:04:54.350061+00:00,26.673011,-81.80436666666667,60:22:32:16:1e:33,-87,5805,162,Bermuda Guest WIFI,laundry1
2025-10-24T20:04:54.350061+00:00,26.6730175,-81.80437133333334,84:1f:e8:ff:29:e9,-47,2412,1,ShellyPlusRGBWPM-841FE8FF29E8,Unknown
2025-10-24T20:04:54.350061+00:00,26.6730175,-81.80437133333334,2e:70:4e:d0:87:5e,-68,2462,11,Bermuda Guest WIFI 2G,pole 15 S
2025-10-24T20:04:54.350061+00:00,26.6730175,-81.80437133333334,28:70:4e:d0:87:5e,-69,2462,11,Bermuda 2G,pole 15 S
2025-10-24T20:04:54.350061+00:00,26.6730175,-81.80437133333334,28:70:4e:d0:86:c3,-71,5765,154,Bermuda Guest WIFI,pole 12 W
2025-10-24T20:04:54.350061+00:00,26.6730175,-81.80437133333334,2e:70:4e:d0:86:c3,-71,5765,154,Bermuda,pole 12 W
2025-10-24T20:04:54.350061+00:00,26.6730175,-81.80437133333334,28:70:4e:d0:87:5f,-72,5240,49,Bermuda Guest WIFI,pole 15 S
2025-10-24T20:04:54.350061+00:00,26.6730175,-81.80437133333334,28:70:4e:d2:c9:b0,-73,2437,6,Bermuda 2G,pole 15 NW
2025-10-24T20:04:54.350061+00:00,26.6730175,-81.80437133333334,2e:70:4e:d0:88:21,-74,2412,1,Bermuda Guest WIFI 2G,pole 14
2025-10-24T20:04:54.350061+00:00,26.6730175,-81.80437133333334,2e:70:4e:dd:d0:4a,-74,5240,49,Bermuda,pole 13 SW
2025-10-24T20:04:54.350061+00:00,26.6730175,-81.80437133333334,2e:70:4e:d2:c9:b0,-75,2437,6,Bermuda Guest WIFI 2G,pole 15 NW
2025-10-24T20:04:54.350061+00:00,26.6730175,-81.80437133333334,28:70:4e:dd:d0:4a,-75,5240,49,Bermuda Guest WIFI,pole 13 SW
2025-10-24T20:04:54.350061+00:00,26.6730175,-81.80437133333334,2e:70:4e:d2:c9:b1,-75,5220,45,Bermuda,pole 15 NW
2025-10-24T20:04:54.350061+00:00,26.6730175,-81.80437133333334,2e:70:4e:dd:d0:49,-76,2437,6,Bermuda Guest WIFI 2G,pole 13 SW
2025-10-24T20:04:54.350061+00:00,26.6730175,-81.80437133333334,22:6a:1b:63:f6:f2,-77,5240,49,Bermuda,Outside SE
2025-10-24T20:04:54.350061+00:00,26.6730175,-81.80437133333334,28:70:4e:d0:88:21,-77,2412,1,Bermuda 2G,pole 14
2025-10-24T20:04:54.350061+00:00,26.6730175,-81.80437133333334,28:70:4e:dd:d0:49,-77,2437,6,Bermuda 2G,pole 13 SW
2025-10-24T20:04:54.350061+00:00,26.6730175,-81.80437133333334,2e:70:4e:d0:87:5f,-80,5240,49,Bermuda,pole 15 S
2025-10-24T20:04:54.350061+00:00,26.6730175,-81.80437133333334,28:70:4e:d2:92:aa,-81,2437,6,Bermuda 2G,pole 12 N
2025-10-24T20:04:54.350061+00:00,26.6730175,-81.80437133333334,6a:4e:05:22:b2:a8,-81,2412,1,venus-HQ2519UPV7N-e3f,Unknown
2025-10-24T20:04:54.350061+00:00,26.6730175,-81.80437133333334,60:22:32:16:1e:33,-87,5805,162,Bermuda Guest WIFI,laundry1
2025-10-24T20:05:56.388279+00:00,26.673019833333335,-81.80437066666667,84:1f:e8:ff:29:e9,-50,2412,1,ShellyPlusRGBWPM-841FE8FF29E8,Unknown
2025-10-24T20:05:56.388279+00:00,26.673019833333335,-81.80437066666667,2e:70:4e:d0:87:5e,-68,2462,11,Bermuda Guest WIFI 2G,pole 15 S
2025-10-24T20:05:56.388279+00:00,26.673019833333335,-81.80437066666667,28:70:4e:d0:87:5e,-70,2462,11,Bermuda 2G,pole 15 S
2025-10-24T20:05:56.388279+00:00,26.673019833333335,-81.80437066666667,28:70:4e:d0:86:c3,-72,5765,154,Bermuda Guest WIFI,pole 12 W
2025-10-24T20:05:56.388279+00:00,26.673019833333335,-81.80437066666667,2e:70:4e:d0:86:c3,-72,5765,154,Bermuda,pole 12 W
2025-10-24T20:05:56.388279+00:00,26.673019833333335,-81.80437066666667,28:70:4e:d2:c9:b1,-73,5220,45,Bermuda Guest WIFI,pole 15 NW
2025-10-24T20:05:56.388279+00:00,26.673019833333335,-81.80437066666667,28:70:4e:d2:c9:b0,-74,2437,6,Bermuda 2G,pole 15 NW
2025-10-24T20:05:56.388279+00:00,26.673019833333335,-81.80437066666667,2e:70:4e:d2:c9:b0,-74,2437,6,Bermuda Guest WIFI 2G,pole 15 NW
2025-10-24T20:05:56.388279+00:00,26.673019833333335,-81.80437066666667,2e:70:4e:d2:c9:b1,-74,5220,45,Bermuda,pole 15 NW
2025-10-24T20:05:56.388279+00:00,26.673019833333335,-81.80437066666667,22:6a:1b:63:f6:f2,-76,5240,49,Bermuda,Outside SE
2025-10-24T20:05:56.388279+00:00,26.673019833333335,-81.80437066666667,28:70:4e:dd:d0:49,-76,2437,6,Bermuda 2G,pole 13 SW
2025-10-24T20:05:56.388279+00:00,26.673019833333335,-81.80437066666667,28:70:4e:d0:88:21,-77,2412,1,Bermuda 2G,pole 14
2025-10-24T20:05:56.388279+00:00,26.673019833333335,-81.80437066666667,2e:70:4e:dd:d0:49,-77,2437,6,Bermuda Guest WIFI 2G,pole 13 SW
2025-10-24T20:05:56.388279+00:00,26.673019833333335,-81.80437066666667,6a:4e:05:22:b2:a8,-81,2412,1,venus-HQ2519UPV7N-e3f,Unknown
2025-10-24T20:05:56.388279+00:00,26.673020833333332,-81.80437283333333,84:1f:e8:ff:29:e9,-47,2412,1,ShellyPlusRGBWPM-841FE8FF29E8,Unknown
2025-10-24T20:05:56.388279+00:00,26.673020833333332,-81.80437283333333,2e:70:4e:d0:87:5e,-68,2462,11,Bermuda Guest WIFI 2G,pole 15 S
2025-10-24T20:05:56.388279+00:00,26.673020833333332,-81.80437283333333,28:70:4e:d0:87:5e,-70,2462,11,Bermuda 2G,pole 15 S
2025-10-24T20:05:56.388279+00:00,26.673020833333332,-81.80437283333333,2e:70:4e:d0:88:22,-71,5765,154,Bermuda,pole 14
2025-10-24T20:05:56.388279+00:00,26.673020833333332,-81.80437283333333,28:70:4e:d0:86:c3,-72,5765,154,Bermuda Guest WIFI,pole 12 W
2025-10-24T20:05:56.388279+00:00,26.673020833333332,-81.80437283333333,2e:70:4e:d0:86:c3,-72,5765,154,Bermuda,pole 12 W
2025-10-24T20:05:56.388279+00:00,26.673020833333332,-81.80437283333333,28:70:4e:d2:c9:b1,-73,5220,45,Bermuda Guest WIFI,pole 15 NW
2025-10-24T20:05:56.388279+00:00,26.673020833333332,-81.80437283333333,28:70:4e:d2:c9:b0,-74,2437,6,Bermuda 2G,pole 15 NW
2025-10-24T20:05:56.388279+00:00,26.673020833333332,-81.80437283333333,2e:70:4e:d2:c9:b0,-74,2437,6,Bermuda Guest WIFI 2G,pole 15 NW
2025-10-24T20:05:56.388279+00:00,26.673020833333332,-81.80437283333333,2e:70:4e:d2:c9:b1,-74,5220,45,Bermuda,pole 15 NW
2025-10-24T20:05:56.388279+00:00,26.673020833333332,-81.80437283333333,2e:70:4e:d0:88:21,-74,2412,1,Bermuda Guest WIFI 2G,pole 14
2025-10-24T20:05:56.388279+00:00,26.673020833333332,-81.80437283333333,28:70:4e:d0:88:21,-75,2412,1,Bermuda 2G,pole 14
2025-10-24T20:05:56.388279+00:00,26.673020833333332,-81.80437283333333,22:6a:1b:63:f6:f2,-76,5240,49,Bermuda,Outside SE
2025-10-24T20:05:56.388279+00:00,26.673020833333332,-81.80437283333333,2e:70:4e:dd:d0:49,-77,2437,6,Bermuda Guest WIFI 2G,pole 13 SW
2025-10-24T20:05:56.388279+00:00,26.673020833333332,-81.80437283333333,28:70:4e:dd:d0:49,-78,2437,6,Bermuda 2G,pole 13 SW
2025-10-24T20:05:56.388279+00:00,26.673020833333332,-81.80437283333333,6a:4e:05:22:b2:a8,-81,2412,1,venus-HQ2519UPV7N-e3f,Unknown
2025-10-24T20:05:56.388279+00:00,26.673020833333332,-81.80437283333333,28:70:4e:d2:92:aa,-82,2437,6,Bermuda 2G,pole 12 N
2025-10-24T20:05:56.388279+00:00,26.673020833333332,-81.80437283333333,60:22:32:16:1e:33,-86,5805,162,Bermuda Guest WIFI,laundry1
2025-10-24T20:05:56.388279+00:00,26.673021,-81.80437066666667,84:1f:e8:ff:29:e9,-45,2412,1,ShellyPlusRGBWPM-841FE8FF29E8,Unknown
2025-10-24T20:05:56.388279+00:00,26.673021,-81.80437066666667,28:70:4e:d0:87:5e,-68,2462,11,Bermuda 2G,pole 15 S
2025-10-24T20:05:56.388279+00:00,26.673021,-81.80437066666667,2e:70:4e:d0:88:22,-68,5765,154,Bermuda,pole 14
2025-10-24T20:05:56.388279+00:00,26.673021,-81.80437066666667,28:70:4e:d0:88:22,-68,5765,154,Bermuda Guest WIFI,pole 14
2025-10-24T20:05:56.388279+00:00,26.673021,-81.80437066666667,2e:70:4e:d0:87:5e,-70,2462,11,Bermuda Guest WIFI 2G,pole 15 S
2025-10-24T20:05:56.388279+00:00,26.673021,-81.80437066666667,28:70:4e:d0:86:c3,-72,5765,154,Bermuda Guest WIFI,pole 12 W
2025-10-24T20:05:56.388279+00:00,26.673021,-81.80437066666667,2e:70:4e:d0:86:c3,-72,5765,154,Bermuda,pole 12 W
2025-10-24T20:05:56.388279+00:00,26.673021,-81.80437066666667,28:70:4e:d2:c9:b1,-73,5220,45,Bermuda Guest WIFI,pole 15 NW
2025-10-24T20:05:56.388279+00:00,26.673021,-81.80437066666667,28:70:4e:d2:c9:b0,-74,2437,6,Bermuda 2G,pole 15 NW
2025-10-24T20:05:56.388279+00:00,26.673021,-81.80437066666667,2e:70:4e:d2:c9:b0,-74,2437,6,Bermuda Guest WIFI 2G,pole 15 NW
2025-10-24T20:05:56.388279+00:00,26.673021,-81.80437066666667,2e:70:4e:d2:c9:b1,-74,5220,45,Bermuda,pole 15 NW
2025-10-24T20:05:56.388279+00:00,26.673021,-81.80437066666667,2e:70:4e:d0:88:21,-74,2412,1,Bermuda Guest WIFI 2G,pole 14
2025-10-24T20:05:56.388279+00:00,26.673021,-81.80437066666667,2e:70:4e:dd:d0:49,-75,2437,6,Bermuda Guest WIFI 2G,pole 13 SW
2025-10-24T20:05:56.388279+00:00,26.673021,-81.80437066666667,22:6a:1b:63:f6:f2,-76,5240,49,Bermuda,Outside SE
2025-10-24T20:05:56.388279+00:00,26.673021,-81.80437066666667,28:70:4e:dd:d0:49,-76,2437,6,Bermuda 2G,pole 13 SW
2025-10-24T20:05:56.388279+00:00,26.673021,-81.80437066666667,28:70:4e:d0:88:21,-79,2412,1,Bermuda 2G,pole 14
2025-10-24T20:05:56.388279+00:00,26.673021,-81.80437066666667,6a:4e:05:22:b2:a8,-81,2412,1,venus-HQ2519UPV7N-e3f,Unknown
2025-10-24T20:05:56.388279+00:00,26.673021,-81.80437066666667,28:70:4e:d2:92:aa,-82,2437,6,Bermuda 2G,pole 12 N
2025-10-24T20:05:56.388279+00:00,26.673021,-81.80437066666667,60:22:32:16:1e:33,-86,5805,162,Bermuda Guest WIFI,laundry1
2025-10-24T20:05:56.388279+00:00,26.673019666666665,-81.80437,84:1f:e8:ff:29:e9,-45,2412,1,ShellyPlusRGBWPM-841FE8FF29E8,Unknown
2025-10-24T20:05:56.388279+00:00,26.673019666666665,-81.80437,28:70:4e:d0:87:5e,-68,2462,11,Bermuda 2G,pole 15 S
2025-10-24T20:05:56.388279+00:00,26.673019666666665,-81.80437,2e:70:4e:d0:88:22,-68,5765,154,Bermuda,pole 14
2025-10-24T20:05:56.388279+00:00,26.673019666666665,-81.80437,28:70:4e:d0:88:22,-68,5765,154,Bermuda Guest WIFI,pole 14
2025-10-24T20:05:56.388279+00:00,26.673019666666665,-81.80437,2e:70:4e:d0:87:5e,-70,2462,11,Bermuda Guest WIFI 2G,pole 15 S
2025-10-24T20:05:56.388279+00:00,26.673019666666665,-81.80437,28:70:4e:d2:c9:b0,-71,2437,6,Bermuda 2G,pole 15 NW
2025-10-24T20:05:56.388279+00:00,26.673019666666665,-81.80437,28:70:4e:d0:86:c3,-72,5765,154,Bermuda Guest WIFI,pole 12 W
2025-10-24T20:05:56.388279+00:00,26.673019666666665,-81.80437,2e:70:4e:d0:86:c3,-72,5765,154,Bermuda,pole 12 W
2025-10-24T20:05:56.388279+00:00,26.673019666666665,-81.80437,28:70:4e:d0:88:21,-73,2412,1,Bermuda 2G,pole 14
2025-10-24T20:05:56.388279+00:00,26.673019666666665,-81.80437,28:70:4e:d2:c9:b1,-73,5220,45,Bermuda Guest WIFI,pole 15 NW
2025-10-24T20:05:56.388279+00:00,26.673019666666665,-81.80437,2e:70:4e:d2:c9:b0,-74,2437,6,Bermuda Guest WIFI 2G,pole 15 NW
2025-10-24T20:05:56.388279+00:00,26.673019666666665,-81.80437,2e:70:4e:dd:d0:49,-74,2437,6,Bermuda Guest WIFI 2G,pole 13 SW
2025-10-24T20:05:56.388279+00:00,26.673019666666665,-81.80437,2e:70:4e:d2:c9:b1,-74,5220,45,Bermuda,pole 15 NW
2025-10-24T20:05:56.388279+00:00,26.673019666666665,-81.80437,2e:70:4e:d0:88:21,-74,2412,1,Bermuda Guest WIFI 2G,pole 14
2025-10-24T20:05:56.388279+00:00,26.673019666666665,-81.80437,28:70:4e:dd:d0:49,-75,2437,6,Bermuda 2G,pole 13 SW
2025-10-24T20:05:56.388279+00:00,26.673019666666665,-81.80437,22:6a:1b:63:f6:f2,-76,5240,49,Bermuda,Outside SE
2025-10-24T20:05:56.388279+00:00,26.673019666666665,-81.80437,6a:4e:05:22:b2:a8,-81,2412,1,venus-HQ2519UPV7N-e3f,Unknown
2025-10-24T20:05:56.388279+00:00,26.673019666666665,-81.80437,28:70:4e:d2:92:aa,-82,2437,6,Bermuda 2G,pole 12 N
2025-10-24T20:05:56.388279+00:00,26.673019666666665,-81.80437,28:70:4e:d0:89:03,-84,5765,154,Bermuda Guest WIFI,pole 17
2025-10-24T20:05:56.388279+00:00,26.673019666666665,-81.80437,2e:70:4e:d0:89:03,-84,5765,154,Bermuda,pole 17
2025-10-24T20:05:56.388279+00:00,26.673019666666665,-81.80437,60:22:32:16:1e:33,-86,5805,162,Bermuda Guest WIFI,laundry1
2025-10-24T20:06:32.077571+00:00,26.6731145,-81.80443833333334,84:1f:e8:ff:29:e9,-55,2412,1,ShellyPlusRGBWPM-841FE8FF29E8,Unknown
2025-10-24T20:06:32.077571+00:00,26.6731145,-81.80443833333334,28:70:4e:d0:88:22,-67,5765,154,Bermuda Guest WIFI,pole 14
2025-10-24T20:06:32.077571+00:00,26.6731145,-81.80443833333334,2e:70:4e:d0:88:22,-67,5765,154,Bermuda,pole 14
2025-10-24T20:06:32.077571+00:00,26.6731145,-81.80443833333334,28:70:4e:d0:86:c3,-69,5765,154,Bermuda Guest WIFI,pole 12 W
2025-10-24T20:06:32.077571+00:00,26.6731145,-81.80443833333334,2e:70:4e:d0:86:c3,-69,5765,154,Bermuda,pole 12 W
2025-10-24T20:06:32.077571+00:00,26.6731145,-81.80443833333334,28:70:4e:d0:87:5f,-71,5240,49,Bermuda Guest WIFI,pole 15 S
2025-10-24T20:06:32.077571+00:00,26.6731145,-81.80443833333334,2e:70:4e:d0:87:5f,-71,5240,49,Bermuda,pole 15 S
2025-10-24T20:06:32.077571+00:00,26.6731145,-81.80443833333334,28:70:4e:d0:87:5e,-72,2462,11,Bermuda 2G,pole 15 S
2025-10-24T20:06:32.077571+00:00,26.6731145,-81.80443833333334,2e:70:4e:d0:87:5e,-74,2462,11,Bermuda Guest WIFI 2G,pole 15 S
2025-10-24T20:06:32.077571+00:00,26.6731145,-81.80443833333334,28:70:4e:d2:92:ab,-74,5745,150,Bermuda Guest WIFI,pole 12 N
2025-10-24T20:06:32.077571+00:00,26.6731145,-81.80443833333334,28:70:4e:dd:d0:4a,-74,5240,49,Bermuda Guest WIFI,pole 13 SW
2025-10-24T20:06:32.077571+00:00,26.6731145,-81.80443833333334,2e:70:4e:dd:d0:4a,-74,5240,49,Bermuda,pole 13 SW
2025-10-24T20:06:32.077571+00:00,26.6731145,-81.80443833333334,2e:70:4e:d2:92:ab,-74,5745,150,Bermuda,pole 12 N
2025-10-24T20:06:32.077571+00:00,26.6731145,-81.80443833333334,2e:70:4e:d0:89:02,-75,2462,11,Bermuda Guest WIFI 2G,pole 17
2025-10-24T20:06:32.077571+00:00,26.6731145,-81.80443833333334,28:70:4e:d2:c9:b0,-76,2437,6,Bermuda 2G,pole 15 NW
2025-10-24T20:06:32.077571+00:00,26.6731145,-81.80443833333334,2e:70:4e:d2:c9:b0,-76,2437,6,Bermuda Guest WIFI 2G,pole 15 NW
2025-10-24T20:06:32.077571+00:00,26.6731145,-81.80443833333334,1c:6a:1b:63:f6:f6,-76,5240,49,Bermuda Guest WIFI,Outside SW
2025-10-24T20:06:32.077571+00:00,26.6731145,-81.80443833333334,28:70:4e:d0:87:62,-76,5240,49,Bermuda Guest WIFI,pole 22 NW
2025-10-24T20:06:32.077571+00:00,26.6731145,-81.80443833333334,9c:05:d6:e9:8e:7e,-76,5220,45,Bermuda Guest WIFI,Outside6
2025-10-24T20:06:32.077571+00:00,26.6731145,-81.80443833333334,22:6a:1b:63:f6:f6,-76,5240,49,Bermuda,Outside SW
2025-10-24T20:06:32.077571+00:00,26.6731145,-81.80443833333334,28:70:4e:d0:87:74,-76,5220,45,Bermuda Guest WIFI,pole 18 N
2025-10-24T20:06:32.077571+00:00,26.6731145,-81.80443833333334,28:70:4e:d0:86:c2,-76,2437,6,Bermuda 2G,pole 12 W
2025-10-24T20:06:32.077571+00:00,26.6731145,-81.80443833333334,2e:70:4e:d0:86:c2,-76,2437,6,Bermuda Guest WIFI 2G,pole 12 W
2025-10-24T20:06:32.077571+00:00,26.6731145,-81.80443833333334,28:70:4e:d0:88:fa,-77,5765,154,Bermuda Guest WIFI,pole 11
2025-10-24T20:06:32.077571+00:00,26.6731145,-81.80443833333334,28:70:4e:d2:c9:b1,-77,5220,45,Bermuda Guest WIFI,pole 15 NW
2025-10-24T20:06:32.077571+00:00,26.6731145,-81.80443833333334,2e:70:4e:d2:c9:b1,-77,5220,45,Bermuda,pole 15 NW
2025-10-24T20:06:32.077571+00:00,26.6731145,-81.80443833333334,2e:70:4e:d0:88:fa,-77,5765,154,Bermuda,pole 11
2025-10-24T20:06:32.077571+00:00,26.6731145,-81.80443833333334,28:70:4e:d2:92:aa,-77,2437,6,Bermuda 2G,pole 12 N
2025-10-24T20:06:32.077571+00:00,26.6731145,-81.80443833333334,2e:70:4e:d2:92:aa,-77,2437,6,Bermuda Guest WIFI 2G,pole 12 N
2025-10-24T20:06:32.077571+00:00,26.6731145,-81.80443833333334,28:70:4e:d0:89:02,-77,2462,11,Bermuda 2G,pole 17
2025-10-24T20:06:32.077571+00:00,26.6731145,-81.80443833333334,28:70:4e:dd:d0:49,-78,2437,6,Bermuda 2G,pole 13 SW
2025-10-24T20:06:32.077571+00:00,26.6731145,-81.80443833333334,2e:70:4e:dd:d0:49,-78,2437,6,Bermuda Guest WIFI 2G,pole 13 SW
2025-10-24T20:06:32.077571+00:00,26.6731145,-81.80443833333334,1c:6a:1b:63:f6:f2,-78,5240,49,Bermuda Guest WIFI,Outside SE
2025-10-24T20:06:32.077571+00:00,26.6731145,-81.80443833333334,22:6a:1b:63:f6:f2,-78,5240,49,Bermuda,Outside SE
2025-10-24T20:06:32.077571+00:00,26.6731145,-81.80443833333334,28:70:4e:d0:89:03,-78,5765,154,Bermuda Guest WIFI,pole 17
2025-10-24T20:06:32.077571+00:00,26.6731145,-81.80443833333334,2e:70:4e:d0:89:03,-78,5765,154,Bermuda,pole 17
2025-10-24T20:06:32.077571+00:00,26.6731145,-81.80443833333334,28:70:4e:d0:88:21,-80,2412,1,Bermuda 2G,pole 14
2025-10-24T20:06:32.077571+00:00,26.6731145,-81.80443833333334,28:70:4e:d0:87:50,-80,5745,150,Bermuda Guest WIFI,pole 13 E
2025-10-24T20:06:32.077571+00:00,26.6731145,-81.80443833333334,2e:70:4e:d0:88:21,-82,2412,1,Bermuda Guest WIFI 2G,pole 14
2025-10-24T20:06:32.077571+00:00,26.6731145,-81.80443833333334,6a:4e:05:22:b2:a8,-82,2412,1,venus-HQ2519UPV7N-e3f,Unknown
2025-10-24T20:06:32.077571+00:00,26.6731145,-81.80443833333334,62:22:32:16:1e:33,-84,5805,162,Bermuda,laundry1
2025-10-24T20:06:32.077571+00:00,26.6731145,-81.80443833333334,60:22:32:16:1e:33,-85,5805,162,Bermuda Guest WIFI,laundry1
2025-10-24T20:06:32.077571+00:00,26.6731145,-81.80443833333334,28:70:4e:d0:87:4f,-86,2462,11,Bermuda 2G,pole 13 E
2025-10-24T20:07:06.164932+00:00,26.6730505,-81.80494366666667,84:1f:e8:ff:29:e9,-52,2412,1,ShellyPlusRGBWPM-841FE8FF29E8,Unknown
2025-10-24T20:07:06.164932+00:00,26.6730505,-81.80494366666667,28:70:4e:d0:88:22,-60,5765,154,Bermuda Guest WIFI,pole 14
2025-10-24T20:07:06.164932+00:00,26.6730505,-81.80494366666667,2e:70:4e:d0:88:22,-60,5765,154,Bermuda,pole 14
2025-10-24T20:07:06.164932+00:00,26.6730505,-81.80494366666667,28:70:4e:d2:c9:b1,-67,5220,45,Bermuda Guest WIFI,pole 15 NW
2025-10-24T20:07:06.164932+00:00,26.6730505,-81.80494366666667,2e:70:4e:d2:c9:b1,-67,5220,45,Bermuda,pole 15 NW
2025-10-24T20:07:06.164932+00:00,26.6730505,-81.80494366666667,28:70:4e:d0:86:c3,-69,5765,154,Bermuda Guest WIFI,pole 12 W
2025-10-24T20:07:06.164932+00:00,26.6730505,-81.80494366666667,2e:70:4e:d0:86:c3,-69,5765,154,Bermuda,pole 12 W
2025-10-24T20:07:06.164932+00:00,26.6730505,-81.80494366666667,28:70:4e:d0:87:5f,-70,5240,49,Bermuda Guest WIFI,pole 15 S
2025-10-24T20:07:06.164932+00:00,26.6730505,-81.80494366666667,2e:70:4e:d0:87:5f,-70,5240,49,Bermuda,pole 15 S
2025-10-24T20:07:06.164932+00:00,26.6730505,-81.80494366666667,28:70:4e:d0:87:5e,-72,2462,11,Bermuda 2G,pole 15 S
2025-10-24T20:07:06.164932+00:00,26.6730505,-81.80494366666667,2e:70:4e:d0:87:5e,-74,2462,11,Bermuda Guest WIFI 2G,pole 15 S
2025-10-24T20:07:06.164932+00:00,26.6730505,-81.80494366666667,28:70:4e:d2:92:ab,-74,5745,150,Bermuda Guest WIFI,pole 12 N
2025-10-24T20:07:06.164932+00:00,26.6730505,-81.80494366666667,1c:6a:1b:63:f6:f6,-74,5240,49,Bermuda Guest WIFI,Outside SW
2025-10-24T20:07:06.164932+00:00,26.6730505,-81.80494366666667,2e:70:4e:d2:92:ab,-74,5745,150,Bermuda,pole 12 N
2025-10-24T20:07:06.164932+00:00,26.6730505,-81.80494366666667,28:70:4e:d2:92:aa,-74,2437,6,Bermuda 2G,pole 12 N
2025-10-24T20:07:06.164932+00:00,26.6730505,-81.80494366666667,2e:70:4e:d2:92:aa,-74,2437,6,Bermuda Guest WIFI 2G,pole 12 N
2025-10-24T20:07:06.164932+00:00,26.6730505,-81.80494366666667,2e:70:4e:d0:88:21,-75,2412,1,Bermuda Guest WIFI 2G,pole 14
2025-10-24T20:07:06.164932+00:00,26.6730505,-81.80494366666667,22:6a:1b:63:f6:f6,-75,5240,49,Bermuda,Outside SW
2025-10-24T20:07:06.164932+00:00,26.6730505,-81.80494366666667,2e:70:4e:d0:89:02,-75,2462,11,Bermuda Guest WIFI 2G,pole 17
2025-10-24T20:07:06.164932+00:00,26.6730505,-81.80494366666667,28:70:4e:d2:c9:b0,-76,2437,6,Bermuda 2G,pole 15 NW
2025-10-24T20:07:06.164932+00:00,26.6730505,-81.80494366666667,2e:70:4e:d2:c9:b0,-76,2437,6,Bermuda Guest WIFI 2G,pole 15 NW
2025-10-24T20:07:06.164932+00:00,26.6730505,-81.80494366666667,28:70:4e:d0:88:21,-76,2412,1,Bermuda 2G,pole 14
2025-10-24T20:07:06.164932+00:00,26.6730505,-81.80494366666667,28:70:4e:d0:87:74,-76,5220,45,Bermuda Guest WIFI,pole 18 N
2025-10-24T20:07:06.164932+00:00,26.6730505,-81.80494366666667,28:70:4e:d0:86:c2,-76,2437,6,Bermuda 2G,pole 12 W
2025-10-24T20:07:06.164932+00:00,26.6730505,-81.80494366666667,2e:70:4e:d0:86:c2,-76,2437,6,Bermuda Guest WIFI 2G,pole 12 W
2025-10-24T20:07:06.164932+00:00,26.6730505,-81.80494366666667,28:70:4e:d0:88:fa,-77,5765,154,Bermuda Guest WIFI,pole 11
2025-10-24T20:07:06.164932+00:00,26.6730505,-81.80494366666667,2e:70:4e:d0:88:fa,-77,5765,154,Bermuda,pole 11
2025-10-24T20:07:06.164932+00:00,26.6730505,-81.80494366666667,28:70:4e:d0:89:02,-77,2462,11,Bermuda 2G,pole 17
2025-10-24T20:07:06.164932+00:00,26.6730505,-81.80494366666667,2e:70:4e:dd:d0:49,-78,2437,6,Bermuda Guest WIFI 2G,pole 13 SW
2025-10-24T20:07:06.164932+00:00,26.6730505,-81.80494366666667,28:70:4e:d0:89:03,-78,5765,154,Bermuda Guest WIFI,pole 17
2025-10-24T20:07:06.164932+00:00,26.6730505,-81.80494366666667,2e:70:4e:d0:89:03,-78,5765,154,Bermuda,pole 17
2025-10-24T20:07:06.164932+00:00,26.6730505,-81.80494366666667,28:70:4e:dd:d0:4a,-79,5240,49,Bermuda Guest WIFI,pole 13 SW
2025-10-24T20:07:06.164932+00:00,26.6730505,-81.80494366666667,22:6a:1b:63:f6:f2,-79,5240,49,Bermuda,Outside SE
2025-10-24T20:07:06.164932+00:00,26.6730505,-81.80494366666667,2e:70:4e:dd:d0:4a,-79,5240,49,Bermuda,pole 13 SW
2025-10-24T20:07:06.164932+00:00,26.6730505,-81.80494366666667,28:70:4e:dd:d0:49,-80,2437,6,Bermuda 2G,pole 13 SW
2025-10-24T20:07:06.164932+00:00,26.6730505,-81.80494366666667,1c:6a:1b:63:f6:f2,-80,5240,49,Bermuda Guest WIFI,Outside SE
2025-10-24T20:07:06.164932+00:00,26.6730505,-81.80494366666667,28:70:4e:d0:87:50,-80,5745,150,Bermuda Guest WIFI,pole 13 E
2025-10-24T20:07:06.164932+00:00,26.6730505,-81.80494366666667,28:70:4e:d0:87:4f,-81,2462,11,Bermuda 2G,pole 13 E
2025-10-24T20:07:06.164932+00:00,26.6730505,-81.80494366666667,2e:70:4e:d0:87:4f,-81,2462,11,Bermuda Guest WIFI 2G,pole 13 E
2025-10-24T20:07:06.164932+00:00,26.6730505,-81.80494366666667,62:22:32:16:1e:33,-84,5805,162,Bermuda,laundry1
2025-10-24T20:07:06.164932+00:00,26.6730505,-81.80494366666667,60:22:32:16:1e:33,-85,5805,162,Bermuda Guest WIFI,laundry1
2025-10-24T20:07:06.164932+00:00,26.673035666666667,-81.80510616666666,84:1f:e8:ff:29:e9,-52,2412,1,ShellyPlusRGBWPM-841FE8FF29E8,Unknown
2025-10-24T20:07:06.164932+00:00,26.673035666666667,-81.80510616666666,2e:70:4e:d2:92:aa,-55,2437,6,Bermuda Guest WIFI 2G,pole 12 N
2025-10-24T20:07:06.164932+00:00,26.673035666666667,-81.80510616666666,28:70:4e:d2:92:ab,-56,5745,150,Bermuda Guest WIFI,pole 12 N
2025-10-24T20:07:06.164932+00:00,26.673035666666667,-81.80510616666666,2e:70:4e:d2:92:ab,-56,5745,150,Bermuda,pole 12 N
2025-10-24T20:07:06.164932+00:00,26.673035666666667,-81.80510616666666,28:70:4e:d2:92:aa,-58,2437,6,Bermuda 2G,pole 12 N
2025-10-24T20:07:06.164932+00:00,26.673035666666667,-81.80510616666666,28:70:4e:d0:88:22,-60,5765,154,Bermuda Guest WIFI,pole 14
2025-10-24T20:07:06.164932+00:00,26.673035666666667,-81.80510616666666,28:70:4e:d0:86:c3,-60,5765,154,Bermuda Guest WIFI,pole 12 W
2025-10-24T20:07:06.164932+00:00,26.673035666666667,-81.80510616666666,2e:70:4e:d0:88:22,-60,5765,154,Bermuda,pole 14
2025-10-24T20:07:06.164932+00:00,26.673035666666667,-81.80510616666666,2e:70:4e:d0:86:c3,-60,5765,154,Bermuda,pole 12 W
2025-10-24T20:07:06.164932+00:00,26.673035666666667,-81.80510616666666,28:70:4e:d2:c9:b1,-64,5220,45,Bermuda Guest WIFI,pole 15 NW
2025-10-24T20:07:06.164932+00:00,26.673035666666667,-81.80510616666666,2e:70:4e:d2:c9:b1,-64,5220,45,Bermuda,pole 15 NW
2025-10-24T20:07:06.164932+00:00,26.673035666666667,-81.80510616666666,28:70:4e:d0:87:5f,-70,5240,49,Bermuda Guest WIFI,pole 15 S
2025-10-24T20:07:06.164932+00:00,26.673035666666667,-81.80510616666666,2e:70:4e:d0:87:5f,-70,5240,49,Bermuda,pole 15 S
2025-10-24T20:07:06.164932+00:00,26.673035666666667,-81.80510616666666,28:70:4e:d0:87:5e,-72,2462,11,Bermuda 2G,pole 15 S
2025-10-24T20:07:06.164932+00:00,26.673035666666667,-81.80510616666666,28:70:4e:dd:d0:49,-73,2437,6,Bermuda 2G,pole 13 SW
2025-10-24T20:07:06.164932+00:00,26.673035666666667,-81.80510616666666,2e:70:4e:dd:d0:49,-74,2437,6,Bermuda Guest WIFI 2G,pole 13 SW
2025-10-24T20:07:06.164932+00:00,26.673035666666667,-81.80510616666666,2e:70:4e:d0:87:5e,-74,2462,11,Bermuda Guest WIFI 2G,pole 15 S
2025-10-24T20:07:06.164932+00:00,26.673035666666667,-81.80510616666666,1c:6a:1b:63:f6:f6,-74,5240,49,Bermuda Guest WIFI,Outside SW
2025-10-24T20:07:06.164932+00:00,26.673035666666667,-81.80510616666666,28:70:4e:d0:88:21,-75,2412,1,Bermuda 2G,pole 14
2025-10-24T20:07:06.164932+00:00,26.673035666666667,-81.80510616666666,22:6a:1b:63:f6:f6,-75,5240,49,Bermuda,Outside SW
2025-10-24T20:07:06.164932+00:00,26.673035666666667,-81.80510616666666,2e:70:4e:d0:89:02,-75,2462,11,Bermuda Guest WIFI 2G,pole 17
2025-10-24T20:07:06.164932+00:00,26.673035666666667,-81.80510616666666,2e:70:4e:d0:88:21,-76,2412,1,Bermuda Guest WIFI 2G,pole 14
2025-10-24T20:07:06.164932+00:00,26.673035666666667,-81.80510616666666,28:70:4e:d2:c9:b0,-76,2437,6,Bermuda 2G,pole 15 NW
2025-10-24T20:07:06.164932+00:00,26.673035666666667,-81.80510616666666,2e:70:4e:d2:c9:b0,-76,2437,6,Bermuda Guest WIFI 2G,pole 15 NW
2025-10-24T20:07:06.164932+00:00,26.673035666666667,-81.80510616666666,28:70:4e:d0:88:fa,-77,5765,154,Bermuda Guest WIFI,pole 11
2025-10-24T20:07:06.164932+00:00,26.673035666666667,-81.80510616666666,2e:70:4e:d0:88:fa,-77,5765,154,Bermuda,pole 11
2025-10-24T20:07:06.164932+00:00,26.673035666666667,-81.80510616666666,28:70:4e:d0:86:c2,-77,2437,6,Bermuda 2G,pole 12 W
2025-10-24T20:07:06.164932+00:00,26.673035666666667,-81.80510616666666,2e:70:4e:d0:86:c2,-77,2437,6,Bermuda Guest WIFI 2G,pole 12 W
2025-10-24T20:07:06.164932+00:00,26.673035666666667,-81.80510616666666,28:70:4e:d0:89:02,-77,2462,11,Bermuda 2G,pole 17
2025-10-24T20:07:06.164932+00:00,26.673035666666667,-81.80510616666666,28:70:4e:d0:89:03,-78,5765,154,Bermuda Guest WIFI,pole 17
2025-10-24T20:07:06.164932+00:00,26.673035666666667,-81.80510616666666,2e:70:4e:d0:89:03,-78,5765,154,Bermuda,pole 17
2025-10-24T20:07:06.164932+00:00,26.673035666666667,-81.80510616666666,28:70:4e:dd:d0:4a,-79,5240,49,Bermuda Guest WIFI,pole 13 SW
2025-10-24T20:07:06.164932+00:00,26.673035666666667,-81.80510616666666,22:6a:1b:63:f6:f2,-79,5240,49,Bermuda,Outside SE
2025-10-24T20:07:06.164932+00:00,26.673035666666667,-81.80510616666666,2e:70:4e:dd:d0:4a,-79,5240,49,Bermuda,pole 13 SW
2025-10-24T20:07:06.164932+00:00,26.673035666666667,-81.80510616666666,1c:6a:1b:63:f6:f2,-80,5240,49,Bermuda Guest WIFI,Outside SE
2025-10-24T20:07:06.164932+00:00,26.673035666666667,-81.80510616666666,28:70:4e:d0:87:50,-80,5745,150,Bermuda Guest WIFI,pole 13 E
2025-10-24T20:07:06.164932+00:00,26.673035666666667,-81.80510616666666,28:70:4e:d0:87:4f,-81,2462,11,Bermuda 2G,pole 13 E
2025-10-24T20:07:06.164932+00:00,26.673035666666667,-81.80510616666666,2e:70:4e:d0:87:4f,-81,2462,11,Bermuda Guest WIFI 2G,pole 13 E
2025-10-24T20:07:06.164932+00:00,26.673035666666667,-81.80510616666666,62:22:32:16:1e:33,-84,5805,162,Bermuda,laundry1
2025-10-24T20:07:06.164932+00:00,26.673035666666667,-81.80510616666666,60:22:32:16:1e:33,-85,5805,162,Bermuda Guest WIFI,laundry1
2025-10-24T20:07:06.164932+00:00,26.672934333333334,-81.80520833333334,28:70:4e:d2:92:ab,-51,5745,150,Bermuda Guest WIFI,pole 12 N
2025-10-24T20:07:06.164932+00:00,26.672934333333334,-81.80520833333334,2e:70:4e:d2:92:ab,-51,5745,150,Bermuda,pole 12 N
2025-10-24T20:07:06.164932+00:00,26.672934333333334,-81.80520833333334,84:1f:e8:ff:29:e9,-52,2412,1,ShellyPlusRGBWPM-841FE8FF29E8,Unknown
2025-10-24T20:07:06.164932+00:00,26.672934333333334,-81.80520833333334,28:70:4e:d0:86:c3,-56,5765,154,Bermuda Guest WIFI,pole 12 W
2025-10-24T20:07:06.164932+00:00,26.672934333333334,-81.80520833333334,2e:70:4e:d0:86:c3,-56,5765,154,Bermuda,pole 12 W
2025-10-24T20:07:06.164932+00:00,26.672934333333334,-81.80520833333334,28:70:4e:d0:88:22,-60,5765,154,Bermuda Guest WIFI,pole 14
2025-10-24T20:07:06.164932+00:00,26.672934333333334,-81.80520833333334,2e:70:4e:d0:88:22,-60,5765,154,Bermuda,pole 14
2025-10-24T20:07:06.164932+00:00,26.672934333333334,-81.80520833333334,28:70:4e:dd:d0:4a,-60,5240,49,Bermuda Guest WIFI,pole 13 SW
2025-10-24T20:07:06.164932+00:00,26.672934333333334,-81.80520833333334,2e:70:4e:dd:d0:4a,-61,5240,49,Bermuda,pole 13 SW
2025-10-24T20:07:06.164932+00:00,26.672934333333334,-81.80520833333334,28:70:4e:d2:c9:b1,-64,5220,45,Bermuda Guest WIFI,pole 15 NW
2025-10-24T20:07:06.164932+00:00,26.672934333333334,-81.80520833333334,2e:70:4e:d2:c9:b1,-64,5220,45,Bermuda,pole 15 NW
2025-10-24T20:07:06.164932+00:00,26.672934333333334,-81.80520833333334,28:70:4e:d2:92:aa,-67,2437,6,Bermuda 2G,pole 12 N
2025-10-24T20:07:06.164932+00:00,26.672934333333334,-81.80520833333334,2e:70:4e:d2:92:aa,-68,2437,6,Bermuda Guest WIFI 2G,pole 12 N
2025-10-24T20:07:06.164932+00:00,26.672934333333334,-81.80520833333334,28:70:4e:d0:87:5f,-70,5240,49,Bermuda Guest WIFI,pole 15 S
2025-10-24T20:07:06.164932+00:00,26.672934333333334,-81.80520833333334,2e:70:4e:d0:87:5f,-70,5240,49,Bermuda,pole 15 S
2025-10-24T20:07:06.164932+00:00,26.672934333333334,-81.80520833333334,2e:70:4e:d0:87:50,-71,5745,150,Bermuda,pole 13 E
2025-10-24T20:07:06.164932+00:00,26.672934333333334,-81.80520833333334,28:70:4e:d0:87:5e,-72,2462,11,Bermuda 2G,pole 15 S
2025-10-24T20:07:06.164932+00:00,26.672934333333334,-81.80520833333334,28:70:4e:dd:d0:49,-73,2437,6,Bermuda 2G,pole 13 SW
2025-10-24T20:07:06.164932+00:00,26.672934333333334,-81.80520833333334,2e:70:4e:dd:d0:49,-74,2437,6,Bermuda Guest WIFI 2G,pole 13 SW
2025-10-24T20:07:06.164932+00:00,26.672934333333334,-81.80520833333334,1c:6a:1b:63:f6:f6,-74,5240,49,Bermuda Guest WIFI,Outside SW
2025-10-24T20:07:06.164932+00:00,26.672934333333334,-81.80520833333334,28:70:4e:d0:88:21,-75,2412,1,Bermuda 2G,pole 14
2025-10-24T20:07:06.164932+00:00,26.672934333333334,-81.80520833333334,22:6a:1b:63:f6:f6,-75,5240,49,Bermuda,Outside SW
2025-10-24T20:07:06.164932+00:00,26.672934333333334,-81.80520833333334,2e:70:4e:d0:89:02,-75,2462,11,Bermuda Guest WIFI 2G,pole 17
2025-10-24T20:07:06.164932+00:00,26.672934333333334,-81.80520833333334,2e:70:4e:d0:88:21,-76,2412,1,Bermuda Guest WIFI 2G,pole 14
2025-10-24T20:07:06.164932+00:00,26.672934333333334,-81.80520833333334,28:70:4e:d2:c9:b0,-76,2437,6,Bermuda 2G,pole 15 NW
2025-10-24T20:07:06.164932+00:00,26.672934333333334,-81.80520833333334,2e:70:4e:d2:c9:b0,-76,2437,6,Bermuda Guest WIFI 2G,pole 15 NW
2025-10-24T20:07:06.164932+00:00,26.672934333333334,-81.80520833333334,28:70:4e:d0:89:02,-77,2462,11,Bermuda 2G,pole 17
2025-10-24T20:07:06.164932+00:00,26.672934333333334,-81.80520833333334,22:6a:1b:63:f6:f2,-79,5240,49,Bermuda,Outside SE
2025-10-24T20:07:06.164932+00:00,26.672934333333334,-81.80520833333334,1c:6a:1b:63:f6:f2,-80,5240,49,Bermuda Guest WIFI,Outside SE
2025-10-24T20:07:06.164932+00:00,26.672934333333334,-81.80520833333334,28:70:4e:d0:86:c2,-80,2437,6,Bermuda 2G,pole 12 W
2025-10-24T20:07:06.164932+00:00,26.672934333333334,-81.80520833333334,2e:70:4e:d0:86:c2,-80,2437,6,Bermuda Guest WIFI 2G,pole 12 W
2025-10-24T20:07:06.164932+00:00,26.672934333333334,-81.80520833333334,28:70:4e:d0:87:4f,-80,2462,11,Bermuda 2G,pole 13 E
2025-10-24T20:07:06.164932+00:00,26.672934333333334,-81.80520833333334,2e:70:4e:d0:87:4f,-81,2462,11,Bermuda Guest WIFI 2G,pole 13 E
2025-10-24T20:07:06.164932+00:00,26.672934333333334,-81.80520833333334,6a:4e:05:22:b2:a8,-81,2412,1,venus-HQ2519UPV7N-e3f,Unknown
2025-10-24T20:07:06.164932+00:00,26.672934333333334,-81.80520833333334,2e:70:4e:d0:87:5e,-84,2462,11,Bermuda Guest WIFI 2G,pole 15 S
2025-10-24T20:07:06.164932+00:00,26.672934333333334,-81.80520833333334,62:22:32:16:1e:33,-84,5805,162,Bermuda,laundry1
2025-10-24T20:07:06.164932+00:00,26.672934333333334,-81.80520833333334,60:22:32:16:1e:33,-85,5805,162,Bermuda Guest WIFI,laundry1
2025-10-24T20:08:05.333968+00:00,26.672914833333333,-81.80520666666666,28:70:4e:d0:86:c3,-55,5765,154,Bermuda Guest WIFI,pole 12 W
2025-10-24T20:08:05.333968+00:00,26.672914833333333,-81.80520666666666,2e:70:4e:d0:86:c3,-55,5765,154,Bermuda,pole 12 W
2025-10-24T20:08:05.333968+00:00,26.672914833333333,-81.80520666666666,28:70:4e:d2:92:aa,-67,2437,6,Bermuda 2G,pole 12 N
2025-10-24T20:08:05.333968+00:00,26.672914833333333,-81.80520666666666,2e:70:4e:d2:92:aa,-70,2437,6,Bermuda Guest WIFI 2G,pole 12 N
2025-10-24T20:08:05.333968+00:00,26.672914833333333,-81.80520666666666,28:70:4e:d0:88:fa,-71,5765,154,Bermuda Guest WIFI,pole 11
2025-10-24T20:08:05.333968+00:00,26.672914833333333,-81.80520666666666,2e:70:4e:d0:88:fa,-71,5765,154,Bermuda,pole 11
2025-10-24T20:08:05.333968+00:00,26.672914833333333,-81.80520666666666,28:70:4e:d0:86:c2,-71,2437,6,Bermuda 2G,pole 12 W
2025-10-24T20:08:05.333968+00:00,26.672914833333333,-81.80520666666666,2e:70:4e:d0:86:c2,-72,2437,6,Bermuda Guest WIFI 2G,pole 12 W
2025-10-24T20:08:05.333968+00:00,26.672914833333333,-81.80520666666666,6a:4e:05:22:b2:a8,-81,2412,1,venus-HQ2519UPV7N-e3f,Unknown
2025-10-24T20:08:05.333968+00:00,26.672914833333333,-81.80520666666666,28:70:4e:d0:87:4f,-82,2462,11,Bermuda 2G,pole 13 E
2025-10-24T20:08:05.333968+00:00,26.672914833333333,-81.80520666666666,2e:70:4e:d0:87:4f,-84,2462,11,Bermuda Guest WIFI 2G,pole 13 E
2025-10-24T20:08:05.333968+00:00,26.672913,-81.80520883333334,84:1f:e8:ff:29:e9,-46,2412,1,ShellyPlusRGBWPM-841FE8FF29E8,Unknown
2025-10-24T20:08:05.333968+00:00,26.672913,-81.80520883333334,28:70:4e:d2:92:ab,-52,5745,150,Bermuda Guest WIFI,pole 12 N
2025-10-24T20:08:05.333968+00:00,26.672913,-81.80520883333334,2e:70:4e:d2:92:ab,-53,5745,150,Bermuda,pole 12 N
2025-10-24T20:08:05.333968+00:00,26.672913,-81.80520883333334,28:70:4e:d0:86:c3,-56,5765,154,Bermuda Guest WIFI,pole 12 W
2025-10-24T20:08:05.333968+00:00,26.672913,-81.80520883333334,2e:70:4e:d0:86:c3,-56,5765,154,Bermuda,pole 12 W
2025-10-24T20:08:05.333968+00:00,26.672913,-81.80520883333334,2e:70:4e:d0:86:c2,-58,2437,6,Bermuda Guest WIFI 2G,pole 12 W
2025-10-24T20:08:05.333968+00:00,26.672913,-81.80520883333334,28:70:4e:d0:86:c2,-63,2437,6,Bermuda 2G,pole 12 W
2025-10-24T20:08:05.333968+00:00,26.672913,-81.80520883333334,2e:70:4e:d2:92:aa,-65,2437,6,Bermuda Guest WIFI 2G,pole 12 N
2025-10-24T20:08:05.333968+00:00,26.672913,-81.80520883333334,28:70:4e:d2:92:aa,-67,2437,6,Bermuda 2G,pole 12 N
2025-10-24T20:08:05.333968+00:00,26.672913,-81.80520883333334,28:70:4e:dd:d0:4a,-72,5240,49,Bermuda Guest WIFI,pole 13 SW
2025-10-24T20:08:05.333968+00:00,26.672913,-81.80520883333334,2e:70:4e:dd:d0:4a,-72,5240,49,Bermuda,pole 13 SW
2025-10-24T20:08:05.333968+00:00,26.672913,-81.80520883333334,28:70:4e:d0:88:fa,-73,5765,154,Bermuda Guest WIFI,pole 11
2025-10-24T20:08:05.333968+00:00,26.672913,-81.80520883333334,2e:70:4e:d0:88:fa,-74,5765,154,Bermuda,pole 11
2025-10-24T20:08:05.333968+00:00,26.672913,-81.80520883333334,28:70:4e:d0:88:f9,-77,2412,1,Bermuda 2G,pole 11
2025-10-24T20:08:05.333968+00:00,26.672913,-81.80520883333334,6a:4e:05:22:b2:a8,-81,2412,1,venus-HQ2519UPV7N-e3f,Unknown
2025-10-24T20:08:05.333968+00:00,26.672913,-81.80520883333334,28:70:4e:d0:87:4f,-82,2462,11,Bermuda 2G,pole 13 E
2025-10-24T20:08:05.333968+00:00,26.672913,-81.80520883333334,2e:70:4e:d0:87:4f,-84,2462,11,Bermuda Guest WIFI 2G,pole 13 E
2025-10-24T20:08:05.333968+00:00,26.672913333333334,-81.8052125,84:1f:e8:ff:29:e9,-46,2412,1,ShellyPlusRGBWPM-841FE8FF29E8,Unknown
2025-10-24T20:08:05.333968+00:00,26.672913333333334,-81.8052125,28:70:4e:d2:92:ab,-53,5745,150,Bermuda Guest WIFI,pole 12 N
2025-10-24T20:08:05.333968+00:00,26.672913333333334,-81.8052125,2e:70:4e:d2:92:ab,-53,5745,150,Bermuda,pole 12 N
2025-10-24T20:08:05.333968+00:00,26.672913333333334,-81.8052125,28:70:4e:d0:86:c3,-55,5765,154,Bermuda Guest WIFI,pole 12 W
2025-10-24T20:08:05.333968+00:00,26.672913333333334,-81.8052125,2e:70:4e:d0:86:c3,-55,5765,154,Bermuda,pole 12 W
2025-10-24T20:08:05.333968+00:00,26.672913333333334,-81.8052125,2e:70:4e:d0:86:c2,-58,2437,6,Bermuda Guest WIFI 2G,pole 12 W
2025-10-24T20:08:05.333968+00:00,26.672913333333334,-81.8052125,28:70:4e:d0:86:c2,-63,2437,6,Bermuda 2G,pole 12 W
2025-10-24T20:08:05.333968+00:00,26.672913333333334,-81.8052125,28:70:4e:dd:d0:4a,-64,5240,49,Bermuda Guest WIFI,pole 13 SW
2025-10-24T20:08:05.333968+00:00,26.672913333333334,-81.8052125,2e:70:4e:dd:d0:4a,-64,5240,49,Bermuda,pole 13 SW
2025-10-24T20:08:05.333968+00:00,26.672913333333334,-81.8052125,28:70:4e:d2:92:aa,-68,2437,6,Bermuda 2G,pole 12 N
2025-10-24T20:08:05.333968+00:00,26.672913333333334,-81.8052125,2e:70:4e:d2:92:aa,-68,2437,6,Bermuda Guest WIFI 2G,pole 12 N
2025-10-24T20:08:05.333968+00:00,26.672913333333334,-81.8052125,28:70:4e:d0:88:fa,-73,5765,154,Bermuda Guest WIFI,pole 11
2025-10-24T20:08:05.333968+00:00,26.672913333333334,-81.8052125,2e:70:4e:d0:88:fa,-74,5765,154,Bermuda,pole 11
2025-10-24T20:08:05.333968+00:00,26.672913333333334,-81.8052125,28:70:4e:d0:88:f9,-77,2412,1,Bermuda 2G,pole 11
2025-10-24T20:08:05.333968+00:00,26.672913333333334,-81.8052125,2e:70:4e:dd:d0:49,-77,2437,6,Bermuda Guest WIFI 2G,pole 13 SW
2025-10-24T20:08:05.333968+00:00,26.672913333333334,-81.8052125,28:70:4e:dd:d0:49,-79,2437,6,Bermuda 2G,pole 13 SW
2025-10-24T20:08:05.333968+00:00,26.672913333333334,-81.8052125,6a:4e:05:22:b2:a8,-81,2412,1,venus-HQ2519UPV7N-e3f,Unknown
2025-10-24T20:08:05.333968+00:00,26.672913333333334,-81.8052125,28:70:4e:d0:87:4f,-83,2462,11,Bermuda 2G,pole 13 E
2025-10-24T20:08:05.333968+00:00,26.672913333333334,-81.8052125,2e:70:4e:d0:87:4f,-84,2462,11,Bermuda Guest WIFI 2G,pole 13 E
2025-10-24T20:08:05.333968+00:00,26.672913166666667,-81.80521166666666,84:1f:e8:ff:29:e9,-50,2412,1,ShellyPlusRGBWPM-841FE8FF29E8,Unknown
2025-10-24T20:08:05.333968+00:00,26.672913166666667,-81.80521166666666,28:70:4e:d2:92:ab,-53,5745,150,Bermuda Guest WIFI,pole 12 N
2025-10-24T20:08:05.333968+00:00,26.672913166666667,-81.80521166666666,2e:70:4e:d2:92:ab,-53,5745,150,Bermuda,pole 12 N
2025-10-24T20:08:05.333968+00:00,26.672913166666667,-81.80521166666666,28:70:4e:d0:86:c3,-58,5765,154,Bermuda Guest WIFI,pole 12 W
2025-10-24T20:08:05.333968+00:00,26.672913166666667,-81.80521166666666,2e:70:4e:d0:86:c3,-58,5765,154,Bermuda,pole 12 W
2025-10-24T20:08:05.333968+00:00,26.672913166666667,-81.80521166666666,2e:70:4e:d0:86:c2,-62,2437,6,Bermuda Guest WIFI 2G,pole 12 W
2025-10-24T20:08:05.333968+00:00,26.672913166666667,-81.80521166666666,28:70:4e:d0:86:c2,-63,2437,6,Bermuda 2G,pole 12 W
2025-10-24T20:08:05.333968+00:00,26.672913166666667,-81.80521166666666,28:70:4e:dd:d0:4a,-64,5240,49,Bermuda Guest WIFI,pole 13 SW
2025-10-24T20:08:05.333968+00:00,26.672913166666667,-81.80521166666666,2e:70:4e:dd:d0:4a,-64,5240,49,Bermuda,pole 13 SW
2025-10-24T20:08:05.333968+00:00,26.672913166666667,-81.80521166666666,28:70:4e:d2:92:aa,-66,2437,6,Bermuda 2G,pole 12 N
2025-10-24T20:08:05.333968+00:00,26.672913166666667,-81.80521166666666,2e:70:4e:d2:92:aa,-67,2437,6,Bermuda Guest WIFI 2G,pole 12 N
2025-10-24T20:08:05.333968+00:00,26.672913166666667,-81.80521166666666,28:70:4e:d0:88:fa,-73,5765,154,Bermuda Guest WIFI,pole 11
2025-10-24T20:08:05.333968+00:00,26.672913166666667,-81.80521166666666,2e:70:4e:d0:88:21,-73,2412,1,Bermuda Guest WIFI 2G,pole 14
2025-10-24T20:08:05.333968+00:00,26.672913166666667,-81.80521166666666,2e:70:4e:d0:88:fa,-74,5765,154,Bermuda,pole 11
2025-10-24T20:08:05.333968+00:00,26.672913166666667,-81.80521166666666,28:70:4e:d0:88:21,-75,2412,1,Bermuda 2G,pole 14
2025-10-24T20:08:05.333968+00:00,26.672913166666667,-81.80521166666666,28:70:4e:d0:88:f9,-76,2412,1,Bermuda 2G,pole 11
2025-10-24T20:08:05.333968+00:00,26.672913166666667,-81.80521166666666,2e:70:4e:dd:d0:49,-77,2437,6,Bermuda Guest WIFI 2G,pole 13 SW
2025-10-24T20:08:05.333968+00:00,26.672913166666667,-81.80521166666666,28:70:4e:dd:d0:49,-79,2437,6,Bermuda 2G,pole 13 SW
2025-10-24T20:08:05.333968+00:00,26.672913166666667,-81.80521166666666,6a:4e:05:22:b2:a8,-82,2412,1,venus-HQ2519UPV7N-e3f,Unknown
2025-10-24T20:08:05.333968+00:00,26.672913166666667,-81.80521166666666,28:70:4e:d0:87:4f,-83,2462,11,Bermuda 2G,pole 13 E
2025-10-24T20:08:05.333968+00:00,26.672913166666667,-81.80521166666666,2e:70:4e:d0:87:4f,-84,2462,11,Bermuda Guest WIFI 2G,pole 13 E
2025-10-24T20:09:05.335364+00:00,26.672914333333335,-81.80519083333333,84:1f:e8:ff:29:e9,-47,2412,1,ShellyPlusRGBWPM-841FE8FF29E8,Unknown
2025-10-24T20:09:05.335364+00:00,26.672914333333335,-81.80519083333333,28:70:4e:d2:92:ab,-64,5745,150,Bermuda Guest WIFI,pole 12 N
2025-10-24T20:09:05.335364+00:00,26.672914333333335,-81.80519083333333,2e:70:4e:d2:92:ab,-64,5745,150,Bermuda,pole 12 N
2025-10-24T20:09:05.335364+00:00,26.672914333333335,-81.80519083333333,2e:70:4e:d0:86:c3,-69,5765,154,Bermuda,pole 12 W
2025-10-24T20:09:05.335364+00:00,26.672914333333335,-81.80519083333333,28:70:4e:d0:86:c3,-69,5765,154,Bermuda Guest WIFI,pole 12 W
2025-10-24T20:09:05.335364+00:00,26.672914333333335,-81.80519083333333,2e:70:4e:dd:d0:49,-71,2437,6,Bermuda Guest WIFI 2G,pole 13 SW
2025-10-24T20:09:05.335364+00:00,26.672914333333335,-81.80519083333333,28:70:4e:dd:d0:49,-72,2437,6,Bermuda 2G,pole 13 SW
2025-10-24T20:09:05.335364+00:00,26.672914333333335,-81.80519083333333,2e:70:4e:d0:86:c2,-73,2437,6,Bermuda Guest WIFI 2G,pole 12 W
2025-10-24T20:09:05.335364+00:00,26.672914333333335,-81.80519083333333,28:70:4e:d0:86:c2,-74,2437,6,Bermuda 2G,pole 12 W
2025-10-24T20:09:05.335364+00:00,26.672914333333335,-81.80519083333333,2e:70:4e:d0:87:4f,-78,2462,11,Bermuda Guest WIFI 2G,pole 13 E
2025-10-24T20:09:05.335364+00:00,26.672914333333335,-81.80519083333333,28:70:4e:d0:87:4f,-79,2462,11,Bermuda 2G,pole 13 E
2025-10-24T20:09:05.335364+00:00,26.6729795,-81.80515116666666,84:1f:e8:ff:29:e9,-47,2412,1,ShellyPlusRGBWPM-841FE8FF29E8,Unknown
2025-10-24T20:09:05.335364+00:00,26.6729795,-81.80515116666666,2e:70:4e:d0:86:c3,-62,5765,154,Bermuda,pole 12 W
2025-10-24T20:09:05.335364+00:00,26.6729795,-81.80515116666666,28:70:4e:d0:86:c3,-62,5765,154,Bermuda Guest WIFI,pole 12 W
2025-10-24T20:09:05.335364+00:00,26.6729795,-81.80515116666666,28:70:4e:d2:92:ab,-64,5745,150,Bermuda Guest WIFI,pole 12 N
2025-10-24T20:09:05.335364+00:00,26.6729795,-81.80515116666666,2e:70:4e:d2:92:ab,-64,5745,150,Bermuda,pole 12 N
2025-10-24T20:09:05.335364+00:00,26.6729795,-81.80515116666666,28:70:4e:d2:92:aa,-64,2437,6,Bermuda 2G,pole 12 N
2025-10-24T20:09:05.335364+00:00,26.6729795,-81.80515116666666,2e:70:4e:d2:92:aa,-64,2437,6,Bermuda Guest WIFI 2G,pole 12 N
2025-10-24T20:09:05.335364+00:00,26.6729795,-81.80515116666666,28:70:4e:dd:d0:49,-70,2437,6,Bermuda 2G,pole 13 SW
2025-10-24T20:09:05.335364+00:00,26.6729795,-81.80515116666666,28:70:4e:d0:86:c2,-72,2437,6,Bermuda 2G,pole 12 W
2025-10-24T20:09:05.335364+00:00,26.6729795,-81.80515116666666,2e:70:4e:dd:d0:49,-72,2437,6,Bermuda Guest WIFI 2G,pole 13 SW
2025-10-24T20:09:05.335364+00:00,26.6729795,-81.80515116666666,2e:70:4e:d0:86:c2,-74,2437,6,Bermuda Guest WIFI 2G,pole 12 W
2025-10-24T20:09:05.335364+00:00,26.6729795,-81.80515116666666,28:70:4e:d0:87:73,-75,2412,1,Bermuda 2G,pole 18 N
2025-10-24T20:09:05.335364+00:00,26.6729795,-81.80515116666666,2e:70:4e:d0:87:4f,-78,2462,11,Bermuda Guest WIFI 2G,pole 13 E
2025-10-24T20:09:05.335364+00:00,26.6729795,-81.80515116666666,28:70:4e:d0:87:4f,-79,2462,11,Bermuda 2G,pole 13 E
2025-10-24T20:09:05.335364+00:00,26.6729795,-81.80515116666666,2e:70:4e:d0:87:73,-79,2412,1,Bermuda Guest WIFI 2G,pole 18 N
2025-10-24T20:09:05.335364+00:00,26.6729795,-81.80515116666666,2e:70:4e:d0:88:21,-84,2412,1,Bermuda Guest WIFI 2G,pole 14
2025-10-24T20:09:05.335364+00:00,26.6729885,-81.8051445,2e:70:4e:d0:86:c3,-49,5765,154,Bermuda,pole 12 W
2025-10-24T20:09:05.335364+00:00,26.6729885,-81.8051445,28:70:4e:d0:86:c3,-49,5765,154,Bermuda Guest WIFI,pole 12 W
2025-10-24T20:09:05.335364+00:00,26.6729885,-81.8051445,28:70:4e:d0:86:c2,-59,2437,6,Bermuda 2G,pole 12 W
2025-10-24T20:09:05.335364+00:00,26.6729885,-81.8051445,2e:70:4e:d0:86:c2,-59,2437,6,Bermuda Guest WIFI 2G,pole 12 W
2025-10-24T20:09:05.335364+00:00,26.6729885,-81.8051445,28:70:4e:d2:92:ab,-64,5745,150,Bermuda Guest WIFI,pole 12 N
2025-10-24T20:09:05.335364+00:00,26.6729885,-81.8051445,2e:70:4e:d2:92:ab,-64,5745,150,Bermuda,pole 12 N
2025-10-24T20:09:05.335364+00:00,26.6729885,-81.8051445,2e:70:4e:d2:92:aa,-69,2437,6,Bermuda Guest WIFI 2G,pole 12 N
2025-10-24T20:09:05.335364+00:00,26.6729885,-81.8051445,28:70:4e:dd:d0:49,-70,2437,6,Bermuda 2G,pole 13 SW
2025-10-24T20:09:05.335364+00:00,26.6729885,-81.8051445,28:70:4e:d2:92:aa,-70,2437,6,Bermuda 2G,pole 12 N
2025-10-24T20:09:05.335364+00:00,26.6729885,-81.8051445,2e:70:4e:dd:d0:49,-72,2437,6,Bermuda Guest WIFI 2G,pole 13 SW
2025-10-24T20:09:05.335364+00:00,26.6729885,-81.8051445,84:1f:e8:ff:29:e9,-74,2412,1,ShellyPlusRGBWPM-841FE8FF29E8,Unknown
2025-10-24T20:09:05.335364+00:00,26.6729885,-81.8051445,28:70:4e:d0:87:73,-75,2412,1,Bermuda 2G,pole 18 N
2025-10-24T20:09:05.335364+00:00,26.6729885,-81.8051445,2e:70:4e:d0:87:4f,-78,2462,11,Bermuda Guest WIFI 2G,pole 13 E
2025-10-24T20:09:05.335364+00:00,26.6729885,-81.8051445,28:70:4e:d0:88:f9,-78,2412,1,Bermuda 2G,pole 11
2025-10-24T20:09:05.335364+00:00,26.6729885,-81.8051445,28:70:4e:d0:87:4f,-79,2462,11,Bermuda 2G,pole 13 E
2025-10-24T20:09:05.335364+00:00,26.6729885,-81.8051445,2e:70:4e:d0:87:73,-79,2412,1,Bermuda Guest WIFI 2G,pole 18 N
2025-10-24T20:09:05.335364+00:00,26.6729885,-81.8051445,2e:70:4e:d0:88:f9,-79,2412,1,Bermuda Guest WIFI 2G,pole 11
2025-10-24T20:09:05.335364+00:00,26.6729885,-81.8051445,2e:70:4e:d0:88:21,-84,2412,1,Bermuda Guest WIFI 2G,pole 14
2025-10-24T20:09:05.335364+00:00,26.6729885,-81.8051445,28:70:4e:d2:8b:2e,-84,5220,45,Bermuda Guest WIFI,pole 02 W
2025-10-24T20:09:05.335364+00:00,26.6729885,-81.8051445,60:22:32:16:1e:33,-89,5805,162,Bermuda Guest WIFI,laundry1
2025-10-24T20:09:05.335364+00:00,26.672989333333334,-81.80513033333334,2e:70:4e:d0:86:c3,-56,5765,154,Bermuda,pole 12 W
2025-10-24T20:09:05.335364+00:00,26.672989333333334,-81.80513033333334,28:70:4e:d0:86:c2,-56,2437,6,Bermuda 2G,pole 12 W
2025-10-24T20:09:05.335364+00:00,26.672989333333334,-81.80513033333334,28:70:4e:d0:86:c3,-56,5765,154,Bermuda Guest WIFI,pole 12 W
2025-10-24T20:09:05.335364+00:00,26.672989333333334,-81.80513033333334,2e:70:4e:d0:86:c2,-62,2437,6,Bermuda Guest WIFI 2G,pole 12 W
2025-10-24T20:09:05.335364+00:00,26.672989333333334,-81.80513033333334,28:70:4e:dd:d0:4a,-62,5240,49,Bermuda Guest WIFI,pole 13 SW
2025-10-24T20:09:05.335364+00:00,26.672989333333334,-81.80513033333334,2e:70:4e:dd:d0:4a,-63,5240,49,Bermuda,pole 13 SW
2025-10-24T20:09:05.335364+00:00,26.672989333333334,-81.80513033333334,28:70:4e:d2:92:ab,-64,5745,150,Bermuda Guest WIFI,pole 12 N
2025-10-24T20:09:05.335364+00:00,26.672989333333334,-81.80513033333334,2e:70:4e:d2:92:ab,-64,5745,150,Bermuda,pole 12 N
2025-10-24T20:09:05.335364+00:00,26.672989333333334,-81.80513033333334,84:1f:e8:ff:29:e9,-68,2412,1,ShellyPlusRGBWPM-841FE8FF29E8,Unknown
2025-10-24T20:09:05.335364+00:00,26.672989333333334,-81.80513033333334,2e:70:4e:d2:92:aa,-69,2437,6,Bermuda Guest WIFI 2G,pole 12 N
2025-10-24T20:09:05.335364+00:00,26.672989333333334,-81.80513033333334,28:70:4e:d2:92:aa,-70,2437,6,Bermuda 2G,pole 12 N
2025-10-24T20:09:05.335364+00:00,26.672989333333334,-81.80513033333334,2e:70:4e:d0:88:21,-72,2412,1,Bermuda Guest WIFI 2G,pole 14
2025-10-24T20:09:05.335364+00:00,26.672989333333334,-81.80513033333334,28:70:4e:d0:88:21,-72,2412,1,Bermuda 2G,pole 14
2025-10-24T20:09:05.335364+00:00,26.672989333333334,-81.80513033333334,28:70:4e:dd:d0:49,-73,2437,6,Bermuda 2G,pole 13 SW
2025-10-24T20:09:05.335364+00:00,26.672989333333334,-81.80513033333334,28:70:4e:d0:87:73,-75,2412,1,Bermuda 2G,pole 18 N
2025-10-24T20:09:05.335364+00:00,26.672989333333334,-81.80513033333334,2e:70:4e:d0:87:4f,-78,2462,11,Bermuda Guest WIFI 2G,pole 13 E
2025-10-24T20:09:05.335364+00:00,26.672989333333334,-81.80513033333334,28:70:4e:d0:88:f9,-78,2412,1,Bermuda 2G,pole 11
2025-10-24T20:09:05.335364+00:00,26.672989333333334,-81.80513033333334,2e:70:4e:dd:d0:49,-79,2437,6,Bermuda Guest WIFI 2G,pole 13 SW
2025-10-24T20:09:05.335364+00:00,26.672989333333334,-81.80513033333334,28:70:4e:d0:87:4f,-79,2462,11,Bermuda 2G,pole 13 E
2025-10-24T20:09:05.335364+00:00,26.672989333333334,-81.80513033333334,2e:70:4e:d0:87:73,-79,2412,1,Bermuda Guest WIFI 2G,pole 18 N
2025-10-24T20:09:05.335364+00:00,26.672989333333334,-81.80513033333334,2e:70:4e:d0:88:f9,-79,2412,1,Bermuda Guest WIFI 2G,pole 11
2025-10-24T20:09:05.335364+00:00,26.672989333333334,-81.80513033333334,28:70:4e:d2:8b:2e,-84,5220,45,Bermuda Guest WIFI,pole 02 W
2025-10-24T20:09:05.335364+00:00,26.672989333333334,-81.80513033333334,60:22:32:16:1e:33,-89,5805,162,Bermuda Guest WIFI,laundry1
2025-10-24T20:10:09.317543+00:00,26.67298733333333,-81.80509833333333,28:70:4e:d0:86:c3,-39,5765,154,Bermuda Guest WIFI,pole 12 W
2025-10-24T20:10:09.317543+00:00,26.67298733333333,-81.80509833333333,28:70:4e:d2:92:ab,-43,5745,150,Bermuda Guest WIFI,pole 12 N
2025-10-24T20:10:09.317543+00:00,26.67298733333333,-81.80509833333333,2e:70:4e:d2:92:ab,-43,5745,150,Bermuda,pole 12 N
2025-10-24T20:10:09.317543+00:00,26.67298733333333,-81.80509833333333,2e:70:4e:d0:86:c3,-53,5765,154,Bermuda,pole 12 W
2025-10-24T20:10:09.317543+00:00,26.67298733333333,-81.80509833333333,2e:70:4e:d0:86:c2,-59,2437,6,Bermuda Guest WIFI 2G,pole 12 W
2025-10-24T20:10:09.317543+00:00,26.67298733333333,-81.80509833333333,28:70:4e:d0:86:c2,-60,2437,6,Bermuda 2G,pole 12 W
2025-10-24T20:10:09.317543+00:00,26.67298733333333,-81.80509833333333,28:70:4e:d2:92:aa,-64,2437,6,Bermuda 2G,pole 12 N
2025-10-24T20:10:09.317543+00:00,26.67298733333333,-81.80509833333333,2e:70:4e:d2:92:aa,-64,2437,6,Bermuda Guest WIFI 2G,pole 12 N
2025-10-24T20:10:09.317543+00:00,26.67298733333333,-81.80509833333333,84:1f:e8:ff:29:e9,-67,2412,1,ShellyPlusRGBWPM-841FE8FF29E8,Unknown
2025-10-24T20:10:09.317543+00:00,26.67298733333333,-81.80509833333333,2e:70:4e:dd:d0:49,-74,2437,6,Bermuda Guest WIFI 2G,pole 13 SW
2025-10-24T20:10:09.317543+00:00,26.67298733333333,-81.80509833333333,28:70:4e:dd:d0:49,-76,2437,6,Bermuda 2G,pole 13 SW
2025-10-24T20:10:09.317543+00:00,26.67298733333333,-81.80509833333333,28:70:4e:d0:87:4f,-76,2462,11,Bermuda 2G,pole 13 E
2025-10-24T20:10:09.317543+00:00,26.67298733333333,-81.80509833333333,2e:70:4e:d0:87:4f,-77,2462,11,Bermuda Guest WIFI 2G,pole 13 E
2025-10-24T20:10:09.317543+00:00,26.672949833333334,-81.8050725,28:70:4e:d0:86:c3,-39,5765,154,Bermuda Guest WIFI,pole 12 W
2025-10-24T20:10:09.317543+00:00,26.672949833333334,-81.8050725,2e:70:4e:d0:86:c3,-47,5765,154,Bermuda,pole 12 W
2025-10-24T20:10:09.317543+00:00,26.672949833333334,-81.8050725,28:70:4e:d2:92:aa,-52,2437,6,Bermuda 2G,pole 12 N
2025-10-24T20:10:09.317543+00:00,26.672949833333334,-81.8050725,2e:70:4e:d2:92:aa,-53,2437,6,Bermuda Guest WIFI 2G,pole 12 N
2025-10-24T20:10:09.317543+00:00,26.672949833333334,-81.8050725,28:70:4e:d2:92:ab,-57,5745,150,Bermuda Guest WIFI,pole 12 N
2025-10-24T20:10:09.317543+00:00,26.672949833333334,-81.8050725,2e:70:4e:d2:92:ab,-57,5745,150,Bermuda,pole 12 N
2025-10-24T20:10:09.317543+00:00,26.672949833333334,-81.8050725,28:70:4e:d0:86:c2,-66,2437,6,Bermuda 2G,pole 12 W
2025-10-24T20:10:09.317543+00:00,26.672949833333334,-81.8050725,2e:70:4e:d0:86:c2,-67,2437,6,Bermuda Guest WIFI 2G,pole 12 W
2025-10-24T20:10:09.317543+00:00,26.672949833333334,-81.8050725,2e:70:4e:d0:88:21,-71,2412,1,Bermuda Guest WIFI 2G,pole 14
2025-10-24T20:10:09.317543+00:00,26.672949833333334,-81.8050725,84:1f:e8:ff:29:e9,-72,2412,1,ShellyPlusRGBWPM-841FE8FF29E8,Unknown
2025-10-24T20:10:09.317543+00:00,26.672949833333334,-81.8050725,28:70:4e:d0:88:21,-72,2412,1,Bermuda 2G,pole 14
2025-10-24T20:10:09.317543+00:00,26.672949833333334,-81.8050725,2e:70:4e:dd:d0:49,-74,2437,6,Bermuda Guest WIFI 2G,pole 13 SW
2025-10-24T20:10:09.317543+00:00,26.672949833333334,-81.8050725,28:70:4e:dd:d0:49,-76,2437,6,Bermuda 2G,pole 13 SW
2025-10-24T20:10:09.317543+00:00,26.672949833333334,-81.8050725,28:70:4e:d0:87:4f,-76,2462,11,Bermuda 2G,pole 13 E
2025-10-24T20:10:09.317543+00:00,26.672949833333334,-81.8050725,2e:70:4e:d0:87:4f,-77,2462,11,Bermuda Guest WIFI 2G,pole 13 E
2025-10-24T20:10:09.317543+00:00,26.672915166666666,-81.8050625,2e:70:4e:d0:86:c3,-54,5765,154,Bermuda,pole 12 W
2025-10-24T20:10:09.317543+00:00,26.672915166666666,-81.8050625,28:70:4e:d0:86:c3,-54,5765,154,Bermuda Guest WIFI,pole 12 W
2025-10-24T20:10:09.317543+00:00,26.672915166666666,-81.8050625,28:70:4e:d2:92:ab,-57,5745,150,Bermuda Guest WIFI,pole 12 N
2025-10-24T20:10:09.317543+00:00,26.672915166666666,-81.8050625,2e:70:4e:d2:92:ab,-57,5745,150,Bermuda,pole 12 N
2025-10-24T20:10:09.317543+00:00,26.672915166666666,-81.8050625,84:1f:e8:ff:29:e9,-66,2412,1,ShellyPlusRGBWPM-841FE8FF29E8,Unknown
2025-10-24T20:10:09.317543+00:00,26.672915166666666,-81.8050625,2e:70:4e:d0:86:c2,-68,2437,6,Bermuda Guest WIFI 2G,pole 12 W
2025-10-24T20:10:09.317543+00:00,26.672915166666666,-81.8050625,2e:70:4e:d2:92:aa,-68,2437,6,Bermuda Guest WIFI 2G,pole 12 N
2025-10-24T20:10:09.317543+00:00,26.672915166666666,-81.8050625,28:70:4e:d0:86:c2,-69,2437,6,Bermuda 2G,pole 12 W
2025-10-24T20:10:09.317543+00:00,26.672915166666666,-81.8050625,28:70:4e:d2:92:aa,-69,2437,6,Bermuda 2G,pole 12 N
2025-10-24T20:10:09.317543+00:00,26.672915166666666,-81.8050625,2e:70:4e:d0:88:21,-71,2412,1,Bermuda Guest WIFI 2G,pole 14
2025-10-24T20:10:09.317543+00:00,26.672915166666666,-81.8050625,28:70:4e:d0:88:21,-72,2412,1,Bermuda 2G,pole 14
2025-10-24T20:10:09.317543+00:00,26.672915166666666,-81.8050625,2e:70:4e:dd:d0:49,-74,2437,6,Bermuda Guest WIFI 2G,pole 13 SW
2025-10-24T20:10:09.317543+00:00,26.672915166666666,-81.8050625,28:70:4e:dd:d0:49,-76,2437,6,Bermuda 2G,pole 13 SW
2025-10-24T20:10:09.317543+00:00,26.672915166666666,-81.8050625,28:70:4e:d0:87:4f,-76,2462,11,Bermuda 2G,pole 13 E
2025-10-24T20:10:09.317543+00:00,26.672915166666666,-81.8050625,28:70:4e:dd:d0:4a,-76,5240,49,Bermuda Guest WIFI,pole 13 SW
2025-10-24T20:10:09.317543+00:00,26.672915166666666,-81.8050625,2e:70:4e:dd:d0:4a,-76,5240,49,Bermuda,pole 13 SW
2025-10-24T20:10:09.317543+00:00,26.672915166666666,-81.8050625,2e:70:4e:d0:87:4f,-77,2462,11,Bermuda Guest WIFI 2G,pole 13 E
2025-10-24T20:10:09.317543+00:00,26.672915166666666,-81.8050625,2e:70:4e:d0:87:50,-78,5745,150,Bermuda,pole 13 E
2025-10-24T20:10:09.317543+00:00,26.672915166666666,-81.8050625,28:70:4e:d0:87:74,-79,5220,45,Bermuda Guest WIFI,pole 18 N
2025-10-24T20:10:09.317543+00:00,26.672915166666666,-81.8050625,2e:70:4e:d0:87:74,-80,5220,45,Bermuda,pole 18 N
2025-10-24T20:10:09.317543+00:00,26.672915166666666,-81.8050625,28:70:4e:d0:88:f7,-85,5240,49,Bermuda Guest WIFI,pole 02 N2
2025-10-24T20:10:09.317543+00:00,26.672915166666666,-81.8050625,2e:70:4e:d0:88:f7,-85,5240,49,Bermuda,pole 02 N2
2025-10-24T20:10:09.317543+00:00,26.672915166666666,-81.8050625,62:22:32:16:1e:33,-86,5805,162,Bermuda,laundry1
2025-10-24T20:10:09.317543+00:00,26.672915166666666,-81.8050625,60:22:32:16:1e:33,-86,5805,162,Bermuda Guest WIFI,laundry1
2025-10-24T20:10:09.317543+00:00,26.672884,-81.80506716666666,28:70:4e:d2:92:ab,-57,5745,150,Bermuda Guest WIFI,pole 12 N
2025-10-24T20:10:09.317543+00:00,26.672884,-81.80506716666666,2e:70:4e:d2:92:ab,-57,5745,150,Bermuda,pole 12 N
2025-10-24T20:10:09.317543+00:00,26.672884,-81.80506716666666,28:70:4e:d0:86:c3,-62,5765,154,Bermuda Guest WIFI,pole 12 W
2025-10-24T20:10:09.317543+00:00,26.672884,-81.80506716666666,2e:70:4e:d0:86:c3,-63,5765,154,Bermuda,pole 12 W
2025-10-24T20:10:09.317543+00:00,26.672884,-81.80506716666666,28:70:4e:d0:86:c2,-69,2437,6,Bermuda 2G,pole 12 W
2025-10-24T20:10:09.317543+00:00,26.672884,-81.80506716666666,2e:70:4e:d0:86:c2,-69,2437,6,Bermuda Guest WIFI 2G,pole 12 W
2025-10-24T20:10:09.317543+00:00,26.672884,-81.80506716666666,28:70:4e:d2:92:aa,-70,2437,6,Bermuda 2G,pole 12 N
2025-10-24T20:10:09.317543+00:00,26.672884,-81.80506716666666,2e:70:4e:d0:88:22,-70,5765,154,Bermuda,pole 14
2025-10-24T20:10:09.317543+00:00,26.672884,-81.80506716666666,2e:70:4e:d2:92:aa,-71,2437,6,Bermuda Guest WIFI 2G,pole 12 N
2025-10-24T20:10:09.317543+00:00,26.672884,-81.80506716666666,28:70:4e:d0:88:22,-71,5765,154,Bermuda Guest WIFI,pole 14
2025-10-24T20:10:09.317543+00:00,26.672884,-81.80506716666666,28:70:4e:d0:88:21,-72,2412,1,Bermuda 2G,pole 14
2025-10-24T20:10:09.317543+00:00,26.672884,-81.80506716666666,2e:70:4e:dd:d0:49,-74,2437,6,Bermuda Guest WIFI 2G,pole 13 SW
2025-10-24T20:10:09.317543+00:00,26.672884,-81.80506716666666,84:1f:e8:ff:29:e9,-76,2412,1,ShellyPlusRGBWPM-841FE8FF29E8,Unknown
2025-10-24T20:10:09.317543+00:00,26.672884,-81.80506716666666,28:70:4e:dd:d0:49,-76,2437,6,Bermuda 2G,pole 13 SW
2025-10-24T20:10:09.317543+00:00,26.672884,-81.80506716666666,28:70:4e:d0:87:4f,-76,2462,11,Bermuda 2G,pole 13 E
2025-10-24T20:10:09.317543+00:00,26.672884,-81.80506716666666,28:70:4e:dd:d0:4a,-76,5240,49,Bermuda Guest WIFI,pole 13 SW
2025-10-24T20:10:09.317543+00:00,26.672884,-81.80506716666666,2e:70:4e:dd:d0:4a,-76,5240,49,Bermuda,pole 13 SW
2025-10-24T20:10:09.317543+00:00,26.672884,-81.80506716666666,2e:70:4e:d0:87:4f,-77,2462,11,Bermuda Guest WIFI 2G,pole 13 E
2025-10-24T20:10:09.317543+00:00,26.672884,-81.80506716666666,2e:70:4e:d0:87:50,-78,5745,150,Bermuda,pole 13 E
2025-10-24T20:10:09.317543+00:00,26.672884,-81.80506716666666,2e:70:4e:d0:88:21,-79,2412,1,Bermuda Guest WIFI 2G,pole 14
2025-10-24T20:10:09.317543+00:00,26.672884,-81.80506716666666,28:70:4e:d0:87:74,-79,5220,45,Bermuda Guest WIFI,pole 18 N
2025-10-24T20:10:09.317543+00:00,26.672884,-81.80506716666666,2e:70:4e:d0:87:74,-80,5220,45,Bermuda,pole 18 N
2025-10-24T20:10:09.317543+00:00,26.672884,-81.80506716666666,28:70:4e:d0:88:f7,-85,5240,49,Bermuda Guest WIFI,pole 02 N2
2025-10-24T20:10:09.317543+00:00,26.672884,-81.80506716666666,2e:70:4e:d0:88:f7,-85,5240,49,Bermuda,pole 02 N2
2025-10-24T20:10:09.317543+00:00,26.672884,-81.80506716666666,62:22:32:16:1e:33,-86,5805,162,Bermuda,laundry1
2025-10-24T20:10:09.317543+00:00,26.672884,-81.80506716666666,60:22:32:16:1e:33,-86,5805,162,Bermuda Guest WIFI,laundry1
2025-10-24T20:11:14.367394+00:00,26.672841666666667,-81.805122,2e:70:4e:d0:86:c3,-64,5765,154,Bermuda,pole 12 W
2025-10-24T20:11:14.367394+00:00,26.672841666666667,-81.805122,28:70:4e:d0:86:c2,-75,2437,6,Bermuda 2G,pole 12 W
2025-10-24T20:11:14.367394+00:00,26.672841666666667,-81.805122,2e:70:4e:d0:86:c2,-75,2437,6,Bermuda Guest WIFI 2G,pole 12 W
2025-10-24T20:11:14.367394+00:00,26.672841666666667,-81.805122,28:70:4e:dd:d0:4a,-77,5240,49,Bermuda Guest WIFI,pole 13 SW
2025-10-24T20:11:14.367394+00:00,26.672841666666667,-81.805122,28:70:4e:d2:92:aa,-80,2437,6,Bermuda 2G,pole 12 N
2025-10-24T20:11:14.367394+00:00,26.672841666666667,-81.805122,2e:70:4e:d2:92:aa,-81,2437,6,Bermuda Guest WIFI 2G,pole 12 N
2025-10-24T20:11:14.367394+00:00,26.672795666666666,-81.80514283333333,2e:70:4e:d0:86:c3,-63,5765,154,Bermuda,pole 12 W
2025-10-24T20:11:14.367394+00:00,26.672795666666666,-81.80514283333333,28:70:4e:d0:86:c2,-75,2437,6,Bermuda 2G,pole 12 W
2025-10-24T20:11:14.367394+00:00,26.672795666666666,-81.80514283333333,2e:70:4e:d0:86:c2,-75,2437,6,Bermuda Guest WIFI 2G,pole 12 W
2025-10-24T20:11:14.367394+00:00,26.672795666666666,-81.80514283333333,84:1f:e8:ff:29:e9,-75,2412,1,ShellyPlusRGBWPM-841FE8FF29E8,Unknown
2025-10-24T20:11:14.367394+00:00,26.672795666666666,-81.80514283333333,28:70:4e:dd:d0:4a,-77,5240,49,Bermuda Guest WIFI,pole 13 SW
2025-10-24T20:11:14.367394+00:00,26.672795666666666,-81.80514283333333,28:70:4e:d2:92:aa,-80,2437,6,Bermuda 2G,pole 12 N
2025-10-24T20:11:14.367394+00:00,26.672795666666666,-81.80514283333333,2e:70:4e:d2:92:aa,-81,2437,6,Bermuda Guest WIFI 2G,pole 12 N
2025-10-24T20:11:14.367394+00:00,26.672783333333335,-81.80514116666667,2e:70:4e:d0:86:c3,-61,5765,154,Bermuda,pole 12 W
2025-10-24T20:11:14.367394+00:00,26.672783333333335,-81.80514116666667,28:70:4e:d0:86:c3,-61,5765,154,Bermuda Guest WIFI,pole 12 W
2025-10-24T20:11:14.367394+00:00,26.672783333333335,-81.80514116666667,28:70:4e:d0:87:5f,-71,5240,49,Bermuda Guest WIFI,pole 15 S
2025-10-24T20:11:14.367394+00:00,26.672783333333335,-81.80514116666667,2e:70:4e:d0:87:5f,-72,5240,49,Bermuda,pole 15 S
2025-10-24T20:11:14.367394+00:00,26.672783333333335,-81.80514116666667,28:70:4e:d0:86:c2,-75,2437,6,Bermuda 2G,pole 12 W
2025-10-24T20:11:14.367394+00:00,26.672783333333335,-81.80514116666667,2e:70:4e:d0:86:c2,-75,2437,6,Bermuda Guest WIFI 2G,pole 12 W
2025-10-24T20:11:14.367394+00:00,26.672783333333335,-81.80514116666667,84:1f:e8:ff:29:e9,-75,2412,1,ShellyPlusRGBWPM-841FE8FF29E8,Unknown
2025-10-24T20:11:14.367394+00:00,26.672783333333335,-81.80514116666667,28:70:4e:dd:d0:4a,-77,5240,49,Bermuda Guest WIFI,pole 13 SW
2025-10-24T20:11:14.367394+00:00,26.672783333333335,-81.80514116666667,28:70:4e:d2:92:aa,-78,2437,6,Bermuda 2G,pole 12 N
2025-10-24T20:11:14.367394+00:00,26.672783333333335,-81.80514116666667,2e:70:4e:d2:92:aa,-80,2437,6,Bermuda Guest WIFI 2G,pole 12 N
2025-10-24T20:11:14.367394+00:00,26.672783333333335,-81.80514116666667,60:22:32:16:1e:33,-87,5805,162,Bermuda Guest WIFI,laundry1
2025-10-24T20:11:14.367394+00:00,26.672783333333335,-81.80514116666667,62:22:32:16:1e:33,-88,5805,162,Bermuda,laundry1
2025-10-24T20:11:14.367394+00:00,26.672734,-81.80513,2e:70:4e:d0:86:c3,-61,5765,154,Bermuda,pole 12 W
2025-10-24T20:11:14.367394+00:00,26.672734,-81.80513,28:70:4e:d0:86:c3,-70,5765,154,Bermuda Guest WIFI,pole 12 W
2025-10-24T20:11:14.367394+00:00,26.672734,-81.80513,28:70:4e:d0:87:5f,-71,5240,49,Bermuda Guest WIFI,pole 15 S
2025-10-24T20:11:14.367394+00:00,26.672734,-81.80513,2e:70:4e:d0:87:5f,-72,5240,49,Bermuda,pole 15 S
2025-10-24T20:11:14.367394+00:00,26.672734,-81.80513,28:70:4e:d0:86:c2,-75,2437,6,Bermuda 2G,pole 12 W
2025-10-24T20:11:14.367394+00:00,26.672734,-81.80513,2e:70:4e:d0:86:c2,-75,2437,6,Bermuda Guest WIFI 2G,pole 12 W
2025-10-24T20:11:14.367394+00:00,26.672734,-81.80513,84:1f:e8:ff:29:e9,-75,2412,1,ShellyPlusRGBWPM-841FE8FF29E8,Unknown
2025-10-24T20:11:14.367394+00:00,26.672734,-81.80513,28:70:4e:dd:d0:4a,-77,5240,49,Bermuda Guest WIFI,pole 13 SW
2025-10-24T20:11:14.367394+00:00,26.672734,-81.80513,28:70:4e:d2:92:aa,-78,2437,6,Bermuda 2G,pole 12 N
2025-10-24T20:11:14.367394+00:00,26.672734,-81.80513,2e:70:4e:d2:92:aa,-80,2437,6,Bermuda Guest WIFI 2G,pole 12 N
2025-10-24T20:11:14.367394+00:00,26.672734,-81.80513,60:22:32:16:1e:33,-87,5805,162,Bermuda Guest WIFI,laundry1
2025-10-24T20:11:14.367394+00:00,26.672734,-81.80513,62:22:32:16:1e:33,-88,5805,162,Bermuda,laundry1
2025-10-24T20:12:18.426968+00:00,26.6727665,-81.80519133333334,2e:70:4e:d0:86:c3,-60,5765,154,Bermuda,pole 12 W
2025-10-24T20:12:18.426968+00:00,26.672812666666665,-81.80520483333333,28:70:4e:dd:d0:4a,-60,5240,49,Bermuda Guest WIFI,pole 13 SW
2025-10-24T20:12:18.426968+00:00,26.672812666666665,-81.80520483333333,2e:70:4e:dd:d0:4a,-60,5240,49,Bermuda,pole 13 SW
2025-10-24T20:12:18.426968+00:00,26.672812666666665,-81.80520483333333,2e:70:4e:dd:d0:49,-73,2437,6,Bermuda Guest WIFI 2G,pole 13 SW
2025-10-24T20:12:18.426968+00:00,26.672812666666665,-81.80520483333333,28:70:4e:d0:88:f9,-74,2412,1,Bermuda 2G,pole 11
2025-10-24T20:12:18.426968+00:00,26.672812666666665,-81.80520483333333,28:70:4e:dd:d0:49,-75,2437,6,Bermuda 2G,pole 13 SW
2025-10-24T20:12:18.426968+00:00,26.672812666666665,-81.80520483333333,2e:70:4e:d0:86:c3,-76,5765,154,Bermuda,pole 12 W
2025-10-24T20:12:18.426968+00:00,26.672812666666665,-81.80520483333333,2e:70:4e:d0:88:f9,-76,2412,1,Bermuda Guest WIFI 2G,pole 11
2025-10-24T20:12:18.426968+00:00,26.672812666666665,-81.80520483333333,2e:70:4e:d0:86:c2,-76,2437,6,Bermuda Guest WIFI 2G,pole 12 W
2025-10-24T20:12:18.426968+00:00,26.672812666666665,-81.80520483333333,28:70:4e:d0:86:c2,-78,2437,6,Bermuda 2G,pole 12 W
2025-10-24T20:12:18.426968+00:00,26.672788666666666,-81.805178,2e:70:4e:dd:d0:4a,-61,5240,49,Bermuda,pole 13 SW
2025-10-24T20:12:18.426968+00:00,26.672788666666666,-81.805178,2e:70:4e:d0:86:c3,-64,5765,154,Bermuda,pole 12 W
2025-10-24T20:12:18.426968+00:00,26.672788666666666,-81.805178,28:70:4e:d0:86:c3,-64,5765,154,Bermuda Guest WIFI,pole 12 W
2025-10-24T20:12:18.426968+00:00,26.672788666666666,-81.805178,28:70:4e:d0:86:c2,-71,2437,6,Bermuda 2G,pole 12 W
2025-10-24T20:12:18.426968+00:00,26.672788666666666,-81.805178,2e:70:4e:d0:86:c2,-72,2437,6,Bermuda Guest WIFI 2G,pole 12 W
2025-10-24T20:12:18.426968+00:00,26.672788666666666,-81.805178,2e:70:4e:dd:d0:49,-76,2437,6,Bermuda Guest WIFI 2G,pole 13 SW
2025-10-24T20:12:18.426968+00:00,26.672788666666666,-81.805178,28:70:4e:dd:d0:49,-77,2437,6,Bermuda 2G,pole 13 SW
2025-10-24T20:12:18.426968+00:00,26.672814166666665,-81.8052365,84:1f:e8:ff:29:e9,-61,2412,1,ShellyPlusRGBWPM-841FE8FF29E8,Unknown
2025-10-24T20:12:18.426968+00:00,26.672814166666665,-81.8052365,2e:70:4e:d0:86:c3,-63,5765,154,Bermuda,pole 12 W
2025-10-24T20:12:18.426968+00:00,26.672814166666665,-81.8052365,28:70:4e:d0:86:c3,-63,5765,154,Bermuda Guest WIFI,pole 12 W
2025-10-24T20:12:18.426968+00:00,26.672814166666665,-81.8052365,2e:70:4e:dd:d0:4a,-70,5240,49,Bermuda,pole 13 SW
2025-10-24T20:12:18.426968+00:00,26.672814166666665,-81.8052365,28:70:4e:d0:86:c2,-70,2437,6,Bermuda 2G,pole 12 W
2025-10-24T20:12:18.426968+00:00,26.672814166666665,-81.8052365,2e:70:4e:d0:86:c2,-70,2437,6,Bermuda Guest WIFI 2G,pole 12 W
2025-10-24T20:12:18.426968+00:00,26.672814166666665,-81.8052365,2e:70:4e:d0:88:21,-70,2412,1,Bermuda Guest WIFI 2G,pole 14
2025-10-24T20:12:18.426968+00:00,26.672814166666665,-81.8052365,28:70:4e:dd:d0:4a,-70,5240,49,Bermuda Guest WIFI,pole 13 SW
2025-10-24T20:12:18.426968+00:00,26.672814166666665,-81.8052365,28:70:4e:d0:88:21,-71,2412,1,Bermuda 2G,pole 14
2025-10-24T20:12:18.426968+00:00,26.672814166666665,-81.8052365,2e:70:4e:dd:d0:49,-76,2437,6,Bermuda Guest WIFI 2G,pole 13 SW
2025-10-24T20:12:18.426968+00:00,26.672814166666665,-81.8052365,28:70:4e:dd:d0:49,-77,2437,6,Bermuda 2G,pole 13 SW
2025-10-24T20:12:18.426968+00:00,26.672814166666665,-81.8052365,28:70:4e:d2:92:aa,-82,2437,6,Bermuda 2G,pole 12 N
2025-10-24T20:13:22.362487+00:00,26.672893166666668,-81.80530566666667,2e:70:4e:dd:d0:4a,-54,5240,49,Bermuda,pole 13 SW
2025-10-24T20:13:22.362487+00:00,26.672893166666668,-81.80530566666667,28:70:4e:dd:d0:4a,-55,5240,49,Bermuda Guest WIFI,pole 13 SW
2025-10-24T20:13:22.362487+00:00,26.672893166666668,-81.80530566666667,2e:70:4e:d0:86:c3,-57,5765,154,Bermuda,pole 12 W
2025-10-24T20:13:22.362487+00:00,26.672893166666668,-81.80530566666667,28:70:4e:d0:87:50,-64,5745,150,Bermuda Guest WIFI,pole 13 E
2025-10-24T20:13:22.362487+00:00,26.672893166666668,-81.80530566666667,28:70:4e:d0:88:21,-68,2412,1,Bermuda 2G,pole 14
2025-10-24T20:13:22.362487+00:00,26.672893166666668,-81.80530566666667,2e:70:4e:d0:88:21,-70,2412,1,Bermuda Guest WIFI 2G,pole 14
2025-10-24T20:13:22.362487+00:00,26.672893166666668,-81.80530566666667,28:70:4e:d0:86:c2,-71,2437,6,Bermuda 2G,pole 12 W
2025-10-24T20:13:22.362487+00:00,26.672893166666668,-81.80530566666667,2e:70:4e:d0:86:c2,-72,2437,6,Bermuda Guest WIFI 2G,pole 12 W
2025-10-24T20:13:22.362487+00:00,26.672893166666668,-81.80530566666667,28:70:4e:dd:d0:49,-73,2437,6,Bermuda 2G,pole 13 SW
2025-10-24T20:13:22.362487+00:00,26.672893166666668,-81.80530566666667,28:70:4e:d2:92:aa,-75,2437,6,Bermuda 2G,pole 12 N
2025-10-24T20:13:22.362487+00:00,26.672893166666668,-81.80530566666667,2e:70:4e:dd:d0:49,-75,2437,6,Bermuda Guest WIFI 2G,pole 13 SW
2025-10-24T20:13:22.362487+00:00,26.67290716666667,-81.80534066666667,2e:70:4e:dd:d0:4a,-54,5240,49,Bermuda,pole 13 SW
2025-10-24T20:13:22.362487+00:00,26.67290716666667,-81.80534066666667,28:70:4e:dd:d0:4a,-55,5240,49,Bermuda Guest WIFI,pole 13 SW
2025-10-24T20:13:22.362487+00:00,26.67290716666667,-81.80534066666667,28:70:4e:d2:92:ab,-56,5745,150,Bermuda Guest WIFI,pole 12 N
2025-10-24T20:13:22.362487+00:00,26.67290716666667,-81.80534066666667,2e:70:4e:d2:92:ab,-56,5745,150,Bermuda,pole 12 N
2025-10-24T20:13:22.362487+00:00,26.67290716666667,-81.80534066666667,28:70:4e:d0:86:c3,-60,5765,154,Bermuda Guest WIFI,pole 12 W
2025-10-24T20:13:22.362487+00:00,26.67290716666667,-81.80534066666667,2e:70:4e:d0:86:c3,-61,5765,154,Bermuda,pole 12 W
2025-10-24T20:13:22.362487+00:00,26.67290716666667,-81.80534066666667,28:70:4e:d0:88:22,-63,5765,154,Bermuda Guest WIFI,pole 14
2025-10-24T20:13:22.362487+00:00,26.67290716666667,-81.80534066666667,2e:70:4e:d0:88:22,-63,5765,154,Bermuda,pole 14
2025-10-24T20:13:22.362487+00:00,26.67290716666667,-81.80534066666667,28:70:4e:d0:87:50,-64,5745,150,Bermuda Guest WIFI,pole 13 E
2025-10-24T20:13:22.362487+00:00,26.67290716666667,-81.80534066666667,28:70:4e:dd:d0:49,-73,2437,6,Bermuda 2G,pole 13 SW
2025-10-24T20:13:22.362487+00:00,26.67290716666667,-81.80534066666667,2e:70:4e:d0:86:c2,-74,2437,6,Bermuda Guest WIFI 2G,pole 12 W
2025-10-24T20:13:22.362487+00:00,26.67290716666667,-81.80534066666667,28:70:4e:d0:86:c2,-75,2437,6,Bermuda 2G,pole 12 W
2025-10-24T20:13:22.362487+00:00,26.67290716666667,-81.80534066666667,2e:70:4e:dd:d0:49,-75,2437,6,Bermuda Guest WIFI 2G,pole 13 SW
2025-10-24T20:13:22.362487+00:00,26.67290716666667,-81.80534066666667,2e:70:4e:d2:92:aa,-75,2437,6,Bermuda Guest WIFI 2G,pole 12 N
2025-10-24T20:13:22.362487+00:00,26.67290716666667,-81.80534066666667,2e:70:4e:d0:87:50,-75,5745,150,Bermuda,pole 13 E
2025-10-24T20:13:22.362487+00:00,26.67290716666667,-81.80534066666667,28:70:4e:d0:88:21,-76,2412,1,Bermuda 2G,pole 14
2025-10-24T20:13:22.362487+00:00,26.67290716666667,-81.80534066666667,2e:70:4e:d0:88:21,-76,2412,1,Bermuda Guest WIFI 2G,pole 14
2025-10-24T20:13:22.362487+00:00,26.67290716666667,-81.80534066666667,28:70:4e:d2:92:aa,-77,2437,6,Bermuda 2G,pole 12 N
2025-10-24T20:13:22.362487+00:00,26.67290716666667,-81.80534066666667,28:70:4e:d0:89:0c,-79,5220,45,Bermuda Guest WIFI,pole 10
2025-10-24T20:13:22.362487+00:00,26.67290716666667,-81.80534066666667,2e:70:4e:d0:89:0c,-79,5220,45,Bermuda,pole 10
2025-10-24T20:13:22.362487+00:00,26.67290716666667,-81.80534066666667,2e:70:4e:d2:c9:b1,-79,5220,45,Bermuda,pole 15 NW
2025-10-24T20:13:22.362487+00:00,26.67290716666667,-81.80534066666667,28:70:4e:d2:c9:b1,-80,5220,45,Bermuda Guest WIFI,pole 15 NW
2025-10-24T20:13:22.362487+00:00,26.672944833333332,-81.80534116666666,2e:70:4e:d0:86:c3,-56,5765,154,Bermuda,pole 12 W
2025-10-24T20:13:22.362487+00:00,26.672944833333332,-81.80534116666666,28:70:4e:d2:92:ab,-56,5745,150,Bermuda Guest WIFI,pole 12 N
2025-10-24T20:13:22.362487+00:00,26.672944833333332,-81.80534116666666,2e:70:4e:d2:92:ab,-56,5745,150,Bermuda,pole 12 N
2025-10-24T20:13:22.362487+00:00,26.672944833333332,-81.80534116666666,28:70:4e:d0:86:c3,-60,5765,154,Bermuda Guest WIFI,pole 12 W
2025-10-24T20:13:22.362487+00:00,26.672944833333332,-81.80534116666666,84:1f:e8:ff:29:e9,-62,2412,1,ShellyPlusRGBWPM-841FE8FF29E8,Unknown
2025-10-24T20:13:22.362487+00:00,26.672944833333332,-81.80534116666666,28:70:4e:d0:88:22,-63,5765,154,Bermuda Guest WIFI,pole 14
2025-10-24T20:13:22.362487+00:00,26.672944833333332,-81.80534116666666,2e:70:4e:d0:88:22,-63,5765,154,Bermuda,pole 14
2025-10-24T20:13:22.362487+00:00,26.672944833333332,-81.80534116666666,28:70:4e:d0:87:50,-64,5745,150,Bermuda Guest WIFI,pole 13 E
2025-10-24T20:13:22.362487+00:00,26.672944833333332,-81.80534116666666,28:70:4e:dd:d0:4a,-71,5240,49,Bermuda Guest WIFI,pole 13 SW
2025-10-24T20:13:22.362487+00:00,26.672944833333332,-81.80534116666666,2e:70:4e:dd:d0:4a,-71,5240,49,Bermuda,pole 13 SW
2025-10-24T20:13:22.362487+00:00,26.672944833333332,-81.80534116666666,28:70:4e:dd:d0:49,-73,2437,6,Bermuda 2G,pole 13 SW
2025-10-24T20:13:22.362487+00:00,26.672944833333332,-81.80534116666666,2e:70:4e:dd:d0:49,-75,2437,6,Bermuda Guest WIFI 2G,pole 13 SW
2025-10-24T20:13:22.362487+00:00,26.672944833333332,-81.80534116666666,2e:70:4e:d0:87:50,-75,5745,150,Bermuda,pole 13 E
2025-10-24T20:13:22.362487+00:00,26.672944833333332,-81.80534116666666,28:70:4e:d0:88:21,-76,2412,1,Bermuda 2G,pole 14
2025-10-24T20:13:22.362487+00:00,26.672944833333332,-81.80534116666666,2e:70:4e:d0:88:21,-76,2412,1,Bermuda Guest WIFI 2G,pole 14
2025-10-24T20:13:22.362487+00:00,26.672944833333332,-81.80534116666666,28:70:4e:d0:86:c2,-76,2437,6,Bermuda 2G,pole 12 W
2025-10-24T20:13:22.362487+00:00,26.672944833333332,-81.80534116666666,2e:70:4e:d2:92:aa,-76,2437,6,Bermuda Guest WIFI 2G,pole 12 N
2025-10-24T20:13:22.362487+00:00,26.672944833333332,-81.80534116666666,28:70:4e:d2:92:aa,-77,2437,6,Bermuda 2G,pole 12 N
2025-10-24T20:13:22.362487+00:00,26.672944833333332,-81.80534116666666,2e:70:4e:d0:86:c2,-78,2437,6,Bermuda Guest WIFI 2G,pole 12 W
2025-10-24T20:13:22.362487+00:00,26.672944833333332,-81.80534116666666,28:70:4e:d0:89:0c,-79,5220,45,Bermuda Guest WIFI,pole 10
2025-10-24T20:13:22.362487+00:00,26.672944833333332,-81.80534116666666,2e:70:4e:d0:89:0c,-79,5220,45,Bermuda,pole 10
2025-10-24T20:13:22.362487+00:00,26.672944833333332,-81.80534116666666,2e:70:4e:d2:c9:b1,-79,5220,45,Bermuda,pole 15 NW
2025-10-24T20:13:22.362487+00:00,26.672944833333332,-81.80534116666666,28:70:4e:d0:88:f9,-79,2412,1,Bermuda 2G,pole 11
2025-10-24T20:13:22.362487+00:00,26.672944833333332,-81.80534116666666,2e:70:4e:d0:88:f9,-79,2412,1,Bermuda Guest WIFI 2G,pole 11
2025-10-24T20:13:22.362487+00:00,26.672944833333332,-81.80534116666666,28:70:4e:d2:c9:b1,-80,5220,45,Bermuda Guest WIFI,pole 15 NW
2025-10-24T20:13:22.362487+00:00,26.6729805,-81.80530433333334,2e:70:4e:d2:92:ab,-55,5745,150,Bermuda,pole 12 N
2025-10-24T20:13:22.362487+00:00,26.6729805,-81.80530433333334,28:70:4e:d2:92:ab,-57,5745,150,Bermuda Guest WIFI,pole 12 N
2025-10-24T20:13:22.362487+00:00,26.6729805,-81.80530433333334,2e:70:4e:d0:86:c3,-60,5765,154,Bermuda,pole 12 W
2025-10-24T20:13:22.362487+00:00,26.6729805,-81.80530433333334,28:70:4e:d0:86:c3,-60,5765,154,Bermuda Guest WIFI,pole 12 W
2025-10-24T20:13:22.362487+00:00,26.6729805,-81.80530433333334,28:70:4e:d0:87:50,-64,5745,150,Bermuda Guest WIFI,pole 13 E
2025-10-24T20:13:22.362487+00:00,26.6729805,-81.80530433333334,28:70:4e:d2:c9:b1,-64,5220,45,Bermuda Guest WIFI,pole 15 NW
2025-10-24T20:13:22.362487+00:00,26.6729805,-81.80530433333334,2e:70:4e:d2:c9:b1,-64,5220,45,Bermuda,pole 15 NW
2025-10-24T20:13:22.362487+00:00,26.6729805,-81.80530433333334,28:70:4e:d0:88:22,-65,5765,154,Bermuda Guest WIFI,pole 14
2025-10-24T20:13:22.362487+00:00,26.6729805,-81.80530433333334,2e:70:4e:d0:88:22,-65,5765,154,Bermuda,pole 14
2025-10-24T20:13:22.362487+00:00,26.6729805,-81.80530433333334,28:70:4e:dd:d0:4a,-71,5240,49,Bermuda Guest WIFI,pole 13 SW
2025-10-24T20:13:22.362487+00:00,26.6729805,-81.80530433333334,2e:70:4e:dd:d0:4a,-71,5240,49,Bermuda,pole 13 SW
2025-10-24T20:13:22.362487+00:00,26.6729805,-81.80530433333334,28:70:4e:d0:86:c2,-72,2437,6,Bermuda 2G,pole 12 W
2025-10-24T20:13:22.362487+00:00,26.6729805,-81.80530433333334,2e:70:4e:d0:86:c2,-72,2437,6,Bermuda Guest WIFI 2G,pole 12 W
2025-10-24T20:13:22.362487+00:00,26.6729805,-81.80530433333334,84:1f:e8:ff:29:e9,-72,2412,1,ShellyPlusRGBWPM-841FE8FF29E8,Unknown
2025-10-24T20:13:22.362487+00:00,26.6729805,-81.80530433333334,28:70:4e:d2:92:aa,-73,2437,6,Bermuda 2G,pole 12 N
2025-10-24T20:13:22.362487+00:00,26.6729805,-81.80530433333334,2e:70:4e:d2:92:aa,-75,2437,6,Bermuda Guest WIFI 2G,pole 12 N
2025-10-24T20:13:22.362487+00:00,26.6729805,-81.80530433333334,2e:70:4e:d0:87:50,-75,5745,150,Bermuda,pole 13 E
2025-10-24T20:13:22.362487+00:00,26.6729805,-81.80530433333334,28:70:4e:d0:88:21,-76,2412,1,Bermuda 2G,pole 14
2025-10-24T20:13:22.362487+00:00,26.6729805,-81.80530433333334,2e:70:4e:d0:88:21,-76,2412,1,Bermuda Guest WIFI 2G,pole 14
2025-10-24T20:13:22.362487+00:00,26.6729805,-81.80530433333334,2e:70:4e:dd:d0:49,-76,2437,6,Bermuda Guest WIFI 2G,pole 13 SW
2025-10-24T20:13:22.362487+00:00,26.6729805,-81.80530433333334,22:6a:1b:63:f6:f6,-77,5240,49,Bermuda,Outside SW
2025-10-24T20:13:22.362487+00:00,26.6729805,-81.80530433333334,1c:6a:1b:63:f6:f6,-78,5240,49,Bermuda Guest WIFI,Outside SW
2025-10-24T20:13:22.362487+00:00,26.6729805,-81.80530433333334,28:70:4e:dd:d0:49,-79,2437,6,Bermuda 2G,pole 13 SW
2025-10-24T20:13:22.362487+00:00,26.6729805,-81.80530433333334,28:70:4e:d0:89:0c,-79,5220,45,Bermuda Guest WIFI,pole 10
2025-10-24T20:13:22.362487+00:00,26.6729805,-81.80530433333334,2e:70:4e:d0:89:0c,-79,5220,45,Bermuda,pole 10
2025-10-24T20:13:22.362487+00:00,26.6729805,-81.80530433333334,28:70:4e:d0:88:f9,-79,2412,1,Bermuda 2G,pole 11
2025-10-24T20:13:22.362487+00:00,26.6729805,-81.80530433333334,2e:70:4e:d0:88:f9,-79,2412,1,Bermuda Guest WIFI 2G,pole 11
2025-10-24T20:14:26.372970+00:00,26.673064833333335,-81.8052415,28:70:4e:d2:92:ab,-61,5745,150,Bermuda Guest WIFI,pole 12 N
2025-10-24T20:14:26.372970+00:00,26.673064833333335,-81.8052415,2e:70:4e:d2:92:ab,-61,5745,150,Bermuda,pole 12 N
2025-10-24T20:14:26.372970+00:00,26.673064833333335,-81.8052415,2e:70:4e:d0:86:c3,-66,5765,154,Bermuda,pole 12 W
2025-10-24T20:14:26.372970+00:00,26.673064833333335,-81.8052415,28:70:4e:d0:86:c3,-66,5765,154,Bermuda Guest WIFI,pole 12 W
2025-10-24T20:14:26.372970+00:00,26.673064833333335,-81.8052415,2e:70:4e:d2:c9:b1,-70,5220,45,Bermuda,pole 15 NW
2025-10-24T20:14:26.372970+00:00,26.673064833333335,-81.8052415,28:70:4e:d0:86:c2,-72,2437,6,Bermuda 2G,pole 12 W
2025-10-24T20:14:26.372970+00:00,26.673064833333335,-81.8052415,2e:70:4e:d0:86:c2,-73,2437,6,Bermuda Guest WIFI 2G,pole 12 W
2025-10-24T20:14:26.372970+00:00,26.673064833333335,-81.8052415,2e:70:4e:d0:88:21,-75,2412,1,Bermuda Guest WIFI 2G,pole 14
2025-10-24T20:14:26.372970+00:00,26.673064833333335,-81.8052415,28:70:4e:d0:88:21,-77,2412,1,Bermuda 2G,pole 14
2025-10-24T20:14:26.372970+00:00,26.673064833333335,-81.8052415,28:70:4e:d0:88:f9,-77,2412,1,Bermuda 2G,pole 11
2025-10-24T20:14:26.372970+00:00,26.673064833333335,-81.8052415,28:70:4e:d2:92:aa,-77,2437,6,Bermuda 2G,pole 12 N
2025-10-24T20:14:26.372970+00:00,26.673064833333335,-81.8052415,28:70:4e:dd:d0:49,-79,2437,6,Bermuda 2G,pole 13 SW
2025-10-24T20:14:26.372970+00:00,26.673056833333334,-81.80526366666666,2e:70:4e:d0:86:c3,-54,5765,154,Bermuda,pole 12 W
2025-10-24T20:14:26.372970+00:00,26.673056833333334,-81.80526366666666,28:70:4e:d2:92:ab,-61,5745,150,Bermuda Guest WIFI,pole 12 N
2025-10-24T20:14:26.372970+00:00,26.673056833333334,-81.80526366666666,2e:70:4e:d2:92:ab,-61,5745,150,Bermuda,pole 12 N
2025-10-24T20:14:26.372970+00:00,26.673056833333334,-81.80526366666666,28:70:4e:d0:86:c3,-66,5765,154,Bermuda Guest WIFI,pole 12 W
2025-10-24T20:14:26.372970+00:00,26.673056833333334,-81.80526366666666,28:70:4e:d0:88:fa,-66,5765,154,Bermuda Guest WIFI,pole 11
2025-10-24T20:14:26.372970+00:00,26.673056833333334,-81.80526366666666,2e:70:4e:d0:86:c2,-70,2437,6,Bermuda Guest WIFI 2G,pole 12 W
2025-10-24T20:14:26.372970+00:00,26.673056833333334,-81.80526366666666,2e:70:4e:d2:c9:b1,-70,5220,45,Bermuda,pole 15 NW
2025-10-24T20:14:26.372970+00:00,26.673056833333334,-81.80526366666666,28:70:4e:dd:d0:4a,-71,5240,49,Bermuda Guest WIFI,pole 13 SW
2025-10-24T20:14:26.372970+00:00,26.673056833333334,-81.80526366666666,2e:70:4e:dd:d0:4a,-71,5240,49,Bermuda,pole 13 SW
2025-10-24T20:14:26.372970+00:00,26.673056833333334,-81.80526366666666,28:70:4e:d0:86:c2,-72,2437,6,Bermuda 2G,pole 12 W
2025-10-24T20:14:26.372970+00:00,26.673056833333334,-81.80526366666666,2e:70:4e:d0:88:f7,-73,5240,49,Bermuda,pole 02 N2
2025-10-24T20:14:26.372970+00:00,26.673056833333334,-81.80526366666666,28:70:4e:d0:88:f7,-74,5240,49,Bermuda Guest WIFI,pole 02 N2
2025-10-24T20:14:26.372970+00:00,26.673056833333334,-81.80526366666666,2e:70:4e:d0:88:21,-75,2412,1,Bermuda Guest WIFI 2G,pole 14
2025-10-24T20:14:26.372970+00:00,26.673056833333334,-81.80526366666666,28:70:4e:d2:92:aa,-75,2437,6,Bermuda 2G,pole 12 N
2025-10-24T20:14:26.372970+00:00,26.673056833333334,-81.80526366666666,2e:70:4e:d2:92:aa,-75,2437,6,Bermuda Guest WIFI 2G,pole 12 N
2025-10-24T20:14:26.372970+00:00,26.673056833333334,-81.80526366666666,28:70:4e:d0:88:21,-77,2412,1,Bermuda 2G,pole 14
2025-10-24T20:14:26.372970+00:00,26.673056833333334,-81.80526366666666,28:70:4e:d0:88:f9,-77,2412,1,Bermuda 2G,pole 11
2025-10-24T20:14:26.372970+00:00,26.673056833333334,-81.80526366666666,28:70:4e:dd:d0:49,-79,2437,6,Bermuda 2G,pole 13 SW
2025-10-24T20:14:26.372970+00:00,26.673056833333334,-81.80526366666666,2e:70:4e:d0:88:f9,-79,2412,1,Bermuda Guest WIFI 2G,pole 11
2025-10-24T20:14:26.372970+00:00,26.673002166666667,-81.80530366666666,28:70:4e:d2:92:ab,-61,5745,150,Bermuda Guest WIFI,pole 12 N
2025-10-24T20:14:26.372970+00:00,26.673002166666667,-81.80530366666666,2e:70:4e:d2:92:ab,-61,5745,150,Bermuda,pole 12 N
2025-10-24T20:14:26.372970+00:00,26.673002166666667,-81.80530366666666,2e:70:4e:d0:86:c3,-63,5765,154,Bermuda,pole 12 W
2025-10-24T20:14:26.372970+00:00,26.673002166666667,-81.80530366666666,28:70:4e:d0:86:c3,-63,5765,154,Bermuda Guest WIFI,pole 12 W
2025-10-24T20:14:26.372970+00:00,26.673002166666667,-81.80530366666666,28:70:4e:d0:88:fa,-66,5765,154,Bermuda Guest WIFI,pole 11
2025-10-24T20:14:26.372970+00:00,26.673002166666667,-81.80530366666666,28:70:4e:d2:c9:b1,-66,5220,45,Bermuda Guest WIFI,pole 15 NW
2025-10-24T20:14:26.372970+00:00,26.673002166666667,-81.80530366666666,2e:70:4e:d2:c9:b1,-67,5220,45,Bermuda,pole 15 NW
2025-10-24T20:14:26.372970+00:00,26.673002166666667,-81.80530366666666,84:1f:e8:ff:29:e9,-70,2412,1,ShellyPlusRGBWPM-841FE8FF29E8,Unknown
2025-10-24T20:14:26.372970+00:00,26.673002166666667,-81.80530366666666,28:70:4e:dd:d0:4a,-71,5240,49,Bermuda Guest WIFI,pole 13 SW
2025-10-24T20:14:26.372970+00:00,26.673002166666667,-81.80530366666666,2e:70:4e:dd:d0:4a,-71,5240,49,Bermuda,pole 13 SW
2025-10-24T20:14:26.372970+00:00,26.673002166666667,-81.80530366666666,28:70:4e:d0:88:f9,-72,2412,1,Bermuda 2G,pole 11
2025-10-24T20:14:26.372970+00:00,26.673002166666667,-81.80530366666666,28:70:4e:d0:86:c2,-72,2437,6,Bermuda 2G,pole 12 W
2025-10-24T20:14:26.372970+00:00,26.673002166666667,-81.80530366666666,28:70:4e:d0:87:50,-72,5745,150,Bermuda Guest WIFI,pole 13 E
2025-10-24T20:14:26.372970+00:00,26.673002166666667,-81.80530366666666,2e:70:4e:d0:86:c2,-73,2437,6,Bermuda Guest WIFI 2G,pole 12 W
2025-10-24T20:14:26.372970+00:00,26.673002166666667,-81.80530366666666,2e:70:4e:d0:88:f7,-73,5240,49,Bermuda,pole 02 N2
2025-10-24T20:14:26.372970+00:00,26.673002166666667,-81.80530366666666,28:70:4e:d0:88:f7,-74,5240,49,Bermuda Guest WIFI,pole 02 N2
2025-10-24T20:14:26.372970+00:00,26.673002166666667,-81.80530366666666,2e:70:4e:d0:88:21,-75,2412,1,Bermuda Guest WIFI 2G,pole 14
2025-10-24T20:14:26.372970+00:00,26.673002166666667,-81.80530366666666,28:70:4e:d2:92:aa,-76,2437,6,Bermuda 2G,pole 12 N
2025-10-24T20:14:26.372970+00:00,26.673002166666667,-81.80530366666666,2e:70:4e:d2:92:aa,-76,2437,6,Bermuda Guest WIFI 2G,pole 12 N
2025-10-24T20:14:26.372970+00:00,26.673002166666667,-81.80530366666666,28:70:4e:d0:88:21,-77,2412,1,Bermuda 2G,pole 14
2025-10-24T20:14:26.372970+00:00,26.673002166666667,-81.80530366666666,28:70:4e:dd:d0:49,-79,2437,6,Bermuda 2G,pole 13 SW
2025-10-24T20:14:26.372970+00:00,26.673002166666667,-81.80530366666666,2e:70:4e:d0:88:f9,-79,2412,1,Bermuda Guest WIFI 2G,pole 11
2025-10-24T20:14:26.372970+00:00,26.672960333333332,-81.80536433333333,28:70:4e:d0:86:c3,-63,5765,154,Bermuda Guest WIFI,pole 12 W
2025-10-24T20:14:26.372970+00:00,26.672960333333332,-81.80536433333333,28:70:4e:d0:88:fa,-66,5765,154,Bermuda Guest WIFI,pole 11
2025-10-24T20:14:26.372970+00:00,26.672960333333332,-81.80536433333333,28:70:4e:d2:c9:b1,-66,5220,45,Bermuda Guest WIFI,pole 15 NW
2025-10-24T20:14:26.372970+00:00,26.672960333333332,-81.80536433333333,2e:70:4e:d2:c9:b1,-67,5220,45,Bermuda,pole 15 NW
2025-10-24T20:14:26.372970+00:00,26.672960333333332,-81.80536433333333,2e:70:4e:d0:86:c3,-69,5765,154,Bermuda,pole 12 W
2025-10-24T20:14:26.372970+00:00,26.672960333333332,-81.80536433333333,28:70:4e:d2:92:ab,-70,5745,150,Bermuda Guest WIFI,pole 12 N
2025-10-24T20:14:26.372970+00:00,26.672960333333332,-81.80536433333333,2e:70:4e:d2:92:ab,-70,5745,150,Bermuda,pole 12 N
2025-10-24T20:14:26.372970+00:00,26.672960333333332,-81.80536433333333,84:1f:e8:ff:29:e9,-70,2412,1,ShellyPlusRGBWPM-841FE8FF29E8,Unknown
2025-10-24T20:14:26.372970+00:00,26.672960333333332,-81.80536433333333,28:70:4e:dd:d0:4a,-71,5240,49,Bermuda Guest WIFI,pole 13 SW
2025-10-24T20:14:26.372970+00:00,26.672960333333332,-81.80536433333333,2e:70:4e:dd:d0:4a,-71,5240,49,Bermuda,pole 13 SW
2025-10-24T20:14:26.372970+00:00,26.672960333333332,-81.80536433333333,28:70:4e:d0:87:50,-72,5745,150,Bermuda Guest WIFI,pole 13 E
2025-10-24T20:14:26.372970+00:00,26.672960333333332,-81.80536433333333,28:70:4e:d0:88:f9,-73,2412,1,Bermuda 2G,pole 11
2025-10-24T20:14:26.372970+00:00,26.672960333333332,-81.80536433333333,2e:70:4e:d0:88:f7,-73,5240,49,Bermuda,pole 02 N2
2025-10-24T20:14:26.372970+00:00,26.672960333333332,-81.80536433333333,28:70:4e:d0:88:f7,-74,5240,49,Bermuda Guest WIFI,pole 02 N2
2025-10-24T20:14:26.372970+00:00,26.672960333333332,-81.80536433333333,2e:70:4e:d0:88:21,-75,2412,1,Bermuda Guest WIFI 2G,pole 14
2025-10-24T20:14:26.372970+00:00,26.672960333333332,-81.80536433333333,28:70:4e:d2:92:aa,-75,2437,6,Bermuda 2G,pole 12 N
2025-10-24T20:14:26.372970+00:00,26.672960333333332,-81.80536433333333,2e:70:4e:d0:88:f9,-76,2412,1,Bermuda Guest WIFI 2G,pole 11
2025-10-24T20:14:26.372970+00:00,26.672960333333332,-81.80536433333333,2e:70:4e:d2:92:aa,-76,2437,6,Bermuda Guest WIFI 2G,pole 12 N
2025-10-24T20:14:26.372970+00:00,26.672960333333332,-81.80536433333333,28:70:4e:d0:88:21,-78,2412,1,Bermuda 2G,pole 14
2025-10-24T20:14:26.372970+00:00,26.672960333333332,-81.80536433333333,2e:70:4e:d0:86:c2,-79,2437,6,Bermuda Guest WIFI 2G,pole 12 W
2025-10-24T20:14:26.372970+00:00,26.672960333333332,-81.80536433333333,28:70:4e:d0:86:c2,-79,2437,6,Bermuda 2G,pole 12 W
2025-10-24T20:14:26.372970+00:00,26.672960333333332,-81.80536433333333,28:70:4e:dd:d0:49,-79,2437,6,Bermuda 2G,pole 13 SW
2025-10-24T20:15:31.341681+00:00,26.67295216666667,-81.80542333333334,84:1f:e8:ff:29:e9,-63,2412,1,ShellyPlusRGBWPM-841FE8FF29E8,Unknown
2025-10-24T20:15:31.341681+00:00,26.67295216666667,-81.80542333333334,2e:70:4e:d0:86:c3,-65,5765,154,Bermuda,pole 12 W
2025-10-24T20:15:31.341681+00:00,26.67295216666667,-81.80542333333334,28:70:4e:dd:d0:4a,-65,5240,49,Bermuda Guest WIFI,pole 13 SW
2025-10-24T20:15:31.341681+00:00,26.67295216666667,-81.80542333333334,2e:70:4e:dd:d0:4a,-65,5240,49,Bermuda,pole 13 SW
2025-10-24T20:15:31.341681+00:00,26.67295216666667,-81.80542333333334,2e:70:4e:d2:92:aa,-70,2437,6,Bermuda Guest WIFI 2G,pole 12 N
2025-10-24T20:15:31.341681+00:00,26.67295216666667,-81.80542333333334,28:70:4e:d2:92:aa,-71,2437,6,Bermuda 2G,pole 12 N
2025-10-24T20:15:31.341681+00:00,26.67295216666667,-81.80542333333334,28:70:4e:d0:86:c2,-71,2437,6,Bermuda 2G,pole 12 W
2025-10-24T20:15:31.341681+00:00,26.67295216666667,-81.80542333333334,2e:70:4e:d0:86:c2,-71,2437,6,Bermuda Guest WIFI 2G,pole 12 W
2025-10-24T20:15:31.341681+00:00,26.67295216666667,-81.80542333333334,28:70:4e:d0:88:f9,-72,2412,1,Bermuda 2G,pole 11
2025-10-24T20:15:31.341681+00:00,26.67295216666667,-81.80542333333334,28:70:4e:d0:89:0b,-79,2412,1,Bermuda 2G,pole 10
2025-10-24T20:15:31.341681+00:00,26.67295216666667,-81.80542333333334,2e:70:4e:d0:89:0b,-79,2412,1,Bermuda Guest WIFI 2G,pole 10
2025-10-24T20:15:31.341681+00:00,26.6730105,-81.80537383333333,84:1f:e8:ff:29:e9,-63,2412,1,ShellyPlusRGBWPM-841FE8FF29E8,Unknown
2025-10-24T20:15:31.341681+00:00,26.6730105,-81.80537383333333,2e:70:4e:d0:86:c3,-64,5765,154,Bermuda,pole 12 W
2025-10-24T20:15:31.341681+00:00,26.6730105,-81.80537383333333,28:70:4e:d0:86:c3,-64,5765,154,Bermuda Guest WIFI,pole 12 W
2025-10-24T20:15:31.341681+00:00,26.6730105,-81.80537383333333,28:70:4e:d0:88:22,-65,5765,154,Bermuda Guest WIFI,pole 14
2025-10-24T20:15:31.341681+00:00,26.6730105,-81.80537383333333,2e:70:4e:d0:88:22,-65,5765,154,Bermuda,pole 14
2025-10-24T20:15:31.341681+00:00,26.6730105,-81.80537383333333,28:70:4e:dd:d0:4a,-67,5240,49,Bermuda Guest WIFI,pole 13 SW
2025-10-24T20:15:31.341681+00:00,26.6730105,-81.80537383333333,2e:70:4e:dd:d0:4a,-67,5240,49,Bermuda,pole 13 SW
2025-10-24T20:15:31.341681+00:00,26.6730105,-81.80537383333333,28:70:4e:d0:86:c2,-69,2437,6,Bermuda 2G,pole 12 W
2025-10-24T20:15:31.341681+00:00,26.6730105,-81.80537383333333,2e:70:4e:d0:86:c2,-69,2437,6,Bermuda Guest WIFI 2G,pole 12 W
2025-10-24T20:15:31.341681+00:00,26.6730105,-81.80537383333333,2e:70:4e:d2:92:aa,-70,2437,6,Bermuda Guest WIFI 2G,pole 12 N
2025-10-24T20:15:31.341681+00:00,26.6730105,-81.80537383333333,28:70:4e:d2:92:aa,-71,2437,6,Bermuda 2G,pole 12 N
2025-10-24T20:15:31.341681+00:00,26.6730105,-81.80537383333333,28:70:4e:d2:c9:b1,-73,5220,45,Bermuda Guest WIFI,pole 15 NW
2025-10-24T20:15:31.341681+00:00,26.6730105,-81.80537383333333,2e:70:4e:d2:c9:b1,-73,5220,45,Bermuda,pole 15 NW
2025-10-24T20:15:31.341681+00:00,26.6730105,-81.80537383333333,28:70:4e:d0:87:5f,-75,5240,49,Bermuda Guest WIFI,pole 15 S
2025-10-24T20:15:31.341681+00:00,26.6730105,-81.80537383333333,28:70:4e:d0:88:f9,-76,2412,1,Bermuda 2G,pole 11
2025-10-24T20:15:31.341681+00:00,26.6730105,-81.80537383333333,28:70:4e:dd:d0:49,-76,2437,6,Bermuda 2G,pole 13 SW
2025-10-24T20:15:31.341681+00:00,26.6730105,-81.80537383333333,2e:70:4e:dd:d0:49,-76,2437,6,Bermuda Guest WIFI 2G,pole 13 SW
2025-10-24T20:15:31.341681+00:00,26.6730105,-81.80537383333333,28:70:4e:d0:87:4f,-77,2462,11,Bermuda 2G,pole 13 E
2025-10-24T20:15:31.341681+00:00,26.6730105,-81.80537383333333,28:70:4e:d0:89:0b,-79,2412,1,Bermuda 2G,pole 10
2025-10-24T20:15:31.341681+00:00,26.6730105,-81.80537383333333,2e:70:4e:d0:89:0b,-79,2412,1,Bermuda Guest WIFI 2G,pole 10
2025-10-24T20:15:31.341681+00:00,26.6730105,-81.80537383333333,28:70:4e:d0:88:21,-79,2412,1,Bermuda 2G,pole 14
2025-10-24T20:15:31.341681+00:00,26.6730105,-81.80537383333333,2e:70:4e:d0:87:4f,-79,2462,11,Bermuda Guest WIFI 2G,pole 13 E
2025-10-24T20:15:31.341681+00:00,26.6730105,-81.80537383333333,2e:70:4e:d0:88:f9,-80,2412,1,Bermuda Guest WIFI 2G,pole 11
2025-10-24T20:15:31.341681+00:00,26.6730105,-81.80537383333333,2e:70:4e:d0:88:21,-81,2412,1,Bermuda Guest WIFI 2G,pole 14
2025-10-24T20:15:31.341681+00:00,26.673069,-81.80534916666667,28:70:4e:d2:92:ab,-57,5745,150,Bermuda Guest WIFI,pole 12 N
2025-10-24T20:15:31.341681+00:00,26.673069,-81.80534916666667,2e:70:4e:d2:92:ab,-57,5745,150,Bermuda,pole 12 N
2025-10-24T20:15:31.341681+00:00,26.673069,-81.80534916666667,28:70:4e:dd:d0:4a,-59,5240,49,Bermuda Guest WIFI,pole 13 SW
2025-10-24T20:15:31.341681+00:00,26.673069,-81.80534916666667,2e:70:4e:dd:d0:4a,-60,5240,49,Bermuda,pole 13 SW
2025-10-24T20:15:31.341681+00:00,26.673069,-81.80534916666667,84:1f:e8:ff:29:e9,-63,2412,1,ShellyPlusRGBWPM-841FE8FF29E8,Unknown
2025-10-24T20:15:31.341681+00:00,26.673069,-81.80534916666667,2e:70:4e:d0:86:c3,-64,5765,154,Bermuda,pole 12 W
2025-10-24T20:15:31.341681+00:00,26.673069,-81.80534916666667,28:70:4e:d0:86:c3,-64,5765,154,Bermuda Guest WIFI,pole 12 W
2025-10-24T20:15:31.341681+00:00,26.673069,-81.80534916666667,28:70:4e:d0:86:c2,-67,2437,6,Bermuda 2G,pole 12 W
2025-10-24T20:15:31.341681+00:00,26.673069,-81.80534916666667,2e:70:4e:d0:86:c2,-67,2437,6,Bermuda Guest WIFI 2G,pole 12 W
2025-10-24T20:15:31.341681+00:00,26.673069,-81.80534916666667,28:70:4e:d0:88:fa,-72,5765,154,Bermuda Guest WIFI,pole 11
2025-10-24T20:15:31.341681+00:00,26.673069,-81.80534916666667,2e:70:4e:d0:88:fa,-72,5765,154,Bermuda,pole 11
2025-10-24T20:15:31.341681+00:00,26.673069,-81.80534916666667,28:70:4e:d2:92:aa,-73,2437,6,Bermuda 2G,pole 12 N
2025-10-24T20:15:31.341681+00:00,26.673069,-81.80534916666667,28:70:4e:d2:c9:b1,-73,5220,45,Bermuda Guest WIFI,pole 15 NW
2025-10-24T20:15:31.341681+00:00,26.673069,-81.80534916666667,2e:70:4e:d2:c9:b1,-73,5220,45,Bermuda,pole 15 NW
2025-10-24T20:15:31.341681+00:00,26.673069,-81.80534916666667,2e:70:4e:d2:92:aa,-74,2437,6,Bermuda Guest WIFI 2G,pole 12 N
2025-10-24T20:15:31.341681+00:00,26.673069,-81.80534916666667,28:70:4e:d0:87:5f,-75,5240,49,Bermuda Guest WIFI,pole 15 S
2025-10-24T20:15:31.341681+00:00,26.673069,-81.80534916666667,28:70:4e:d0:88:f9,-76,2412,1,Bermuda 2G,pole 11
2025-10-24T20:15:31.341681+00:00,26.673069,-81.80534916666667,2e:70:4e:d0:88:21,-76,2412,1,Bermuda Guest WIFI 2G,pole 14
2025-10-24T20:15:31.341681+00:00,26.673069,-81.80534916666667,28:70:4e:dd:d0:49,-76,2437,6,Bermuda 2G,pole 13 SW
2025-10-24T20:15:31.341681+00:00,26.673069,-81.80534916666667,2e:70:4e:dd:d0:49,-76,2437,6,Bermuda Guest WIFI 2G,pole 13 SW
2025-10-24T20:15:31.341681+00:00,26.673069,-81.80534916666667,28:70:4e:d0:88:22,-76,5765,154,Bermuda Guest WIFI,pole 14
2025-10-24T20:15:31.341681+00:00,26.673069,-81.80534916666667,2e:70:4e:d0:88:22,-76,5765,154,Bermuda,pole 14
2025-10-24T20:15:31.341681+00:00,26.673069,-81.80534916666667,28:70:4e:d0:87:4f,-77,2462,11,Bermuda 2G,pole 13 E
2025-10-24T20:15:31.341681+00:00,26.673069,-81.80534916666667,28:70:4e:d0:88:21,-78,2412,1,Bermuda 2G,pole 14
2025-10-24T20:15:31.341681+00:00,26.673069,-81.80534916666667,28:70:4e:d0:89:0b,-79,2412,1,Bermuda 2G,pole 10
2025-10-24T20:15:31.341681+00:00,26.673069,-81.80534916666667,2e:70:4e:d0:89:0b,-79,2412,1,Bermuda Guest WIFI 2G,pole 10
2025-10-24T20:15:31.341681+00:00,26.673069,-81.80534916666667,2e:70:4e:d0:87:4f,-79,2462,11,Bermuda Guest WIFI 2G,pole 13 E
2025-10-24T20:15:31.341681+00:00,26.673069,-81.80534916666667,2e:70:4e:d0:88:f9,-81,2412,1,Bermuda Guest WIFI 2G,pole 11
2025-10-24T20:15:31.341681+00:00,26.673112166666666,-81.80539733333333,28:70:4e:d2:92:ab,-57,5745,150,Bermuda Guest WIFI,pole 12 N
2025-10-24T20:15:31.341681+00:00,26.673112166666666,-81.80539733333333,2e:70:4e:d2:92:ab,-57,5745,150,Bermuda,pole 12 N
2025-10-24T20:15:31.341681+00:00,26.673112166666666,-81.80539733333333,28:70:4e:dd:d0:4a,-61,5240,49,Bermuda Guest WIFI,pole 13 SW
2025-10-24T20:15:31.341681+00:00,26.673112166666666,-81.80539733333333,2e:70:4e:dd:d0:4a,-61,5240,49,Bermuda,pole 13 SW
2025-10-24T20:15:31.341681+00:00,26.673112166666666,-81.80539733333333,28:70:4e:d0:86:c3,-64,5765,154,Bermuda Guest WIFI,pole 12 W
2025-10-24T20:15:31.341681+00:00,26.673112166666666,-81.80539733333333,2e:70:4e:d0:86:c3,-65,5765,154,Bermuda,pole 12 W
2025-10-24T20:15:31.341681+00:00,26.673112166666666,-81.80539733333333,28:70:4e:d0:88:fa,-72,5765,154,Bermuda Guest WIFI,pole 11
2025-10-24T20:15:31.341681+00:00,26.673112166666666,-81.80539733333333,2e:70:4e:d0:88:fa,-72,5765,154,Bermuda,pole 11
2025-10-24T20:15:31.341681+00:00,26.673112166666666,-81.80539733333333,28:70:4e:d2:c9:b1,-73,5220,45,Bermuda Guest WIFI,pole 15 NW
2025-10-24T20:15:31.341681+00:00,26.673112166666666,-81.80539733333333,2e:70:4e:d2:c9:b1,-73,5220,45,Bermuda,pole 15 NW
2025-10-24T20:15:31.341681+00:00,26.673112166666666,-81.80539733333333,2e:70:4e:d0:86:c2,-75,2437,6,Bermuda Guest WIFI 2G,pole 12 W
2025-10-24T20:15:31.341681+00:00,26.673112166666666,-81.80539733333333,28:70:4e:d0:87:5f,-75,5240,49,Bermuda Guest WIFI,pole 15 S
2025-10-24T20:15:31.341681+00:00,26.673112166666666,-81.80539733333333,28:70:4e:d0:86:c2,-76,2437,6,Bermuda 2G,pole 12 W
2025-10-24T20:15:31.341681+00:00,26.673112166666666,-81.80539733333333,2e:70:4e:d0:88:21,-76,2412,1,Bermuda Guest WIFI 2G,pole 14
2025-10-24T20:15:31.341681+00:00,26.673112166666666,-81.80539733333333,28:70:4e:dd:d0:49,-76,2437,6,Bermuda 2G,pole 13 SW
2025-10-24T20:15:31.341681+00:00,26.673112166666666,-81.80539733333333,28:70:4e:d0:88:22,-76,5765,154,Bermuda Guest WIFI,pole 14
2025-10-24T20:15:31.341681+00:00,26.673112166666666,-81.80539733333333,2e:70:4e:d0:88:22,-76,5765,154,Bermuda,pole 14
2025-10-24T20:15:31.341681+00:00,26.673112166666666,-81.80539733333333,2e:70:4e:d2:92:aa,-78,2437,6,Bermuda Guest WIFI 2G,pole 12 N
2025-10-24T20:15:31.341681+00:00,26.673112166666666,-81.80539733333333,28:70:4e:d0:88:21,-78,2412,1,Bermuda 2G,pole 14
2025-10-24T20:15:31.341681+00:00,26.673112166666666,-81.80539733333333,2e:70:4e:dd:d0:49,-78,2437,6,Bermuda Guest WIFI 2G,pole 13 SW
2025-10-24T20:15:31.341681+00:00,26.673112166666666,-81.80539733333333,28:70:4e:d0:87:4f,-78,2462,11,Bermuda 2G,pole 13 E
2025-10-24T20:15:31.341681+00:00,26.673112166666666,-81.80539733333333,28:70:4e:d2:92:aa,-79,2437,6,Bermuda 2G,pole 12 N
2025-10-24T20:15:31.341681+00:00,26.673112166666666,-81.80539733333333,2e:70:4e:d0:87:4f,-79,2462,11,Bermuda Guest WIFI 2G,pole 13 E
2025-10-24T20:15:31.341681+00:00,26.673112166666666,-81.80539733333333,28:70:4e:d0:88:f9,-80,2412,1,Bermuda 2G,pole 11
2025-10-24T20:15:31.341681+00:00,26.673112166666666,-81.80539733333333,2e:70:4e:d0:88:f9,-80,2412,1,Bermuda Guest WIFI 2G,pole 11
2025-10-24T20:15:31.341681+00:00,26.673112166666666,-81.80539733333333,28:70:4e:d0:89:0b,-82,2412,1,Bermuda 2G,pole 10
2025-10-24T20:15:31.341681+00:00,26.673112166666666,-81.80539733333333,2e:70:4e:d0:89:0b,-82,2412,1,Bermuda Guest WIFI 2G,pole 10
2025-10-24_20-17-09,26.673012,-81.80549183333333,28:70:4e:d2:92:ab,-64,5745,150,Bermuda Guest WIFI,pole 12 N
2025-10-24_20-17-09,26.673012,-81.80549183333333,2e:70:4e:d2:92:ab,-64,5745,150,Bermuda,pole 12 N
2025-10-24_20-17-09,26.673012,-81.80549183333333,2e:70:4e:dd:d0:4a,-66,5240,49,Bermuda,pole 13 SW
2025-10-24_20-17-09,26.673012,-81.80549183333333,28:70:4e:dd:d0:4a,-67,5240,49,Bermuda Guest WIFI,pole 13 SW
2025-10-24_20-17-09,26.673012,-81.80549183333333,28:70:4e:d0:88:22,-67,5765,154,Bermuda Guest WIFI,pole 14
2025-10-24_20-17-09,26.673012,-81.80549183333333,2e:70:4e:d0:88:22,-67,5765,154,Bermuda,pole 14
2025-10-24_20-17-09,26.673012,-81.80549183333333,28:70:4e:d0:86:c3,-70,5765,154,Bermuda Guest WIFI,pole 12 W
2025-10-24_20-17-09,26.673012,-81.80549183333333,28:70:4e:d0:87:50,-70,5745,150,Bermuda Guest WIFI,pole 13 E
2025-10-24_20-17-09,26.673012,-81.80549183333333,2e:70:4e:d0:86:c3,-70,5765,154,Bermuda,pole 12 W
2025-10-24_20-17-09,26.673012,-81.80549183333333,2e:70:4e:d0:87:50,-70,5745,150,Bermuda,pole 13 E
2025-10-24_20-17-09,26.673012,-81.80549183333333,28:70:4e:d0:89:21,-70,5200,41,Bermuda Guest WIFI,pole 01 S
2025-10-24_20-17-09,26.673012,-81.80549183333333,28:70:4e:d0:88:fa,-72,5765,154,Bermuda Guest WIFI,pole 11
2025-10-24_20-17-09,26.673012,-81.80549183333333,2e:70:4e:d0:88:fa,-72,5765,154,Bermuda,pole 11
2025-10-24_20-17-09,26.673012,-81.80549183333333,28:70:4e:d2:c9:b1,-72,5220,45,Bermuda Guest WIFI,pole 15 NW
2025-10-24_20-17-09,26.673012,-81.80549183333333,84:1f:e8:ff:29:e9,-74,2412,1,ShellyPlusRGBWPM-841FE8FF29E8,Unknown
2025-10-24_20-17-09,26.673012,-81.80549183333333,1c:6a:1b:63:f6:f6,-74,5240,49,Bermuda Guest WIFI,Outside SW
2025-10-24_20-17-09,26.673012,-81.80549183333333,28:70:4e:d0:88:f9,-75,2412,1,Bermuda 2G,pole 11
2025-10-24_20-17-09,26.673012,-81.80549183333333,2e:70:4e:d0:88:f9,-75,2412,1,Bermuda Guest WIFI 2G,pole 11
2025-10-24_20-17-09,26.673012,-81.80549183333333,2e:70:4e:d2:92:aa,-77,2437,6,Bermuda Guest WIFI 2G,pole 12 N
2025-10-24_20-17-09,26.673012,-81.80549183333333,2e:70:4e:d0:86:c2,-77,2437,6,Bermuda Guest WIFI 2G,pole 12 W
2025-10-24_20-17-09,26.673012,-81.80549183333333,28:70:4e:dd:d0:49,-77,2437,6,Bermuda 2G,pole 13 SW
2025-10-24_20-17-09,26.673012,-81.80549183333333,2e:70:4e:dd:d0:49,-77,2437,6,Bermuda Guest WIFI 2G,pole 13 SW
2025-10-24_20-17-09,26.673012,-81.80549183333333,2e:70:4e:d2:8b:2e,-78,5220,45,Bermuda,pole 02 W
2025-10-24_20-17-09,26.673012,-81.80549183333333,1c:6a:1b:63:f6:f2,-78,5240,49,Bermuda Guest WIFI,Outside SE
2025-10-24_20-17-09,26.673012,-81.80549183333333,28:70:4e:d0:86:c2,-79,2437,6,Bermuda 2G,pole 12 W
2025-10-24_20-17-09,26.673012,-81.80549183333333,28:70:4e:d0:87:4f,-79,2462,11,Bermuda 2G,pole 13 E
2025-10-24_20-17-09,26.673012,-81.80549183333333,28:70:4e:d2:8b:2e,-79,5220,45,Bermuda Guest WIFI,pole 02 W
2025-10-24_20-17-09,26.673012,-81.80549183333333,28:70:4e:d0:88:f7,-79,5240,49,Bermuda Guest WIFI,pole 02 N2
2025-10-24_20-17-09,26.673012,-81.80549183333333,28:70:4e:d2:92:aa,-80,2437,6,Bermuda 2G,pole 12 N
2025-10-24_20-17-09,26.673012,-81.80549183333333,2e:70:4e:d0:88:f7,-80,5240,49,Bermuda,pole 02 N2
2025-10-24_20-17-09,26.673012,-81.80549183333333,22:6a:1b:63:f6:f6,-80,5240,49,Bermuda,Outside SW
2025-10-24_20-17-09,26.673012,-81.80549183333333,2e:70:4e:dd:d3:20,-81,5785,158,Bermuda,pole 01 NE
2025-10-24_20-17-09,26.673012,-81.80549183333333,2e:70:4e:d0:89:0b,-81,2412,1,Bermuda Guest WIFI 2G,pole 10
2025-10-24_20-17-09,26.673012,-81.80549183333333,2e:70:4e:d0:87:4f,-82,2462,11,Bermuda Guest WIFI 2G,pole 13 E
2025-10-24_20-17-09,26.673012,-81.80549183333333,28:70:4e:dd:d3:20,-82,5785,158,Bermuda Guest WIFI,pole 01 NE
2025-10-24_20-17-09,26.673012,-81.80549183333333,28:70:4e:d0:88:21,-83,2412,1,Bermuda 2G,pole 14
2025-10-24_20-17-09,26.673012,-81.80549183333333,2e:70:4e:d0:88:21,-83,2412,1,Bermuda Guest WIFI 2G,pole 14
2025-10-24T20:17:38.089408+00:00,26.6729795,-81.80548816666666,28:70:4e:dd:d0:4a,-60,5240,49,Bermuda Guest WIFI,pole 13 SW
2025-10-24T20:17:38.089408+00:00,26.6729795,-81.80548816666666,2e:70:4e:dd:d0:4a,-60,5240,49,Bermuda,pole 13 SW
2025-10-24T20:17:38.089408+00:00,26.6729795,-81.80548816666666,28:70:4e:d0:88:22,-72,5765,154,Bermuda Guest WIFI,pole 14
2025-10-24T20:17:38.089408+00:00,26.6729795,-81.80548816666666,2e:70:4e:d0:88:22,-72,5765,154,Bermuda,pole 14
2025-10-24T20:17:38.089408+00:00,26.6729795,-81.80548816666666,28:70:4e:d0:87:50,-72,5745,150,Bermuda Guest WIFI,pole 13 E
2025-10-24T20:17:38.089408+00:00,26.6729795,-81.80548816666666,2e:70:4e:d0:87:50,-72,5745,150,Bermuda,pole 13 E
2025-10-24T20:17:38.089408+00:00,26.6729795,-81.80548816666666,2e:70:4e:dd:d0:49,-74,2437,6,Bermuda Guest WIFI 2G,pole 13 SW
2025-10-24T20:17:38.089408+00:00,26.6729795,-81.80548816666666,28:70:4e:dd:d0:49,-75,2437,6,Bermuda 2G,pole 13 SW
2025-10-24T20:17:38.089408+00:00,26.6729795,-81.80548816666666,28:70:4e:d2:92:ab,-77,5745,150,Bermuda Guest WIFI,pole 12 N
2025-10-24T20:17:38.089408+00:00,26.6729795,-81.80548816666666,2e:70:4e:d2:92:ab,-77,5745,150,Bermuda,pole 12 N
2025-10-24T20:17:38.089408+00:00,26.6729795,-81.80548816666666,22:6a:1b:63:f6:f2,-78,5240,49,Bermuda,Outside SE
2025-10-24T20:17:38.089408+00:00,26.6729795,-81.80548816666666,1c:6a:1b:63:f6:f2,-79,5240,49,Bermuda Guest WIFI,Outside SE
2025-10-24T20:17:38.089408+00:00,26.6729795,-81.80548816666666,28:70:4e:d0:88:f9,-81,2412,1,Bermuda 2G,pole 11
2025-10-24T20:17:38.089408+00:00,26.6729795,-81.80548816666666,2e:70:4e:d0:86:c3,-81,5765,154,Bermuda,pole 12 W
2025-10-24T20:17:38.089408+00:00,26.6729795,-81.80548816666666,1c:6a:1b:63:f6:f6,-81,5240,49,Bermuda Guest WIFI,Outside SW
2025-10-24T20:17:38.089408+00:00,26.6729795,-81.80548816666666,22:6a:1b:63:f6:f6,-81,5240,49,Bermuda,Outside SW
2025-10-24T20:17:38.089408+00:00,26.6729795,-81.80548816666666,28:70:4e:d0:88:fa,-82,5765,154,Bermuda Guest WIFI,pole 11
2025-10-24T20:17:38.089408+00:00,26.6729795,-81.80548816666666,28:70:4e:d0:86:c3,-82,5765,154,Bermuda Guest WIFI,pole 12 W
2025-10-24T20:17:38.089408+00:00,26.6729795,-81.80548816666666,84:1f:e8:ff:29:e9,-83,2412,1,ShellyPlusRGBWPM-841FE8FF29E8,Unknown
2025-10-24T20:17:38.089408+00:00,26.6729795,-81.80548816666666,2e:70:4e:d0:88:f9,-83,2412,1,Bermuda Guest WIFI 2G,pole 11
2025-10-24T20:17:38.089408+00:00,26.6729795,-81.80548816666666,2e:70:4e:d0:88:21,-85,2412,1,Bermuda Guest WIFI 2G,pole 14
2025-10-24T20:17:38.089408+00:00,26.673000166666668,-81.8055445,28:70:4e:dd:d0:4a,-55,5240,49,Bermuda Guest WIFI,pole 13 SW
2025-10-24T20:17:38.089408+00:00,26.673000166666668,-81.8055445,2e:70:4e:dd:d0:4a,-55,5240,49,Bermuda,pole 13 SW
2025-10-24T20:17:38.089408+00:00,26.673000166666668,-81.8055445,28:70:4e:d0:88:22,-72,5765,154,Bermuda Guest WIFI,pole 14
2025-10-24T20:17:38.089408+00:00,26.673000166666668,-81.8055445,2e:70:4e:d0:88:22,-72,5765,154,Bermuda,pole 14
2025-10-24T20:17:38.089408+00:00,26.673000166666668,-81.8055445,28:70:4e:d0:87:50,-72,5745,150,Bermuda Guest WIFI,pole 13 E
2025-10-24T20:17:38.089408+00:00,26.673000166666668,-81.8055445,2e:70:4e:d0:87:50,-72,5745,150,Bermuda,pole 13 E
2025-10-24T20:17:38.089408+00:00,26.673000166666668,-81.8055445,28:70:4e:d0:86:c3,-75,5765,154,Bermuda Guest WIFI,pole 12 W
2025-10-24T20:17:38.089408+00:00,26.673000166666668,-81.8055445,2e:70:4e:d0:86:c3,-75,5765,154,Bermuda,pole 12 W
2025-10-24T20:17:38.089408+00:00,26.673000166666668,-81.8055445,28:70:4e:dd:d0:49,-76,2437,6,Bermuda 2G,pole 13 SW
2025-10-24T20:17:38.089408+00:00,26.673000166666668,-81.8055445,2e:70:4e:dd:d0:49,-76,2437,6,Bermuda Guest WIFI 2G,pole 13 SW
2025-10-24T20:17:38.089408+00:00,26.673000166666668,-81.8055445,2e:70:4e:d2:92:aa,-76,2437,6,Bermuda Guest WIFI 2G,pole 12 N
2025-10-24T20:17:38.089408+00:00,26.673000166666668,-81.8055445,28:70:4e:d2:92:ab,-77,5745,150,Bermuda Guest WIFI,pole 12 N
2025-10-24T20:17:38.089408+00:00,26.673000166666668,-81.8055445,2e:70:4e:d2:92:ab,-77,5745,150,Bermuda,pole 12 N
2025-10-24T20:17:38.089408+00:00,26.673000166666668,-81.8055445,28:70:4e:d0:87:4f,-77,2462,11,Bermuda 2G,pole 13 E
2025-10-24T20:17:38.089408+00:00,26.673000166666668,-81.8055445,22:6a:1b:63:f6:f2,-78,5240,49,Bermuda,Outside SE
2025-10-24T20:17:38.089408+00:00,26.673000166666668,-81.8055445,28:70:4e:d0:86:c2,-78,2437,6,Bermuda 2G,pole 12 W
2025-10-24T20:17:38.089408+00:00,26.673000166666668,-81.8055445,1c:6a:1b:63:f6:f2,-79,5240,49,Bermuda Guest WIFI,Outside SE
2025-10-24T20:17:38.089408+00:00,26.673000166666668,-81.8055445,28:70:4e:d2:92:aa,-79,2437,6,Bermuda 2G,pole 12 N
2025-10-24T20:17:38.089408+00:00,26.673000166666668,-81.8055445,2e:70:4e:d0:86:c2,-80,2437,6,Bermuda Guest WIFI 2G,pole 12 W
2025-10-24T20:17:38.089408+00:00,26.673000166666668,-81.8055445,28:70:4e:d0:88:f9,-81,2412,1,Bermuda 2G,pole 11
2025-10-24T20:17:38.089408+00:00,26.673000166666668,-81.8055445,1c:6a:1b:63:f6:f6,-81,5240,49,Bermuda Guest WIFI,Outside SW
2025-10-24T20:17:38.089408+00:00,26.673000166666668,-81.8055445,22:6a:1b:63:f6:f6,-81,5240,49,Bermuda,Outside SW
2025-10-24T20:17:38.089408+00:00,26.673000166666668,-81.8055445,2e:70:4e:d0:87:4f,-81,2462,11,Bermuda Guest WIFI 2G,pole 13 E
2025-10-24T20:17:38.089408+00:00,26.673000166666668,-81.8055445,28:70:4e:d0:88:fa,-82,5765,154,Bermuda Guest WIFI,pole 11
2025-10-24T20:17:38.089408+00:00,26.673000166666668,-81.8055445,84:1f:e8:ff:29:e9,-83,2412,1,ShellyPlusRGBWPM-841FE8FF29E8,Unknown
2025-10-24T20:17:38.089408+00:00,26.673000166666668,-81.8055445,2e:70:4e:d0:88:f9,-83,2412,1,Bermuda Guest WIFI 2G,pole 11
2025-10-24T20:17:38.089408+00:00,26.673000166666668,-81.8055445,2e:70:4e:d0:88:21,-85,2412,1,Bermuda Guest WIFI 2G,pole 14
2025-10-24T20:17:38.089408+00:00,26.673026166666666,-81.80553666666667,28:70:4e:dd:d0:4a,-62,5240,49,Bermuda Guest WIFI,pole 13 SW
2025-10-24T20:17:38.089408+00:00,26.673026166666666,-81.80553666666667,2e:70:4e:dd:d0:4a,-62,5240,49,Bermuda,pole 13 SW
2025-10-24T20:17:38.089408+00:00,26.673026166666666,-81.80553666666667,28:70:4e:d2:92:ab,-63,5745,150,Bermuda Guest WIFI,pole 12 N
2025-10-24T20:17:38.089408+00:00,26.673026166666666,-81.80553666666667,2e:70:4e:d2:92:ab,-63,5745,150,Bermuda,pole 12 N
2025-10-24T20:17:38.089408+00:00,26.673026166666666,-81.80553666666667,28:70:4e:d0:86:c3,-66,5765,154,Bermuda Guest WIFI,pole 12 W
2025-10-24T20:17:38.089408+00:00,26.673026166666666,-81.80553666666667,2e:70:4e:d0:86:c3,-66,5765,154,Bermuda,pole 12 W
2025-10-24T20:17:38.089408+00:00,26.673026166666666,-81.80553666666667,28:70:4e:d0:88:fa,-69,5765,154,Bermuda Guest WIFI,pole 11
2025-10-24T20:17:38.089408+00:00,26.673026166666666,-81.80553666666667,2e:70:4e:d0:88:fa,-69,5765,154,Bermuda,pole 11
2025-10-24T20:17:38.089408+00:00,26.673026166666666,-81.80553666666667,28:70:4e:d2:c9:b1,-71,5220,45,Bermuda Guest WIFI,pole 15 NW
2025-10-24T20:17:38.089408+00:00,26.673026166666666,-81.80553666666667,2e:70:4e:d2:c9:b1,-71,5220,45,Bermuda,pole 15 NW
2025-10-24T20:17:38.089408+00:00,26.673026166666666,-81.80553666666667,28:70:4e:d0:88:22,-72,5765,154,Bermuda Guest WIFI,pole 14
2025-10-24T20:17:38.089408+00:00,26.673026166666666,-81.80553666666667,2e:70:4e:d0:88:22,-72,5765,154,Bermuda,pole 14
2025-10-24T20:17:38.089408+00:00,26.673026166666666,-81.80553666666667,28:70:4e:d0:87:50,-72,5745,150,Bermuda Guest WIFI,pole 13 E
2025-10-24T20:17:38.089408+00:00,26.673026166666666,-81.80553666666667,2e:70:4e:d0:87:50,-72,5745,150,Bermuda,pole 13 E
2025-10-24T20:17:38.089408+00:00,26.673026166666666,-81.80553666666667,28:70:4e:d0:88:f9,-76,2412,1,Bermuda 2G,pole 11
2025-10-24T20:17:38.089408+00:00,26.673026166666666,-81.80553666666667,2e:70:4e:d0:88:f9,-76,2412,1,Bermuda Guest WIFI 2G,pole 11
2025-10-24T20:17:38.089408+00:00,26.673026166666666,-81.80553666666667,2e:70:4e:d2:92:aa,-76,2437,6,Bermuda Guest WIFI 2G,pole 12 N
2025-10-24T20:17:38.089408+00:00,26.673026166666666,-81.80553666666667,84:1f:e8:ff:29:e9,-77,2412,1,ShellyPlusRGBWPM-841FE8FF29E8,Unknown
2025-10-24T20:17:38.089408+00:00,26.673026166666666,-81.80553666666667,28:70:4e:d2:92:aa,-77,2437,6,Bermuda 2G,pole 12 N
2025-10-24T20:17:38.089408+00:00,26.673026166666666,-81.80553666666667,28:70:4e:d0:87:4f,-77,2462,11,Bermuda 2G,pole 13 E
2025-10-24T20:17:38.089408+00:00,26.673026166666666,-81.80553666666667,28:70:4e:dd:d0:49,-79,2437,6,Bermuda 2G,pole 13 SW
2025-10-24T20:17:38.089408+00:00,26.673026166666666,-81.80553666666667,2e:70:4e:dd:d0:49,-80,2437,6,Bermuda Guest WIFI 2G,pole 13 SW
2025-10-24T20:17:38.089408+00:00,26.673026166666666,-81.80553666666667,1c:6a:1b:63:f6:f6,-80,5240,49,Bermuda Guest WIFI,Outside SW
2025-10-24T20:17:38.089408+00:00,26.673026166666666,-81.80553666666667,22:6a:1b:63:f6:f6,-81,5240,49,Bermuda,Outside SW
2025-10-24T20:17:38.089408+00:00,26.673026166666666,-81.80553666666667,28:70:4e:d0:86:c2,-81,2437,6,Bermuda 2G,pole 12 W
2025-10-24T20:17:38.089408+00:00,26.673026166666666,-81.80553666666667,2e:70:4e:d0:86:c2,-81,2437,6,Bermuda Guest WIFI 2G,pole 12 W
2025-10-24T20:17:38.089408+00:00,26.673026166666666,-81.80553666666667,2e:70:4e:d0:87:4f,-81,2462,11,Bermuda Guest WIFI 2G,pole 13 E
2025-10-24T20:17:38.089408+00:00,26.673026166666666,-81.80553666666667,2e:70:4e:d0:88:21,-82,2412,1,Bermuda Guest WIFI 2G,pole 14
2025-10-24T20:17:38.089408+00:00,26.673026166666666,-81.80553666666667,28:70:4e:d0:87:5f,-82,5240,49,Bermuda Guest WIFI,pole 15 S
2025-10-24T20:17:38.089408+00:00,26.673026166666666,-81.80553666666667,1c:6a:1b:63:f6:f2,-83,5240,49,Bermuda Guest WIFI,Outside SE
2025-10-24T20:17:38.089408+00:00,26.673026166666666,-81.80553666666667,22:6a:1b:63:f6:f2,-83,5240,49,Bermuda,Outside SE
2025-10-24T20:17:38.089408+00:00,26.673026166666666,-81.80553666666667,2e:70:4e:d0:87:5f,-83,5240,49,Bermuda,pole 15 S
2025-10-24T20:17:38.089408+00:00,26.673026166666666,-81.80553666666667,28:70:4e:d0:89:0c,-83,5220,45,Bermuda Guest WIFI,pole 10
2025-10-24T20:17:38.089408+00:00,26.673026166666666,-81.80553666666667,28:70:4e:d0:89:0b,-84,2412,1,Bermuda 2G,pole 10
2025-10-24T20:17:38.089408+00:00,26.673026166666666,-81.80553666666667,28:70:4e:dd:d3:20,-87,5785,158,Bermuda Guest WIFI,pole 01 NE
2025-10-24T20:17:38.089408+00:00,26.673026166666666,-81.80553666666667,2e:70:4e:dd:d3:20,-88,5785,158,Bermuda,pole 01 NE
2025-10-24T20:18:14.749392+00:00,26.673021,-81.80553166666667,28:70:4e:dd:d0:4a,-62,5240,49,Bermuda Guest WIFI,pole 13 SW
2025-10-24T20:18:14.749392+00:00,26.673021,-81.80553166666667,2e:70:4e:dd:d0:4a,-62,5240,49,Bermuda,pole 13 SW
2025-10-24T20:18:14.749392+00:00,26.673021,-81.80553166666667,28:70:4e:d0:88:fa,-69,5765,154,Bermuda Guest WIFI,pole 11
2025-10-24T20:18:14.749392+00:00,26.673021,-81.80553166666667,2e:70:4e:d0:88:fa,-69,5765,154,Bermuda,pole 11
2025-10-24T20:18:14.749392+00:00,26.673021,-81.80553166666667,28:70:4e:d2:92:ab,-70,5745,150,Bermuda Guest WIFI,pole 12 N
2025-10-24T20:18:14.749392+00:00,26.673021,-81.80553166666667,2e:70:4e:d2:92:ab,-70,5745,150,Bermuda,pole 12 N
2025-10-24T20:18:14.749392+00:00,26.673021,-81.80553166666667,28:70:4e:d2:c9:b1,-71,5220,45,Bermuda Guest WIFI,pole 15 NW
2025-10-24T20:18:14.749392+00:00,26.673021,-81.80553166666667,28:70:4e:d0:88:22,-72,5765,154,Bermuda Guest WIFI,pole 14
2025-10-24T20:18:14.749392+00:00,26.673021,-81.80553166666667,2e:70:4e:d0:88:22,-72,5765,154,Bermuda,pole 14
2025-10-24T20:18:14.749392+00:00,26.673021,-81.80553166666667,28:70:4e:d0:86:c3,-73,5765,154,Bermuda Guest WIFI,pole 12 W
2025-10-24T20:18:14.749392+00:00,26.673021,-81.80553166666667,2e:70:4e:d0:86:c3,-73,5765,154,Bermuda,pole 12 W
2025-10-24T20:18:14.749392+00:00,26.673021,-81.80553166666667,28:70:4e:d0:88:f9,-76,2412,1,Bermuda 2G,pole 11
2025-10-24T20:18:14.749392+00:00,26.673021,-81.80553166666667,2e:70:4e:d0:88:f9,-76,2412,1,Bermuda Guest WIFI 2G,pole 11
2025-10-24T20:18:14.749392+00:00,26.673021,-81.80553166666667,2e:70:4e:d2:92:aa,-76,2437,6,Bermuda Guest WIFI 2G,pole 12 N
2025-10-24T20:18:14.749392+00:00,26.673021,-81.80553166666667,84:1f:e8:ff:29:e9,-77,2412,1,ShellyPlusRGBWPM-841FE8FF29E8,Unknown
2025-10-24T20:18:14.749392+00:00,26.673021,-81.80553166666667,28:70:4e:d2:92:aa,-77,2437,6,Bermuda 2G,pole 12 N
2025-10-24T20:18:14.749392+00:00,26.673021,-81.80553166666667,28:70:4e:d0:87:4f,-77,2462,11,Bermuda 2G,pole 13 E
2025-10-24T20:18:14.749392+00:00,26.673021,-81.80553166666667,2e:70:4e:d2:c9:b1,-78,5220,45,Bermuda,pole 15 NW
2025-10-24T20:18:14.749392+00:00,26.673021,-81.80553166666667,28:70:4e:dd:d0:49,-79,2437,6,Bermuda 2G,pole 13 SW
2025-10-24T20:18:14.749392+00:00,26.673021,-81.80553166666667,2e:70:4e:dd:d0:49,-79,2437,6,Bermuda Guest WIFI 2G,pole 13 SW
2025-10-24T20:18:14.749392+00:00,26.673021,-81.80553166666667,1c:6a:1b:63:f6:f6,-80,5240,49,Bermuda Guest WIFI,Outside SW
2025-10-24T20:18:14.749392+00:00,26.673021,-81.80553166666667,1c:6a:1b:63:f6:f2,-80,5240,49,Bermuda Guest WIFI,Outside SE
2025-10-24T20:18:14.749392+00:00,26.673021,-81.80553166666667,22:6a:1b:63:f6:f2,-80,5240,49,Bermuda,Outside SE
2025-10-24T20:18:14.749392+00:00,26.673021,-81.80553166666667,22:6a:1b:63:f6:f6,-81,5240,49,Bermuda,Outside SW
2025-10-24T20:18:14.749392+00:00,26.673021,-81.80553166666667,28:70:4e:d0:86:c2,-81,2437,6,Bermuda 2G,pole 12 W
2025-10-24T20:18:14.749392+00:00,26.673021,-81.80553166666667,2e:70:4e:d0:86:c2,-81,2437,6,Bermuda Guest WIFI 2G,pole 12 W
2025-10-24T20:18:14.749392+00:00,26.673021,-81.80553166666667,2e:70:4e:d0:87:4f,-81,2462,11,Bermuda Guest WIFI 2G,pole 13 E
2025-10-24T20:18:14.749392+00:00,26.673021,-81.80553166666667,2e:70:4e:d0:88:21,-82,2412,1,Bermuda Guest WIFI 2G,pole 14
2025-10-24T20:18:14.749392+00:00,26.673021,-81.80553166666667,28:70:4e:d0:87:5f,-82,5240,49,Bermuda Guest WIFI,pole 15 S
2025-10-24T20:18:14.749392+00:00,26.673021,-81.80553166666667,2e:70:4e:d0:87:5f,-83,5240,49,Bermuda,pole 15 S
2025-10-24T20:18:14.749392+00:00,26.673021,-81.80553166666667,28:70:4e:d0:89:0c,-83,5220,45,Bermuda Guest WIFI,pole 10
2025-10-24T20:18:14.749392+00:00,26.673021,-81.80553166666667,28:70:4e:d0:89:0b,-84,2412,1,Bermuda 2G,pole 10
2025-10-24T20:18:14.749392+00:00,26.673021,-81.80553166666667,28:70:4e:dd:d3:20,-87,5785,158,Bermuda Guest WIFI,pole 01 NE
2025-10-24T20:18:14.749392+00:00,26.673021,-81.80553166666667,2e:70:4e:dd:d3:20,-88,5785,158,Bermuda,pole 01 NE
2025-10-24T20:18:14.749392+00:00,26.6730195,-81.80553133333333,28:70:4e:dd:d0:4a,-61,5240,49,Bermuda Guest WIFI,pole 13 SW
2025-10-24T20:18:14.749392+00:00,26.6730195,-81.80553133333333,2e:70:4e:dd:d0:4a,-61,5240,49,Bermuda,pole 13 SW
2025-10-24T20:18:14.749392+00:00,26.6730195,-81.80553133333333,28:70:4e:d2:92:ab,-68,5745,150,Bermuda Guest WIFI,pole 12 N
2025-10-24T20:18:14.749392+00:00,26.6730195,-81.80553133333333,2e:70:4e:d2:92:ab,-69,5745,150,Bermuda,pole 12 N
2025-10-24T20:18:14.749392+00:00,26.6730195,-81.80553133333333,28:70:4e:d0:87:50,-69,5745,150,Bermuda Guest WIFI,pole 13 E
2025-10-24T20:18:14.749392+00:00,26.6730195,-81.80553133333333,2e:70:4e:d0:87:50,-69,5745,150,Bermuda,pole 13 E
2025-10-24T20:18:14.749392+00:00,26.6730195,-81.80553133333333,2e:70:4e:d0:88:22,-71,5765,154,Bermuda,pole 14
2025-10-24T20:18:14.749392+00:00,26.6730195,-81.80553133333333,28:70:4e:d0:86:c3,-71,5765,154,Bermuda Guest WIFI,pole 12 W
2025-10-24T20:18:14.749392+00:00,26.6730195,-81.80553133333333,2e:70:4e:d0:86:c3,-71,5765,154,Bermuda,pole 12 W
2025-10-24T20:18:14.749392+00:00,26.6730195,-81.80553133333333,28:70:4e:d0:88:f9,-73,2412,1,Bermuda 2G,pole 11
2025-10-24T20:18:14.749392+00:00,26.6730195,-81.80553133333333,2e:70:4e:dd:d0:49,-74,2437,6,Bermuda Guest WIFI 2G,pole 13 SW
2025-10-24T20:18:14.749392+00:00,26.6730195,-81.80553133333333,84:1f:e8:ff:29:e9,-75,2412,1,ShellyPlusRGBWPM-841FE8FF29E8,Unknown
2025-10-24T20:18:14.749392+00:00,26.6730195,-81.80553133333333,28:70:4e:dd:d0:49,-75,2437,6,Bermuda 2G,pole 13 SW
2025-10-24T20:18:14.749392+00:00,26.6730195,-81.80553133333333,28:70:4e:d0:87:4f,-75,2462,11,Bermuda 2G,pole 13 E
2025-10-24T20:18:14.749392+00:00,26.6730195,-81.80553133333333,2e:70:4e:d0:87:4f,-75,2462,11,Bermuda Guest WIFI 2G,pole 13 E
2025-10-24T20:18:14.749392+00:00,26.6730195,-81.80553133333333,2e:70:4e:d0:88:f9,-76,2412,1,Bermuda Guest WIFI 2G,pole 11
2025-10-24T20:18:14.749392+00:00,26.6730195,-81.80553133333333,2e:70:4e:d0:86:c2,-76,2437,6,Bermuda Guest WIFI 2G,pole 12 W
2025-10-24T20:18:14.749392+00:00,26.6730195,-81.80553133333333,22:6a:1b:63:f6:f2,-77,5240,49,Bermuda,Outside SE
2025-10-24T20:18:14.749392+00:00,26.6730195,-81.80553133333333,2e:70:4e:d2:c9:b1,-77,5220,45,Bermuda,pole 15 NW
2025-10-24T20:18:14.749392+00:00,26.6730195,-81.80553133333333,28:70:4e:d0:88:fa,-78,5765,154,Bermuda Guest WIFI,pole 11
2025-10-24T20:18:14.749392+00:00,26.6730195,-81.80553133333333,1c:6a:1b:63:f6:f2,-78,5240,49,Bermuda Guest WIFI,Outside SE
2025-10-24T20:18:14.749392+00:00,26.6730195,-81.80553133333333,2e:70:4e:d0:88:fa,-78,5765,154,Bermuda,pole 11
2025-10-24T20:18:14.749392+00:00,26.6730195,-81.80553133333333,28:70:4e:d0:88:22,-79,5765,154,Bermuda Guest WIFI,pole 14
2025-10-24T20:18:14.749392+00:00,26.6730195,-81.80553133333333,1c:6a:1b:63:f6:f6,-79,5240,49,Bermuda Guest WIFI,Outside SW
2025-10-24T20:18:14.749392+00:00,26.6730195,-81.80553133333333,22:6a:1b:63:f6:f6,-79,5240,49,Bermuda,Outside SW
2025-10-24T20:18:14.749392+00:00,26.6730195,-81.80553133333333,28:70:4e:d2:92:aa,-80,2437,6,Bermuda 2G,pole 12 N
2025-10-24T20:18:14.749392+00:00,26.6730195,-81.80553133333333,2e:70:4e:d2:92:aa,-81,2437,6,Bermuda Guest WIFI 2G,pole 12 N
2025-10-24T20:18:14.749392+00:00,26.6730195,-81.80553133333333,28:70:4e:d2:c9:b1,-81,5220,45,Bermuda Guest WIFI,pole 15 NW
2025-10-24T20:18:14.749392+00:00,26.6730195,-81.80553133333333,28:70:4e:d0:86:c2,-83,2437,6,Bermuda 2G,pole 12 W
2025-10-24T20:18:14.749392+00:00,26.6730195,-81.80553133333333,28:70:4e:d0:89:0c,-83,5220,45,Bermuda Guest WIFI,pole 10
2025-10-24_20-20-30,26.673182166666667,-81.80544716666667,2e:70:4e:d2:92:ab,-63,5745,150,Bermuda,pole 12 N
2025-10-24_20-20-30,26.673182166666667,-81.80544716666667,28:70:4e:d2:92:ab,-64,5745,150,Bermuda Guest WIFI,pole 12 N
2025-10-24_20-20-30,26.673182166666667,-81.80544716666667,28:70:4e:d0:86:c3,-69,5765,154,Bermuda Guest WIFI,pole 12 W
2025-10-24_20-20-30,26.673182166666667,-81.80544716666667,2e:70:4e:d0:86:c3,-70,5765,154,Bermuda,pole 12 W
2025-10-24_20-20-30,26.673182166666667,-81.80544716666667,2e:70:4e:d0:87:50,-76,5745,150,Bermuda,pole 13 E
2025-10-24_20-20-30,26.673182166666667,-81.80544716666667,28:70:4e:dd:d0:49,-78,2437,6,Bermuda 2G,pole 13 SW
2025-10-24_20-20-30,26.673182166666667,-81.80544716666667,2e:70:4e:d0:88:f9,-79,2412,1,Bermuda Guest WIFI 2G,pole 11
2025-10-24_20-20-30,26.673182166666667,-81.80544716666667,28:70:4e:d0:88:f9,-80,2412,1,Bermuda 2G,pole 11
2025-10-24_20-20-30,26.673182166666667,-81.80544716666667,1c:6a:1b:63:f6:f2,-80,5240,49,Bermuda Guest WIFI,Outside SE
2025-10-24_20-20-30,26.673182166666667,-81.80544716666667,22:6a:1b:63:f6:f2,-80,5240,49,Bermuda,Outside SE
2025-10-24_20-20-30,26.673182166666667,-81.80544716666667,2e:70:4e:d2:92:aa,-80,2437,6,Bermuda Guest WIFI 2G,pole 12 N
2025-10-24_20-20-30,26.673182166666667,-81.80544716666667,2e:70:4e:dd:d0:49,-81,2437,6,Bermuda Guest WIFI 2G,pole 13 SW
2025-10-24_20-20-30,26.673182166666667,-81.80544716666667,28:70:4e:d2:92:aa,-81,2437,6,Bermuda 2G,pole 12 N
2025-10-24_20-20-30,26.673182166666667,-81.80544716666667,2e:70:4e:d0:86:c2,-82,2437,6,Bermuda Guest WIFI 2G,pole 12 W
2025-10-24_20-20-30,26.673182166666667,-81.80544716666667,28:70:4e:d0:86:c2,-83,2437,6,Bermuda 2G,pole 12 W
2025-10-24_20-20-30,26.673182166666667,-81.80544716666667,28:70:4e:d0:88:21,-85,2412,1,Bermuda 2G,pole 14
2025-10-24_20-20-30,26.673182166666667,-81.80544716666667,2e:70:4e:d0:88:21,-85,2412,1,Bermuda Guest WIFI 2G,pole 14
2025-10-24_20-20-30,26.673182166666667,-81.80544716666667,2e:70:4e:d0:89:0b,-85,2412,1,Bermuda Guest WIFI 2G,pole 10
2025-10-24_20-20-30,26.673182166666667,-81.80544716666667,28:70:4e:d0:89:0b,-87,2412,1,Bermuda 2G,pole 10
2025-10-24_20-20-30,26.673125166666665,-81.8054815,2e:70:4e:d2:92:ab,-61,5745,150,Bermuda,pole 12 N
2025-10-24_20-20-30,26.673125166666665,-81.8054815,28:70:4e:d0:88:fa,-63,5765,154,Bermuda Guest WIFI,pole 11
2025-10-24_20-20-30,26.673125166666665,-81.8054815,28:70:4e:d2:92:ab,-64,5745,150,Bermuda Guest WIFI,pole 12 N
2025-10-24_20-20-30,26.673125166666665,-81.8054815,2e:70:4e:d0:88:fa,-64,5765,154,Bermuda,pole 11
2025-10-24_20-20-30,26.673125166666665,-81.8054815,28:70:4e:d0:86:c3,-75,5765,154,Bermuda Guest WIFI,pole 12 W
2025-10-24_20-20-30,26.673125166666665,-81.8054815,2e:70:4e:d0:86:c3,-75,5765,154,Bermuda,pole 12 W
2025-10-24_20-20-30,26.673125166666665,-81.8054815,28:70:4e:d0:88:f9,-77,2412,1,Bermuda 2G,pole 11
2025-10-24_20-20-30,26.673125166666665,-81.8054815,84:1f:e8:ff:29:e9,-77,2412,1,ShellyPlusRGBWPM-841FE8FF29E8,Unknown
2025-10-24_20-20-30,26.673125166666665,-81.8054815,2e:70:4e:d2:8b:2e,-79,5220,45,Bermuda,pole 02 W
2025-10-24_20-20-30,26.673125166666665,-81.8054815,2e:70:4e:d0:88:f9,-80,2412,1,Bermuda Guest WIFI 2G,pole 11
2025-10-24_20-20-30,26.673125166666665,-81.8054815,2e:70:4e:d2:92:aa,-80,2437,6,Bermuda Guest WIFI 2G,pole 12 N
2025-10-24_20-20-30,26.673125166666665,-81.8054815,28:70:4e:d2:92:aa,-81,2437,6,Bermuda 2G,pole 12 N
2025-10-24_20-20-30,26.673125166666665,-81.8054815,2e:70:4e:d0:86:c2,-82,2437,6,Bermuda Guest WIFI 2G,pole 12 W
2025-10-24_20-20-30,26.673125166666665,-81.8054815,28:70:4e:d0:87:4f,-82,2462,11,Bermuda 2G,pole 13 E
2025-10-24_20-20-30,26.673125166666665,-81.8054815,2e:70:4e:d0:87:4f,-82,2462,11,Bermuda Guest WIFI 2G,pole 13 E
2025-10-24_20-20-30,26.673125166666665,-81.8054815,28:70:4e:dd:d0:49,-83,2437,6,Bermuda 2G,pole 13 SW
2025-10-24_20-20-30,26.673125166666665,-81.8054815,28:70:4e:d0:86:c2,-83,2437,6,Bermuda 2G,pole 12 W
2025-10-24_20-20-30,26.673125166666665,-81.8054815,2e:70:4e:d0:87:50,-84,5745,150,Bermuda,pole 13 E
2025-10-24_20-20-30,26.673125166666665,-81.8054815,28:70:4e:d0:87:50,-84,5745,150,Bermuda Guest WIFI,pole 13 E
2025-10-24_20-20-30,26.673125166666665,-81.8054815,2e:70:4e:d0:88:21,-85,2412,1,Bermuda Guest WIFI 2G,pole 14
2025-10-24_20-20-30,26.673125166666665,-81.8054815,2e:70:4e:d0:89:0b,-85,2412,1,Bermuda Guest WIFI 2G,pole 10
2025-10-24_20-20-30,26.673125166666665,-81.8054815,2e:70:4e:dd:d0:49,-85,2437,6,Bermuda Guest WIFI 2G,pole 13 SW
2025-10-24_20-20-30,26.673125166666665,-81.8054815,28:70:4e:d0:89:0b,-87,2412,1,Bermuda 2G,pole 10
2025-10-24_20-20-30,26.673087166666665,-81.805507,28:70:4e:d0:88:fa,-63,5765,154,Bermuda Guest WIFI,pole 11
2025-10-24_20-20-30,26.673087166666665,-81.805507,28:70:4e:d2:92:ab,-64,5745,150,Bermuda Guest WIFI,pole 12 N
2025-10-24_20-20-30,26.673087166666665,-81.805507,2e:70:4e:d0:88:fa,-64,5765,154,Bermuda,pole 11
2025-10-24_20-20-30,26.673087166666665,-81.805507,2e:70:4e:dd:d0:49,-72,2437,6,Bermuda Guest WIFI 2G,pole 13 SW
2025-10-24_20-20-30,26.673087166666665,-81.805507,2e:70:4e:d2:92:ab,-73,5745,150,Bermuda,pole 12 N
2025-10-24_20-20-30,26.673087166666665,-81.805507,28:70:4e:d0:86:c2,-73,2437,6,Bermuda 2G,pole 12 W
2025-10-24_20-20-30,26.673087166666665,-81.805507,2e:70:4e:d0:86:c2,-74,2437,6,Bermuda Guest WIFI 2G,pole 12 W
2025-10-24_20-20-30,26.673087166666665,-81.805507,28:70:4e:dd:d0:49,-75,2437,6,Bermuda 2G,pole 13 SW
2025-10-24_20-20-30,26.673087166666665,-81.805507,28:70:4e:d0:86:c3,-75,5765,154,Bermuda Guest WIFI,pole 12 W
2025-10-24_20-20-30,26.673087166666665,-81.805507,2e:70:4e:d0:86:c3,-75,5765,154,Bermuda,pole 12 W
2025-10-24_20-20-30,26.673087166666665,-81.805507,28:70:4e:d0:88:f9,-77,2412,1,Bermuda 2G,pole 11
2025-10-24_20-20-30,26.673087166666665,-81.805507,84:1f:e8:ff:29:e9,-77,2412,1,ShellyPlusRGBWPM-841FE8FF29E8,Unknown
2025-10-24_20-20-30,26.673087166666665,-81.805507,28:70:4e:d2:92:aa,-78,2437,6,Bermuda 2G,pole 12 N
2025-10-24_20-20-30,26.673087166666665,-81.805507,2e:70:4e:d2:92:aa,-78,2437,6,Bermuda Guest WIFI 2G,pole 12 N
2025-10-24_20-20-30,26.673087166666665,-81.805507,28:70:4e:d0:87:4f,-78,2462,11,Bermuda 2G,pole 13 E
2025-10-24_20-20-30,26.673087166666665,-81.805507,2e:70:4e:d0:87:4f,-79,2462,11,Bermuda Guest WIFI 2G,pole 13 E
2025-10-24_20-20-30,26.673087166666665,-81.805507,2e:70:4e:d2:8b:2e,-79,5220,45,Bermuda,pole 02 W
2025-10-24_20-20-30,26.673087166666665,-81.805507,2e:70:4e:d0:88:f9,-80,2412,1,Bermuda Guest WIFI 2G,pole 11
2025-10-24_20-20-30,26.673087166666665,-81.805507,2e:70:4e:d0:87:50,-84,5745,150,Bermuda,pole 13 E
2025-10-24_20-20-30,26.673087166666665,-81.805507,28:70:4e:d0:87:50,-84,5745,150,Bermuda Guest WIFI,pole 13 E
2025-10-24_20-20-30,26.673087166666665,-81.805507,2e:70:4e:d0:88:21,-85,2412,1,Bermuda Guest WIFI 2G,pole 14
2025-10-24_20-20-30,26.673087166666665,-81.805507,2e:70:4e:d0:89:0b,-85,2412,1,Bermuda Guest WIFI 2G,pole 10
2025-10-24_20-20-30,26.673087166666665,-81.805507,6a:4e:05:22:b2:a8,-86,2412,1,venus-HQ2519UPV7N-e3f,Unknown
2025-10-24_20-20-30,26.673087166666665,-81.805507,28:70:4e:d0:89:0b,-87,2412,1,Bermuda 2G,pole 10
2025-10-24_20-20-30,26.673083,-81.80550366666667,28:70:4e:d0:88:fa,-63,5765,154,Bermuda Guest WIFI,pole 11
2025-10-24_20-20-30,26.673083,-81.80550366666667,2e:70:4e:d0:88:fa,-64,5765,154,Bermuda,pole 11
2025-10-24_20-20-30,26.673083,-81.80550366666667,28:70:4e:d0:86:c2,-71,2437,6,Bermuda 2G,pole 12 W
2025-10-24_20-20-30,26.673083,-81.80550366666667,2e:70:4e:dd:d0:49,-72,2437,6,Bermuda Guest WIFI 2G,pole 13 SW
2025-10-24_20-20-30,26.673083,-81.80550366666667,2e:70:4e:d0:86:c2,-75,2437,6,Bermuda Guest WIFI 2G,pole 12 W
2025-10-24_20-20-30,26.673083,-81.80550366666667,28:70:4e:dd:d0:49,-75,2437,6,Bermuda 2G,pole 13 SW
2025-10-24_20-20-30,26.673083,-81.80550366666667,28:70:4e:d0:86:c3,-75,5765,154,Bermuda Guest WIFI,pole 12 W
2025-10-24_20-20-30,26.673083,-81.80550366666667,2e:70:4e:d0:86:c3,-75,5765,154,Bermuda,pole 12 W
2025-10-24_20-20-30,26.673083,-81.80550366666667,2e:70:4e:d2:92:ab,-76,5745,150,Bermuda,pole 12 N
2025-10-24_20-20-30,26.673083,-81.80550366666667,28:70:4e:d2:92:aa,-77,2437,6,Bermuda 2G,pole 12 N
2025-10-24_20-20-30,26.673083,-81.80550366666667,2e:70:4e:d2:92:aa,-77,2437,6,Bermuda Guest WIFI 2G,pole 12 N
2025-10-24_20-20-30,26.673083,-81.80550366666667,28:70:4e:d0:88:f9,-78,2412,1,Bermuda 2G,pole 11
2025-10-24_20-20-30,26.673083,-81.80550366666667,28:70:4e:d0:87:4f,-78,2462,11,Bermuda 2G,pole 13 E
2025-10-24_20-20-30,26.673083,-81.80550366666667,2e:70:4e:d0:87:4f,-79,2462,11,Bermuda Guest WIFI 2G,pole 13 E
2025-10-24_20-20-30,26.673083,-81.80550366666667,2e:70:4e:d2:8b:2e,-79,5220,45,Bermuda,pole 02 W
2025-10-24_20-20-30,26.673083,-81.80550366666667,2e:70:4e:d0:88:f9,-80,2412,1,Bermuda Guest WIFI 2G,pole 11
2025-10-24_20-20-30,26.673083,-81.80550366666667,84:1f:e8:ff:29:e9,-80,2412,1,ShellyPlusRGBWPM-841FE8FF29E8,Unknown
2025-10-24_20-20-30,26.673083,-81.80550366666667,1c:6a:1b:63:f6:f2,-81,5240,49,Bermuda Guest WIFI,Outside SE
2025-10-24_20-20-30,26.673083,-81.80550366666667,22:6a:1b:63:f6:f2,-81,5240,49,Bermuda,Outside SE
2025-10-24_20-20-30,26.673083,-81.80550366666667,2e:70:4e:d0:87:50,-84,5745,150,Bermuda,pole 13 E
2025-10-24_20-20-30,26.673083,-81.80550366666667,28:70:4e:d0:87:50,-84,5745,150,Bermuda Guest WIFI,pole 13 E
2025-10-24_20-20-30,26.673083,-81.80550366666667,6a:4e:05:22:b2:a8,-86,2412,1,venus-HQ2519UPV7N-e3f,Unknown
2025-10-24T20:21:11.085573+00:00,26.673004,-81.8055485,28:70:4e:dd:d0:4a,-68,5240,49,Bermuda Guest WIFI,pole 13 SW
2025-10-24T20:21:11.085573+00:00,26.673004,-81.8055485,2e:70:4e:dd:d0:4a,-68,5240,49,Bermuda,pole 13 SW
2025-10-24T20:21:11.085573+00:00,26.673004,-81.8055485,1c:6a:1b:63:f6:f2,-70,5240,49,Bermuda Guest WIFI,Outside SE
2025-10-24T20:21:11.085573+00:00,26.673004,-81.8055485,28:70:4e:d0:88:f7,-70,5240,49,Bermuda Guest WIFI,pole 02 N2
2025-10-24T20:21:11.085573+00:00,26.673004,-81.8055485,28:70:4e:dd:d3:20,-70,5785,158,Bermuda Guest WIFI,pole 01 NE
2025-10-24T20:21:11.085573+00:00,26.673004,-81.8055485,28:70:4e:d2:8b:2e,-70,5220,45,Bermuda Guest WIFI,pole 02 W
2025-10-24T20:21:11.085573+00:00,26.673004,-81.8055485,22:6a:1b:63:f6:f2,-70,5240,49,Bermuda,Outside SE
2025-10-24T20:21:11.085573+00:00,26.673004,-81.8055485,28:70:4e:d0:89:0c,-70,5220,45,Bermuda Guest WIFI,pole 10
2025-10-24T20:21:11.085573+00:00,26.673004,-81.8055485,28:70:4e:d2:c9:b1,-70,5220,45,Bermuda Guest WIFI,pole 15 NW
2025-10-24T20:21:11.085573+00:00,26.673004,-81.8055485,2e:70:4e:d2:8b:2e,-70,5220,45,Bermuda,pole 02 W
2025-10-24T20:21:11.085573+00:00,26.673004,-81.8055485,2e:70:4e:d0:89:0c,-70,5220,45,Bermuda,pole 10
2025-10-24T20:21:11.085573+00:00,26.673004,-81.8055485,28:70:4e:d2:92:aa,-72,2437,6,Bermuda 2G,pole 12 N
2025-10-24T20:21:11.085573+00:00,26.673004,-81.8055485,28:70:4e:d0:88:f9,-72,2412,1,Bermuda 2G,pole 11
2025-10-24T20:21:11.085573+00:00,26.673004,-81.8055485,28:70:4e:dd:d0:49,-72,2437,6,Bermuda 2G,pole 13 SW
2025-10-24T20:21:11.085573+00:00,26.673004,-81.8055485,2e:70:4e:d2:92:aa,-73,2437,6,Bermuda Guest WIFI 2G,pole 12 N
2025-10-24T20:21:11.085573+00:00,26.673004,-81.8055485,2e:70:4e:dd:d0:49,-73,2437,6,Bermuda Guest WIFI 2G,pole 13 SW
2025-10-24T20:21:11.085573+00:00,26.673004,-81.8055485,2e:70:4e:d0:88:f9,-75,2412,1,Bermuda Guest WIFI 2G,pole 11
2025-10-24T20:21:11.085573+00:00,26.673004,-81.8055485,2e:70:4e:d0:88:fa,-75,5765,154,Bermuda,pole 11
2025-10-24T20:21:11.085573+00:00,26.673004,-81.8055485,28:70:4e:d0:88:fa,-76,5765,154,Bermuda Guest WIFI,pole 11
2025-10-24T20:21:11.085573+00:00,26.673004,-81.8055485,28:70:4e:d0:88:22,-77,5765,154,Bermuda Guest WIFI,pole 14
2025-10-24T20:21:11.085573+00:00,26.673004,-81.8055485,2e:70:4e:d0:88:22,-77,5765,154,Bermuda,pole 14
2025-10-24T20:21:11.085573+00:00,26.673004,-81.8055485,84:1f:e8:ff:29:e9,-78,2412,1,ShellyPlusRGBWPM-841FE8FF29E8,Unknown
2025-10-24T20:21:11.085573+00:00,26.673004,-81.8055485,1c:6a:1b:63:f6:f6,-78,5240,49,Bermuda Guest WIFI,Outside SW
2025-10-24T20:21:11.085573+00:00,26.673004,-81.8055485,28:70:4e:d0:87:4f,-78,2462,11,Bermuda 2G,pole 13 E
2025-10-24T20:21:11.085573+00:00,26.673004,-81.8055485,2e:70:4e:d0:87:4f,-78,2462,11,Bermuda Guest WIFI 2G,pole 13 E
2025-10-24T20:21:11.085573+00:00,26.673004,-81.8055485,22:6a:1b:63:f6:f6,-78,5240,49,Bermuda,Outside SW
2025-10-24T20:21:11.085573+00:00,26.673004,-81.8055485,28:70:4e:d0:87:50,-79,5745,150,Bermuda Guest WIFI,pole 13 E
2025-10-24T20:21:11.085573+00:00,26.673004,-81.8055485,28:70:4e:d0:86:c3,-79,5765,154,Bermuda Guest WIFI,pole 12 W
2025-10-24T20:21:11.085573+00:00,26.673004,-81.8055485,28:70:4e:d2:92:ab,-80,5745,150,Bermuda Guest WIFI,pole 12 N
2025-10-24T20:21:11.085573+00:00,26.673004,-81.8055485,2e:70:4e:d0:88:21,-80,2412,1,Bermuda Guest WIFI 2G,pole 14
2025-10-24T20:21:11.085573+00:00,26.673004,-81.8055485,2e:70:4e:d0:86:c3,-80,5765,154,Bermuda,pole 12 W
2025-10-24T20:21:11.085573+00:00,26.673004,-81.8055485,2e:70:4e:d0:87:50,-80,5745,150,Bermuda,pole 13 E
2025-10-24T20:21:11.085573+00:00,26.673004,-81.8055485,2e:70:4e:d0:86:3f,-80,5180,37,Bermuda,pole 09
2025-10-24T20:21:11.085573+00:00,26.673004,-81.8055485,2e:70:4e:d0:86:c2,-81,2437,6,Bermuda Guest WIFI 2G,pole 12 W
2025-10-24T20:21:11.085573+00:00,26.673004,-81.8055485,28:70:4e:d0:86:c2,-81,2437,6,Bermuda 2G,pole 12 W
2025-10-24T20:21:11.085573+00:00,26.673004,-81.8055485,2e:70:4e:d2:92:ab,-81,5745,150,Bermuda,pole 12 N
2025-10-24T20:21:11.085573+00:00,26.673004,-81.8055485,28:70:4e:d0:88:21,-81,2412,1,Bermuda 2G,pole 14
2025-10-24T20:21:11.085573+00:00,26.673004,-81.8055485,28:70:4e:d0:86:3f,-82,5180,37,Bermuda Guest WIFI,pole 09
2025-10-24T20:21:11.085573+00:00,26.673004,-81.8055485,28:70:4e:d0:89:21,-83,5200,41,Bermuda Guest WIFI,pole 01 S
2025-10-24T20:21:11.085573+00:00,26.673004,-81.8055485,6a:4e:05:22:b2:a8,-84,2412,1,venus-HQ2519UPV7N-e3f,Unknown
2025-10-24T20:21:11.085573+00:00,26.673003833333333,-81.80553833333333,28:70:4e:dd:d0:4a,-64,5240,49,Bermuda Guest WIFI,pole 13 SW
2025-10-24T20:21:11.085573+00:00,26.673003833333333,-81.80553833333333,2e:70:4e:dd:d0:4a,-68,5240,49,Bermuda,pole 13 SW
2025-10-24T20:21:11.085573+00:00,26.673003833333333,-81.80553833333333,2e:70:4e:d0:86:c2,-70,2437,6,Bermuda Guest WIFI 2G,pole 12 W
2025-10-24T20:21:11.085573+00:00,26.673003833333333,-81.80553833333333,28:70:4e:d0:86:c2,-70,2437,6,Bermuda 2G,pole 12 W
2025-10-24T20:21:11.085573+00:00,26.673003833333333,-81.80553833333333,2e:70:4e:d2:92:aa,-70,2437,6,Bermuda Guest WIFI 2G,pole 12 N
2025-10-24T20:21:11.085573+00:00,26.673003833333333,-81.80553833333333,1c:6a:1b:63:f6:f2,-70,5240,49,Bermuda Guest WIFI,Outside SE
2025-10-24T20:21:11.085573+00:00,26.673003833333333,-81.80553833333333,28:70:4e:d0:88:f7,-70,5240,49,Bermuda Guest WIFI,pole 02 N2
2025-10-24T20:21:11.085573+00:00,26.673003833333333,-81.80553833333333,28:70:4e:dd:d3:20,-70,5785,158,Bermuda Guest WIFI,pole 01 NE
2025-10-24T20:21:11.085573+00:00,26.673003833333333,-81.80553833333333,28:70:4e:d2:8b:2e,-70,5220,45,Bermuda Guest WIFI,pole 02 W
2025-10-24T20:21:11.085573+00:00,26.673003833333333,-81.80553833333333,22:6a:1b:63:f6:f2,-70,5240,49,Bermuda,Outside SE
2025-10-24T20:21:11.085573+00:00,26.673003833333333,-81.80553833333333,28:70:4e:d0:89:0c,-70,5220,45,Bermuda Guest WIFI,pole 10
2025-10-24T20:21:11.085573+00:00,26.673003833333333,-81.80553833333333,28:70:4e:d2:c9:b1,-70,5220,45,Bermuda Guest WIFI,pole 15 NW
2025-10-24T20:21:11.085573+00:00,26.673003833333333,-81.80553833333333,2e:70:4e:d2:8b:2e,-70,5220,45,Bermuda,pole 02 W
2025-10-24T20:21:11.085573+00:00,26.673003833333333,-81.80553833333333,2e:70:4e:d0:89:0c,-70,5220,45,Bermuda,pole 10
2025-10-24T20:21:11.085573+00:00,26.673003833333333,-81.80553833333333,28:70:4e:d0:88:f9,-72,2412,1,Bermuda 2G,pole 11
2025-10-24T20:21:11.085573+00:00,26.673003833333333,-81.80553833333333,28:70:4e:d2:92:aa,-73,2437,6,Bermuda 2G,pole 12 N
2025-10-24T20:21:11.085573+00:00,26.673003833333333,-81.80553833333333,2e:70:4e:d0:88:f9,-75,2412,1,Bermuda Guest WIFI 2G,pole 11
2025-10-24T20:21:11.085573+00:00,26.673003833333333,-81.80553833333333,2e:70:4e:d0:88:fa,-75,5765,154,Bermuda,pole 11
2025-10-24T20:21:11.085573+00:00,26.673003833333333,-81.80553833333333,28:70:4e:d0:88:fa,-76,5765,154,Bermuda Guest WIFI,pole 11
2025-10-24T20:21:11.085573+00:00,26.673003833333333,-81.80553833333333,28:70:4e:d0:88:22,-77,5765,154,Bermuda Guest WIFI,pole 14
2025-10-24T20:21:11.085573+00:00,26.673003833333333,-81.80553833333333,2e:70:4e:d0:88:22,-77,5765,154,Bermuda,pole 14
2025-10-24T20:21:11.085573+00:00,26.673003833333333,-81.80553833333333,1c:6a:1b:63:f6:f6,-78,5240,49,Bermuda Guest WIFI,Outside SW
2025-10-24T20:21:11.085573+00:00,26.673003833333333,-81.80553833333333,28:70:4e:d0:87:4f,-78,2462,11,Bermuda 2G,pole 13 E
2025-10-24T20:21:11.085573+00:00,26.673003833333333,-81.80553833333333,2e:70:4e:d0:87:4f,-78,2462,11,Bermuda Guest WIFI 2G,pole 13 E
2025-10-24T20:21:11.085573+00:00,26.673003833333333,-81.80553833333333,22:6a:1b:63:f6:f6,-78,5240,49,Bermuda,Outside SW
2025-10-24T20:21:11.085573+00:00,26.673003833333333,-81.80553833333333,28:70:4e:d0:87:50,-79,5745,150,Bermuda Guest WIFI,pole 13 E
2025-10-24T20:21:11.085573+00:00,26.673003833333333,-81.80553833333333,28:70:4e:d0:86:c3,-79,5765,154,Bermuda Guest WIFI,pole 12 W
2025-10-24T20:21:11.085573+00:00,26.673003833333333,-81.80553833333333,28:70:4e:d2:92:ab,-80,5745,150,Bermuda Guest WIFI,pole 12 N
2025-10-24T20:21:11.085573+00:00,26.673003833333333,-81.80553833333333,2e:70:4e:d0:88:21,-80,2412,1,Bermuda Guest WIFI 2G,pole 14
2025-10-24T20:21:11.085573+00:00,26.673003833333333,-81.80553833333333,2e:70:4e:d0:86:c3,-80,5765,154,Bermuda,pole 12 W
2025-10-24T20:21:11.085573+00:00,26.673003833333333,-81.80553833333333,2e:70:4e:d0:87:50,-80,5745,150,Bermuda,pole 13 E
2025-10-24T20:21:11.085573+00:00,26.673003833333333,-81.80553833333333,2e:70:4e:d0:86:3f,-80,5180,37,Bermuda,pole 09
2025-10-24T20:21:11.085573+00:00,26.673003833333333,-81.80553833333333,2e:70:4e:d2:92:ab,-81,5745,150,Bermuda,pole 12 N
2025-10-24T20:21:11.085573+00:00,26.673003833333333,-81.80553833333333,28:70:4e:d0:88:21,-81,2412,1,Bermuda 2G,pole 14
2025-10-24T20:21:11.085573+00:00,26.673003833333333,-81.80553833333333,2e:70:4e:dd:d0:49,-82,2437,6,Bermuda Guest WIFI 2G,pole 13 SW
2025-10-24T20:21:11.085573+00:00,26.673003833333333,-81.80553833333333,28:70:4e:dd:d0:49,-82,2437,6,Bermuda 2G,pole 13 SW
2025-10-24T20:21:11.085573+00:00,26.673003833333333,-81.80553833333333,28:70:4e:d0:86:3f,-82,5180,37,Bermuda Guest WIFI,pole 09
2025-10-24T20:21:11.085573+00:00,26.673003833333333,-81.80553833333333,28:70:4e:d0:89:21,-83,5200,41,Bermuda Guest WIFI,pole 01 S
2025-10-24T20:21:11.085573+00:00,26.673003833333333,-81.80553833333333,28:70:4e:d0:87:5f,-83,5240,49,Bermuda Guest WIFI,pole 15 S
2025-10-24T20:21:11.085573+00:00,26.673003833333333,-81.80553833333333,84:1f:e8:ff:29:e9,-84,2412,1,ShellyPlusRGBWPM-841FE8FF29E8,Unknown
2025-10-24T20:21:11.085573+00:00,26.673003833333333,-81.80553833333333,6a:4e:05:22:b2:a8,-84,2412,1,venus-HQ2519UPV7N-e3f,Unknown
2025-10-24T20:21:11.085573+00:00,26.67301416666667,-81.8055135,28:70:4e:d0:86:c3,-60,5765,154,Bermuda Guest WIFI,pole 12 W
2025-10-24T20:21:11.085573+00:00,26.67301416666667,-81.8055135,2e:70:4e:d0:86:c3,-60,5765,154,Bermuda,pole 12 W
2025-10-24T20:21:11.085573+00:00,26.67301416666667,-81.8055135,28:70:4e:d2:92:ab,-61,5745,150,Bermuda Guest WIFI,pole 12 N
2025-10-24T20:21:11.085573+00:00,26.67301416666667,-81.8055135,2e:70:4e:d2:92:ab,-63,5745,150,Bermuda,pole 12 N
2025-10-24T20:21:11.085573+00:00,26.67301416666667,-81.8055135,28:70:4e:dd:d0:4a,-67,5240,49,Bermuda Guest WIFI,pole 13 SW
2025-10-24T20:21:11.085573+00:00,26.67301416666667,-81.8055135,2e:70:4e:dd:d0:4a,-67,5240,49,Bermuda,pole 13 SW
2025-10-24T20:21:11.085573+00:00,26.67301416666667,-81.8055135,2e:70:4e:d2:92:aa,-73,2437,6,Bermuda Guest WIFI 2G,pole 12 N
2025-10-24T20:21:11.085573+00:00,26.67301416666667,-81.8055135,2e:70:4e:d0:88:22,-73,5765,154,Bermuda,pole 14
2025-10-24T20:21:11.085573+00:00,26.67301416666667,-81.8055135,28:70:4e:d2:92:aa,-74,2437,6,Bermuda 2G,pole 12 N
2025-10-24T20:21:11.085573+00:00,26.67301416666667,-81.8055135,28:70:4e:d0:88:22,-74,5765,154,Bermuda Guest WIFI,pole 14
2025-10-24T20:21:11.085573+00:00,26.67301416666667,-81.8055135,28:70:4e:dd:d0:49,-74,2437,6,Bermuda 2G,pole 13 SW
2025-10-24T20:21:11.085573+00:00,26.67301416666667,-81.8055135,28:70:4e:d0:88:fa,-74,5765,154,Bermuda Guest WIFI,pole 11
2025-10-24T20:21:11.085573+00:00,26.67301416666667,-81.8055135,2e:70:4e:dd:d0:49,-75,2437,6,Bermuda Guest WIFI 2G,pole 13 SW
2025-10-24T20:21:11.085573+00:00,26.67301416666667,-81.8055135,28:70:4e:d0:88:f9,-75,2412,1,Bermuda 2G,pole 11
2025-10-24T20:21:11.085573+00:00,26.67301416666667,-81.8055135,2e:70:4e:d0:88:fa,-75,5765,154,Bermuda,pole 11
2025-10-24T20:21:11.085573+00:00,26.67301416666667,-81.8055135,2e:70:4e:d0:88:f9,-76,2412,1,Bermuda Guest WIFI 2G,pole 11
2025-10-24T20:21:11.085573+00:00,26.67301416666667,-81.8055135,28:70:4e:d0:89:0c,-76,5220,45,Bermuda Guest WIFI,pole 10
2025-10-24T20:21:11.085573+00:00,26.67301416666667,-81.8055135,2e:70:4e:d0:89:0c,-76,5220,45,Bermuda,pole 10
2025-10-24T20:21:11.085573+00:00,26.67301416666667,-81.8055135,2e:70:4e:d0:86:c2,-77,2437,6,Bermuda Guest WIFI 2G,pole 12 W
2025-10-24T20:21:11.085573+00:00,26.67301416666667,-81.8055135,28:70:4e:d0:86:c2,-79,2437,6,Bermuda 2G,pole 12 W
2025-10-24T20:21:11.085573+00:00,26.67301416666667,-81.8055135,28:70:4e:d0:87:4f,-81,2462,11,Bermuda 2G,pole 13 E
2025-10-24T20:21:11.085573+00:00,26.67301416666667,-81.8055135,2e:70:4e:d0:87:4f,-81,2462,11,Bermuda Guest WIFI 2G,pole 13 E
2025-10-24T20:21:11.085573+00:00,26.67301416666667,-81.8055135,28:70:4e:d2:c9:b1,-82,5220,45,Bermuda Guest WIFI,pole 15 NW
2025-10-24T20:21:11.085573+00:00,26.67301416666667,-81.8055135,2e:70:4e:d2:c9:b1,-83,5220,45,Bermuda,pole 15 NW
2025-10-24T20:21:11.085573+00:00,26.67301416666667,-81.8055135,6a:4e:05:22:b2:a8,-84,2412,1,venus-HQ2519UPV7N-e3f,Unknown
2025-10-24T20:21:49.086807+00:00,26.673128333333334,-81.80546566666666,28:70:4e:d2:92:ab,-61,5745,150,Bermuda Guest WIFI,pole 12 N
2025-10-24T20:21:49.086807+00:00,26.673128333333334,-81.80546566666666,2e:70:4e:d2:92:ab,-61,5745,150,Bermuda,pole 12 N
2025-10-24T20:21:49.086807+00:00,26.673128333333334,-81.80546566666666,2e:70:4e:dd:d0:4a,-64,5240,49,Bermuda,pole 13 SW
2025-10-24T20:21:49.086807+00:00,26.673128333333334,-81.80546566666666,28:70:4e:d0:86:c3,-65,5765,154,Bermuda Guest WIFI,pole 12 W
2025-10-24T20:21:49.086807+00:00,26.673128333333334,-81.80546566666666,2e:70:4e:d0:86:c3,-65,5765,154,Bermuda,pole 12 W
2025-10-24T20:21:49.086807+00:00,26.673128333333334,-81.80546566666666,28:70:4e:dd:d0:4a,-68,5240,49,Bermuda Guest WIFI,pole 13 SW
2025-10-24T20:21:49.086807+00:00,26.673128333333334,-81.80546566666666,28:70:4e:d2:c9:b1,-72,5220,45,Bermuda Guest WIFI,pole 15 NW
2025-10-24T20:21:49.086807+00:00,26.673128333333334,-81.80546566666666,2e:70:4e:d2:c9:b1,-72,5220,45,Bermuda,pole 15 NW
2025-10-24T20:21:49.086807+00:00,26.673128333333334,-81.80546566666666,28:70:4e:d0:88:22,-73,5765,154,Bermuda Guest WIFI,pole 14
2025-10-24T20:21:49.086807+00:00,26.673128333333334,-81.80546566666666,2e:70:4e:d0:88:22,-73,5765,154,Bermuda,pole 14
2025-10-24T20:21:49.086807+00:00,26.673128333333334,-81.80546566666666,28:70:4e:d0:88:fa,-73,5765,154,Bermuda Guest WIFI,pole 11
2025-10-24T20:21:49.086807+00:00,26.673128333333334,-81.80546566666666,2e:70:4e:d0:88:fa,-74,5765,154,Bermuda,pole 11
2025-10-24T20:21:49.086807+00:00,26.673128333333334,-81.80546566666666,28:70:4e:d0:86:c2,-74,2437,6,Bermuda 2G,pole 12 W
2025-10-24T20:21:49.086807+00:00,26.673128333333334,-81.80546566666666,28:70:4e:dd:d0:49,-75,2437,6,Bermuda 2G,pole 13 SW
2025-10-24T20:21:49.086807+00:00,26.673128333333334,-81.80546566666666,2e:70:4e:d0:86:c2,-75,2437,6,Bermuda Guest WIFI 2G,pole 12 W
2025-10-24T20:21:49.086807+00:00,26.673128333333334,-81.80546566666666,2e:70:4e:dd:d0:49,-76,2437,6,Bermuda Guest WIFI 2G,pole 13 SW
2025-10-24T20:21:49.086807+00:00,26.673128333333334,-81.80546566666666,28:70:4e:d0:89:0c,-76,5220,45,Bermuda Guest WIFI,pole 10
2025-10-24T20:21:49.086807+00:00,26.673128333333334,-81.80546566666666,2e:70:4e:d0:89:0c,-76,5220,45,Bermuda,pole 10
2025-10-24T20:21:49.086807+00:00,26.673128333333334,-81.80546566666666,28:70:4e:d0:87:4f,-77,2462,11,Bermuda 2G,pole 13 E
2025-10-24T20:21:49.086807+00:00,26.673128333333334,-81.80546566666666,2e:70:4e:d0:87:4f,-77,2462,11,Bermuda Guest WIFI 2G,pole 13 E
2025-10-24T20:21:49.086807+00:00,26.673128333333334,-81.80546566666666,2e:70:4e:d2:92:aa,-78,2437,6,Bermuda Guest WIFI 2G,pole 12 N
2025-10-24T20:21:49.086807+00:00,26.673128333333334,-81.80546566666666,1c:6a:1b:63:f6:f2,-78,5240,49,Bermuda Guest WIFI,Outside SE
2025-10-24T20:21:49.086807+00:00,26.673128333333334,-81.80546566666666,28:70:4e:d2:92:aa,-79,2437,6,Bermuda 2G,pole 12 N
2025-10-24T20:21:49.086807+00:00,26.673128333333334,-81.80546566666666,22:6a:1b:63:f6:f2,-79,5240,49,Bermuda,Outside SE
2025-10-24T20:21:49.086807+00:00,26.673128333333334,-81.80546566666666,1c:6a:1b:63:f6:f6,-79,5240,49,Bermuda Guest WIFI,Outside SW
2025-10-24T20:21:49.086807+00:00,26.673128333333334,-81.80546566666666,22:6a:1b:63:f6:f6,-79,5240,49,Bermuda,Outside SW
2025-10-24T20:21:49.086807+00:00,26.673128333333334,-81.80546566666666,28:70:4e:d0:87:50,-80,5745,150,Bermuda Guest WIFI,pole 13 E
2025-10-24T20:21:49.086807+00:00,26.673128333333334,-81.80546566666666,2e:70:4e:d0:87:50,-80,5745,150,Bermuda,pole 13 E
2025-10-24T20:21:49.086807+00:00,26.673128333333334,-81.80546566666666,28:70:4e:d0:88:f9,-81,2412,1,Bermuda 2G,pole 11
2025-10-24T20:21:49.086807+00:00,26.673128333333334,-81.80546566666666,2e:70:4e:d0:88:f9,-82,2412,1,Bermuda Guest WIFI 2G,pole 11
2025-10-24T20:21:49.086807+00:00,26.673128333333334,-81.80546566666666,6a:4e:05:22:b2:a8,-84,2412,1,venus-HQ2519UPV7N-e3f,Unknown
2025-10-24T20:21:49.086807+00:00,26.673128333333334,-81.80546566666666,28:70:4e:d0:88:21,-84,2412,1,Bermuda 2G,pole 14
2025-10-24T20:21:49.086807+00:00,26.673128333333334,-81.80546566666666,28:70:4e:d2:c9:b0,-85,2437,6,Bermuda 2G,pole 15 NW
2025-10-24T20:21:49.086807+00:00,26.673128333333334,-81.80546566666666,2e:70:4e:d0:88:21,-86,2412,1,Bermuda Guest WIFI 2G,pole 14
2025-10-24T20:21:49.086807+00:00,26.673128333333334,-81.80546566666666,28:70:4e:d0:89:0b,-87,2412,1,Bermuda 2G,pole 10
2025-10-24T20:21:49.086807+00:00,26.673128333333334,-81.80546566666666,2e:70:4e:d0:89:0b,-87,2412,1,Bermuda Guest WIFI 2G,pole 10
2025-10-24T20:21:49.086807+00:00,26.673161666666665,-81.80545833333333,28:70:4e:d2:92:ab,-61,5745,150,Bermuda Guest WIFI,pole 12 N
2025-10-24T20:21:49.086807+00:00,26.673161666666665,-81.80545833333333,2e:70:4e:dd:d0:4a,-64,5240,49,Bermuda,pole 13 SW
2025-10-24T20:21:49.086807+00:00,26.673161666666665,-81.80545833333333,28:70:4e:d0:86:c3,-67,5765,154,Bermuda Guest WIFI,pole 12 W
2025-10-24T20:21:49.086807+00:00,26.673161666666665,-81.80545833333333,2e:70:4e:d0:86:c3,-67,5765,154,Bermuda,pole 12 W
2025-10-24T20:21:49.086807+00:00,26.673161666666665,-81.80545833333333,2e:70:4e:d2:92:ab,-67,5745,150,Bermuda,pole 12 N
2025-10-24T20:21:49.086807+00:00,26.673161666666665,-81.80545833333333,28:70:4e:dd:d0:4a,-68,5240,49,Bermuda Guest WIFI,pole 13 SW
2025-10-24T20:21:49.086807+00:00,26.673161666666665,-81.80545833333333,28:70:4e:d2:c9:b1,-72,5220,45,Bermuda Guest WIFI,pole 15 NW
2025-10-24T20:21:49.086807+00:00,26.673161666666665,-81.80545833333333,2e:70:4e:d2:c9:b1,-72,5220,45,Bermuda,pole 15 NW
2025-10-24T20:21:49.086807+00:00,26.673161666666665,-81.80545833333333,2e:70:4e:d0:86:c2,-72,2437,6,Bermuda Guest WIFI 2G,pole 12 W
2025-10-24T20:21:49.086807+00:00,26.673161666666665,-81.80545833333333,28:70:4e:d0:88:22,-73,5765,154,Bermuda Guest WIFI,pole 14
2025-10-24T20:21:49.086807+00:00,26.673161666666665,-81.80545833333333,28:70:4e:d0:88:fa,-73,5765,154,Bermuda Guest WIFI,pole 11
2025-10-24T20:21:49.086807+00:00,26.673161666666665,-81.80545833333333,28:70:4e:d0:86:c2,-73,2437,6,Bermuda 2G,pole 12 W
2025-10-24T20:21:49.086807+00:00,26.673161666666665,-81.80545833333333,2e:70:4e:d0:88:22,-74,5765,154,Bermuda,pole 14
2025-10-24T20:21:49.086807+00:00,26.673161666666665,-81.80545833333333,2e:70:4e:d0:88:fa,-74,5765,154,Bermuda,pole 11
2025-10-24T20:21:49.086807+00:00,26.673161666666665,-81.80545833333333,28:70:4e:dd:d0:49,-75,2437,6,Bermuda 2G,pole 13 SW
2025-10-24T20:21:49.086807+00:00,26.673161666666665,-81.80545833333333,2e:70:4e:dd:d0:49,-76,2437,6,Bermuda Guest WIFI 2G,pole 13 SW
2025-10-24T20:21:49.086807+00:00,26.673161666666665,-81.80545833333333,28:70:4e:d0:89:0c,-76,5220,45,Bermuda Guest WIFI,pole 10
2025-10-24T20:21:49.086807+00:00,26.673161666666665,-81.80545833333333,2e:70:4e:d0:89:0c,-76,5220,45,Bermuda,pole 10
2025-10-24T20:21:49.086807+00:00,26.673161666666665,-81.80545833333333,2e:70:4e:d2:92:aa,-77,2437,6,Bermuda Guest WIFI 2G,pole 12 N
2025-10-24T20:21:49.086807+00:00,26.673161666666665,-81.80545833333333,28:70:4e:d0:87:4f,-77,2462,11,Bermuda 2G,pole 13 E
2025-10-24T20:21:49.086807+00:00,26.673161666666665,-81.80545833333333,2e:70:4e:d0:87:4f,-77,2462,11,Bermuda Guest WIFI 2G,pole 13 E
2025-10-24T20:21:49.086807+00:00,26.673161666666665,-81.80545833333333,28:70:4e:d2:92:aa,-78,2437,6,Bermuda 2G,pole 12 N
2025-10-24T20:21:49.086807+00:00,26.673161666666665,-81.80545833333333,1c:6a:1b:63:f6:f2,-78,5240,49,Bermuda Guest WIFI,Outside SE
2025-10-24T20:21:49.086807+00:00,26.673161666666665,-81.80545833333333,1c:6a:1b:63:f6:f6,-78,5240,49,Bermuda Guest WIFI,Outside SW
2025-10-24T20:21:49.086807+00:00,26.673161666666665,-81.80545833333333,22:6a:1b:63:f6:f6,-78,5240,49,Bermuda,Outside SW
2025-10-24T20:21:49.086807+00:00,26.673161666666665,-81.80545833333333,22:6a:1b:63:f6:f2,-79,5240,49,Bermuda,Outside SE
2025-10-24T20:21:49.086807+00:00,26.673161666666665,-81.80545833333333,28:70:4e:d0:87:50,-80,5745,150,Bermuda Guest WIFI,pole 13 E
2025-10-24T20:21:49.086807+00:00,26.673161666666665,-81.80545833333333,2e:70:4e:d0:87:50,-80,5745,150,Bermuda,pole 13 E
2025-10-24T20:21:49.086807+00:00,26.673161666666665,-81.80545833333333,28:70:4e:d0:88:f9,-81,2412,1,Bermuda 2G,pole 11
2025-10-24T20:21:49.086807+00:00,26.673161666666665,-81.80545833333333,84:1f:e8:ff:29:e9,-81,2412,1,ShellyPlusRGBWPM-841FE8FF29E8,Unknown
2025-10-24T20:21:49.086807+00:00,26.673161666666665,-81.80545833333333,2e:70:4e:d0:88:f9,-82,2412,1,Bermuda Guest WIFI 2G,pole 11
2025-10-24T20:21:49.086807+00:00,26.673161666666665,-81.80545833333333,6a:4e:05:22:b2:a8,-84,2412,1,venus-HQ2519UPV7N-e3f,Unknown
2025-10-24T20:21:49.086807+00:00,26.673161666666665,-81.80545833333333,28:70:4e:d0:88:21,-84,2412,1,Bermuda 2G,pole 14
2025-10-24T20:21:49.086807+00:00,26.673161666666665,-81.80545833333333,28:70:4e:d2:c9:b0,-85,2437,6,Bermuda 2G,pole 15 NW
2025-10-24T20:21:49.086807+00:00,26.673161666666665,-81.80545833333333,2e:70:4e:d0:88:21,-86,2412,1,Bermuda Guest WIFI 2G,pole 14
2025-10-24T20:21:49.086807+00:00,26.673161666666665,-81.80545833333333,28:70:4e:d0:89:0b,-87,2412,1,Bermuda 2G,pole 10
2025-10-24T20:21:49.086807+00:00,26.673161666666665,-81.80545833333333,2e:70:4e:d0:89:0b,-87,2412,1,Bermuda Guest WIFI 2G,pole 10
2025-10-24T20:21:49.086807+00:00,26.673156,-81.80545666666667,28:70:4e:d2:92:ab,-61,5745,150,Bermuda Guest WIFI,pole 12 N
2025-10-24T20:21:49.086807+00:00,26.673156,-81.80545666666667,28:70:4e:dd:d0:4a,-62,5240,49,Bermuda Guest WIFI,pole 13 SW
2025-10-24T20:21:49.086807+00:00,26.673156,-81.80545666666667,2e:70:4e:dd:d0:4a,-62,5240,49,Bermuda,pole 13 SW
2025-10-24T20:21:49.086807+00:00,26.673156,-81.80545666666667,2e:70:4e:d0:88:22,-64,5765,154,Bermuda,pole 14
2025-10-24T20:21:49.086807+00:00,26.673156,-81.80545666666667,28:70:4e:d0:86:c3,-64,5765,154,Bermuda Guest WIFI,pole 12 W
2025-10-24T20:21:49.086807+00:00,26.673156,-81.80545666666667,28:70:4e:d0:88:22,-65,5765,154,Bermuda Guest WIFI,pole 14
2025-10-24T20:21:49.086807+00:00,26.673156,-81.80545666666667,2e:70:4e:d0:86:c3,-66,5765,154,Bermuda,pole 12 W
2025-10-24T20:21:49.086807+00:00,26.673156,-81.80545666666667,2e:70:4e:d2:92:ab,-67,5745,150,Bermuda,pole 12 N
2025-10-24T20:21:49.086807+00:00,26.673156,-81.80545666666667,28:70:4e:d2:c9:b1,-72,5220,45,Bermuda Guest WIFI,pole 15 NW
2025-10-24T20:21:49.086807+00:00,26.673156,-81.80545666666667,2e:70:4e:d2:c9:b1,-72,5220,45,Bermuda,pole 15 NW
2025-10-24T20:21:49.086807+00:00,26.673156,-81.80545666666667,28:70:4e:d0:88:fa,-73,5765,154,Bermuda Guest WIFI,pole 11
2025-10-24T20:21:49.086807+00:00,26.673156,-81.80545666666667,2e:70:4e:d0:88:fa,-74,5765,154,Bermuda,pole 11
2025-10-24T20:21:49.086807+00:00,26.673156,-81.80545666666667,28:70:4e:dd:d0:49,-75,2437,6,Bermuda 2G,pole 13 SW
2025-10-24T20:21:49.086807+00:00,26.673156,-81.80545666666667,2e:70:4e:dd:d0:49,-76,2437,6,Bermuda Guest WIFI 2G,pole 13 SW
2025-10-24T20:21:49.086807+00:00,26.673156,-81.80545666666667,28:70:4e:d0:87:4f,-78,2462,11,Bermuda 2G,pole 13 E
2025-10-24T20:21:49.086807+00:00,26.673156,-81.80545666666667,2e:70:4e:d0:86:c2,-78,2437,6,Bermuda Guest WIFI 2G,pole 12 W
2025-10-24T20:21:49.086807+00:00,26.673156,-81.80545666666667,1c:6a:1b:63:f6:f2,-78,5240,49,Bermuda Guest WIFI,Outside SE
2025-10-24T20:21:49.086807+00:00,26.673156,-81.80545666666667,1c:6a:1b:63:f6:f6,-78,5240,49,Bermuda Guest WIFI,Outside SW
2025-10-24T20:21:49.086807+00:00,26.673156,-81.80545666666667,22:6a:1b:63:f6:f6,-78,5240,49,Bermuda,Outside SW
2025-10-24T20:21:49.086807+00:00,26.673156,-81.80545666666667,28:70:4e:d2:92:aa,-79,2437,6,Bermuda 2G,pole 12 N
2025-10-24T20:21:49.086807+00:00,26.673156,-81.80545666666667,2e:70:4e:d2:92:aa,-79,2437,6,Bermuda Guest WIFI 2G,pole 12 N
2025-10-24T20:21:49.086807+00:00,26.673156,-81.80545666666667,2e:70:4e:d0:87:4f,-79,2462,11,Bermuda Guest WIFI 2G,pole 13 E
2025-10-24T20:21:49.086807+00:00,26.673156,-81.80545666666667,22:6a:1b:63:f6:f2,-79,5240,49,Bermuda,Outside SE
2025-10-24T20:21:49.086807+00:00,26.673156,-81.80545666666667,28:70:4e:d0:86:c2,-80,2437,6,Bermuda 2G,pole 12 W
2025-10-24T20:21:49.086807+00:00,26.673156,-81.80545666666667,28:70:4e:d0:87:50,-80,5745,150,Bermuda Guest WIFI,pole 13 E
2025-10-24T20:21:49.086807+00:00,26.673156,-81.80545666666667,2e:70:4e:d0:87:50,-80,5745,150,Bermuda,pole 13 E
2025-10-24T20:21:49.086807+00:00,26.673156,-81.80545666666667,28:70:4e:d0:88:f9,-81,2412,1,Bermuda 2G,pole 11
2025-10-24T20:21:49.086807+00:00,26.673156,-81.80545666666667,84:1f:e8:ff:29:e9,-81,2412,1,ShellyPlusRGBWPM-841FE8FF29E8,Unknown
2025-10-24T20:21:49.086807+00:00,26.673156,-81.80545666666667,2e:70:4e:d0:88:f9,-82,2412,1,Bermuda Guest WIFI 2G,pole 11
2025-10-24T20:21:49.086807+00:00,26.673156,-81.80545666666667,28:70:4e:d0:88:21,-84,2412,1,Bermuda 2G,pole 14
2025-10-24T20:21:49.086807+00:00,26.673156,-81.80545666666667,28:70:4e:d2:c9:b0,-85,2437,6,Bermuda 2G,pole 15 NW
2025-10-24T20:21:49.086807+00:00,26.673156,-81.80545666666667,2e:70:4e:d0:88:21,-86,2412,1,Bermuda Guest WIFI 2G,pole 14
2025-10-24T20:21:49.086807+00:00,26.673156,-81.80545666666667,28:70:4e:d0:89:0b,-87,2412,1,Bermuda 2G,pole 10
2025-10-24T20:21:49.086807+00:00,26.673156,-81.80545666666667,2e:70:4e:d0:89:0b,-87,2412,1,Bermuda Guest WIFI 2G,pole 10
2025-10-24T20:21:49.086807+00:00,26.6731595,-81.80545416666666,28:70:4e:dd:d0:4a,-61,5240,49,Bermuda Guest WIFI,pole 13 SW
2025-10-24T20:21:49.086807+00:00,26.6731595,-81.80545416666666,2e:70:4e:dd:d0:4a,-61,5240,49,Bermuda,pole 13 SW
2025-10-24T20:21:49.086807+00:00,26.6731595,-81.80545416666666,28:70:4e:d0:88:22,-63,5765,154,Bermuda Guest WIFI,pole 14
2025-10-24T20:21:49.086807+00:00,26.6731595,-81.80545416666666,2e:70:4e:d0:88:22,-63,5765,154,Bermuda,pole 14
2025-10-24T20:21:49.086807+00:00,26.6731595,-81.80545416666666,28:70:4e:d0:86:c3,-64,5765,154,Bermuda Guest WIFI,pole 12 W
2025-10-24T20:21:49.086807+00:00,26.6731595,-81.80545416666666,2e:70:4e:d0:86:c3,-65,5765,154,Bermuda,pole 12 W
2025-10-24T20:21:49.086807+00:00,26.6731595,-81.80545416666666,28:70:4e:d2:92:ab,-67,5745,150,Bermuda Guest WIFI,pole 12 N
2025-10-24T20:21:49.086807+00:00,26.6731595,-81.80545416666666,2e:70:4e:d2:92:ab,-67,5745,150,Bermuda,pole 12 N
2025-10-24T20:21:49.086807+00:00,26.6731595,-81.80545416666666,28:70:4e:d2:c9:b1,-72,5220,45,Bermuda Guest WIFI,pole 15 NW
2025-10-24T20:21:49.086807+00:00,26.6731595,-81.80545416666666,28:70:4e:d0:86:c2,-72,2437,6,Bermuda 2G,pole 12 W
2025-10-24T20:21:49.086807+00:00,26.6731595,-81.80545416666666,1c:6a:1b:63:f6:f2,-72,5240,49,Bermuda Guest WIFI,Outside SE
2025-10-24T20:21:49.086807+00:00,26.6731595,-81.80545416666666,28:70:4e:d0:89:0c,-72,5220,45,Bermuda Guest WIFI,pole 10
2025-10-24T20:21:49.086807+00:00,26.6731595,-81.80545416666666,2e:70:4e:d0:89:0c,-72,5220,45,Bermuda,pole 10
2025-10-24T20:21:49.086807+00:00,26.6731595,-81.80545416666666,2e:70:4e:d2:c9:b1,-72,5220,45,Bermuda,pole 15 NW
2025-10-24T20:21:49.086807+00:00,26.6731595,-81.80545416666666,28:70:4e:d0:88:fa,-73,5765,154,Bermuda Guest WIFI,pole 11
2025-10-24T20:21:49.086807+00:00,26.6731595,-81.80545416666666,2e:70:4e:d0:88:fa,-73,5765,154,Bermuda,pole 11
2025-10-24T20:21:49.086807+00:00,26.6731595,-81.80545416666666,2e:70:4e:d0:87:4f,-74,2462,11,Bermuda Guest WIFI 2G,pole 13 E
2025-10-24T20:21:49.086807+00:00,26.6731595,-81.80545416666666,2e:70:4e:d0:86:c2,-74,2437,6,Bermuda Guest WIFI 2G,pole 12 W
2025-10-24T20:21:49.086807+00:00,26.6731595,-81.80545416666666,2e:70:4e:d2:92:aa,-75,2437,6,Bermuda Guest WIFI 2G,pole 12 N
2025-10-24T20:21:49.086807+00:00,26.6731595,-81.80545416666666,28:70:4e:d0:87:50,-75,5745,150,Bermuda Guest WIFI,pole 13 E
2025-10-24T20:21:49.086807+00:00,26.6731595,-81.80545416666666,2e:70:4e:d0:87:50,-75,5745,150,Bermuda,pole 13 E
2025-10-24T20:21:49.086807+00:00,26.6731595,-81.80545416666666,28:70:4e:d2:92:aa,-77,2437,6,Bermuda 2G,pole 12 N
2025-10-24T20:21:49.086807+00:00,26.6731595,-81.80545416666666,28:70:4e:d0:87:4f,-77,2462,11,Bermuda 2G,pole 13 E
2025-10-24T20:21:49.086807+00:00,26.6731595,-81.80545416666666,84:1f:e8:ff:29:e9,-78,2412,1,ShellyPlusRGBWPM-841FE8FF29E8,Unknown
2025-10-24T20:21:49.086807+00:00,26.6731595,-81.80545416666666,1c:6a:1b:63:f6:f6,-80,5240,49,Bermuda Guest WIFI,Outside SW
2025-10-24T20:21:49.086807+00:00,26.6731595,-81.80545416666666,22:6a:1b:63:f6:f6,-80,5240,49,Bermuda,Outside SW
2025-10-24T20:21:49.086807+00:00,26.6731595,-81.80545416666666,28:70:4e:dd:d0:49,-82,2437,6,Bermuda 2G,pole 13 SW
2025-10-24T20:21:49.086807+00:00,26.6731595,-81.80545416666666,2e:70:4e:d0:88:f9,-82,2412,1,Bermuda Guest WIFI 2G,pole 11
2025-10-24T20:21:49.086807+00:00,26.6731595,-81.80545416666666,6a:4e:05:22:b2:a8,-84,2412,1,venus-HQ2519UPV7N-e3f,Unknown
2025-10-24T20:21:49.086807+00:00,26.6731595,-81.80545416666666,28:70:4e:d2:c9:b0,-85,2437,6,Bermuda 2G,pole 15 NW
2025-10-24T20:21:49.086807+00:00,26.6731595,-81.80545416666666,28:70:4e:d0:88:f9,-86,2412,1,Bermuda 2G,pole 11
2025-10-24T20:22:28.083978+00:00,26.673156833333334,-81.80545033333334,28:70:4e:dd:d0:4a,-59,5240,49,Bermuda Guest WIFI,pole 13 SW
2025-10-24T20:22:28.083978+00:00,26.673156833333334,-81.80545033333334,2e:70:4e:dd:d0:4a,-59,5240,49,Bermuda,pole 13 SW
2025-10-24T20:22:28.083978+00:00,26.673156833333334,-81.80545033333334,28:70:4e:d0:86:c3,-62,5765,154,Bermuda Guest WIFI,pole 12 W
2025-10-24T20:22:28.083978+00:00,26.673156833333334,-81.80545033333334,2e:70:4e:d0:86:c3,-62,5765,154,Bermuda,pole 12 W
2025-10-24T20:22:28.083978+00:00,26.673156833333334,-81.80545033333334,28:70:4e:d0:88:22,-63,5765,154,Bermuda Guest WIFI,pole 14
2025-10-24T20:22:28.083978+00:00,26.673156833333334,-81.80545033333334,2e:70:4e:d0:88:22,-63,5765,154,Bermuda,pole 14
2025-10-24T20:22:28.083978+00:00,26.673156833333334,-81.80545033333334,2e:70:4e:d2:92:ab,-64,5745,150,Bermuda,pole 12 N
2025-10-24T20:22:28.083978+00:00,26.673156833333334,-81.80545033333334,28:70:4e:d2:92:ab,-66,5745,150,Bermuda Guest WIFI,pole 12 N
2025-10-24T20:22:28.083978+00:00,26.673156833333334,-81.80545033333334,28:70:4e:d0:86:c2,-71,2437,6,Bermuda 2G,pole 12 W
2025-10-24T20:22:28.083978+00:00,26.673156833333334,-81.80545033333334,28:70:4e:d0:87:50,-71,5745,150,Bermuda Guest WIFI,pole 13 E
2025-10-24T20:22:28.083978+00:00,26.673156833333334,-81.80545033333334,2e:70:4e:d0:87:50,-71,5745,150,Bermuda,pole 13 E
2025-10-24T20:22:28.083978+00:00,26.673156833333334,-81.80545033333334,2e:70:4e:d0:86:c2,-72,2437,6,Bermuda Guest WIFI 2G,pole 12 W
2025-10-24T20:22:28.083978+00:00,26.673156833333334,-81.80545033333334,1c:6a:1b:63:f6:f2,-72,5240,49,Bermuda Guest WIFI,Outside SE
2025-10-24T20:22:28.083978+00:00,26.673156833333334,-81.80545033333334,28:70:4e:d0:89:0c,-72,5220,45,Bermuda Guest WIFI,pole 10
2025-10-24T20:22:28.083978+00:00,26.673156833333334,-81.80545033333334,28:70:4e:d2:8b:2e,-72,5220,45,Bermuda Guest WIFI,pole 02 W
2025-10-24T20:22:28.083978+00:00,26.673156833333334,-81.80545033333334,22:6a:1b:63:f6:f2,-72,5240,49,Bermuda,Outside SE
2025-10-24T20:22:28.083978+00:00,26.673156833333334,-81.80545033333334,2e:70:4e:d0:89:0c,-72,5220,45,Bermuda,pole 10
2025-10-24T20:22:28.083978+00:00,26.673156833333334,-81.80545033333334,28:70:4e:d2:c9:b1,-73,5220,45,Bermuda Guest WIFI,pole 15 NW
2025-10-24T20:22:28.083978+00:00,26.673156833333334,-81.80545033333334,2e:70:4e:d2:92:aa,-74,2437,6,Bermuda Guest WIFI 2G,pole 12 N
2025-10-24T20:22:28.083978+00:00,26.673156833333334,-81.80545033333334,2e:70:4e:d2:c9:b1,-74,5220,45,Bermuda,pole 15 NW
2025-10-24T20:22:28.083978+00:00,26.673156833333334,-81.80545033333334,28:70:4e:d2:92:aa,-75,2437,6,Bermuda 2G,pole 12 N
2025-10-24T20:22:28.083978+00:00,26.673156833333334,-81.80545033333334,2e:70:4e:d0:87:4f,-75,2462,11,Bermuda Guest WIFI 2G,pole 13 E
2025-10-24T20:22:28.083978+00:00,26.673156833333334,-81.80545033333334,28:70:4e:d0:87:4f,-76,2462,11,Bermuda 2G,pole 13 E
2025-10-24T20:22:28.083978+00:00,26.673156833333334,-81.80545033333334,28:70:4e:dd:d0:49,-77,2437,6,Bermuda 2G,pole 13 SW
2025-10-24T20:22:28.083978+00:00,26.673156833333334,-81.80545033333334,2e:70:4e:dd:d0:49,-77,2437,6,Bermuda Guest WIFI 2G,pole 13 SW
2025-10-24T20:22:28.083978+00:00,26.673156833333334,-81.80545033333334,28:70:4e:d0:88:f9,-79,2412,1,Bermuda 2G,pole 11
2025-10-24T20:22:28.083978+00:00,26.673156833333334,-81.80545033333334,1c:6a:1b:63:f6:f6,-79,5240,49,Bermuda Guest WIFI,Outside SW
2025-10-24T20:22:28.083978+00:00,26.673156833333334,-81.80545033333334,22:6a:1b:63:f6:f6,-79,5240,49,Bermuda,Outside SW
2025-10-24T20:22:28.083978+00:00,26.673156833333334,-81.80545033333334,84:1f:e8:ff:29:e9,-80,2412,1,ShellyPlusRGBWPM-841FE8FF29E8,Unknown
2025-10-24T20:22:28.083978+00:00,26.673156833333334,-81.80545033333334,2e:70:4e:d0:88:fa,-80,5765,154,Bermuda,pole 11
2025-10-24T20:22:28.083978+00:00,26.673156833333334,-81.80545033333334,28:70:4e:d0:88:fa,-81,5765,154,Bermuda Guest WIFI,pole 11
2025-10-24T20:22:28.083978+00:00,26.673156833333334,-81.80545033333334,28:70:4e:d0:88:f7,-81,5240,49,Bermuda Guest WIFI,pole 02 N2
2025-10-24T20:22:28.083978+00:00,26.673156833333334,-81.80545033333334,28:70:4e:d0:88:21,-82,2412,1,Bermuda 2G,pole 14
2025-10-24T20:22:28.083978+00:00,26.673156833333334,-81.80545033333334,6a:4e:05:22:b2:a8,-84,2412,1,venus-HQ2519UPV7N-e3f,Unknown
2025-10-24T20:22:28.083978+00:00,26.673156833333334,-81.80545033333334,2e:70:4e:d0:88:21,-84,2412,1,Bermuda Guest WIFI 2G,pole 14
2025-10-24T20:22:28.083978+00:00,26.673156833333334,-81.80545033333334,2e:70:4e:d0:89:0b,-85,2412,1,Bermuda Guest WIFI 2G,pole 10
2025-10-24T20:22:28.083978+00:00,26.673150333333332,-81.80544883333333,2e:70:4e:dd:d0:4a,-56,5240,49,Bermuda,pole 13 SW
2025-10-24T20:22:28.083978+00:00,26.673150333333332,-81.80544883333333,28:70:4e:dd:d0:4a,-59,5240,49,Bermuda Guest WIFI,pole 13 SW
2025-10-24T20:22:28.083978+00:00,26.673150333333332,-81.80544883333333,28:70:4e:d0:88:22,-63,5765,154,Bermuda Guest WIFI,pole 14
2025-10-24T20:22:28.083978+00:00,26.673150333333332,-81.80544883333333,2e:70:4e:d0:88:22,-63,5765,154,Bermuda,pole 14
2025-10-24T20:22:28.083978+00:00,26.673150333333332,-81.80544883333333,2e:70:4e:d2:92:ab,-64,5745,150,Bermuda,pole 12 N
2025-10-24T20:22:28.083978+00:00,26.673150333333332,-81.80544883333333,28:70:4e:d2:92:ab,-66,5745,150,Bermuda Guest WIFI,pole 12 N
2025-10-24T20:22:28.083978+00:00,26.673150333333332,-81.80544883333333,28:70:4e:d2:c9:b1,-70,5220,45,Bermuda Guest WIFI,pole 15 NW
2025-10-24T20:22:28.083978+00:00,26.673150333333332,-81.80544883333333,2e:70:4e:d2:c9:b1,-70,5220,45,Bermuda,pole 15 NW
2025-10-24T20:22:28.083978+00:00,26.673150333333332,-81.80544883333333,28:70:4e:d0:86:c2,-71,2437,6,Bermuda 2G,pole 12 W
2025-10-24T20:22:28.083978+00:00,26.673150333333332,-81.80544883333333,28:70:4e:d0:87:50,-72,5745,150,Bermuda Guest WIFI,pole 13 E
2025-10-24T20:22:28.083978+00:00,26.673150333333332,-81.80544883333333,1c:6a:1b:63:f6:f2,-72,5240,49,Bermuda Guest WIFI,Outside SE
2025-10-24T20:22:28.083978+00:00,26.673150333333332,-81.80544883333333,2e:70:4e:d0:87:50,-72,5745,150,Bermuda,pole 13 E
2025-10-24T20:22:28.083978+00:00,26.673150333333332,-81.80544883333333,28:70:4e:d0:89:0c,-72,5220,45,Bermuda Guest WIFI,pole 10
2025-10-24T20:22:28.083978+00:00,26.673150333333332,-81.80544883333333,28:70:4e:d2:8b:2e,-72,5220,45,Bermuda Guest WIFI,pole 02 W
2025-10-24T20:22:28.083978+00:00,26.673150333333332,-81.80544883333333,22:6a:1b:63:f6:f2,-72,5240,49,Bermuda,Outside SE
2025-10-24T20:22:28.083978+00:00,26.673150333333332,-81.80544883333333,2e:70:4e:d0:89:0c,-72,5220,45,Bermuda,pole 10
2025-10-24T20:22:28.083978+00:00,26.673150333333332,-81.80544883333333,28:70:4e:d2:92:aa,-73,2437,6,Bermuda 2G,pole 12 N
2025-10-24T20:22:28.083978+00:00,26.673150333333332,-81.80544883333333,2e:70:4e:d2:92:aa,-73,2437,6,Bermuda Guest WIFI 2G,pole 12 N
2025-10-24T20:22:28.083978+00:00,26.673150333333332,-81.80544883333333,2e:70:4e:d0:86:c2,-73,2437,6,Bermuda Guest WIFI 2G,pole 12 W
2025-10-24T20:22:28.083978+00:00,26.673150333333332,-81.80544883333333,2e:70:4e:dd:d0:49,-73,2437,6,Bermuda Guest WIFI 2G,pole 13 SW
2025-10-24T20:22:28.083978+00:00,26.673150333333332,-81.80544883333333,28:70:4e:dd:d0:49,-74,2437,6,Bermuda 2G,pole 13 SW
2025-10-24T20:22:28.083978+00:00,26.673150333333332,-81.80544883333333,28:70:4e:d0:87:4f,-74,2462,11,Bermuda 2G,pole 13 E
2025-10-24T20:22:28.083978+00:00,26.673150333333332,-81.80544883333333,2e:70:4e:d0:87:4f,-74,2462,11,Bermuda Guest WIFI 2G,pole 13 E
2025-10-24T20:22:28.083978+00:00,26.673150333333332,-81.80544883333333,28:70:4e:d0:86:c3,-78,5765,154,Bermuda Guest WIFI,pole 12 W
2025-10-24T20:22:28.083978+00:00,26.673150333333332,-81.80544883333333,2e:70:4e:d0:86:c3,-78,5765,154,Bermuda,pole 12 W
2025-10-24T20:22:28.083978+00:00,26.673150333333332,-81.80544883333333,1c:6a:1b:63:f6:f6,-79,5240,49,Bermuda Guest WIFI,Outside SW
2025-10-24T20:22:28.083978+00:00,26.673150333333332,-81.80544883333333,22:6a:1b:63:f6:f6,-79,5240,49,Bermuda,Outside SW
2025-10-24T20:22:28.083978+00:00,26.673150333333332,-81.80544883333333,2e:70:4e:d0:88:f9,-79,2412,1,Bermuda Guest WIFI 2G,pole 11
2025-10-24T20:22:28.083978+00:00,26.673150333333332,-81.80544883333333,2e:70:4e:d0:88:fa,-80,5765,154,Bermuda,pole 11
2025-10-24T20:22:28.083978+00:00,26.673150333333332,-81.80544883333333,28:70:4e:d0:88:f9,-81,2412,1,Bermuda 2G,pole 11
2025-10-24T20:22:28.083978+00:00,26.673150333333332,-81.80544883333333,28:70:4e:d0:88:fa,-81,5765,154,Bermuda Guest WIFI,pole 11
2025-10-24T20:22:28.083978+00:00,26.673150333333332,-81.80544883333333,28:70:4e:d0:88:f7,-81,5240,49,Bermuda Guest WIFI,pole 02 N2
2025-10-24T20:22:28.083978+00:00,26.673150333333332,-81.80544883333333,28:70:4e:d0:88:21,-82,2412,1,Bermuda 2G,pole 14
2025-10-24T20:22:28.083978+00:00,26.673150333333332,-81.80544883333333,84:1f:e8:ff:29:e9,-83,2412,1,ShellyPlusRGBWPM-841FE8FF29E8,Unknown
2025-10-24T20:22:28.083978+00:00,26.673150333333332,-81.80544883333333,6a:4e:05:22:b2:a8,-84,2412,1,venus-HQ2519UPV7N-e3f,Unknown
2025-10-24T20:22:28.083978+00:00,26.673150333333332,-81.80544883333333,2e:70:4e:d0:88:21,-84,2412,1,Bermuda Guest WIFI 2G,pole 14
2025-10-24T20:22:28.083978+00:00,26.673150333333332,-81.80544883333333,2e:70:4e:d0:89:0b,-85,2412,1,Bermuda Guest WIFI 2G,pole 10
2025-10-24T20:22:28.083978+00:00,26.673148,-81.805449,28:70:4e:dd:d0:4a,-59,5240,49,Bermuda Guest WIFI,pole 13 SW
2025-10-24T20:22:28.083978+00:00,26.673148,-81.805449,2e:70:4e:dd:d0:4a,-60,5240,49,Bermuda,pole 13 SW
2025-10-24T20:22:28.083978+00:00,26.673148,-81.805449,2e:70:4e:d0:88:22,-62,5765,154,Bermuda,pole 14
2025-10-24T20:22:28.083978+00:00,26.673148,-81.805449,28:70:4e:d0:88:22,-63,5765,154,Bermuda Guest WIFI,pole 14
2025-10-24T20:22:28.083978+00:00,26.673148,-81.805449,28:70:4e:d0:86:c3,-63,5765,154,Bermuda Guest WIFI,pole 12 W
2025-10-24T20:22:28.083978+00:00,26.673148,-81.805449,2e:70:4e:d0:86:c3,-63,5765,154,Bermuda,pole 12 W
2025-10-24T20:22:28.083978+00:00,26.673148,-81.805449,2e:70:4e:d2:92:ab,-64,5745,150,Bermuda,pole 12 N
2025-10-24T20:22:28.083978+00:00,26.673148,-81.805449,28:70:4e:d2:c9:b1,-70,5220,45,Bermuda Guest WIFI,pole 15 NW
2025-10-24T20:22:28.083978+00:00,26.673148,-81.805449,2e:70:4e:d2:c9:b1,-70,5220,45,Bermuda,pole 15 NW
2025-10-24T20:22:28.083978+00:00,26.673148,-81.805449,28:70:4e:d0:86:c2,-72,2437,6,Bermuda 2G,pole 12 W
2025-10-24T20:22:28.083978+00:00,26.673148,-81.805449,28:70:4e:d0:87:50,-72,5745,150,Bermuda Guest WIFI,pole 13 E
2025-10-24T20:22:28.083978+00:00,26.673148,-81.805449,1c:6a:1b:63:f6:f2,-72,5240,49,Bermuda Guest WIFI,Outside SE
2025-10-24T20:22:28.083978+00:00,26.673148,-81.805449,2e:70:4e:d0:87:50,-72,5745,150,Bermuda,pole 13 E
2025-10-24T20:22:28.083978+00:00,26.673148,-81.805449,28:70:4e:d0:89:0c,-72,5220,45,Bermuda Guest WIFI,pole 10
2025-10-24T20:22:28.083978+00:00,26.673148,-81.805449,22:6a:1b:63:f6:f2,-72,5240,49,Bermuda,Outside SE
2025-10-24T20:22:28.083978+00:00,26.673148,-81.805449,2e:70:4e:d0:89:0c,-72,5220,45,Bermuda,pole 10
2025-10-24T20:22:28.083978+00:00,26.673148,-81.805449,2e:70:4e:d0:86:c2,-73,2437,6,Bermuda Guest WIFI 2G,pole 12 W
2025-10-24T20:22:28.083978+00:00,26.673148,-81.805449,2e:70:4e:dd:d0:49,-73,2437,6,Bermuda Guest WIFI 2G,pole 13 SW
2025-10-24T20:22:28.083978+00:00,26.673148,-81.805449,28:70:4e:dd:d0:49,-74,2437,6,Bermuda 2G,pole 13 SW
2025-10-24T20:22:28.083978+00:00,26.673148,-81.805449,28:70:4e:d0:87:4f,-74,2462,11,Bermuda 2G,pole 13 E
2025-10-24T20:22:28.083978+00:00,26.673148,-81.805449,2e:70:4e:d0:87:4f,-74,2462,11,Bermuda Guest WIFI 2G,pole 13 E
2025-10-24T20:22:28.083978+00:00,26.673148,-81.805449,2e:70:4e:d2:92:aa,-76,2437,6,Bermuda Guest WIFI 2G,pole 12 N
2025-10-24T20:22:28.083978+00:00,26.673148,-81.805449,28:70:4e:d2:92:aa,-77,2437,6,Bermuda 2G,pole 12 N
2025-10-24T20:22:28.083978+00:00,26.673148,-81.805449,1c:6a:1b:63:f6:f6,-79,5240,49,Bermuda Guest WIFI,Outside SW
2025-10-24T20:22:28.083978+00:00,26.673148,-81.805449,22:6a:1b:63:f6:f6,-79,5240,49,Bermuda,Outside SW
2025-10-24T20:22:28.083978+00:00,26.673148,-81.805449,2e:70:4e:d0:88:f9,-79,2412,1,Bermuda Guest WIFI 2G,pole 11
2025-10-24T20:22:28.083978+00:00,26.673148,-81.805449,2e:70:4e:d0:88:fa,-80,5765,154,Bermuda,pole 11
2025-10-24T20:22:28.083978+00:00,26.673148,-81.805449,28:70:4e:d0:88:fa,-81,5765,154,Bermuda Guest WIFI,pole 11
2025-10-24T20:22:28.083978+00:00,26.673148,-81.805449,28:70:4e:d0:88:f9,-82,2412,1,Bermuda 2G,pole 11
2025-10-24T20:22:28.083978+00:00,26.673148,-81.805449,84:1f:e8:ff:29:e9,-83,2412,1,ShellyPlusRGBWPM-841FE8FF29E8,Unknown
2025-10-24T20:22:28.083978+00:00,26.673156,-81.80544666666667,28:70:4e:dd:d0:4a,-59,5240,49,Bermuda Guest WIFI,pole 13 SW
2025-10-24T20:22:28.083978+00:00,26.673156,-81.80544666666667,2e:70:4e:dd:d0:4a,-60,5240,49,Bermuda,pole 13 SW
2025-10-24T20:22:28.083978+00:00,26.673156,-81.80544666666667,2e:70:4e:d0:88:22,-62,5765,154,Bermuda,pole 14
2025-10-24T20:22:28.083978+00:00,26.673156,-81.80544666666667,28:70:4e:d0:88:22,-63,5765,154,Bermuda Guest WIFI,pole 14
2025-10-24T20:22:28.083978+00:00,26.673156,-81.80544666666667,28:70:4e:d0:86:c3,-63,5765,154,Bermuda Guest WIFI,pole 12 W
2025-10-24T20:22:28.083978+00:00,26.673156,-81.80544666666667,2e:70:4e:d0:86:c3,-63,5765,154,Bermuda,pole 12 W
2025-10-24T20:22:28.083978+00:00,26.673156,-81.80544666666667,28:70:4e:d0:88:fa,-66,5765,154,Bermuda Guest WIFI,pole 11
2025-10-24T20:22:28.083978+00:00,26.673156,-81.80544666666667,28:70:4e:d2:c9:b1,-66,5220,45,Bermuda Guest WIFI,pole 15 NW
2025-10-24T20:22:28.083978+00:00,26.673156,-81.80544666666667,2e:70:4e:d2:c9:b1,-66,5220,45,Bermuda,pole 15 NW
2025-10-24T20:22:28.083978+00:00,26.673156,-81.80544666666667,2e:70:4e:d0:86:c2,-72,2437,6,Bermuda Guest WIFI 2G,pole 12 W
2025-10-24T20:22:28.083978+00:00,26.673156,-81.80544666666667,28:70:4e:d0:87:50,-72,5745,150,Bermuda Guest WIFI,pole 13 E
2025-10-24T20:22:28.083978+00:00,26.673156,-81.80544666666667,28:70:4e:d0:86:c2,-73,2437,6,Bermuda 2G,pole 12 W
2025-10-24T20:22:28.083978+00:00,26.673156,-81.80544666666667,2e:70:4e:d0:87:50,-73,5745,150,Bermuda,pole 13 E
2025-10-24T20:22:28.083978+00:00,26.673156,-81.80544666666667,28:70:4e:d2:92:aa,-74,2437,6,Bermuda 2G,pole 12 N
2025-10-24T20:22:28.083978+00:00,26.673156,-81.80544666666667,28:70:4e:dd:d0:49,-75,2437,6,Bermuda 2G,pole 13 SW
2025-10-24T20:22:28.083978+00:00,26.673156,-81.80544666666667,2e:70:4e:dd:d0:49,-75,2437,6,Bermuda Guest WIFI 2G,pole 13 SW
2025-10-24T20:22:28.083978+00:00,26.673156,-81.80544666666667,2e:70:4e:d2:92:aa,-76,2437,6,Bermuda Guest WIFI 2G,pole 12 N
2025-10-24T20:22:28.083978+00:00,26.673156,-81.80544666666667,2e:70:4e:d0:87:4f,-76,2462,11,Bermuda Guest WIFI 2G,pole 13 E
2025-10-24T20:22:28.083978+00:00,26.673156,-81.80544666666667,28:70:4e:d0:87:4f,-77,2462,11,Bermuda 2G,pole 13 E
2025-10-24T20:22:28.083978+00:00,26.673156,-81.80544666666667,1c:6a:1b:63:f6:f6,-79,5240,49,Bermuda Guest WIFI,Outside SW
2025-10-24T20:22:28.083978+00:00,26.673156,-81.80544666666667,22:6a:1b:63:f6:f6,-79,5240,49,Bermuda,Outside SW
2025-10-24T20:22:28.083978+00:00,26.673156,-81.80544666666667,84:1f:e8:ff:29:e9,-80,2412,1,ShellyPlusRGBWPM-841FE8FF29E8,Unknown
2025-10-24T20:22:28.083978+00:00,26.673156,-81.80544666666667,2e:70:4e:d0:88:fa,-80,5765,154,Bermuda,pole 11
2025-10-24T20:22:28.083978+00:00,26.673156,-81.80544666666667,28:70:4e:d0:88:f9,-81,2412,1,Bermuda 2G,pole 11
2025-10-24T20:22:28.083978+00:00,26.673156,-81.80544666666667,2e:70:4e:d0:88:f9,-82,2412,1,Bermuda Guest WIFI 2G,pole 11
2025-10-24T20:22:28.083978+00:00,26.673156,-81.80544666666667,2e:70:4e:d2:c9:b0,-87,2437,6,Bermuda Guest WIFI 2G,pole 15 NW
2025-10-24T20:23:36.369475+00:00,26.67317,-81.8054835,2e:70:4e:dd:d0:4a,-60,5240,49,Bermuda,pole 13 SW
2025-10-24T20:23:36.369475+00:00,26.67317,-81.8054835,28:70:4e:d0:88:fa,-66,5765,154,Bermuda Guest WIFI,pole 11
2025-10-24T20:23:36.369475+00:00,26.67317,-81.8054835,2e:70:4e:d0:88:fa,-66,5765,154,Bermuda,pole 11
2025-10-24T20:23:36.369475+00:00,26.67317,-81.8054835,28:70:4e:d0:87:50,-68,5745,150,Bermuda Guest WIFI,pole 13 E
2025-10-24T20:23:36.369475+00:00,26.67317,-81.8054835,2e:70:4e:d0:87:50,-68,5745,150,Bermuda,pole 13 E
2025-10-24T20:23:36.369475+00:00,26.67317,-81.8054835,28:70:4e:d0:88:22,-75,5765,154,Bermuda Guest WIFI,pole 14
2025-10-24T20:23:36.369475+00:00,26.67317,-81.8054835,28:70:4e:dd:d0:49,-76,2437,6,Bermuda 2G,pole 13 SW
2025-10-24T20:23:36.369475+00:00,26.67317,-81.8054835,2e:70:4e:d0:86:c2,-76,2437,6,Bermuda Guest WIFI 2G,pole 12 W
2025-10-24T20:23:36.369475+00:00,26.67317,-81.8054835,28:70:4e:d0:86:c2,-77,2437,6,Bermuda 2G,pole 12 W
2025-10-24T20:23:36.369475+00:00,26.67317,-81.8054835,2e:70:4e:dd:d0:49,-77,2437,6,Bermuda Guest WIFI 2G,pole 13 SW
2025-10-24T20:23:36.369475+00:00,26.67317,-81.8054835,28:70:4e:d2:92:aa,-79,2437,6,Bermuda 2G,pole 12 N
2025-10-24T20:23:36.369475+00:00,26.67317,-81.8054835,28:70:4e:d0:88:21,-80,2412,1,Bermuda 2G,pole 14
2025-10-24T20:23:36.369475+00:00,26.67317,-81.8054835,2e:70:4e:d0:88:21,-81,2412,1,Bermuda Guest WIFI 2G,pole 14
2025-10-24T20:23:36.369475+00:00,26.67317,-81.8054835,6a:4e:05:22:b2:a8,-83,2412,1,venus-HQ2519UPV7N-e3f,Unknown
2025-10-24T20:23:36.369475+00:00,26.673135333333335,-81.805541,28:70:4e:d0:88:fa,-66,5765,154,Bermuda Guest WIFI,pole 11
2025-10-24T20:23:36.369475+00:00,26.673135333333335,-81.805541,2e:70:4e:d0:88:fa,-66,5765,154,Bermuda,pole 11
2025-10-24T20:23:36.369475+00:00,26.673135333333335,-81.805541,28:70:4e:d0:87:50,-68,5745,150,Bermuda Guest WIFI,pole 13 E
2025-10-24T20:23:36.369475+00:00,26.673135333333335,-81.805541,2e:70:4e:d0:87:50,-68,5745,150,Bermuda,pole 13 E
2025-10-24T20:23:36.369475+00:00,26.673135333333335,-81.805541,2e:70:4e:dd:d0:4a,-72,5240,49,Bermuda,pole 13 SW
2025-10-24T20:23:36.369475+00:00,26.673135333333335,-81.805541,28:70:4e:d0:88:f9,-74,2412,1,Bermuda 2G,pole 11
2025-10-24T20:23:36.369475+00:00,26.673135333333335,-81.805541,2e:70:4e:d0:88:f9,-74,2412,1,Bermuda Guest WIFI 2G,pole 11
2025-10-24T20:23:36.369475+00:00,26.673135333333335,-81.805541,28:70:4e:d0:88:22,-75,5765,154,Bermuda Guest WIFI,pole 14
2025-10-24T20:23:36.369475+00:00,26.673135333333335,-81.805541,28:70:4e:d2:c9:b1,-75,5220,45,Bermuda Guest WIFI,pole 15 NW
2025-10-24T20:23:36.369475+00:00,26.673135333333335,-81.805541,2e:70:4e:d2:c9:b1,-75,5220,45,Bermuda,pole 15 NW
2025-10-24T20:23:36.369475+00:00,26.673135333333335,-81.805541,2e:70:4e:d0:86:c2,-76,2437,6,Bermuda Guest WIFI 2G,pole 12 W
2025-10-24T20:23:36.369475+00:00,26.673135333333335,-81.805541,28:70:4e:d0:86:c2,-77,2437,6,Bermuda 2G,pole 12 W
2025-10-24T20:23:36.369475+00:00,26.673135333333335,-81.805541,28:70:4e:d2:92:aa,-79,2437,6,Bermuda 2G,pole 12 N
2025-10-24T20:23:36.369475+00:00,26.673135333333335,-81.805541,28:70:4e:d0:88:21,-80,2412,1,Bermuda 2G,pole 14
2025-10-24T20:23:36.369475+00:00,26.673135333333335,-81.805541,28:70:4e:dd:d0:49,-80,2437,6,Bermuda 2G,pole 13 SW
2025-10-24T20:23:36.369475+00:00,26.673135333333335,-81.805541,2e:70:4e:d0:89:0c,-80,5220,45,Bermuda,pole 10
2025-10-24T20:23:36.369475+00:00,26.673135333333335,-81.805541,2e:70:4e:d0:88:21,-81,2412,1,Bermuda Guest WIFI 2G,pole 14
2025-10-24T20:23:36.369475+00:00,26.673135333333335,-81.805541,28:70:4e:d0:89:0c,-81,5220,45,Bermuda Guest WIFI,pole 10
2025-10-24T20:23:36.369475+00:00,26.673135333333335,-81.805541,6a:4e:05:22:b2:a8,-83,2412,1,venus-HQ2519UPV7N-e3f,Unknown
2025-10-24T20:23:36.369475+00:00,26.673135333333335,-81.805541,2e:70:4e:dd:d0:49,-83,2437,6,Bermuda Guest WIFI 2G,pole 13 SW
2025-10-24T20:23:36.369475+00:00,26.673135333333335,-81.805541,84:1f:e8:ff:29:e9,-83,2412,1,ShellyPlusRGBWPM-841FE8FF29E8,Unknown
2025-10-24T20:23:36.369475+00:00,26.6730715,-81.805575,28:70:4e:d0:88:fa,-66,5765,154,Bermuda Guest WIFI,pole 11
2025-10-24T20:23:36.369475+00:00,26.6730715,-81.805575,2e:70:4e:d0:88:fa,-66,5765,154,Bermuda,pole 11
2025-10-24T20:23:36.369475+00:00,26.6730715,-81.805575,28:70:4e:d0:87:50,-68,5745,150,Bermuda Guest WIFI,pole 13 E
2025-10-24T20:23:36.369475+00:00,26.6730715,-81.805575,2e:70:4e:d0:87:50,-68,5745,150,Bermuda,pole 13 E
2025-10-24T20:23:36.369475+00:00,26.6730715,-81.805575,28:70:4e:d0:88:f9,-71,2412,1,Bermuda 2G,pole 11
2025-10-24T20:23:36.369475+00:00,26.6730715,-81.805575,2e:70:4e:d0:88:f9,-71,2412,1,Bermuda Guest WIFI 2G,pole 11
2025-10-24T20:23:36.369475+00:00,26.6730715,-81.805575,28:70:4e:d0:88:22,-75,5765,154,Bermuda Guest WIFI,pole 14
2025-10-24T20:23:36.369475+00:00,26.6730715,-81.805575,28:70:4e:d2:c9:b1,-75,5220,45,Bermuda Guest WIFI,pole 15 NW
2025-10-24T20:23:36.369475+00:00,26.6730715,-81.805575,2e:70:4e:d2:c9:b1,-75,5220,45,Bermuda,pole 15 NW
2025-10-24T20:23:36.369475+00:00,26.6730715,-81.805575,28:70:4e:d0:89:21,-75,5200,41,Bermuda Guest WIFI,pole 01 S
2025-10-24T20:23:36.369475+00:00,26.6730715,-81.805575,2e:70:4e:dd:d0:4a,-76,5240,49,Bermuda,pole 13 SW
2025-10-24T20:23:36.369475+00:00,26.6730715,-81.805575,2e:70:4e:d0:89:21,-76,5200,41,Bermuda,pole 01 S
2025-10-24T20:23:36.369475+00:00,26.6730715,-81.805575,28:70:4e:d0:86:c2,-78,2437,6,Bermuda 2G,pole 12 W
2025-10-24T20:23:36.369475+00:00,26.6730715,-81.805575,28:70:4e:dd:d0:49,-79,2437,6,Bermuda 2G,pole 13 SW
2025-10-24T20:23:36.369475+00:00,26.6730715,-81.805575,2e:70:4e:d0:86:c2,-79,2437,6,Bermuda Guest WIFI 2G,pole 12 W
2025-10-24T20:23:36.369475+00:00,26.6730715,-81.805575,2e:70:4e:dd:d0:49,-79,2437,6,Bermuda Guest WIFI 2G,pole 13 SW
2025-10-24T20:23:36.369475+00:00,26.6730715,-81.805575,28:70:4e:d2:92:aa,-79,2437,6,Bermuda 2G,pole 12 N
2025-10-24T20:23:36.369475+00:00,26.6730715,-81.805575,28:70:4e:d0:87:4f,-79,2462,11,Bermuda 2G,pole 13 E
2025-10-24T20:23:36.369475+00:00,26.6730715,-81.805575,28:70:4e:d0:88:21,-80,2412,1,Bermuda 2G,pole 14
2025-10-24T20:23:36.369475+00:00,26.6730715,-81.805575,2e:70:4e:d0:89:0c,-80,5220,45,Bermuda,pole 10
2025-10-24T20:23:36.369475+00:00,26.6730715,-81.805575,2e:70:4e:d0:87:4f,-80,2462,11,Bermuda Guest WIFI 2G,pole 13 E
2025-10-24T20:23:36.369475+00:00,26.6730715,-81.805575,2e:70:4e:d0:88:21,-81,2412,1,Bermuda Guest WIFI 2G,pole 14
2025-10-24T20:23:36.369475+00:00,26.6730715,-81.805575,28:70:4e:d0:89:0c,-81,5220,45,Bermuda Guest WIFI,pole 10
2025-10-24T20:23:36.369475+00:00,26.6730715,-81.805575,6a:4e:05:22:b2:a8,-83,2412,1,venus-HQ2519UPV7N-e3f,Unknown
2025-10-24T20:23:36.369475+00:00,26.6730715,-81.805575,84:1f:e8:ff:29:e9,-83,2412,1,ShellyPlusRGBWPM-841FE8FF29E8,Unknown
2025-10-24T20:23:36.369475+00:00,26.673033833333335,-81.80561783333333,28:70:4e:d0:88:fa,-66,5765,154,Bermuda Guest WIFI,pole 11
2025-10-24T20:23:36.369475+00:00,26.673033833333335,-81.80561783333333,2e:70:4e:d0:88:fa,-66,5765,154,Bermuda,pole 11
2025-10-24T20:23:36.369475+00:00,26.673033833333335,-81.80561783333333,28:70:4e:d0:87:50,-68,5745,150,Bermuda Guest WIFI,pole 13 E
2025-10-24T20:23:36.369475+00:00,26.673033833333335,-81.80561783333333,2e:70:4e:d0:87:50,-68,5745,150,Bermuda,pole 13 E
2025-10-24T20:23:36.369475+00:00,26.673033833333335,-81.80561783333333,28:70:4e:d0:88:f9,-68,2412,1,Bermuda 2G,pole 11
2025-10-24T20:23:36.369475+00:00,26.673033833333335,-81.80561783333333,2e:70:4e:d0:88:f9,-69,2412,1,Bermuda Guest WIFI 2G,pole 11
2025-10-24T20:23:36.369475+00:00,26.673033833333335,-81.80561783333333,28:70:4e:d0:88:22,-75,5765,154,Bermuda Guest WIFI,pole 14
2025-10-24T20:23:36.369475+00:00,26.673033833333335,-81.80561783333333,28:70:4e:d2:c9:b1,-75,5220,45,Bermuda Guest WIFI,pole 15 NW
2025-10-24T20:23:36.369475+00:00,26.673033833333335,-81.80561783333333,2e:70:4e:d2:c9:b1,-75,5220,45,Bermuda,pole 15 NW
2025-10-24T20:23:36.369475+00:00,26.673033833333335,-81.80561783333333,28:70:4e:d0:89:21,-75,5200,41,Bermuda Guest WIFI,pole 01 S
2025-10-24T20:23:36.369475+00:00,26.673033833333335,-81.80561783333333,2e:70:4e:dd:d0:4a,-76,5240,49,Bermuda,pole 13 SW
2025-10-24T20:23:36.369475+00:00,26.673033833333335,-81.80561783333333,2e:70:4e:d0:89:21,-76,5200,41,Bermuda,pole 01 S
2025-10-24T20:23:36.369475+00:00,26.673033833333335,-81.80561783333333,2e:70:4e:d0:86:c2,-78,2437,6,Bermuda Guest WIFI 2G,pole 12 W
2025-10-24T20:23:36.369475+00:00,26.673033833333335,-81.80561783333333,28:70:4e:dd:d0:49,-79,2437,6,Bermuda 2G,pole 13 SW
2025-10-24T20:23:36.369475+00:00,26.673033833333335,-81.80561783333333,2e:70:4e:dd:d0:49,-79,2437,6,Bermuda Guest WIFI 2G,pole 13 SW
2025-10-24T20:23:36.369475+00:00,26.673033833333335,-81.80561783333333,28:70:4e:d2:92:aa,-79,2437,6,Bermuda 2G,pole 12 N
2025-10-24T20:23:36.369475+00:00,26.673033833333335,-81.80561783333333,28:70:4e:d0:87:4f,-79,2462,11,Bermuda 2G,pole 13 E
2025-10-24T20:23:36.369475+00:00,26.673033833333335,-81.80561783333333,28:70:4e:d0:88:21,-80,2412,1,Bermuda 2G,pole 14
2025-10-24T20:23:36.369475+00:00,26.673033833333335,-81.80561783333333,2e:70:4e:d0:89:0c,-80,5220,45,Bermuda,pole 10
2025-10-24T20:23:36.369475+00:00,26.673033833333335,-81.80561783333333,2e:70:4e:d0:87:4f,-80,2462,11,Bermuda Guest WIFI 2G,pole 13 E
2025-10-24T20:23:36.369475+00:00,26.673033833333335,-81.80561783333333,2e:70:4e:d0:88:21,-81,2412,1,Bermuda Guest WIFI 2G,pole 14
2025-10-24T20:23:36.369475+00:00,26.673033833333335,-81.80561783333333,28:70:4e:d0:86:c2,-81,2437,6,Bermuda 2G,pole 12 W
2025-10-24T20:23:36.369475+00:00,26.673033833333335,-81.80561783333333,28:70:4e:d0:89:0c,-81,5220,45,Bermuda Guest WIFI,pole 10
2025-10-24T20:23:36.369475+00:00,26.673033833333335,-81.80561783333333,28:70:4e:d2:92:ab,-81,5745,150,Bermuda Guest WIFI,pole 12 N
2025-10-24T20:23:36.369475+00:00,26.673033833333335,-81.80561783333333,2e:70:4e:d2:92:ab,-81,5745,150,Bermuda,pole 12 N
2025-10-24T20:23:36.369475+00:00,26.673033833333335,-81.80561783333333,6a:4e:05:22:b2:a8,-83,2412,1,venus-HQ2519UPV7N-e3f,Unknown
2025-10-24T20:23:36.369475+00:00,26.673033833333335,-81.80561783333333,84:1f:e8:ff:29:e9,-83,2412,1,ShellyPlusRGBWPM-841FE8FF29E8,Unknown
2025-10-24T20:24:40.366920+00:00,26.673096166666667,-81.805594,2e:70:4e:dd:d0:4a,-59,5240,49,Bermuda,pole 13 SW
2025-10-24T20:24:40.366920+00:00,26.673096166666667,-81.805594,28:70:4e:dd:d0:4a,-59,5240,49,Bermuda Guest WIFI,pole 13 SW
2025-10-24T20:24:40.366920+00:00,26.673096166666667,-81.805594,2e:70:4e:dd:d0:49,-72,2437,6,Bermuda Guest WIFI 2G,pole 13 SW
2025-10-24T20:24:40.366920+00:00,26.673096166666667,-81.805594,28:70:4e:dd:d0:49,-74,2437,6,Bermuda 2G,pole 13 SW
2025-10-24T20:24:40.366920+00:00,26.673096166666667,-81.805594,28:70:4e:d2:c9:b1,-74,5220,45,Bermuda Guest WIFI,pole 15 NW
2025-10-24T20:24:40.366920+00:00,26.673096166666667,-81.805594,2e:70:4e:d2:c9:b1,-74,5220,45,Bermuda,pole 15 NW
2025-10-24T20:24:40.366920+00:00,26.673096166666667,-81.805594,28:70:4e:d0:86:c2,-75,2437,6,Bermuda 2G,pole 12 W
2025-10-24T20:24:40.366920+00:00,26.673096166666667,-81.805594,2e:70:4e:d0:86:c2,-77,2437,6,Bermuda Guest WIFI 2G,pole 12 W
2025-10-24T20:24:40.366920+00:00,26.673096166666667,-81.805594,2e:70:4e:d2:92:aa,-79,2437,6,Bermuda Guest WIFI 2G,pole 12 N
2025-10-24T20:24:40.366920+00:00,26.673166666666667,-81.80555233333334,2e:70:4e:dd:d0:4a,-59,5240,49,Bermuda,pole 13 SW
2025-10-24T20:24:40.366920+00:00,26.673166666666667,-81.80555233333334,28:70:4e:dd:d0:4a,-59,5240,49,Bermuda Guest WIFI,pole 13 SW
2025-10-24T20:24:40.366920+00:00,26.673166666666667,-81.80555233333334,84:1f:e8:ff:29:e9,-70,2412,1,ShellyPlusRGBWPM-841FE8FF29E8,Unknown
2025-10-24T20:24:40.366920+00:00,26.673166666666667,-81.80555233333334,28:70:4e:d0:86:c2,-73,2437,6,Bermuda 2G,pole 12 W
2025-10-24T20:24:40.366920+00:00,26.673166666666667,-81.80555233333334,2e:70:4e:d0:86:c2,-73,2437,6,Bermuda Guest WIFI 2G,pole 12 W
2025-10-24T20:24:40.366920+00:00,26.673166666666667,-81.80555233333334,28:70:4e:d2:c9:b1,-74,5220,45,Bermuda Guest WIFI,pole 15 NW
2025-10-24T20:24:40.366920+00:00,26.673166666666667,-81.80555233333334,2e:70:4e:d2:c9:b1,-74,5220,45,Bermuda,pole 15 NW
2025-10-24T20:24:40.366920+00:00,26.673166666666667,-81.80555233333334,2e:70:4e:d0:88:f9,-75,2412,1,Bermuda Guest WIFI 2G,pole 11
2025-10-24T20:24:40.366920+00:00,26.673166666666667,-81.80555233333334,28:70:4e:d0:88:f9,-76,2412,1,Bermuda 2G,pole 11
2025-10-24T20:24:40.366920+00:00,26.673166666666667,-81.80555233333334,28:70:4e:d2:92:aa,-77,2437,6,Bermuda 2G,pole 12 N
2025-10-24T20:24:40.366920+00:00,26.673166666666667,-81.80555233333334,2e:70:4e:d2:92:aa,-79,2437,6,Bermuda Guest WIFI 2G,pole 12 N
2025-10-24T20:24:40.366920+00:00,26.673166666666667,-81.80555233333334,28:70:4e:dd:d0:49,-80,2437,6,Bermuda 2G,pole 13 SW
2025-10-24T20:24:40.366920+00:00,26.673166666666667,-81.80555233333334,2e:70:4e:dd:d0:49,-82,2437,6,Bermuda Guest WIFI 2G,pole 13 SW
2025-10-24T20:24:40.366920+00:00,26.673211666666667,-81.80557983333334,2e:70:4e:dd:d0:4a,-56,5240,49,Bermuda,pole 13 SW
2025-10-24T20:24:40.366920+00:00,26.673211666666667,-81.80557983333334,28:70:4e:dd:d0:4a,-56,5240,49,Bermuda Guest WIFI,pole 13 SW
2025-10-24T20:24:40.366920+00:00,26.673211666666667,-81.80557983333334,84:1f:e8:ff:29:e9,-70,2412,1,ShellyPlusRGBWPM-841FE8FF29E8,Unknown
2025-10-24T20:24:40.366920+00:00,26.673211666666667,-81.80557983333334,2e:70:4e:d0:86:c2,-73,2437,6,Bermuda Guest WIFI 2G,pole 12 W
2025-10-24T20:24:40.366920+00:00,26.673211666666667,-81.80557983333334,28:70:4e:d0:87:4f,-73,2462,11,Bermuda 2G,pole 13 E
2025-10-24T20:24:40.366920+00:00,26.673211666666667,-81.80557983333334,2e:70:4e:d0:87:4f,-73,2462,11,Bermuda Guest WIFI 2G,pole 13 E
2025-10-24T20:24:40.366920+00:00,26.673211666666667,-81.80557983333334,28:70:4e:d2:c9:b1,-74,5220,45,Bermuda Guest WIFI,pole 15 NW
2025-10-24T20:24:40.366920+00:00,26.673211666666667,-81.80557983333334,2e:70:4e:d2:c9:b1,-74,5220,45,Bermuda,pole 15 NW
2025-10-24T20:24:40.366920+00:00,26.673211666666667,-81.80557983333334,28:70:4e:d2:92:aa,-77,2437,6,Bermuda 2G,pole 12 N
2025-10-24T20:24:40.366920+00:00,26.673211666666667,-81.80557983333334,2e:70:4e:d2:92:aa,-79,2437,6,Bermuda Guest WIFI 2G,pole 12 N
2025-10-24T20:24:40.366920+00:00,26.673211666666667,-81.80557983333334,28:70:4e:dd:d0:49,-80,2437,6,Bermuda 2G,pole 13 SW
2025-10-24T20:24:40.366920+00:00,26.673211666666667,-81.80557983333334,28:70:4e:d0:86:c2,-81,2437,6,Bermuda 2G,pole 12 W
2025-10-24T20:24:40.366920+00:00,26.673211666666667,-81.80557983333334,28:70:4e:d0:88:f9,-81,2412,1,Bermuda 2G,pole 11
2025-10-24T20:24:40.366920+00:00,26.673211666666667,-81.80557983333334,2e:70:4e:dd:d0:49,-82,2437,6,Bermuda Guest WIFI 2G,pole 13 SW
2025-10-24T20:24:40.366920+00:00,26.673211666666667,-81.80557983333334,2e:70:4e:d0:88:f9,-82,2412,1,Bermuda Guest WIFI 2G,pole 11
2025-10-24T20:24:40.366920+00:00,26.673211666666667,-81.80557983333334,1c:6a:1b:63:f6:f6,-82,5240,49,Bermuda Guest WIFI,Outside SW
2025-10-24T20:24:40.366920+00:00,26.673211666666667,-81.80557983333334,22:6a:1b:63:f6:f6,-83,5240,49,Bermuda,Outside SW
2025-10-24T20:24:40.366920+00:00,26.673165,-81.805621,2e:70:4e:dd:d0:4a,-56,5240,49,Bermuda,pole 13 SW
2025-10-24T20:24:40.366920+00:00,26.673165,-81.805621,28:70:4e:dd:d0:4a,-56,5240,49,Bermuda Guest WIFI,pole 13 SW
2025-10-24T20:24:40.366920+00:00,26.673165,-81.805621,28:70:4e:d0:88:fa,-68,5765,154,Bermuda Guest WIFI,pole 11
2025-10-24T20:24:40.366920+00:00,26.673165,-81.805621,2e:70:4e:d0:88:fa,-68,5765,154,Bermuda,pole 11
2025-10-24T20:24:40.366920+00:00,26.673165,-81.805621,28:70:4e:d0:88:f9,-70,2412,1,Bermuda 2G,pole 11
2025-10-24T20:24:40.366920+00:00,26.673165,-81.805621,2e:70:4e:d0:88:f9,-71,2412,1,Bermuda Guest WIFI 2G,pole 11
2025-10-24T20:24:40.366920+00:00,26.673165,-81.805621,2e:70:4e:d0:86:c2,-73,2437,6,Bermuda Guest WIFI 2G,pole 12 W
2025-10-24T20:24:40.366920+00:00,26.673165,-81.805621,28:70:4e:d0:87:4f,-73,2462,11,Bermuda 2G,pole 13 E
2025-10-24T20:24:40.366920+00:00,26.673165,-81.805621,2e:70:4e:d0:87:4f,-73,2462,11,Bermuda Guest WIFI 2G,pole 13 E
2025-10-24T20:24:40.366920+00:00,26.673165,-81.805621,28:70:4e:d2:c9:b1,-74,5220,45,Bermuda Guest WIFI,pole 15 NW
2025-10-24T20:24:40.366920+00:00,26.673165,-81.805621,2e:70:4e:d2:c9:b1,-74,5220,45,Bermuda,pole 15 NW
2025-10-24T20:24:40.366920+00:00,26.673165,-81.805621,84:1f:e8:ff:29:e9,-75,2412,1,ShellyPlusRGBWPM-841FE8FF29E8,Unknown
2025-10-24T20:24:40.366920+00:00,26.673165,-81.805621,28:70:4e:d2:92:aa,-77,2437,6,Bermuda 2G,pole 12 N
2025-10-24T20:24:40.366920+00:00,26.673165,-81.805621,2e:70:4e:d2:92:aa,-79,2437,6,Bermuda Guest WIFI 2G,pole 12 N
2025-10-24T20:24:40.366920+00:00,26.673165,-81.805621,28:70:4e:dd:d0:49,-80,2437,6,Bermuda 2G,pole 13 SW
2025-10-24T20:24:40.366920+00:00,26.673165,-81.805621,28:70:4e:d0:86:c2,-81,2437,6,Bermuda 2G,pole 12 W
2025-10-24T20:24:40.366920+00:00,26.673165,-81.805621,2e:70:4e:dd:d0:49,-82,2437,6,Bermuda Guest WIFI 2G,pole 13 SW
2025-10-24T20:24:40.366920+00:00,26.673165,-81.805621,1c:6a:1b:63:f6:f6,-82,5240,49,Bermuda Guest WIFI,Outside SW
2025-10-24T20:24:40.366920+00:00,26.673165,-81.805621,22:6a:1b:63:f6:f6,-83,5240,49,Bermuda,Outside SW
2025-10-24T20:25:31.754451+00:00,26.673080166666665,-81.80570283333333,28:70:4e:d0:88:fa,-60,5765,154,Bermuda Guest WIFI,pole 11
2025-10-24T20:25:31.754451+00:00,26.673080166666665,-81.80570283333333,2e:70:4e:d0:88:fa,-60,5765,154,Bermuda,pole 11
2025-10-24T20:25:31.754451+00:00,26.673080166666665,-81.80570283333333,1c:6a:1b:63:f6:f2,-68,5240,49,Bermuda Guest WIFI,Outside SE
2025-10-24T20:25:31.754451+00:00,26.673080166666665,-81.80570283333333,1c:6a:1b:63:f6:f6,-68,5240,49,Bermuda Guest WIFI,Outside SW
2025-10-24T20:25:31.754451+00:00,26.673080166666665,-81.80570283333333,28:70:4e:d2:92:ab,-71,5745,150,Bermuda Guest WIFI,pole 12 N
2025-10-24T20:25:31.754451+00:00,26.673080166666665,-81.80570283333333,2e:70:4e:d2:92:ab,-71,5745,150,Bermuda,pole 12 N
2025-10-24T20:25:31.754451+00:00,26.673080166666665,-81.80570283333333,28:70:4e:d0:87:4f,-74,2462,11,Bermuda 2G,pole 13 E
2025-10-24T20:25:31.754451+00:00,26.673080166666665,-81.80570283333333,28:70:4e:dd:d3:20,-74,5785,158,Bermuda Guest WIFI,pole 01 NE
2025-10-24T20:25:31.754451+00:00,26.673080166666665,-81.80570283333333,2e:70:4e:dd:d3:20,-74,5785,158,Bermuda,pole 01 NE
2025-10-24T20:25:31.754451+00:00,26.673080166666665,-81.80570283333333,2e:70:4e:d0:88:f9,-75,2412,1,Bermuda Guest WIFI 2G,pole 11
2025-10-24T20:25:31.754451+00:00,26.673080166666665,-81.80570283333333,2e:70:4e:dd:d0:4a,-75,5240,49,Bermuda,pole 13 SW
2025-10-24T20:25:31.754451+00:00,26.673080166666665,-81.80570283333333,28:70:4e:dd:d0:4a,-76,5240,49,Bermuda Guest WIFI,pole 13 SW
2025-10-24T20:25:31.754451+00:00,26.673080166666665,-81.80570283333333,28:70:4e:d0:88:f9,-77,2412,1,Bermuda 2G,pole 11
2025-10-24T20:25:31.754451+00:00,26.673080166666665,-81.80570283333333,28:70:4e:d0:87:50,-78,5745,150,Bermuda Guest WIFI,pole 13 E
2025-10-24T20:25:31.754451+00:00,26.673080166666665,-81.80570283333333,2e:70:4e:d0:87:50,-78,5745,150,Bermuda,pole 13 E
2025-10-24T20:25:31.754451+00:00,26.673080166666665,-81.80570283333333,28:70:4e:d0:88:21,-78,2412,1,Bermuda 2G,pole 14
2025-10-24T20:25:31.754451+00:00,26.673080166666665,-81.80570283333333,28:70:4e:d0:89:21,-78,5200,41,Bermuda Guest WIFI,pole 01 S
2025-10-24T20:25:31.754451+00:00,26.673080166666665,-81.80570283333333,2e:70:4e:d0:89:21,-78,5200,41,Bermuda,pole 01 S
2025-10-24T20:25:31.754451+00:00,26.673080166666665,-81.80570283333333,28:70:4e:d2:92:aa,-79,2437,6,Bermuda 2G,pole 12 N
2025-10-24T20:25:31.754451+00:00,26.673080166666665,-81.80570283333333,2e:70:4e:d2:92:aa,-79,2437,6,Bermuda Guest WIFI 2G,pole 12 N
2025-10-24T20:25:31.754451+00:00,26.673080166666665,-81.80570283333333,84:1f:e8:ff:29:e9,-80,2412,1,ShellyPlusRGBWPM-841FE8FF29E8,Unknown
2025-10-24T20:25:31.754451+00:00,26.673080166666665,-81.80570283333333,28:70:4e:dd:d0:49,-80,2437,6,Bermuda 2G,pole 13 SW
2025-10-24T20:25:31.754451+00:00,26.673080166666665,-81.80570283333333,2e:70:4e:dd:d0:49,-80,2437,6,Bermuda Guest WIFI 2G,pole 13 SW
2025-10-24T20:25:31.754451+00:00,26.673080166666665,-81.80570283333333,2e:70:4e:d0:88:21,-80,2412,1,Bermuda Guest WIFI 2G,pole 14
2025-10-24T20:25:31.754451+00:00,26.673080166666665,-81.80570283333333,2e:70:4e:d0:86:c2,-81,2437,6,Bermuda Guest WIFI 2G,pole 12 W
2025-10-24T20:25:31.754451+00:00,26.673080166666665,-81.80570283333333,2e:70:4e:d0:87:4f,-82,2462,11,Bermuda Guest WIFI 2G,pole 13 E
2025-10-24T20:25:31.754451+00:00,26.673080166666665,-81.80570283333333,28:70:4e:d0:88:22,-82,5765,154,Bermuda Guest WIFI,pole 14
2025-10-24T20:25:31.754451+00:00,26.673080166666665,-81.80570283333333,28:70:4e:d0:86:c2,-82,2437,6,Bermuda 2G,pole 12 W
2025-10-24T20:25:31.754451+00:00,26.673080166666665,-81.80570283333333,2e:70:4e:d0:88:22,-82,5765,154,Bermuda,pole 14
2025-10-24T20:25:31.754451+00:00,26.673080166666665,-81.80570283333333,28:70:4e:d0:86:c3,-83,5765,154,Bermuda Guest WIFI,pole 12 W
2025-10-24T20:25:31.754451+00:00,26.673080166666665,-81.80570283333333,2e:70:4e:d0:86:c3,-83,5765,154,Bermuda,pole 12 W
2025-10-24T20:25:31.754451+00:00,26.673098833333334,-81.80572466666666,28:70:4e:d0:88:fa,-60,5765,154,Bermuda Guest WIFI,pole 11
2025-10-24T20:25:31.754451+00:00,26.673098833333334,-81.80572466666666,2e:70:4e:d0:88:fa,-60,5765,154,Bermuda,pole 11
2025-10-24T20:25:31.754451+00:00,26.673098833333334,-81.80572466666666,1c:6a:1b:63:f6:f2,-68,5240,49,Bermuda Guest WIFI,Outside SE
2025-10-24T20:25:31.754451+00:00,26.673098833333334,-81.80572466666666,1c:6a:1b:63:f6:f6,-68,5240,49,Bermuda Guest WIFI,Outside SW
2025-10-24T20:25:31.754451+00:00,26.673098833333334,-81.80572466666666,28:70:4e:d2:92:ab,-71,5745,150,Bermuda Guest WIFI,pole 12 N
2025-10-24T20:25:31.754451+00:00,26.673098833333334,-81.80572466666666,2e:70:4e:d2:92:ab,-71,5745,150,Bermuda,pole 12 N
2025-10-24T20:25:31.754451+00:00,26.673098833333334,-81.80572466666666,28:70:4e:d0:87:4f,-74,2462,11,Bermuda 2G,pole 13 E
2025-10-24T20:25:31.754451+00:00,26.673098833333334,-81.80572466666666,28:70:4e:dd:d3:20,-74,5785,158,Bermuda Guest WIFI,pole 01 NE
2025-10-24T20:25:31.754451+00:00,26.673098833333334,-81.80572466666666,2e:70:4e:dd:d3:20,-74,5785,158,Bermuda,pole 01 NE
2025-10-24T20:25:31.754451+00:00,26.673098833333334,-81.80572466666666,2e:70:4e:d0:88:f9,-75,2412,1,Bermuda Guest WIFI 2G,pole 11
2025-10-24T20:25:31.754451+00:00,26.673098833333334,-81.80572466666666,2e:70:4e:dd:d0:4a,-75,5240,49,Bermuda,pole 13 SW
2025-10-24T20:25:31.754451+00:00,26.673098833333334,-81.80572466666666,28:70:4e:dd:d0:49,-76,2437,6,Bermuda 2G,pole 13 SW
2025-10-24T20:25:31.754451+00:00,26.673098833333334,-81.80572466666666,28:70:4e:dd:d0:4a,-76,5240,49,Bermuda Guest WIFI,pole 13 SW
2025-10-24T20:25:31.754451+00:00,26.673098833333334,-81.80572466666666,28:70:4e:d0:88:f9,-77,2412,1,Bermuda 2G,pole 11
2025-10-24T20:25:31.754451+00:00,26.673098833333334,-81.80572466666666,2e:70:4e:dd:d0:49,-77,2437,6,Bermuda Guest WIFI 2G,pole 13 SW
2025-10-24T20:25:31.754451+00:00,26.673098833333334,-81.80572466666666,28:70:4e:d0:87:50,-78,5745,150,Bermuda Guest WIFI,pole 13 E
2025-10-24T20:25:31.754451+00:00,26.673098833333334,-81.80572466666666,2e:70:4e:d0:87:50,-78,5745,150,Bermuda,pole 13 E
2025-10-24T20:25:31.754451+00:00,26.673098833333334,-81.80572466666666,28:70:4e:d0:88:21,-78,2412,1,Bermuda 2G,pole 14
2025-10-24T20:25:31.754451+00:00,26.673098833333334,-81.80572466666666,28:70:4e:d0:89:21,-78,5200,41,Bermuda Guest WIFI,pole 01 S
2025-10-24T20:25:31.754451+00:00,26.673098833333334,-81.80572466666666,2e:70:4e:d0:89:21,-78,5200,41,Bermuda,pole 01 S
2025-10-24T20:25:31.754451+00:00,26.673098833333334,-81.80572466666666,28:70:4e:d2:92:aa,-79,2437,6,Bermuda 2G,pole 12 N
2025-10-24T20:25:31.754451+00:00,26.673098833333334,-81.80572466666666,2e:70:4e:d2:92:aa,-79,2437,6,Bermuda Guest WIFI 2G,pole 12 N
2025-10-24T20:25:31.754451+00:00,26.673098833333334,-81.80572466666666,84:1f:e8:ff:29:e9,-80,2412,1,ShellyPlusRGBWPM-841FE8FF29E8,Unknown
2025-10-24T20:25:31.754451+00:00,26.673098833333334,-81.80572466666666,2e:70:4e:d0:88:21,-80,2412,1,Bermuda Guest WIFI 2G,pole 14
2025-10-24T20:25:31.754451+00:00,26.673098833333334,-81.80572466666666,2e:70:4e:d0:86:c2,-81,2437,6,Bermuda Guest WIFI 2G,pole 12 W
2025-10-24T20:25:31.754451+00:00,26.673098833333334,-81.80572466666666,2e:70:4e:d0:87:4f,-82,2462,11,Bermuda Guest WIFI 2G,pole 13 E
2025-10-24T20:25:31.754451+00:00,26.673098833333334,-81.80572466666666,28:70:4e:d0:88:22,-82,5765,154,Bermuda Guest WIFI,pole 14
2025-10-24T20:25:31.754451+00:00,26.673098833333334,-81.80572466666666,28:70:4e:d0:86:c2,-82,2437,6,Bermuda 2G,pole 12 W
2025-10-24T20:25:31.754451+00:00,26.673098833333334,-81.80572466666666,2e:70:4e:d0:88:22,-82,5765,154,Bermuda,pole 14
2025-10-24T20:25:31.754451+00:00,26.673098833333334,-81.80572466666666,28:70:4e:d0:86:c3,-83,5765,154,Bermuda Guest WIFI,pole 12 W
2025-10-24T20:25:31.754451+00:00,26.673098833333334,-81.80572466666666,2e:70:4e:d0:86:c3,-83,5765,154,Bermuda,pole 12 W
2025-10-24T20:26:04.478552+00:00,26.673164,-81.80568583333333,28:70:4e:d0:86:c3,-67,5765,154,Bermuda Guest WIFI,pole 12 W
2025-10-24T20:26:04.478552+00:00,26.673164,-81.80568583333333,2e:70:4e:d0:86:c3,-67,5765,154,Bermuda,pole 12 W
2025-10-24T20:26:04.478552+00:00,26.673164,-81.80568583333333,28:70:4e:dd:d0:4a,-68,5240,49,Bermuda Guest WIFI,pole 13 SW
2025-10-24T20:26:04.478552+00:00,26.673164,-81.80568583333333,2e:70:4e:dd:d0:4a,-68,5240,49,Bermuda,pole 13 SW
2025-10-24T20:26:04.478552+00:00,26.673164,-81.80568583333333,28:70:4e:d2:c9:b1,-68,5220,45,Bermuda Guest WIFI,pole 15 NW
2025-10-24T20:26:04.478552+00:00,26.673164,-81.80568583333333,2e:70:4e:d2:c9:b1,-68,5220,45,Bermuda,pole 15 NW
2025-10-24T20:26:04.478552+00:00,26.673164,-81.80568583333333,28:70:4e:d2:92:ab,-71,5745,150,Bermuda Guest WIFI,pole 12 N
2025-10-24T20:26:04.478552+00:00,26.673164,-81.80568583333333,28:70:4e:d0:88:f9,-72,2412,1,Bermuda 2G,pole 11
2025-10-24T20:26:04.478552+00:00,26.673164,-81.80568583333333,28:70:4e:d0:87:50,-72,5745,150,Bermuda Guest WIFI,pole 13 E
2025-10-24T20:26:04.478552+00:00,26.673164,-81.80568583333333,2e:70:4e:d2:92:ab,-72,5745,150,Bermuda,pole 12 N
2025-10-24T20:26:04.478552+00:00,26.673164,-81.80568583333333,28:70:4e:d0:88:fa,-73,5765,154,Bermuda Guest WIFI,pole 11
2025-10-24T20:26:04.478552+00:00,26.673164,-81.80568583333333,2e:70:4e:d0:88:fa,-73,5765,154,Bermuda,pole 11
2025-10-24T20:26:04.478552+00:00,26.673164,-81.80568583333333,2e:70:4e:d0:87:50,-73,5745,150,Bermuda,pole 13 E
2025-10-24T20:26:04.478552+00:00,26.673164,-81.80568583333333,2e:70:4e:d0:88:f9,-74,2412,1,Bermuda Guest WIFI 2G,pole 11
2025-10-24T20:26:04.478552+00:00,26.673164,-81.80568583333333,28:70:4e:dd:d0:49,-76,2437,6,Bermuda 2G,pole 13 SW
2025-10-24T20:26:04.478552+00:00,26.673164,-81.80568583333333,2e:70:4e:dd:d0:49,-77,2437,6,Bermuda Guest WIFI 2G,pole 13 SW
2025-10-24T20:26:04.478552+00:00,26.673164,-81.80568583333333,28:70:4e:d0:86:c2,-78,2437,6,Bermuda 2G,pole 12 W
2025-10-24T20:26:04.478552+00:00,26.673164,-81.80568583333333,28:70:4e:d0:89:21,-78,5200,41,Bermuda Guest WIFI,pole 01 S
2025-10-24T20:26:04.478552+00:00,26.673164,-81.80568583333333,2e:70:4e:d0:89:21,-78,5200,41,Bermuda,pole 01 S
2025-10-24T20:26:04.478552+00:00,26.673164,-81.80568583333333,2e:70:4e:d0:86:c2,-79,2437,6,Bermuda Guest WIFI 2G,pole 12 W
2025-10-24T20:26:04.478552+00:00,26.673164,-81.80568583333333,28:70:4e:d0:87:5f,-79,5240,49,Bermuda Guest WIFI,pole 15 S
2025-10-24T20:26:04.478552+00:00,26.673164,-81.80568583333333,2e:70:4e:d0:87:5f,-79,5240,49,Bermuda,pole 15 S
2025-10-24T20:26:04.478552+00:00,26.673164,-81.80568583333333,1c:6a:1b:63:f6:f6,-80,5240,49,Bermuda Guest WIFI,Outside SW
2025-10-24T20:26:04.478552+00:00,26.673164,-81.80568583333333,22:6a:1b:63:f6:f6,-80,5240,49,Bermuda,Outside SW
2025-10-24T20:26:04.478552+00:00,26.673164,-81.80568583333333,84:1f:e8:ff:29:e9,-81,2412,1,ShellyPlusRGBWPM-841FE8FF29E8,Unknown
2025-10-24T20:26:04.478552+00:00,26.673164,-81.80568583333333,1c:6a:1b:63:f6:f2,-83,5240,49,Bermuda Guest WIFI,Outside SE
2025-10-24T20:26:04.478552+00:00,26.673164,-81.80568583333333,28:70:4e:d0:88:22,-83,5765,154,Bermuda Guest WIFI,pole 14
2025-10-24T20:26:04.478552+00:00,26.673164,-81.80568583333333,2e:70:4e:d0:88:22,-83,5765,154,Bermuda,pole 14
2025-10-24T20:26:04.478552+00:00,26.673164,-81.80568583333333,28:70:4e:dd:d3:20,-84,5785,158,Bermuda Guest WIFI,pole 01 NE
2025-10-24T20:26:04.478552+00:00,26.673164,-81.80568583333333,2e:70:4e:dd:d3:20,-84,5785,158,Bermuda,pole 01 NE
2025-10-24T20:26:04.478552+00:00,26.673164,-81.80568583333333,22:6a:1b:63:f6:f2,-84,5240,49,Bermuda,Outside SE
2025-10-24T20:26:37.081346+00:00,26.673257,-81.80567033333334,28:70:4e:dd:d0:4a,-68,5240,49,Bermuda Guest WIFI,pole 13 SW
2025-10-24T20:26:37.081346+00:00,26.673257,-81.80567033333334,28:70:4e:d2:92:ab,-68,5745,150,Bermuda Guest WIFI,pole 12 N
2025-10-24T20:26:37.081346+00:00,26.673257,-81.80567033333334,2e:70:4e:d2:92:ab,-68,5745,150,Bermuda,pole 12 N
2025-10-24T20:26:37.081346+00:00,26.673257,-81.80567033333334,28:70:4e:d0:88:fa,-70,5765,154,Bermuda Guest WIFI,pole 11
2025-10-24T20:26:37.081346+00:00,26.673257,-81.80567033333334,2e:70:4e:d0:88:fa,-70,5765,154,Bermuda,pole 11
2025-10-24T20:26:37.081346+00:00,26.673257,-81.80567033333334,28:70:4e:d0:88:f9,-74,2412,1,Bermuda 2G,pole 11
2025-10-24T20:26:37.081346+00:00,26.673257,-81.80567033333334,28:70:4e:d0:87:50,-74,5745,150,Bermuda Guest WIFI,pole 13 E
2025-10-24T20:26:37.081346+00:00,26.673257,-81.80567033333334,2e:70:4e:d0:88:f9,-75,2412,1,Bermuda Guest WIFI 2G,pole 11
2025-10-24T20:26:37.081346+00:00,26.673257,-81.80567033333334,2e:70:4e:d0:87:50,-75,5745,150,Bermuda,pole 13 E
2025-10-24T20:26:37.081346+00:00,26.673257,-81.80567033333334,28:70:4e:d0:86:c3,-76,5765,154,Bermuda Guest WIFI,pole 12 W
2025-10-24T20:26:37.081346+00:00,26.673257,-81.80567033333334,2e:70:4e:d0:86:c3,-76,5765,154,Bermuda,pole 12 W
2025-10-24T20:26:37.081346+00:00,26.673257,-81.80567033333334,2e:70:4e:dd:d0:4a,-78,5240,49,Bermuda,pole 13 SW
2025-10-24T20:26:37.081346+00:00,26.673257,-81.80567033333334,28:70:4e:d2:c9:b1,-79,5220,45,Bermuda Guest WIFI,pole 15 NW
2025-10-24T20:26:37.081346+00:00,26.673257,-81.80567033333334,2e:70:4e:d2:c9:b1,-79,5220,45,Bermuda,pole 15 NW
2025-10-24T20:26:37.081346+00:00,26.673257,-81.80567033333334,1c:6a:1b:63:f6:f2,-82,5240,49,Bermuda Guest WIFI,Outside SE
2025-10-24T20:26:37.081346+00:00,26.673257,-81.80567033333334,22:6a:1b:63:f6:f2,-82,5240,49,Bermuda,Outside SE
2025-10-24T20:26:37.081346+00:00,26.673257,-81.80567033333334,28:70:4e:d2:8b:2e,-82,5220,45,Bermuda Guest WIFI,pole 02 W
2025-10-24T20:26:37.081346+00:00,26.673257,-81.80567033333334,2e:70:4e:d2:8b:2e,-82,5220,45,Bermuda,pole 02 W
2025-10-24T20:26:37.081346+00:00,26.673231666666666,-81.80569883333334,28:70:4e:d0:88:f9,-66,2412,1,Bermuda 2G,pole 11
2025-10-24T20:26:37.081346+00:00,26.673231666666666,-81.80569883333334,2e:70:4e:d0:88:fa,-67,5765,154,Bermuda,pole 11
2025-10-24T20:26:37.081346+00:00,26.673231666666666,-81.80569883333334,2e:70:4e:d0:88:f9,-68,2412,1,Bermuda Guest WIFI 2G,pole 11
2025-10-24T20:26:37.081346+00:00,26.673231666666666,-81.80569883333334,28:70:4e:d0:88:fa,-68,5765,154,Bermuda Guest WIFI,pole 11
2025-10-24T20:26:37.081346+00:00,26.673231666666666,-81.80569883333334,28:70:4e:d2:92:ab,-70,5745,150,Bermuda Guest WIFI,pole 12 N
2025-10-24T20:26:37.081346+00:00,26.673231666666666,-81.80569883333334,2e:70:4e:d2:92:ab,-70,5745,150,Bermuda,pole 12 N
2025-10-24T20:26:37.081346+00:00,26.673231666666666,-81.80569883333334,2e:70:4e:d0:86:c2,-76,2437,6,Bermuda Guest WIFI 2G,pole 12 W
2025-10-24T20:26:37.081346+00:00,26.673231666666666,-81.80569883333334,2e:70:4e:dd:d0:4a,-77,5240,49,Bermuda,pole 13 SW
2025-10-24T20:26:37.081346+00:00,26.673231666666666,-81.80569883333334,28:70:4e:d0:86:c2,-77,2437,6,Bermuda 2G,pole 12 W
2025-10-24T20:26:37.081346+00:00,26.673231666666666,-81.80569883333334,84:1f:e8:ff:29:e9,-78,2412,1,ShellyPlusRGBWPM-841FE8FF29E8,Unknown
2025-10-24T20:28:23.372838+00:00,26.673292166666666,-81.80581,2e:70:4e:d0:88:fa,-61,5765,154,Bermuda,pole 11
2025-10-24T20:28:23.372838+00:00,26.673292166666666,-81.80581,28:70:4e:d0:88:fa,-62,5765,154,Bermuda Guest WIFI,pole 11
2025-10-24T20:28:23.372838+00:00,26.673292166666666,-81.80581,28:70:4e:d0:88:22,-70,5765,154,Bermuda Guest WIFI,pole 14
2025-10-24T20:28:23.372838+00:00,26.673292166666666,-81.80581,2e:70:4e:d0:88:22,-70,5765,154,Bermuda,pole 14
2025-10-24T20:28:23.372838+00:00,26.673292166666666,-81.80581,2e:70:4e:d2:92:ab,-71,5745,150,Bermuda,pole 12 N
2025-10-24T20:28:23.372838+00:00,26.673292166666666,-81.80581,28:70:4e:d2:92:ab,-71,5745,150,Bermuda Guest WIFI,pole 12 N
2025-10-24T20:28:23.372838+00:00,26.673292166666666,-81.80581,2e:70:4e:d0:88:f9,-72,2412,1,Bermuda Guest WIFI 2G,pole 11
2025-10-24T20:28:23.372838+00:00,26.673292166666666,-81.80581,28:70:4e:d0:88:f9,-72,2412,1,Bermuda 2G,pole 11
2025-10-24T20:28:23.372838+00:00,26.673292166666666,-81.80581,28:70:4e:dd:d0:4a,-72,5240,49,Bermuda Guest WIFI,pole 13 SW
2025-10-24T20:28:23.372838+00:00,26.673292166666666,-81.80581,2e:70:4e:dd:d0:4a,-72,5240,49,Bermuda,pole 13 SW
2025-10-24T20:28:23.372838+00:00,26.673292166666666,-81.80581,28:70:4e:d2:c9:b1,-74,5220,45,Bermuda Guest WIFI,pole 15 NW
2025-10-24T20:28:23.372838+00:00,26.673292166666666,-81.80581,2e:70:4e:d2:c9:b1,-74,5220,45,Bermuda,pole 15 NW
2025-10-24T20:28:23.372838+00:00,26.673292166666666,-81.80581,28:70:4e:d0:87:50,-74,5745,150,Bermuda Guest WIFI,pole 13 E
2025-10-24T20:28:23.372838+00:00,26.673292166666666,-81.80581,2e:70:4e:d0:87:50,-74,5745,150,Bermuda,pole 13 E
2025-10-24T20:28:23.372838+00:00,26.673292166666666,-81.80581,84:1f:e8:ff:29:e9,-81,2412,1,ShellyPlusRGBWPM-841FE8FF29E8,Unknown
2025-10-24T20:28:23.372838+00:00,26.673292166666666,-81.80581,28:70:4e:d0:8d:35,-85,5180,37,Bermuda Guest WIFI,pole 20
2025-10-24T20:28:23.372838+00:00,26.673292166666666,-81.80581,2e:70:4e:d0:8d:35,-85,5180,37,Bermuda,pole 20
2025-10-24T20:28:23.372838+00:00,26.673256666666667,-81.80586883333334,28:70:4e:d0:88:fa,-56,5765,154,Bermuda Guest WIFI,pole 11
2025-10-24T20:28:23.372838+00:00,26.673256666666667,-81.80586883333334,2e:70:4e:d0:88:fa,-56,5765,154,Bermuda,pole 11
2025-10-24T20:28:23.372838+00:00,26.673256666666667,-81.80586883333334,28:70:4e:d0:88:22,-70,5765,154,Bermuda Guest WIFI,pole 14
2025-10-24T20:28:23.372838+00:00,26.673256666666667,-81.80586883333334,2e:70:4e:d0:88:22,-70,5765,154,Bermuda,pole 14
2025-10-24T20:28:23.372838+00:00,26.673256666666667,-81.80586883333334,28:70:4e:d2:92:ab,-71,5745,150,Bermuda Guest WIFI,pole 12 N
2025-10-24T20:28:23.372838+00:00,26.673256666666667,-81.80586883333334,28:70:4e:d2:c9:b1,-74,5220,45,Bermuda Guest WIFI,pole 15 NW
2025-10-24T20:28:23.372838+00:00,26.673256666666667,-81.80586883333334,2e:70:4e:d2:c9:b1,-74,5220,45,Bermuda,pole 15 NW
2025-10-24T20:28:23.372838+00:00,26.673256666666667,-81.80586883333334,28:70:4e:d0:87:50,-74,5745,150,Bermuda Guest WIFI,pole 13 E
2025-10-24T20:28:23.372838+00:00,26.673256666666667,-81.80586883333334,2e:70:4e:d0:87:50,-74,5745,150,Bermuda,pole 13 E
2025-10-24T20:28:23.372838+00:00,26.673256666666667,-81.80586883333334,2e:70:4e:d0:88:f9,-77,2412,1,Bermuda Guest WIFI 2G,pole 11
2025-10-24T20:28:23.372838+00:00,26.673256666666667,-81.80586883333334,28:70:4e:d0:88:f9,-77,2412,1,Bermuda 2G,pole 11
2025-10-24T20:28:23.372838+00:00,26.673256666666667,-81.80586883333334,28:70:4e:dd:d0:4a,-83,5240,49,Bermuda Guest WIFI,pole 13 SW
2025-10-24T20:28:23.372838+00:00,26.673256666666667,-81.80586883333334,2e:70:4e:dd:d0:4a,-83,5240,49,Bermuda,pole 13 SW
2025-10-24T20:28:23.372838+00:00,26.673256666666667,-81.80586883333334,2e:70:4e:d2:92:ab,-83,5745,150,Bermuda,pole 12 N
2025-10-24T20:28:23.372838+00:00,26.673256666666667,-81.80586883333334,28:70:4e:d0:8d:35,-85,5180,37,Bermuda Guest WIFI,pole 20
2025-10-24T20:28:23.372838+00:00,26.673256666666667,-81.80586883333334,2e:70:4e:d0:8d:35,-85,5180,37,Bermuda,pole 20
2025-10-24T20:28:23.372838+00:00,26.673230333333333,-81.80586166666667,28:70:4e:d0:88:fa,-53,5765,154,Bermuda Guest WIFI,pole 11
2025-10-24T20:28:23.372838+00:00,26.673230333333333,-81.80586166666667,2e:70:4e:d0:88:fa,-53,5765,154,Bermuda,pole 11
2025-10-24T20:28:23.372838+00:00,26.673230333333333,-81.80586166666667,28:70:4e:d0:86:c3,-72,5765,154,Bermuda Guest WIFI,pole 12 W
2025-10-24T20:28:23.372838+00:00,26.673230333333333,-81.80586166666667,2e:70:4e:d0:86:c3,-72,5765,154,Bermuda,pole 12 W
2025-10-24T20:28:23.372838+00:00,26.673230333333333,-81.80586166666667,28:70:4e:dd:d0:4a,-74,5240,49,Bermuda Guest WIFI,pole 13 SW
2025-10-24T20:28:23.372838+00:00,26.673230333333333,-81.80586166666667,2e:70:4e:dd:d0:4a,-74,5240,49,Bermuda,pole 13 SW
2025-10-24T20:28:23.372838+00:00,26.673230333333333,-81.80586166666667,2e:70:4e:d2:92:ab,-76,5745,150,Bermuda,pole 12 N
2025-10-24T20:28:23.372838+00:00,26.673230333333333,-81.80586166666667,28:70:4e:d2:92:ab,-76,5745,150,Bermuda Guest WIFI,pole 12 N
2025-10-24T20:28:23.372838+00:00,26.673230333333333,-81.80586166666667,28:70:4e:d0:86:c2,-76,2437,6,Bermuda 2G,pole 12 W
2025-10-24T20:28:23.372838+00:00,26.673230333333333,-81.80586166666667,2e:70:4e:d0:86:c2,-76,2437,6,Bermuda Guest WIFI 2G,pole 12 W
2025-10-24T20:28:23.372838+00:00,26.673230333333333,-81.80586166666667,28:70:4e:d0:87:4f,-77,2462,11,Bermuda 2G,pole 13 E
2025-10-24T20:28:23.372838+00:00,26.673230333333333,-81.80586166666667,2e:70:4e:d0:87:4f,-78,2462,11,Bermuda Guest WIFI 2G,pole 13 E
2025-10-24T20:28:23.372838+00:00,26.673230333333333,-81.80586166666667,28:70:4e:d0:88:f9,-79,2412,1,Bermuda 2G,pole 11
2025-10-24T20:28:23.372838+00:00,26.673230333333333,-81.80586166666667,2e:70:4e:d0:88:f9,-81,2412,1,Bermuda Guest WIFI 2G,pole 11
2025-10-24T20:28:23.372838+00:00,26.673239,-81.80586433333333,28:70:4e:d0:88:fa,-63,5765,154,Bermuda Guest WIFI,pole 11
2025-10-24T20:28:23.372838+00:00,26.673239,-81.80586433333333,2e:70:4e:d0:88:fa,-63,5765,154,Bermuda,pole 11
2025-10-24T20:28:23.372838+00:00,26.673239,-81.80586433333333,28:70:4e:d0:88:f9,-70,2412,1,Bermuda 2G,pole 11
2025-10-24T20:28:23.372838+00:00,26.673239,-81.80586433333333,2e:70:4e:d0:88:f9,-71,2412,1,Bermuda Guest WIFI 2G,pole 11
2025-10-24T20:28:23.372838+00:00,26.673239,-81.80586433333333,28:70:4e:d0:86:c3,-72,5765,154,Bermuda Guest WIFI,pole 12 W
2025-10-24T20:28:23.372838+00:00,26.673239,-81.80586433333333,2e:70:4e:d0:86:c3,-72,5765,154,Bermuda,pole 12 W
2025-10-24T20:28:23.372838+00:00,26.673239,-81.80586433333333,28:70:4e:dd:d0:4a,-74,5240,49,Bermuda Guest WIFI,pole 13 SW
2025-10-24T20:28:23.372838+00:00,26.673239,-81.80586433333333,2e:70:4e:dd:d0:4a,-74,5240,49,Bermuda,pole 13 SW
2025-10-24T20:28:23.372838+00:00,26.673239,-81.80586433333333,2e:70:4e:d2:92:ab,-76,5745,150,Bermuda,pole 12 N
2025-10-24T20:28:23.372838+00:00,26.673239,-81.80586433333333,28:70:4e:d2:92:ab,-76,5745,150,Bermuda Guest WIFI,pole 12 N
2025-10-24T20:28:23.372838+00:00,26.673239,-81.80586433333333,28:70:4e:d0:86:c2,-76,2437,6,Bermuda 2G,pole 12 W
2025-10-24T20:28:23.372838+00:00,26.673239,-81.80586433333333,2e:70:4e:d0:86:c2,-76,2437,6,Bermuda Guest WIFI 2G,pole 12 W
2025-10-24T20:28:23.372838+00:00,26.673239,-81.80586433333333,28:70:4e:d0:87:4f,-77,2462,11,Bermuda 2G,pole 13 E
2025-10-24T20:28:23.372838+00:00,26.673239,-81.80586433333333,2e:70:4e:d0:87:4f,-78,2462,11,Bermuda Guest WIFI 2G,pole 13 E
2025-10-24T20:28:23.372838+00:00,26.673239,-81.80586433333333,2e:70:4e:d2:92:aa,-80,2437,6,Bermuda Guest WIFI 2G,pole 12 N
2025-10-24T20:28:23.372838+00:00,26.673239,-81.80586433333333,28:70:4e:d0:87:50,-81,5745,150,Bermuda Guest WIFI,pole 13 E
2025-10-24T20:28:23.372838+00:00,26.673239,-81.80586433333333,2e:70:4e:d0:87:50,-81,5745,150,Bermuda,pole 13 E
2025-10-24T20:29:24.565704+00:00,26.673226,-81.80584066666667,2e:70:4e:d0:88:fa,-49,5765,154,Bermuda,pole 11
2025-10-24T20:29:24.565704+00:00,26.673226,-81.80584066666667,28:70:4e:d0:88:fa,-49,5765,154,Bermuda Guest WIFI,pole 11
2025-10-24T20:29:24.565704+00:00,26.673226,-81.80584066666667,28:70:4e:d0:88:f9,-72,2412,1,Bermuda 2G,pole 11
2025-10-24T20:29:24.565704+00:00,26.673226,-81.80584066666667,2e:70:4e:d0:88:f9,-74,2412,1,Bermuda Guest WIFI 2G,pole 11
2025-10-24T20:29:24.565704+00:00,26.673226,-81.80584066666667,28:70:4e:d0:87:50,-81,5745,150,Bermuda Guest WIFI,pole 13 E
2025-10-24T20:29:24.565704+00:00,26.673226,-81.80584066666667,2e:70:4e:d0:87:50,-81,5745,150,Bermuda,pole 13 E
2025-10-24T20:29:24.565704+00:00,26.673225666666667,-81.80584133333333,2e:70:4e:d0:88:fa,-66,5765,154,Bermuda,pole 11
2025-10-24T20:29:24.565704+00:00,26.673225666666667,-81.80584133333333,28:70:4e:d0:88:fa,-66,5765,154,Bermuda Guest WIFI,pole 11
2025-10-24T20:29:24.565704+00:00,26.673225666666667,-81.80584133333333,28:70:4e:d0:88:f9,-70,2412,1,Bermuda 2G,pole 11
2025-10-24T20:29:24.565704+00:00,26.673225666666667,-81.80584133333333,2e:70:4e:d0:88:f9,-70,2412,1,Bermuda Guest WIFI 2G,pole 11
2025-10-24T20:29:24.565704+00:00,26.673225666666667,-81.80584133333333,28:70:4e:d0:86:c2,-78,2437,6,Bermuda 2G,pole 12 W
2025-10-24T20:29:24.565704+00:00,26.673225666666667,-81.80584133333333,28:70:4e:d0:87:50,-81,5745,150,Bermuda Guest WIFI,pole 13 E
2025-10-24T20:29:24.565704+00:00,26.673225666666667,-81.80584133333333,2e:70:4e:d0:87:50,-81,5745,150,Bermuda,pole 13 E
2025-10-24T20:29:24.565704+00:00,26.6732245,-81.80583616666667,2e:70:4e:d0:88:fa,-50,5765,154,Bermuda,pole 11
2025-10-24T20:29:24.565704+00:00,26.6732245,-81.80583616666667,28:70:4e:d0:88:fa,-50,5765,154,Bermuda Guest WIFI,pole 11
2025-10-24T20:29:24.565704+00:00,26.6732245,-81.80583616666667,28:70:4e:d2:92:ab,-70,5745,150,Bermuda Guest WIFI,pole 12 N
2025-10-24T20:29:24.565704+00:00,26.6732245,-81.80583616666667,2e:70:4e:d2:92:ab,-71,5745,150,Bermuda,pole 12 N
2025-10-24T20:29:24.565704+00:00,26.6732245,-81.80583616666667,28:70:4e:d0:88:f9,-72,2412,1,Bermuda 2G,pole 11
2025-10-24T20:29:24.565704+00:00,26.6732245,-81.80583616666667,2e:70:4e:d0:88:f9,-72,2412,1,Bermuda Guest WIFI 2G,pole 11
2025-10-24T20:29:24.565704+00:00,26.6732245,-81.80583616666667,28:70:4e:d0:86:c2,-78,2437,6,Bermuda 2G,pole 12 W
2025-10-24T20:29:24.565704+00:00,26.6732245,-81.80583616666667,28:70:4e:d0:87:50,-81,5745,150,Bermuda Guest WIFI,pole 13 E
2025-10-24T20:29:24.565704+00:00,26.6732245,-81.80583616666667,2e:70:4e:d0:87:50,-81,5745,150,Bermuda,pole 13 E
2025-10-24T20:29:24.565704+00:00,26.6732305,-81.80584033333334,2e:70:4e:d0:88:fa,-50,5765,154,Bermuda,pole 11
2025-10-24T20:29:24.565704+00:00,26.6732305,-81.80584033333334,28:70:4e:d0:88:fa,-50,5765,154,Bermuda Guest WIFI,pole 11
2025-10-24T20:29:24.565704+00:00,26.6732305,-81.80584033333334,28:70:4e:d0:88:f9,-68,2412,1,Bermuda 2G,pole 11
2025-10-24T20:29:24.565704+00:00,26.6732305,-81.80584033333334,2e:70:4e:d0:88:f9,-70,2412,1,Bermuda Guest WIFI 2G,pole 11
2025-10-24T20:29:24.565704+00:00,26.6732305,-81.80584033333334,28:70:4e:d2:92:ab,-70,5745,150,Bermuda Guest WIFI,pole 12 N
2025-10-24T20:29:24.565704+00:00,26.6732305,-81.80584033333334,2e:70:4e:d2:92:ab,-71,5745,150,Bermuda,pole 12 N
2025-10-24T20:29:24.565704+00:00,26.6732305,-81.80584033333334,84:1f:e8:ff:29:e9,-73,2412,1,ShellyPlusRGBWPM-841FE8FF29E8,Unknown
2025-10-24T20:29:24.565704+00:00,26.6732305,-81.80584033333334,28:70:4e:d0:86:c2,-79,2437,6,Bermuda 2G,pole 12 W
2025-10-24T20:29:24.565704+00:00,26.6732305,-81.80584033333334,28:70:4e:dd:d0:4a,-79,5240,49,Bermuda Guest WIFI,pole 13 SW
2025-10-24T20:29:24.565704+00:00,26.6732305,-81.80584033333334,2e:70:4e:dd:d0:4a,-80,5240,49,Bermuda,pole 13 SW
2025-10-24T20:29:24.565704+00:00,26.6732305,-81.80584033333334,28:70:4e:d0:87:50,-81,5745,150,Bermuda Guest WIFI,pole 13 E
2025-10-24T20:29:24.565704+00:00,26.6732305,-81.80584033333334,2e:70:4e:d0:87:50,-81,5745,150,Bermuda,pole 13 E
2025-10-24T20:30:24.339259+00:00,26.673232833333334,-81.80582766666667,2e:70:4e:d0:88:fa,-49,5765,154,Bermuda,pole 11
2025-10-24T20:30:24.339259+00:00,26.673232833333334,-81.80582766666667,28:70:4e:d0:88:fa,-49,5765,154,Bermuda Guest WIFI,pole 11
2025-10-24T20:30:24.339259+00:00,26.673232833333334,-81.80582766666667,28:70:4e:d0:88:f9,-72,2412,1,Bermuda 2G,pole 11
2025-10-24T20:30:24.339259+00:00,26.673232833333334,-81.80582766666667,2e:70:4e:d0:88:f9,-73,2412,1,Bermuda Guest WIFI 2G,pole 11
2025-10-24T20:30:24.339259+00:00,26.673232833333334,-81.80582766666667,28:70:4e:dd:d0:4a,-80,5240,49,Bermuda Guest WIFI,pole 13 SW
2025-10-24T20:30:24.339259+00:00,26.673232833333334,-81.80582766666667,2e:70:4e:dd:d0:4a,-80,5240,49,Bermuda,pole 13 SW
2025-10-24T20:30:24.339259+00:00,26.673234666666666,-81.80582283333334,2e:70:4e:d0:88:fa,-62,5765,154,Bermuda,pole 11
2025-10-24T20:30:24.339259+00:00,26.673234666666666,-81.80582283333334,28:70:4e:d0:88:fa,-62,5765,154,Bermuda Guest WIFI,pole 11
2025-10-24T20:30:24.339259+00:00,26.673234666666666,-81.80582283333334,28:70:4e:d0:88:f9,-69,2412,1,Bermuda 2G,pole 11
2025-10-24T20:30:24.339259+00:00,26.673234666666666,-81.80582283333334,2e:70:4e:d0:88:f9,-69,2412,1,Bermuda Guest WIFI 2G,pole 11
2025-10-24T20:30:24.339259+00:00,26.673234666666666,-81.80582283333334,28:70:4e:d2:92:ab,-76,5745,150,Bermuda Guest WIFI,pole 12 N
2025-10-24T20:30:24.339259+00:00,26.673234666666666,-81.80582283333334,2e:70:4e:d2:92:ab,-76,5745,150,Bermuda,pole 12 N
2025-10-24T20:30:24.339259+00:00,26.673234666666666,-81.80582283333334,28:70:4e:dd:d0:4a,-79,5240,49,Bermuda Guest WIFI,pole 13 SW
2025-10-24T20:30:24.339259+00:00,26.673234666666666,-81.80582283333334,2e:70:4e:dd:d0:4a,-79,5240,49,Bermuda,pole 13 SW
2025-10-24T20:30:24.339259+00:00,26.673234666666666,-81.80582283333334,2e:70:4e:d0:87:50,-80,5745,150,Bermuda,pole 13 E
2025-10-24T20:30:24.339259+00:00,26.673185833333335,-81.80573766666667,2e:70:4e:d0:88:fa,-50,5765,154,Bermuda,pole 11
2025-10-24T20:30:24.339259+00:00,26.673185833333335,-81.80573766666667,28:70:4e:d0:88:fa,-50,5765,154,Bermuda Guest WIFI,pole 11
2025-10-24T20:30:24.339259+00:00,26.673185833333335,-81.80573766666667,28:70:4e:d0:88:f9,-74,2412,1,Bermuda 2G,pole 11
2025-10-24T20:30:24.339259+00:00,26.673185833333335,-81.80573766666667,2e:70:4e:d0:88:f9,-75,2412,1,Bermuda Guest WIFI 2G,pole 11
2025-10-24T20:30:24.339259+00:00,26.673185833333335,-81.80573766666667,28:70:4e:d2:92:ab,-76,5745,150,Bermuda Guest WIFI,pole 12 N
2025-10-24T20:30:24.339259+00:00,26.673185833333335,-81.80573766666667,2e:70:4e:d2:92:ab,-76,5745,150,Bermuda,pole 12 N
2025-10-24T20:30:24.339259+00:00,26.673185833333335,-81.80573766666667,28:70:4e:dd:d0:4a,-79,5240,49,Bermuda Guest WIFI,pole 13 SW
2025-10-24T20:30:24.339259+00:00,26.673185833333335,-81.80573766666667,2e:70:4e:dd:d0:4a,-79,5240,49,Bermuda,pole 13 SW
2025-10-24T20:30:24.339259+00:00,26.673185833333335,-81.80573766666667,2e:70:4e:d0:87:50,-80,5745,150,Bermuda,pole 13 E
2025-10-24T20:30:24.339259+00:00,26.673082333333333,-81.8057345,28:70:4e:d0:88:fa,-50,5765,154,Bermuda Guest WIFI,pole 11
2025-10-24T20:30:24.339259+00:00,26.673082333333333,-81.8057345,2e:70:4e:d0:88:fa,-64,5765,154,Bermuda,pole 11
2025-10-24T20:30:24.339259+00:00,26.673082333333333,-81.8057345,28:70:4e:d2:92:ab,-76,5745,150,Bermuda Guest WIFI,pole 12 N
2025-10-24T20:30:24.339259+00:00,26.673082333333333,-81.8057345,2e:70:4e:d2:92:ab,-76,5745,150,Bermuda,pole 12 N
2025-10-24T20:30:24.339259+00:00,26.673082333333333,-81.8057345,84:1f:e8:ff:29:e9,-77,2412,1,ShellyPlusRGBWPM-841FE8FF29E8,Unknown
2025-10-24T20:30:24.339259+00:00,26.673082333333333,-81.8057345,28:70:4e:d0:88:f9,-78,2412,1,Bermuda 2G,pole 11
2025-10-24T20:30:24.339259+00:00,26.673082333333333,-81.8057345,2e:70:4e:d0:88:f9,-78,2412,1,Bermuda Guest WIFI 2G,pole 11
2025-10-24T20:30:24.339259+00:00,26.673082333333333,-81.8057345,28:70:4e:dd:d0:4a,-79,5240,49,Bermuda Guest WIFI,pole 13 SW
2025-10-24T20:30:24.339259+00:00,26.673082333333333,-81.8057345,2e:70:4e:dd:d0:4a,-79,5240,49,Bermuda,pole 13 SW
2025-10-24T20:30:24.339259+00:00,26.673082333333333,-81.8057345,2e:70:4e:d0:87:50,-80,5745,150,Bermuda,pole 13 E
2025-10-24T20:31:22.365035+00:00,26.673183833333333,-81.80582516666666,2e:70:4e:d0:88:fa,-58,5765,154,Bermuda,pole 11
2025-10-24T20:31:22.365035+00:00,26.673183833333333,-81.80582516666666,28:70:4e:d2:c9:b1,-71,5220,45,Bermuda Guest WIFI,pole 15 NW
2025-10-24T20:31:22.365035+00:00,26.673183833333333,-81.80582516666666,2e:70:4e:d2:c9:b1,-71,5220,45,Bermuda,pole 15 NW
2025-10-24T20:31:22.365035+00:00,26.673183833333333,-81.80582516666666,28:70:4e:d0:88:f9,-76,2412,1,Bermuda 2G,pole 11
2025-10-24T20:31:22.365035+00:00,26.673183833333333,-81.80582516666666,2e:70:4e:d0:88:f9,-77,2412,1,Bermuda Guest WIFI 2G,pole 11
2025-10-24T20:31:22.365035+00:00,26.673183833333333,-81.80582516666666,28:70:4e:d0:86:c2,-77,2437,6,Bermuda 2G,pole 12 W
2025-10-24T20:31:22.365035+00:00,26.673183833333333,-81.80582516666666,2e:70:4e:d0:86:c2,-77,2437,6,Bermuda Guest WIFI 2G,pole 12 W
2025-10-24T20:31:22.365035+00:00,26.673259166666668,-81.80582916666667,28:70:4e:d0:88:fa,-53,5765,154,Bermuda Guest WIFI,pole 11
2025-10-24T20:31:22.365035+00:00,26.673259166666668,-81.80582916666667,2e:70:4e:d0:88:fa,-60,5765,154,Bermuda,pole 11
2025-10-24T20:31:22.365035+00:00,26.673259166666668,-81.80582916666667,28:70:4e:dd:d0:4a,-61,5240,49,Bermuda Guest WIFI,pole 13 SW
2025-10-24T20:31:22.365035+00:00,26.673259166666668,-81.80582916666667,2e:70:4e:dd:d0:4a,-61,5240,49,Bermuda,pole 13 SW
2025-10-24T20:31:22.365035+00:00,26.673259166666668,-81.80582916666667,28:70:4e:d0:87:50,-63,5745,150,Bermuda Guest WIFI,pole 13 E
2025-10-24T20:31:22.365035+00:00,26.673259166666668,-81.80582916666667,28:70:4e:d0:88:f9,-65,2412,1,Bermuda 2G,pole 11
2025-10-24T20:31:22.365035+00:00,26.673259166666668,-81.80582916666667,2e:70:4e:d0:88:f9,-65,2412,1,Bermuda Guest WIFI 2G,pole 11
2025-10-24T20:31:22.365035+00:00,26.673259166666668,-81.80582916666667,28:70:4e:d0:86:c3,-70,5765,154,Bermuda Guest WIFI,pole 12 W
2025-10-24T20:31:22.365035+00:00,26.673259166666668,-81.80582916666667,2e:70:4e:d0:86:c3,-70,5765,154,Bermuda,pole 12 W
2025-10-24T20:31:22.365035+00:00,26.673259166666668,-81.80582916666667,28:70:4e:d2:c9:b1,-76,5220,45,Bermuda Guest WIFI,pole 15 NW
2025-10-24T20:31:22.365035+00:00,26.673259166666668,-81.80582916666667,2e:70:4e:d2:c9:b1,-76,5220,45,Bermuda,pole 15 NW
2025-10-24T20:31:22.365035+00:00,26.673259166666668,-81.80582916666667,28:70:4e:d0:86:c2,-77,2437,6,Bermuda 2G,pole 12 W
2025-10-24T20:31:22.365035+00:00,26.673259166666668,-81.80582916666667,2e:70:4e:d0:86:c2,-77,2437,6,Bermuda Guest WIFI 2G,pole 12 W
2025-10-24T20:31:22.365035+00:00,26.673259166666668,-81.80582916666667,28:70:4e:d0:89:21,-80,5200,41,Bermuda Guest WIFI,pole 01 S
2025-10-24T20:31:22.365035+00:00,26.673259166666668,-81.80582916666667,2e:70:4e:d0:89:21,-80,5200,41,Bermuda,pole 01 S
2025-10-24T20:31:22.365035+00:00,26.673339833333333,-81.8058075,2e:70:4e:d0:88:fa,-45,5765,154,Bermuda,pole 11
2025-10-24T20:31:22.365035+00:00,26.673339833333333,-81.8058075,28:70:4e:d0:88:fa,-45,5765,154,Bermuda Guest WIFI,pole 11
2025-10-24T20:31:22.365035+00:00,26.673339833333333,-81.8058075,2e:70:4e:d0:88:f9,-63,2412,1,Bermuda Guest WIFI 2G,pole 11
2025-10-24T20:31:22.365035+00:00,26.673339833333333,-81.8058075,28:70:4e:d0:87:50,-63,5745,150,Bermuda Guest WIFI,pole 13 E
2025-10-24T20:31:22.365035+00:00,26.673339833333333,-81.8058075,28:70:4e:d0:88:f9,-64,2412,1,Bermuda 2G,pole 11
2025-10-24T20:31:22.365035+00:00,26.673339833333333,-81.8058075,28:70:4e:d0:86:c3,-70,5765,154,Bermuda Guest WIFI,pole 12 W
2025-10-24T20:31:22.365035+00:00,26.673339833333333,-81.8058075,2e:70:4e:d0:86:c3,-70,5765,154,Bermuda,pole 12 W
2025-10-24T20:31:22.365035+00:00,26.673339833333333,-81.8058075,28:70:4e:dd:d0:4a,-70,5240,49,Bermuda Guest WIFI,pole 13 SW
2025-10-24T20:31:22.365035+00:00,26.673339833333333,-81.8058075,2e:70:4e:dd:d0:4a,-70,5240,49,Bermuda,pole 13 SW
2025-10-24T20:31:22.365035+00:00,26.673339833333333,-81.8058075,84:1f:e8:ff:29:e9,-74,2412,1,ShellyPlusRGBWPM-841FE8FF29E8,Unknown
2025-10-24T20:31:22.365035+00:00,26.673339833333333,-81.8058075,28:70:4e:d2:c9:b1,-76,5220,45,Bermuda Guest WIFI,pole 15 NW
2025-10-24T20:31:22.365035+00:00,26.673339833333333,-81.8058075,2e:70:4e:d2:c9:b1,-76,5220,45,Bermuda,pole 15 NW
2025-10-24T20:31:22.365035+00:00,26.673339833333333,-81.8058075,2e:70:4e:d0:87:4f,-76,2462,11,Bermuda Guest WIFI 2G,pole 13 E
2025-10-24T20:31:22.365035+00:00,26.673339833333333,-81.8058075,28:70:4e:d0:86:c2,-77,2437,6,Bermuda 2G,pole 12 W
2025-10-24T20:31:22.365035+00:00,26.673339833333333,-81.8058075,2e:70:4e:d0:86:c2,-77,2437,6,Bermuda Guest WIFI 2G,pole 12 W
2025-10-24T20:31:22.365035+00:00,26.673339833333333,-81.8058075,28:70:4e:d0:87:4f,-78,2462,11,Bermuda 2G,pole 13 E
2025-10-24T20:31:22.365035+00:00,26.673339833333333,-81.8058075,28:70:4e:d0:89:21,-80,5200,41,Bermuda Guest WIFI,pole 01 S
2025-10-24T20:31:22.365035+00:00,26.673339833333333,-81.8058075,2e:70:4e:d0:89:21,-80,5200,41,Bermuda,pole 01 S
2025-10-24T20:31:22.365035+00:00,26.673320666666665,-81.80591216666667,2e:70:4e:d0:88:fa,-48,5765,154,Bermuda,pole 11
2025-10-24T20:31:22.365035+00:00,26.673320666666665,-81.80591216666667,28:70:4e:d0:88:fa,-48,5765,154,Bermuda Guest WIFI,pole 11
2025-10-24T20:31:22.365035+00:00,26.673320666666665,-81.80591216666667,28:70:4e:d0:87:50,-63,5745,150,Bermuda Guest WIFI,pole 13 E
2025-10-24T20:31:22.365035+00:00,26.673320666666665,-81.80591216666667,28:70:4e:d0:88:f9,-66,2412,1,Bermuda 2G,pole 11
2025-10-24T20:31:22.365035+00:00,26.673320666666665,-81.80591216666667,2e:70:4e:d0:88:f9,-67,2412,1,Bermuda Guest WIFI 2G,pole 11
2025-10-24T20:31:22.365035+00:00,26.673320666666665,-81.80591216666667,84:1f:e8:ff:29:e9,-74,2412,1,ShellyPlusRGBWPM-841FE8FF29E8,Unknown
2025-10-24T20:31:22.365035+00:00,26.673320666666665,-81.80591216666667,28:70:4e:d0:86:c3,-75,5765,154,Bermuda Guest WIFI,pole 12 W
2025-10-24T20:31:22.365035+00:00,26.673320666666665,-81.80591216666667,2e:70:4e:d0:86:c3,-75,5765,154,Bermuda,pole 12 W
2025-10-24T20:31:22.365035+00:00,26.673320666666665,-81.80591216666667,28:70:4e:d2:c9:b1,-76,5220,45,Bermuda Guest WIFI,pole 15 NW
2025-10-24T20:31:22.365035+00:00,26.673320666666665,-81.80591216666667,2e:70:4e:d2:c9:b1,-76,5220,45,Bermuda,pole 15 NW
2025-10-24T20:31:22.365035+00:00,26.673320666666665,-81.80591216666667,2e:70:4e:dd:d0:4a,-76,5240,49,Bermuda,pole 13 SW
2025-10-24T20:31:22.365035+00:00,26.673320666666665,-81.80591216666667,2e:70:4e:d0:87:4f,-76,2462,11,Bermuda Guest WIFI 2G,pole 13 E
2025-10-24T20:31:22.365035+00:00,26.673320666666665,-81.80591216666667,28:70:4e:d0:86:c2,-77,2437,6,Bermuda 2G,pole 12 W
2025-10-24T20:31:22.365035+00:00,26.673320666666665,-81.80591216666667,2e:70:4e:d0:86:c2,-77,2437,6,Bermuda Guest WIFI 2G,pole 12 W
2025-10-24T20:31:22.365035+00:00,26.673320666666665,-81.80591216666667,28:70:4e:dd:d0:4a,-77,5240,49,Bermuda Guest WIFI,pole 13 SW
2025-10-24T20:31:22.365035+00:00,26.673320666666665,-81.80591216666667,2e:70:4e:d2:92:ab,-77,5745,150,Bermuda,pole 12 N
2025-10-24T20:31:22.365035+00:00,26.673320666666665,-81.80591216666667,28:70:4e:d0:87:4f,-78,2462,11,Bermuda 2G,pole 13 E
2025-10-24T20:31:22.365035+00:00,26.673320666666665,-81.80591216666667,28:70:4e:d0:89:21,-80,5200,41,Bermuda Guest WIFI,pole 01 S
2025-10-24T20:31:22.365035+00:00,26.673320666666665,-81.80591216666667,2e:70:4e:d0:89:21,-80,5200,41,Bermuda,pole 01 S
2025-10-24T20:32:27.367673+00:00,26.673220666666666,-81.8059195,2e:70:4e:d0:88:fa,-63,5765,154,Bermuda,pole 11
2025-10-24T20:32:27.367673+00:00,26.673220666666666,-81.8059195,28:70:4e:d0:88:fa,-63,5765,154,Bermuda Guest WIFI,pole 11
2025-10-24T20:32:27.367673+00:00,26.673220666666666,-81.8059195,28:70:4e:d0:88:f9,-75,2412,1,Bermuda 2G,pole 11
2025-10-24T20:32:27.367673+00:00,26.673220666666666,-81.8059195,2e:70:4e:d0:88:f9,-75,2412,1,Bermuda Guest WIFI 2G,pole 11
2025-10-24T20:32:27.367673+00:00,26.673220666666666,-81.8059195,84:1f:e8:ff:29:e9,-82,2412,1,ShellyPlusRGBWPM-841FE8FF29E8,Unknown
2025-10-24T20:32:27.367673+00:00,26.673220666666666,-81.8059195,28:70:4e:d0:86:c3,-82,5765,154,Bermuda Guest WIFI,pole 12 W
2025-10-24T20:32:27.367673+00:00,26.673220666666666,-81.8059195,2e:70:4e:d0:86:c3,-83,5765,154,Bermuda,pole 12 W
2025-10-24T20:32:27.367673+00:00,26.673217666666666,-81.80597183333333,28:70:4e:d0:88:fa,-63,5765,154,Bermuda Guest WIFI,pole 11
2025-10-24T20:32:27.367673+00:00,26.673217666666666,-81.80597183333333,2e:70:4e:d0:88:fa,-65,5765,154,Bermuda,pole 11
2025-10-24T20:32:27.367673+00:00,26.673217666666666,-81.80597183333333,28:70:4e:d0:88:f9,-75,2412,1,Bermuda 2G,pole 11
2025-10-24T20:32:27.367673+00:00,26.673217666666666,-81.80597183333333,2e:70:4e:d0:88:f9,-75,2412,1,Bermuda Guest WIFI 2G,pole 11
2025-10-24T20:32:27.367673+00:00,26.673217666666666,-81.80597183333333,2e:70:4e:d0:87:50,-80,5745,150,Bermuda,pole 13 E
2025-10-24T20:32:27.367673+00:00,26.673217666666666,-81.80597183333333,84:1f:e8:ff:29:e9,-82,2412,1,ShellyPlusRGBWPM-841FE8FF29E8,Unknown
2025-10-24T20:32:27.367673+00:00,26.673217666666666,-81.80597183333333,28:70:4e:d0:86:c3,-82,5765,154,Bermuda Guest WIFI,pole 12 W
2025-10-24T20:32:27.367673+00:00,26.673217666666666,-81.80597183333333,2e:70:4e:d0:86:c3,-83,5765,154,Bermuda,pole 12 W
2025-10-24T20:32:27.367673+00:00,26.673259,-81.80603833333333,28:70:4e:d0:88:fa,-63,5765,154,Bermuda Guest WIFI,pole 11
2025-10-24T20:32:27.367673+00:00,26.673259,-81.80603833333333,2e:70:4e:d0:88:fa,-65,5765,154,Bermuda,pole 11
2025-10-24T20:32:27.367673+00:00,26.673259,-81.80603833333333,2e:70:4e:d0:87:50,-80,5745,150,Bermuda,pole 13 E
2025-10-24T20:32:27.367673+00:00,26.673259,-81.80603833333333,84:1f:e8:ff:29:e9,-82,2412,1,ShellyPlusRGBWPM-841FE8FF29E8,Unknown
2025-10-24T20:32:27.367673+00:00,26.673259,-81.80603833333333,28:70:4e:d0:88:f9,-82,2412,1,Bermuda 2G,pole 11
2025-10-24T20:32:27.367673+00:00,26.673259,-81.80603833333333,2e:70:4e:d0:88:f9,-82,2412,1,Bermuda Guest WIFI 2G,pole 11
2025-10-24T20:32:27.367673+00:00,26.673259,-81.80603833333333,28:70:4e:d0:86:c3,-82,5765,154,Bermuda Guest WIFI,pole 12 W
2025-10-24T20:32:27.367673+00:00,26.673259,-81.80603833333333,2e:70:4e:d0:86:c3,-83,5765,154,Bermuda,pole 12 W
2025-10-24T20:32:27.367673+00:00,26.673299166666666,-81.80605366666667,2e:70:4e:d0:88:fa,-65,5765,154,Bermuda,pole 11
2025-10-24T20:32:27.367673+00:00,26.673299166666666,-81.80605366666667,28:70:4e:d0:88:fa,-65,5765,154,Bermuda Guest WIFI,pole 11
2025-10-24T20:32:27.367673+00:00,26.673299166666666,-81.80605366666667,2e:70:4e:d0:88:f9,-71,2412,1,Bermuda Guest WIFI 2G,pole 11
2025-10-24T20:32:27.367673+00:00,26.673299166666666,-81.80605366666667,28:70:4e:d0:88:f9,-72,2412,1,Bermuda 2G,pole 11
2025-10-24T20:32:27.367673+00:00,26.673299166666666,-81.80605366666667,28:70:4e:d2:c9:b1,-73,5220,45,Bermuda Guest WIFI,pole 15 NW
2025-10-24T20:32:27.367673+00:00,26.673299166666666,-81.80605366666667,2e:70:4e:d2:c9:b1,-73,5220,45,Bermuda,pole 15 NW
2025-10-24T20:32:27.367673+00:00,26.673299166666666,-81.80605366666667,84:1f:e8:ff:29:e9,-79,2412,1,ShellyPlusRGBWPM-841FE8FF29E8,Unknown
2025-10-24T20:32:27.367673+00:00,26.673299166666666,-81.80605366666667,2e:70:4e:d0:87:50,-80,5745,150,Bermuda,pole 13 E
2025-10-24T20:32:27.367673+00:00,26.673299166666666,-81.80605366666667,28:70:4e:d0:86:c3,-82,5765,154,Bermuda Guest WIFI,pole 12 W
2025-10-24T20:32:27.367673+00:00,26.673299166666666,-81.80605366666667,2e:70:4e:d2:92:aa,-82,2437,6,Bermuda Guest WIFI 2G,pole 12 N
2025-10-24T20:32:27.367673+00:00,26.673299166666666,-81.80605366666667,2e:70:4e:d0:86:c3,-83,5765,154,Bermuda,pole 12 W
2025-10-24T20:33:32.393147+00:00,26.67338,-81.80600733333333,2e:70:4e:d0:88:fa,-61,5765,154,Bermuda,pole 11
2025-10-24T20:33:32.393147+00:00,26.67338,-81.80600733333333,28:70:4e:d0:88:f9,-78,2412,1,Bermuda 2G,pole 11
2025-10-24T20:33:32.393147+00:00,26.67338,-81.80600733333333,2e:70:4e:d0:88:f9,-79,2412,1,Bermuda Guest WIFI 2G,pole 11
2025-10-24T20:33:32.393147+00:00,26.673438166666667,-81.805963,2e:70:4e:d0:88:fa,-59,5765,154,Bermuda,pole 11
2025-10-24T20:33:32.393147+00:00,26.673438166666667,-81.805963,28:70:4e:d0:88:fa,-59,5765,154,Bermuda Guest WIFI,pole 11
2025-10-24T20:33:32.393147+00:00,26.673438166666667,-81.805963,28:70:4e:d0:88:f9,-67,2412,1,Bermuda 2G,pole 11
2025-10-24T20:33:32.393147+00:00,26.673438166666667,-81.805963,2e:70:4e:d0:88:f9,-68,2412,1,Bermuda Guest WIFI 2G,pole 11
2025-10-24T20:33:32.393147+00:00,26.673435166666668,-81.80591166666666,2e:70:4e:d0:88:fa,-66,5765,154,Bermuda,pole 11
2025-10-24T20:33:32.393147+00:00,26.673435166666668,-81.80591166666666,28:70:4e:d0:88:fa,-66,5765,154,Bermuda Guest WIFI,pole 11
2025-10-24T20:33:32.393147+00:00,26.673435166666668,-81.80591166666666,28:70:4e:d0:86:c3,-76,5765,154,Bermuda Guest WIFI,pole 12 W
2025-10-24T20:33:32.393147+00:00,26.673435166666668,-81.80591166666666,2e:70:4e:d0:86:c3,-76,5765,154,Bermuda,pole 12 W
2025-10-24T20:33:32.393147+00:00,26.673435166666668,-81.80591166666666,28:70:4e:d0:88:f9,-82,2412,1,Bermuda 2G,pole 11
2025-10-24T20:33:32.393147+00:00,26.673435166666668,-81.80591166666666,2e:70:4e:d0:88:f9,-83,2412,1,Bermuda Guest WIFI 2G,pole 11
2025-10-24T20:33:32.393147+00:00,26.673435166666668,-81.80591166666666,28:70:4e:d0:87:50,-84,5745,150,Bermuda Guest WIFI,pole 13 E
2025-10-24T20:33:32.393147+00:00,26.673435166666668,-81.80591166666666,2e:70:4e:d0:87:50,-84,5745,150,Bermuda,pole 13 E
2025-10-24T20:33:32.393147+00:00,26.6734255,-81.80585383333333,2e:70:4e:d0:88:fa,-61,5765,154,Bermuda,pole 11
2025-10-24T20:33:32.393147+00:00,26.6734255,-81.80585383333333,28:70:4e:d0:86:c3,-64,5765,154,Bermuda Guest WIFI,pole 12 W
2025-10-24T20:33:32.393147+00:00,26.6734255,-81.80585383333333,2e:70:4e:d0:86:c3,-64,5765,154,Bermuda,pole 12 W
2025-10-24T20:33:32.393147+00:00,26.6734255,-81.80585383333333,28:70:4e:d2:92:ab,-64,5745,150,Bermuda Guest WIFI,pole 12 N
2025-10-24T20:33:32.393147+00:00,26.6734255,-81.80585383333333,2e:70:4e:d2:92:ab,-64,5745,150,Bermuda,pole 12 N
2025-10-24T20:33:32.393147+00:00,26.6734255,-81.80585383333333,28:70:4e:d0:88:fa,-66,5765,154,Bermuda Guest WIFI,pole 11
2025-10-24T20:33:32.393147+00:00,26.6734255,-81.80585383333333,28:70:4e:d0:88:f9,-72,2412,1,Bermuda 2G,pole 11
2025-10-24T20:33:32.393147+00:00,26.6734255,-81.80585383333333,2e:70:4e:d0:88:f9,-72,2412,1,Bermuda Guest WIFI 2G,pole 11
2025-10-24T20:33:32.393147+00:00,26.6734255,-81.80585383333333,28:70:4e:dd:d0:4a,-80,5240,49,Bermuda Guest WIFI,pole 13 SW
2025-10-24T20:33:32.393147+00:00,26.6734255,-81.80585383333333,2e:70:4e:dd:d0:4a,-81,5240,49,Bermuda,pole 13 SW
2025-10-24T20:33:32.393147+00:00,26.6734255,-81.80585383333333,28:70:4e:d0:87:50,-84,5745,150,Bermuda Guest WIFI,pole 13 E
2025-10-24T20:33:32.393147+00:00,26.6734255,-81.80585383333333,2e:70:4e:d0:87:50,-84,5745,150,Bermuda,pole 13 E
2025-10-24T20:34:36.955989+00:00,26.673399833333335,-81.80571366666666,2e:70:4e:d0:88:fa,-71,5765,154,Bermuda,pole 11
2025-10-24T20:34:36.955989+00:00,26.673399833333335,-81.80571366666666,28:70:4e:d0:88:f9,-77,2412,1,Bermuda 2G,pole 11
2025-10-24T20:34:36.955989+00:00,26.673399833333335,-81.80571366666666,2e:70:4e:d0:88:f9,-77,2412,1,Bermuda Guest WIFI 2G,pole 11
2025-10-24T20:34:36.955989+00:00,26.673399833333335,-81.80571366666666,28:70:4e:dd:d0:4a,-77,5240,49,Bermuda Guest WIFI,pole 13 SW
2025-10-24T20:34:36.955989+00:00,26.673399833333335,-81.80571366666666,2e:70:4e:dd:d0:4a,-77,5240,49,Bermuda,pole 13 SW
2025-10-24T20:34:36.955989+00:00,26.673399833333335,-81.80571366666666,28:70:4e:d2:92:aa,-78,2437,6,Bermuda 2G,pole 12 N
2025-10-24T20:34:36.955989+00:00,26.673399833333335,-81.80571366666666,2e:70:4e:d2:92:aa,-80,2437,6,Bermuda Guest WIFI 2G,pole 12 N
2025-10-24T20:34:36.955989+00:00,26.673399833333335,-81.80571366666666,28:70:4e:d0:86:c2,-81,2437,6,Bermuda 2G,pole 12 W
2025-10-24T20:34:36.955989+00:00,26.673379,-81.8056875,2e:70:4e:d0:88:fa,-73,5765,154,Bermuda,pole 11
2025-10-24T20:34:36.955989+00:00,26.673379,-81.8056875,28:70:4e:d0:88:f9,-77,2412,1,Bermuda 2G,pole 11
2025-10-24T20:34:36.955989+00:00,26.673379,-81.8056875,2e:70:4e:d0:88:f9,-77,2412,1,Bermuda Guest WIFI 2G,pole 11
2025-10-24T20:34:36.955989+00:00,26.673379,-81.8056875,28:70:4e:dd:d0:4a,-77,5240,49,Bermuda Guest WIFI,pole 13 SW
2025-10-24T20:34:36.955989+00:00,26.673379,-81.8056875,2e:70:4e:dd:d0:4a,-77,5240,49,Bermuda,pole 13 SW
2025-10-24T20:34:36.955989+00:00,26.673379,-81.8056875,2e:70:4e:d0:87:4f,-77,2462,11,Bermuda Guest WIFI 2G,pole 13 E
2025-10-24T20:34:36.955989+00:00,26.673379,-81.8056875,28:70:4e:d2:92:aa,-78,2437,6,Bermuda 2G,pole 12 N
2025-10-24T20:34:36.955989+00:00,26.673379,-81.8056875,28:70:4e:d0:87:4f,-78,2462,11,Bermuda 2G,pole 13 E
2025-10-24T20:34:36.955989+00:00,26.673379,-81.8056875,28:70:4e:d0:86:c2,-79,2437,6,Bermuda 2G,pole 12 W
2025-10-24T20:34:36.955989+00:00,26.673379,-81.8056875,2e:70:4e:d0:86:c2,-79,2437,6,Bermuda Guest WIFI 2G,pole 12 W
2025-10-24T20:34:36.955989+00:00,26.673379,-81.8056875,2e:70:4e:d2:92:aa,-80,2437,6,Bermuda Guest WIFI 2G,pole 12 N
2025-10-24T20:34:36.955989+00:00,26.673379,-81.8056875,6a:4e:05:22:b2:a8,-83,2412,1,venus-HQ2519UPV7N-e3f,Unknown
2025-10-24T20:34:36.955989+00:00,26.673379,-81.8056875,28:70:4e:d0:89:0c,-84,5220,45,Bermuda Guest WIFI,pole 10
2025-10-24T20:34:36.955989+00:00,26.673379,-81.8056875,d0:c3:5a:03:a6:93,-86,5785,158,HotspotZ5ms,Unknown
2025-10-24T20:34:36.955989+00:00,26.6733815,-81.80563133333334,28:70:4e:d0:86:c3,-70,5765,154,Bermuda Guest WIFI,pole 12 W
2025-10-24T20:34:36.955989+00:00,26.6733815,-81.80563133333334,2e:70:4e:d0:86:c3,-70,5765,154,Bermuda,pole 12 W
2025-10-24T20:34:36.955989+00:00,26.6733815,-81.80563133333334,2e:70:4e:d0:88:fa,-73,5765,154,Bermuda,pole 11
2025-10-24T20:34:36.955989+00:00,26.6733815,-81.80563133333334,28:70:4e:d0:88:f9,-77,2412,1,Bermuda 2G,pole 11
2025-10-24T20:34:36.955989+00:00,26.6733815,-81.80563133333334,2e:70:4e:d0:88:f9,-77,2412,1,Bermuda Guest WIFI 2G,pole 11
2025-10-24T20:34:36.955989+00:00,26.6733815,-81.80563133333334,28:70:4e:dd:d0:4a,-77,5240,49,Bermuda Guest WIFI,pole 13 SW
2025-10-24T20:34:36.955989+00:00,26.6733815,-81.80563133333334,2e:70:4e:dd:d0:4a,-77,5240,49,Bermuda,pole 13 SW
2025-10-24T20:34:36.955989+00:00,26.6733815,-81.80563133333334,2e:70:4e:d0:87:4f,-77,2462,11,Bermuda Guest WIFI 2G,pole 13 E
2025-10-24T20:34:36.955989+00:00,26.6733815,-81.80563133333334,28:70:4e:d2:92:aa,-78,2437,6,Bermuda 2G,pole 12 N
2025-10-24T20:34:36.955989+00:00,26.6733815,-81.80563133333334,28:70:4e:d0:87:4f,-78,2462,11,Bermuda 2G,pole 13 E
2025-10-24T20:34:36.955989+00:00,26.6733815,-81.80563133333334,28:70:4e:d0:86:c2,-79,2437,6,Bermuda 2G,pole 12 W
2025-10-24T20:34:36.955989+00:00,26.6733815,-81.80563133333334,2e:70:4e:d0:86:c2,-79,2437,6,Bermuda Guest WIFI 2G,pole 12 W
2025-10-24T20:34:36.955989+00:00,26.6733815,-81.80563133333334,2e:70:4e:d2:92:aa,-80,2437,6,Bermuda Guest WIFI 2G,pole 12 N
2025-10-24T20:34:36.955989+00:00,26.6733815,-81.80563133333334,6a:4e:05:22:b2:a8,-83,2412,1,venus-HQ2519UPV7N-e3f,Unknown
2025-10-24T20:34:36.955989+00:00,26.6733815,-81.80563133333334,28:70:4e:d0:89:0c,-84,5220,45,Bermuda Guest WIFI,pole 10
2025-10-24T20:34:36.955989+00:00,26.6733815,-81.80563133333334,d0:c3:5a:03:a6:93,-86,5785,158,HotspotZ5ms,Unknown
2025-10-24T20:34:36.955989+00:00,26.673362166666667,-81.80556866666667,28:70:4e:d0:86:c3,-63,5765,154,Bermuda Guest WIFI,pole 12 W
2025-10-24T20:34:36.955989+00:00,26.673362166666667,-81.80556866666667,2e:70:4e:d0:86:c3,-63,5765,154,Bermuda,pole 12 W
2025-10-24T20:34:36.955989+00:00,26.673362166666667,-81.80556866666667,2e:70:4e:d0:88:fa,-64,5765,154,Bermuda,pole 11
2025-10-24T20:34:36.955989+00:00,26.673362166666667,-81.80556866666667,28:70:4e:d0:88:fa,-65,5765,154,Bermuda Guest WIFI,pole 11
2025-10-24T20:34:36.955989+00:00,26.673362166666667,-81.80556866666667,2e:70:4e:dd:d0:4a,-73,5240,49,Bermuda,pole 13 SW
2025-10-24T20:34:36.955989+00:00,26.673362166666667,-81.80556866666667,28:70:4e:dd:d0:4a,-74,5240,49,Bermuda Guest WIFI,pole 13 SW
2025-10-24T20:34:36.955989+00:00,26.673362166666667,-81.80556866666667,28:70:4e:d0:87:4f,-77,2462,11,Bermuda 2G,pole 13 E
2025-10-24T20:34:36.955989+00:00,26.673362166666667,-81.80556866666667,2e:70:4e:d0:87:4f,-78,2462,11,Bermuda Guest WIFI 2G,pole 13 E
2025-10-24T20:34:36.955989+00:00,26.673362166666667,-81.80556866666667,28:70:4e:d0:86:c2,-79,2437,6,Bermuda 2G,pole 12 W
2025-10-24T20:34:36.955989+00:00,26.673362166666667,-81.80556866666667,2e:70:4e:d0:86:c2,-79,2437,6,Bermuda Guest WIFI 2G,pole 12 W
2025-10-24T20:34:36.955989+00:00,26.673362166666667,-81.80556866666667,2e:70:4e:d0:87:5f,-81,5240,49,Bermuda,pole 15 S
2025-10-24T20:34:36.955989+00:00,26.673362166666667,-81.80556866666667,84:1f:e8:ff:29:e9,-82,2412,1,ShellyPlusRGBWPM-841FE8FF29E8,Unknown
2025-10-24T20:34:36.955989+00:00,26.673362166666667,-81.80556866666667,6a:4e:05:22:b2:a8,-83,2412,1,venus-HQ2519UPV7N-e3f,Unknown
2025-10-24T20:34:36.955989+00:00,26.673362166666667,-81.80556866666667,28:70:4e:d0:89:0c,-84,5220,45,Bermuda Guest WIFI,pole 10
2025-10-24T20:34:36.955989+00:00,26.673362166666667,-81.80556866666667,d0:c3:5a:03:a6:93,-85,5785,158,HotspotZ5ms,Unknown
2025-10-24T20:34:36.955989+00:00,26.673362166666667,-81.80556866666667,9c:05:d6:d6:11:ff,-88,5805,162,Bermuda Guest WIFI,inside3
2025-10-24T20:34:36.955989+00:00,26.673362166666667,-81.80556866666667,9e:05:d6:96:11:ff,-89,5805,162,Bermuda,inside3
2025-10-24T20:35:42.378962+00:00,26.6733945,-81.805549,2e:70:4e:d0:88:fa,-70,5765,154,Bermuda,pole 11
2025-10-24T20:35:42.378962+00:00,26.6733945,-81.805549,28:70:4e:d2:92:aa,-78,2437,6,Bermuda 2G,pole 12 N
2025-10-24T20:35:42.378962+00:00,26.6733945,-81.805549,2e:70:4e:d2:92:aa,-80,2437,6,Bermuda Guest WIFI 2G,pole 12 N
2025-10-24T20:35:42.378962+00:00,26.6734185,-81.80553116666667,28:70:4e:d2:c9:b1,-67,5220,45,Bermuda Guest WIFI,pole 15 NW
2025-10-24T20:35:42.378962+00:00,26.6734185,-81.80553116666667,2e:70:4e:d2:c9:b1,-67,5220,45,Bermuda,pole 15 NW
2025-10-24T20:35:42.378962+00:00,26.6734185,-81.80553116666667,2e:70:4e:d0:88:fa,-70,5765,154,Bermuda,pole 11
2025-10-24T20:35:42.378962+00:00,26.6734185,-81.80553116666667,28:70:4e:d2:92:aa,-78,2437,6,Bermuda 2G,pole 12 N
2025-10-24T20:35:42.378962+00:00,26.6734185,-81.80553116666667,6a:4e:05:22:b2:a8,-79,2412,1,venus-HQ2519UPV7N-e3f,Unknown
2025-10-24T20:35:42.378962+00:00,26.6734185,-81.80553116666667,2e:70:4e:d2:92:aa,-80,2437,6,Bermuda Guest WIFI 2G,pole 12 N
2025-10-24T20:35:42.378962+00:00,26.6734185,-81.80553116666667,84:1f:e8:ff:29:e9,-81,2412,1,ShellyPlusRGBWPM-841FE8FF29E8,Unknown
2025-10-24T20:35:42.378962+00:00,26.6734185,-81.80553116666667,9c:05:d6:d6:11:ff,-87,5805,162,Bermuda Guest WIFI,inside3
2025-10-24T20:35:42.378962+00:00,26.6734185,-81.80553116666667,d0:c3:5a:03:a6:93,-87,5785,158,HotspotZ5ms,Unknown
2025-10-24T20:35:42.378962+00:00,26.6734185,-81.80553116666667,9e:05:d6:96:11:ff,-88,5805,162,Bermuda,inside3
2025-10-24T20:35:42.378962+00:00,26.673436833333334,-81.80549733333334,2e:70:4e:d0:88:fa,-64,5765,154,Bermuda,pole 11
2025-10-24T20:35:42.378962+00:00,26.673436833333334,-81.80549733333334,28:70:4e:d2:c9:b1,-67,5220,45,Bermuda Guest WIFI,pole 15 NW
2025-10-24T20:35:42.378962+00:00,26.673436833333334,-81.80549733333334,2e:70:4e:d2:c9:b1,-67,5220,45,Bermuda,pole 15 NW
2025-10-24T20:35:42.378962+00:00,26.673436833333334,-81.80549733333334,28:70:4e:d2:92:aa,-78,2437,6,Bermuda 2G,pole 12 N
2025-10-24T20:35:42.378962+00:00,26.673436833333334,-81.80549733333334,6a:4e:05:22:b2:a8,-79,2412,1,venus-HQ2519UPV7N-e3f,Unknown
2025-10-24T20:35:42.378962+00:00,26.673436833333334,-81.80549733333334,2e:70:4e:d0:87:50,-79,5745,150,Bermuda,pole 13 E
2025-10-24T20:35:42.378962+00:00,26.673436833333334,-81.80549733333334,28:70:4e:dd:d0:4a,-79,5240,49,Bermuda Guest WIFI,pole 13 SW
2025-10-24T20:35:42.378962+00:00,26.673436833333334,-81.80549733333334,2e:70:4e:dd:d0:4a,-79,5240,49,Bermuda,pole 13 SW
2025-10-24T20:35:42.378962+00:00,26.673436833333334,-81.80549733333334,2e:70:4e:d2:92:aa,-80,2437,6,Bermuda Guest WIFI 2G,pole 12 N
2025-10-24T20:35:42.378962+00:00,26.673436833333334,-81.80549733333334,28:70:4e:d0:87:50,-80,5745,150,Bermuda Guest WIFI,pole 13 E
2025-10-24T20:35:42.378962+00:00,26.673436833333334,-81.80549733333334,84:1f:e8:ff:29:e9,-81,2412,1,ShellyPlusRGBWPM-841FE8FF29E8,Unknown
2025-10-24T20:35:42.378962+00:00,26.673436833333334,-81.80549733333334,9c:05:d6:d6:11:ff,-87,5805,162,Bermuda Guest WIFI,inside3
2025-10-24T20:35:42.378962+00:00,26.673436833333334,-81.80549733333334,d0:c3:5a:03:a6:93,-87,5785,158,HotspotZ5ms,Unknown
2025-10-24T20:35:42.378962+00:00,26.673436833333334,-81.80549733333334,9e:05:d6:96:11:ff,-88,5805,162,Bermuda,inside3
2025-10-24T20:35:42.378962+00:00,26.673432,-81.80549016666667,28:70:4e:d0:87:50,-66,5745,150,Bermuda Guest WIFI,pole 13 E
2025-10-24T20:35:42.378962+00:00,26.673432,-81.80549016666667,28:70:4e:d2:c9:b1,-67,5220,45,Bermuda Guest WIFI,pole 15 NW
2025-10-24T20:35:42.378962+00:00,26.673432,-81.80549016666667,2e:70:4e:d2:c9:b1,-67,5220,45,Bermuda,pole 15 NW
2025-10-24T20:35:42.378962+00:00,26.673432,-81.80549016666667,2e:70:4e:d0:88:fa,-76,5765,154,Bermuda,pole 11
2025-10-24T20:35:42.378962+00:00,26.673432,-81.80549016666667,28:70:4e:d0:88:f9,-76,2412,1,Bermuda 2G,pole 11
2025-10-24T20:35:42.378962+00:00,26.673432,-81.80549016666667,2e:70:4e:d0:88:f9,-76,2412,1,Bermuda Guest WIFI 2G,pole 11
2025-10-24T20:35:42.378962+00:00,26.673432,-81.80549016666667,28:70:4e:d2:92:aa,-78,2437,6,Bermuda 2G,pole 12 N
2025-10-24T20:35:42.378962+00:00,26.673432,-81.80549016666667,6a:4e:05:22:b2:a8,-78,2412,1,venus-HQ2519UPV7N-e3f,Unknown
2025-10-24T20:35:42.378962+00:00,26.673432,-81.80549016666667,2e:70:4e:d0:87:50,-79,5745,150,Bermuda,pole 13 E
2025-10-24T20:35:42.378962+00:00,26.673432,-81.80549016666667,28:70:4e:dd:d0:4a,-79,5240,49,Bermuda Guest WIFI,pole 13 SW
2025-10-24T20:35:42.378962+00:00,26.673432,-81.80549016666667,2e:70:4e:dd:d0:4a,-79,5240,49,Bermuda,pole 13 SW
2025-10-24T20:35:42.378962+00:00,26.673432,-81.80549016666667,2e:70:4e:d2:92:aa,-80,2437,6,Bermuda Guest WIFI 2G,pole 12 N
2025-10-24T20:35:42.378962+00:00,26.673432,-81.80549016666667,84:1f:e8:ff:29:e9,-81,2412,1,ShellyPlusRGBWPM-841FE8FF29E8,Unknown
2025-10-24T20:35:42.378962+00:00,26.673432,-81.80549016666667,28:70:4e:d0:87:4f,-81,2462,11,Bermuda 2G,pole 13 E
2025-10-24T20:35:42.378962+00:00,26.673432,-81.80549016666667,2e:70:4e:d0:87:4f,-81,2462,11,Bermuda Guest WIFI 2G,pole 13 E
2025-10-24T20:35:42.378962+00:00,26.673432,-81.80549016666667,d0:c3:5a:03:a6:93,-86,5785,158,HotspotZ5ms,Unknown
2025-10-24T20:35:42.378962+00:00,26.673432,-81.80549016666667,9c:05:d6:d6:11:ff,-87,5805,162,Bermuda Guest WIFI,inside3
2025-10-24T20:35:42.378962+00:00,26.673432,-81.80549016666667,9e:05:d6:96:11:ff,-88,5805,162,Bermuda,inside3
2025-10-24T20:36:46.416479+00:00,26.673448166666667,-81.80551266666667,2e:70:4e:dd:d0:4a,-73,5240,49,Bermuda,pole 13 SW
2025-10-24T20:36:46.416479+00:00,26.673448166666667,-81.80551266666667,2e:70:4e:d0:88:fa,-74,5765,154,Bermuda,pole 11
2025-10-24T20:36:46.416479+00:00,26.673448166666667,-81.80551266666667,28:70:4e:d0:88:f9,-74,2412,1,Bermuda 2G,pole 11
2025-10-24T20:36:46.416479+00:00,26.673448166666667,-81.80551266666667,28:70:4e:dd:d0:4a,-74,5240,49,Bermuda Guest WIFI,pole 13 SW
2025-10-24T20:36:46.416479+00:00,26.673448166666667,-81.80551266666667,2e:70:4e:d0:88:f9,-75,2412,1,Bermuda Guest WIFI 2G,pole 11
2025-10-24T20:36:46.416479+00:00,26.673448166666667,-81.80551266666667,6a:4e:05:22:b2:a8,-79,2412,1,venus-HQ2519UPV7N-e3f,Unknown
2025-10-24T20:36:46.416479+00:00,26.673448166666667,-81.80551266666667,2e:70:4e:d0:87:74,-81,5220,45,Bermuda,pole 18 N
2025-10-24T20:36:46.416479+00:00,26.673452,-81.80541533333333,2e:70:4e:d0:87:50,-63,5745,150,Bermuda,pole 13 E
2025-10-24T20:36:46.416479+00:00,26.673452,-81.80541533333333,2e:70:4e:d0:87:4f,-70,2462,11,Bermuda Guest WIFI 2G,pole 13 E
2025-10-24T20:36:46.416479+00:00,26.673452,-81.80541533333333,28:70:4e:d0:87:4f,-71,2462,11,Bermuda 2G,pole 13 E
2025-10-24T20:36:46.416479+00:00,26.673452,-81.80541533333333,2e:70:4e:d0:88:fa,-76,5765,154,Bermuda,pole 11
2025-10-24T20:36:46.416479+00:00,26.673452,-81.80541533333333,28:70:4e:d0:87:50,-78,5745,150,Bermuda Guest WIFI,pole 13 E
2025-10-24T20:36:46.416479+00:00,26.673452,-81.80541533333333,28:70:4e:d2:92:aa,-79,2437,6,Bermuda 2G,pole 12 N
2025-10-24T20:36:46.416479+00:00,26.673452,-81.80541533333333,2e:70:4e:d2:92:aa,-79,2437,6,Bermuda Guest WIFI 2G,pole 12 N
2025-10-24T20:36:46.416479+00:00,26.673452,-81.80541533333333,84:1f:e8:ff:29:e9,-81,2412,1,ShellyPlusRGBWPM-841FE8FF29E8,Unknown
2025-10-24T20:36:46.416479+00:00,26.673452,-81.80541533333333,6a:4e:05:22:b2:a8,-82,2412,1,venus-HQ2519UPV7N-e3f,Unknown
2025-10-24T20:36:46.416479+00:00,26.673385833333334,-81.80537733333334,2e:70:4e:d0:87:50,-61,5745,150,Bermuda,pole 13 E
2025-10-24T20:36:46.416479+00:00,26.673385833333334,-81.80537733333334,28:70:4e:d0:87:50,-61,5745,150,Bermuda Guest WIFI,pole 13 E
2025-10-24T20:36:46.416479+00:00,26.673385833333334,-81.80537733333334,28:70:4e:d2:92:ab,-66,5745,150,Bermuda Guest WIFI,pole 12 N
2025-10-24T20:36:46.416479+00:00,26.673385833333334,-81.80537733333334,2e:70:4e:d2:92:ab,-66,5745,150,Bermuda,pole 12 N
2025-10-24T20:36:46.416479+00:00,26.673385833333334,-81.80537733333334,1c:6a:1b:63:f6:f6,-70,5240,49,Bermuda Guest WIFI,Outside SW
2025-10-24T20:36:46.416479+00:00,26.673385833333334,-81.80537733333334,22:6a:1b:63:f6:f6,-71,5240,49,Bermuda,Outside SW
2025-10-24T20:36:46.416479+00:00,26.673385833333334,-81.80537733333334,28:70:4e:d0:87:4f,-72,2462,11,Bermuda 2G,pole 13 E
2025-10-24T20:36:46.416479+00:00,26.673385833333334,-81.80537733333334,2e:70:4e:d0:87:4f,-73,2462,11,Bermuda Guest WIFI 2G,pole 13 E
2025-10-24T20:36:46.416479+00:00,26.673385833333334,-81.80537733333334,28:70:4e:d0:86:c3,-73,5765,154,Bermuda Guest WIFI,pole 12 W
2025-10-24T20:36:46.416479+00:00,26.673385833333334,-81.80537733333334,2e:70:4e:d0:86:c3,-73,5765,154,Bermuda,pole 12 W
2025-10-24T20:36:46.416479+00:00,26.673385833333334,-81.80537733333334,2e:70:4e:d0:88:fa,-76,5765,154,Bermuda,pole 11
2025-10-24T20:36:46.416479+00:00,26.673385833333334,-81.80537733333334,6a:4e:05:22:b2:a8,-77,2412,1,venus-HQ2519UPV7N-e3f,Unknown
2025-10-24T20:36:46.416479+00:00,26.673385833333334,-81.80537733333334,84:1f:e8:ff:29:e9,-81,2412,1,ShellyPlusRGBWPM-841FE8FF29E8,Unknown
2025-10-24T20:36:46.416479+00:00,26.673385833333334,-81.80537733333334,28:70:4e:d2:92:aa,-82,2437,6,Bermuda 2G,pole 12 N
2025-10-24T20:36:46.416479+00:00,26.673385833333334,-81.80537733333334,2e:70:4e:d2:92:aa,-82,2437,6,Bermuda Guest WIFI 2G,pole 12 N
2025-10-24T20:36:46.416479+00:00,26.673385833333334,-81.80537733333334,60:22:32:16:1e:33,-87,5805,162,Bermuda Guest WIFI,laundry1
2025-10-24T20:36:46.416479+00:00,26.673385833333334,-81.80537733333334,62:22:32:16:1e:33,-87,5805,162,Bermuda,laundry1
2025-10-24T20:36:46.416479+00:00,26.673355833333332,-81.805343,2e:70:4e:d0:87:50,-61,5745,150,Bermuda,pole 13 E
2025-10-24T20:36:46.416479+00:00,26.673355833333332,-81.805343,28:70:4e:d0:87:50,-61,5745,150,Bermuda Guest WIFI,pole 13 E
2025-10-24T20:36:46.416479+00:00,26.673355833333332,-81.805343,28:70:4e:d2:92:ab,-66,5745,150,Bermuda Guest WIFI,pole 12 N
2025-10-24T20:36:46.416479+00:00,26.673355833333332,-81.805343,2e:70:4e:d2:92:ab,-66,5745,150,Bermuda,pole 12 N
2025-10-24T20:36:46.416479+00:00,26.673355833333332,-81.805343,2e:70:4e:d0:88:fa,-67,5765,154,Bermuda,pole 11
2025-10-24T20:36:46.416479+00:00,26.673355833333332,-81.805343,28:70:4e:d0:88:fa,-67,5765,154,Bermuda Guest WIFI,pole 11
2025-10-24T20:36:46.416479+00:00,26.673355833333332,-81.805343,28:70:4e:dd:d0:4a,-69,5240,49,Bermuda Guest WIFI,pole 13 SW
2025-10-24T20:36:46.416479+00:00,26.673355833333332,-81.805343,2e:70:4e:dd:d0:4a,-69,5240,49,Bermuda,pole 13 SW
2025-10-24T20:36:46.416479+00:00,26.673355833333332,-81.805343,1c:6a:1b:63:f6:f6,-70,5240,49,Bermuda Guest WIFI,Outside SW
2025-10-24T20:36:46.416479+00:00,26.673355833333332,-81.805343,28:70:4e:d0:87:4f,-71,2462,11,Bermuda 2G,pole 13 E
2025-10-24T20:36:46.416479+00:00,26.673355833333332,-81.805343,22:6a:1b:63:f6:f6,-71,5240,49,Bermuda,Outside SW
2025-10-24T20:36:46.416479+00:00,26.673355833333332,-81.805343,28:70:4e:d0:86:c3,-73,5765,154,Bermuda Guest WIFI,pole 12 W
2025-10-24T20:36:46.416479+00:00,26.673355833333332,-81.805343,2e:70:4e:d0:86:c3,-73,5765,154,Bermuda,pole 12 W
2025-10-24T20:36:46.416479+00:00,26.673355833333332,-81.805343,2e:70:4e:d0:87:4f,-74,2462,11,Bermuda Guest WIFI 2G,pole 13 E
2025-10-24T20:36:46.416479+00:00,26.673355833333332,-81.805343,84:1f:e8:ff:29:e9,-81,2412,1,ShellyPlusRGBWPM-841FE8FF29E8,Unknown
2025-10-24T20:36:46.416479+00:00,26.673355833333332,-81.805343,6a:4e:05:22:b2:a8,-81,2412,1,venus-HQ2519UPV7N-e3f,Unknown
2025-10-24T20:36:46.416479+00:00,26.673355833333332,-81.805343,28:70:4e:d0:88:22,-81,5765,154,Bermuda Guest WIFI,pole 14
2025-10-24T20:36:46.416479+00:00,26.673355833333332,-81.805343,2e:70:4e:d0:88:22,-81,5765,154,Bermuda,pole 14
2025-10-24T20:36:46.416479+00:00,26.673355833333332,-81.805343,28:70:4e:d2:92:aa,-82,2437,6,Bermuda 2G,pole 12 N
2025-10-24T20:36:46.416479+00:00,26.673355833333332,-81.805343,2e:70:4e:d2:92:aa,-82,2437,6,Bermuda Guest WIFI 2G,pole 12 N
2025-10-24T20:36:46.416479+00:00,26.673355833333332,-81.805343,60:22:32:16:1e:33,-87,5805,162,Bermuda Guest WIFI,laundry1
2025-10-24T20:36:46.416479+00:00,26.673355833333332,-81.805343,62:22:32:16:1e:33,-87,5805,162,Bermuda,laundry1
2025-10-24T20:37:52.712005+00:00,26.673314,-81.80532716666667,2e:70:4e:d0:87:50,-62,5745,150,Bermuda,pole 13 E
2025-10-24T20:37:52.712005+00:00,26.673314,-81.80532716666667,28:70:4e:d2:92:ab,-66,5745,150,Bermuda Guest WIFI,pole 12 N
2025-10-24T20:37:52.712005+00:00,26.673314,-81.80532716666667,2e:70:4e:d2:92:ab,-66,5745,150,Bermuda,pole 12 N
2025-10-24T20:37:52.712005+00:00,26.673314,-81.80532716666667,28:70:4e:dd:d0:49,-67,2437,6,Bermuda 2G,pole 13 SW
2025-10-24T20:37:52.712005+00:00,26.673314,-81.80532716666667,28:70:4e:d0:87:4f,-68,2462,11,Bermuda 2G,pole 13 E
2025-10-24T20:37:52.712005+00:00,26.673314,-81.80532716666667,2e:70:4e:d0:87:4f,-68,2462,11,Bermuda Guest WIFI 2G,pole 13 E
2025-10-24T20:37:52.712005+00:00,26.673314,-81.80532716666667,2e:70:4e:dd:d0:49,-69,2437,6,Bermuda Guest WIFI 2G,pole 13 SW
2025-10-24T20:37:52.712005+00:00,26.673314,-81.80532716666667,28:70:4e:d0:86:c3,-72,5765,154,Bermuda Guest WIFI,pole 12 W
2025-10-24T20:37:52.712005+00:00,26.673314,-81.80532716666667,2e:70:4e:d0:86:c3,-72,5765,154,Bermuda,pole 12 W
2025-10-24T20:37:52.712005+00:00,26.673314,-81.80532716666667,1c:6a:1b:63:f6:f6,-72,5240,49,Bermuda Guest WIFI,Outside SW
2025-10-24T20:37:52.712005+00:00,26.673314,-81.80532716666667,22:6a:1b:63:f6:f6,-72,5240,49,Bermuda,Outside SW
2025-10-24T20:37:52.712005+00:00,26.673314,-81.80532716666667,2e:70:4e:d0:88:22,-75,5765,154,Bermuda,pole 14
2025-10-24T20:37:52.712005+00:00,26.673314,-81.80532716666667,28:70:4e:d0:88:22,-76,5765,154,Bermuda Guest WIFI,pole 14
2025-10-24T20:37:52.712005+00:00,26.673314,-81.80532716666667,6a:4e:05:22:b2:a8,-77,2412,1,venus-HQ2519UPV7N-e3f,Unknown
2025-10-24T20:37:52.712005+00:00,26.673314,-81.80532716666667,84:1f:e8:ff:29:e9,-78,2412,1,ShellyPlusRGBWPM-841FE8FF29E8,Unknown
2025-10-24T20:37:52.712005+00:00,26.673314,-81.80532716666667,6a:4e:05:c3:64:61,-81,2412,1,venus-HQ2519QWPH9-5aa,Unknown
2025-10-24T20:37:52.712005+00:00,26.673314,-81.80532716666667,2e:70:4e:d0:89:0b,-86,2412,1,Bermuda Guest WIFI 2G,pole 10
2025-10-24T20:37:52.712005+00:00,26.6733365,-81.805279,28:70:4e:dd:d0:4a,-57,5240,49,Bermuda Guest WIFI,pole 13 SW
2025-10-24T20:37:52.712005+00:00,26.6733365,-81.805279,2e:70:4e:dd:d0:4a,-57,5240,49,Bermuda,pole 13 SW
2025-10-24T20:37:52.712005+00:00,26.6733365,-81.805279,28:70:4e:d2:92:ab,-66,5745,150,Bermuda Guest WIFI,pole 12 N
2025-10-24T20:37:52.712005+00:00,26.6733365,-81.805279,2e:70:4e:d2:92:ab,-66,5745,150,Bermuda,pole 12 N
2025-10-24T20:37:52.712005+00:00,26.6733365,-81.805279,2e:70:4e:d0:87:50,-68,5745,150,Bermuda,pole 13 E
2025-10-24T20:37:52.712005+00:00,26.6733365,-81.805279,2e:70:4e:d0:87:4f,-71,2462,11,Bermuda Guest WIFI 2G,pole 13 E
2025-10-24T20:37:52.712005+00:00,26.6733365,-81.805279,28:70:4e:dd:d0:49,-72,2437,6,Bermuda 2G,pole 13 SW
2025-10-24T20:37:52.712005+00:00,26.6733365,-81.805279,2e:70:4e:dd:d0:49,-72,2437,6,Bermuda Guest WIFI 2G,pole 13 SW
2025-10-24T20:37:52.712005+00:00,26.6733365,-81.805279,28:70:4e:d0:86:c3,-72,5765,154,Bermuda Guest WIFI,pole 12 W
2025-10-24T20:37:52.712005+00:00,26.6733365,-81.805279,2e:70:4e:d0:86:c3,-72,5765,154,Bermuda,pole 12 W
2025-10-24T20:37:52.712005+00:00,26.6733365,-81.805279,1c:6a:1b:63:f6:f6,-72,5240,49,Bermuda Guest WIFI,Outside SW
2025-10-24T20:37:52.712005+00:00,26.6733365,-81.805279,22:6a:1b:63:f6:f6,-72,5240,49,Bermuda,Outside SW
2025-10-24T20:37:52.712005+00:00,26.6733365,-81.805279,28:70:4e:d0:87:4f,-74,2462,11,Bermuda 2G,pole 13 E
2025-10-24T20:37:52.712005+00:00,26.6733365,-81.805279,2e:70:4e:d0:88:22,-75,5765,154,Bermuda,pole 14
2025-10-24T20:37:52.712005+00:00,26.6733365,-81.805279,28:70:4e:d0:88:22,-76,5765,154,Bermuda Guest WIFI,pole 14
2025-10-24T20:37:52.712005+00:00,26.6733365,-81.805279,84:1f:e8:ff:29:e9,-78,2412,1,ShellyPlusRGBWPM-841FE8FF29E8,Unknown
2025-10-24T20:37:52.712005+00:00,26.6733365,-81.805279,28:70:4e:d2:92:aa,-80,2437,6,Bermuda 2G,pole 12 N
2025-10-24T20:37:52.712005+00:00,26.6733365,-81.805279,6a:4e:05:c3:64:61,-81,2412,1,venus-HQ2519QWPH9-5aa,Unknown
2025-10-24T20:37:52.712005+00:00,26.6733365,-81.805279,6a:4e:05:22:b2:a8,-83,2412,1,venus-HQ2519UPV7N-e3f,Unknown
2025-10-24T20:37:52.712005+00:00,26.6733365,-81.805279,2e:70:4e:d0:89:0b,-86,2412,1,Bermuda Guest WIFI 2G,pole 10
2025-10-24T20:37:52.712005+00:00,26.6734025,-81.80528583333333,28:70:4e:dd:d0:4a,-44,5240,49,Bermuda Guest WIFI,pole 13 SW
2025-10-24T20:37:52.712005+00:00,26.6734025,-81.80528583333333,2e:70:4e:dd:d0:4a,-45,5240,49,Bermuda,pole 13 SW
2025-10-24T20:37:52.712005+00:00,26.6734025,-81.80528583333333,28:70:4e:d0:87:50,-57,5745,150,Bermuda Guest WIFI,pole 13 E
2025-10-24T20:37:52.712005+00:00,26.6734025,-81.80528583333333,2e:70:4e:d0:87:50,-58,5745,150,Bermuda,pole 13 E
2025-10-24T20:37:52.712005+00:00,26.6734025,-81.80528583333333,28:70:4e:d2:92:ab,-66,5745,150,Bermuda Guest WIFI,pole 12 N
2025-10-24T20:37:52.712005+00:00,26.6734025,-81.80528583333333,2e:70:4e:d2:92:ab,-66,5745,150,Bermuda,pole 12 N
2025-10-24T20:37:52.712005+00:00,26.6734025,-81.80528583333333,2e:70:4e:dd:d0:49,-67,2437,6,Bermuda Guest WIFI 2G,pole 13 SW
2025-10-24T20:37:52.712005+00:00,26.6734025,-81.80528583333333,22:6a:1b:63:f6:f2,-67,5240,49,Bermuda,Outside SE
2025-10-24T20:37:52.712005+00:00,26.6734025,-81.80528583333333,28:70:4e:dd:d0:49,-68,2437,6,Bermuda 2G,pole 13 SW
2025-10-24T20:37:52.712005+00:00,26.6734025,-81.80528583333333,28:70:4e:d0:87:4f,-68,2462,11,Bermuda 2G,pole 13 E
2025-10-24T20:37:52.712005+00:00,26.6734025,-81.80528583333333,2e:70:4e:d0:87:4f,-68,2462,11,Bermuda Guest WIFI 2G,pole 13 E
2025-10-24T20:37:52.712005+00:00,26.6734025,-81.80528583333333,1c:6a:1b:63:f6:f6,-70,5240,49,Bermuda Guest WIFI,Outside SW
2025-10-24T20:37:52.712005+00:00,26.6734025,-81.80528583333333,22:6a:1b:63:f6:f6,-70,5240,49,Bermuda,Outside SW
2025-10-24T20:37:52.712005+00:00,26.6734025,-81.80528583333333,28:70:4e:d0:86:c3,-72,5765,154,Bermuda Guest WIFI,pole 12 W
2025-10-24T20:37:52.712005+00:00,26.6734025,-81.80528583333333,2e:70:4e:d0:86:c3,-72,5765,154,Bermuda,pole 12 W
2025-10-24T20:37:52.712005+00:00,26.6734025,-81.80528583333333,2e:70:4e:d0:88:22,-75,5765,154,Bermuda,pole 14
2025-10-24T20:37:52.712005+00:00,26.6734025,-81.80528583333333,6a:4e:05:22:b2:a8,-76,2412,1,venus-HQ2519UPV7N-e3f,Unknown
2025-10-24T20:37:52.712005+00:00,26.6734025,-81.80528583333333,28:70:4e:d0:88:22,-76,5765,154,Bermuda Guest WIFI,pole 14
2025-10-24T20:37:52.712005+00:00,26.6734025,-81.80528583333333,6a:4e:05:c3:64:61,-80,2412,1,venus-HQ2519QWPH9-5aa,Unknown
2025-10-24T20:37:52.712005+00:00,26.6734025,-81.80528583333333,28:70:4e:d2:92:aa,-80,2437,6,Bermuda 2G,pole 12 N
2025-10-24T20:37:52.712005+00:00,26.6734025,-81.80528583333333,84:1f:e8:ff:29:e9,-84,2412,1,ShellyPlusRGBWPM-841FE8FF29E8,Unknown
2025-10-24T20:37:52.712005+00:00,26.6734025,-81.80528583333333,2e:70:4e:d0:89:0b,-86,2412,1,Bermuda Guest WIFI 2G,pole 10
2025-10-24T20:37:52.712005+00:00,26.6734025,-81.80528583333333,9e:05:d6:96:11:ff,-89,5805,162,Bermuda,inside3
2025-10-24T20:37:52.712005+00:00,26.6734025,-81.80528583333333,9c:05:d6:d6:11:ff,-90,5805,162,Bermuda Guest WIFI,inside3
2025-10-24T20:37:52.712005+00:00,26.673417666666666,-81.80531066666667,28:70:4e:dd:d0:4a,-51,5240,49,Bermuda Guest WIFI,pole 13 SW
2025-10-24T20:37:52.712005+00:00,26.673417666666666,-81.80531066666667,2e:70:4e:dd:d0:4a,-51,5240,49,Bermuda,pole 13 SW
2025-10-24T20:37:52.712005+00:00,26.673417666666666,-81.80531066666667,2e:70:4e:d0:87:50,-56,5745,150,Bermuda,pole 13 E
2025-10-24T20:37:52.712005+00:00,26.673417666666666,-81.80531066666667,28:70:4e:d0:87:50,-56,5745,150,Bermuda Guest WIFI,pole 13 E
2025-10-24T20:37:52.712005+00:00,26.673417666666666,-81.80531066666667,28:70:4e:d2:92:ab,-66,5745,150,Bermuda Guest WIFI,pole 12 N
2025-10-24T20:37:52.712005+00:00,26.673417666666666,-81.80531066666667,2e:70:4e:d2:92:ab,-66,5745,150,Bermuda,pole 12 N
2025-10-24T20:37:52.712005+00:00,26.673417666666666,-81.80531066666667,28:70:4e:d0:87:4f,-67,2462,11,Bermuda 2G,pole 13 E
2025-10-24T20:37:52.712005+00:00,26.673417666666666,-81.80531066666667,2e:70:4e:d0:87:4f,-67,2462,11,Bermuda Guest WIFI 2G,pole 13 E
2025-10-24T20:37:52.712005+00:00,26.673417666666666,-81.80531066666667,2e:70:4e:dd:d0:49,-69,2437,6,Bermuda Guest WIFI 2G,pole 13 SW
2025-10-24T20:37:52.712005+00:00,26.673417666666666,-81.80531066666667,28:70:4e:dd:d0:49,-70,2437,6,Bermuda 2G,pole 13 SW
2025-10-24T20:37:52.712005+00:00,26.673417666666666,-81.80531066666667,1c:6a:1b:63:f6:f6,-70,5240,49,Bermuda Guest WIFI,Outside SW
2025-10-24T20:37:52.712005+00:00,26.673417666666666,-81.80531066666667,22:6a:1b:63:f6:f6,-70,5240,49,Bermuda,Outside SW
2025-10-24T20:37:52.712005+00:00,26.673417666666666,-81.80531066666667,28:70:4e:d0:86:c3,-72,5765,154,Bermuda Guest WIFI,pole 12 W
2025-10-24T20:37:52.712005+00:00,26.673417666666666,-81.80531066666667,2e:70:4e:d0:86:c3,-72,5765,154,Bermuda,pole 12 W
2025-10-24T20:37:52.712005+00:00,26.673417666666666,-81.80531066666667,1c:6a:1b:63:f6:f2,-73,5240,49,Bermuda Guest WIFI,Outside SE
2025-10-24T20:37:52.712005+00:00,26.673417666666666,-81.80531066666667,22:6a:1b:63:f6:f2,-74,5240,49,Bermuda,Outside SE
2025-10-24T20:37:52.712005+00:00,26.673417666666666,-81.80531066666667,6a:4e:05:22:b2:a8,-76,2412,1,venus-HQ2519UPV7N-e3f,Unknown
2025-10-24T20:37:52.712005+00:00,26.673417666666666,-81.80531066666667,28:70:4e:d2:92:aa,-76,2437,6,Bermuda 2G,pole 12 N
2025-10-24T20:37:52.712005+00:00,26.673417666666666,-81.80531066666667,2e:70:4e:d2:92:aa,-76,2437,6,Bermuda Guest WIFI 2G,pole 12 N
2025-10-24T20:37:52.712005+00:00,26.673417666666666,-81.80531066666667,6a:4e:05:c3:64:61,-81,2412,1,venus-HQ2519QWPH9-5aa,Unknown
2025-10-24T20:37:52.712005+00:00,26.673417666666666,-81.80531066666667,84:1f:e8:ff:29:e9,-84,2412,1,ShellyPlusRGBWPM-841FE8FF29E8,Unknown
2025-10-24T20:37:52.712005+00:00,26.673417666666666,-81.80531066666667,28:70:4e:d0:88:22,-84,5765,154,Bermuda Guest WIFI,pole 14
2025-10-24T20:37:52.712005+00:00,26.673417666666666,-81.80531066666667,2e:70:4e:d0:88:22,-84,5765,154,Bermuda,pole 14
2025-10-24T20:37:52.712005+00:00,26.673417666666666,-81.80531066666667,2e:70:4e:d0:89:0b,-86,2412,1,Bermuda Guest WIFI 2G,pole 10
2025-10-24T20:37:52.712005+00:00,26.673417666666666,-81.80531066666667,9e:05:d6:96:11:ff,-89,5805,162,Bermuda,inside3
2025-10-24T20:37:52.712005+00:00,26.673417666666666,-81.80531066666667,9c:05:d6:d6:11:ff,-90,5805,162,Bermuda Guest WIFI,inside3
2025-10-24T20:38:57.572713+00:00,26.673415666666667,-81.80530116666667,2a:38:5c:02:2d:2d,-49,5745,150,PROJ022d2d,Unknown
2025-10-24T20:38:57.572713+00:00,26.673415666666667,-81.80530116666667,28:70:4e:dd:d0:4a,-50,5240,49,Bermuda Guest WIFI,pole 13 SW
2025-10-24T20:38:57.572713+00:00,26.673415666666667,-81.80530116666667,2e:70:4e:dd:d0:4a,-50,5240,49,Bermuda,pole 13 SW
2025-10-24T20:38:57.572713+00:00,26.673415666666667,-81.80530116666667,2e:70:4e:d0:87:50,-53,5745,150,Bermuda,pole 13 E
2025-10-24T20:38:57.572713+00:00,26.673415666666667,-81.80530116666667,2e:70:4e:dd:d0:49,-60,2437,6,Bermuda Guest WIFI 2G,pole 13 SW
2025-10-24T20:38:57.572713+00:00,26.673415666666667,-81.80530116666667,28:70:4e:dd:d0:49,-61,2437,6,Bermuda 2G,pole 13 SW
2025-10-24T20:38:57.572713+00:00,26.673415666666667,-81.80530116666667,28:70:4e:d0:87:4f,-65,2462,11,Bermuda 2G,pole 13 E
2025-10-24T20:38:57.572713+00:00,26.673415666666667,-81.80530116666667,1c:6a:1b:63:f6:f2,-75,5240,49,Bermuda Guest WIFI,Outside SE
2025-10-24T20:38:57.572713+00:00,26.673415666666667,-81.80530116666667,22:6a:1b:63:f6:f2,-75,5240,49,Bermuda,Outside SE
2025-10-24T20:38:57.572713+00:00,26.673415666666667,-81.80530116666667,9e:05:d6:96:11:ff,-88,5805,162,Bermuda,inside3
2025-10-24T20:38:57.572713+00:00,26.673415666666667,-81.80530116666667,9c:05:d6:d6:11:ff,-89,5805,162,Bermuda Guest WIFI,inside3
2025-10-24T20:38:57.572713+00:00,26.673431666666666,-81.80530233333333,28:70:4e:dd:d0:4a,-52,5240,49,Bermuda Guest WIFI,pole 13 SW
2025-10-24T20:38:57.572713+00:00,26.673431666666666,-81.80530233333333,2e:70:4e:dd:d0:4a,-52,5240,49,Bermuda,pole 13 SW
2025-10-24T20:38:57.572713+00:00,26.673431666666666,-81.80530233333333,28:70:4e:d0:87:50,-52,5745,150,Bermuda Guest WIFI,pole 13 E
2025-10-24T20:38:57.572713+00:00,26.673431666666666,-81.80530233333333,2e:70:4e:d0:87:50,-53,5745,150,Bermuda,pole 13 E
2025-10-24T20:38:57.572713+00:00,26.673431666666666,-81.80530233333333,28:70:4e:dd:d0:49,-55,2437,6,Bermuda 2G,pole 13 SW
2025-10-24T20:38:57.572713+00:00,26.673431666666666,-81.80530233333333,2e:70:4e:dd:d0:49,-55,2437,6,Bermuda Guest WIFI 2G,pole 13 SW
2025-10-24T20:38:57.572713+00:00,26.673431666666666,-81.80530233333333,2a:38:5c:02:2d:2d,-58,5745,150,PROJ022d2d,Unknown
2025-10-24T20:38:57.572713+00:00,26.673431666666666,-81.80530233333333,28:70:4e:d0:87:4f,-72,2462,11,Bermuda 2G,pole 13 E
2025-10-24T20:38:57.572713+00:00,26.673431666666666,-81.80530233333333,22:6a:1b:63:f6:f2,-77,5240,49,Bermuda,Outside SE
2025-10-24T20:38:57.572713+00:00,26.673431666666666,-81.80530233333333,1c:6a:1b:63:f6:f2,-78,5240,49,Bermuda Guest WIFI,Outside SE
2025-10-24T20:38:57.572713+00:00,26.673431666666666,-81.80530233333333,28:70:4e:d2:92:ab,-81,5745,150,Bermuda Guest WIFI,pole 12 N
2025-10-24T20:38:57.572713+00:00,26.673431666666666,-81.80530233333333,2e:70:4e:d2:92:ab,-81,5745,150,Bermuda,pole 12 N
2025-10-24T20:38:57.572713+00:00,26.673431666666666,-81.80530233333333,9e:05:d6:96:11:ff,-88,5805,162,Bermuda,inside3
2025-10-24T20:38:57.572713+00:00,26.673431666666666,-81.80530233333333,9c:05:d6:d6:11:ff,-89,5805,162,Bermuda Guest WIFI,inside3
2025-10-24T20:38:57.572713+00:00,26.673461333333332,-81.805295,28:70:4e:dd:d0:4a,-55,5240,49,Bermuda Guest WIFI,pole 13 SW
2025-10-24T20:38:57.572713+00:00,26.673461333333332,-81.805295,2e:70:4e:dd:d0:4a,-55,5240,49,Bermuda,pole 13 SW
2025-10-24T20:38:57.572713+00:00,26.673461333333332,-81.805295,2e:70:4e:d0:87:50,-59,5745,150,Bermuda,pole 13 E
2025-10-24T20:38:57.572713+00:00,26.673461333333332,-81.805295,28:70:4e:d0:87:50,-59,5745,150,Bermuda Guest WIFI,pole 13 E
2025-10-24T20:38:57.572713+00:00,26.673461333333332,-81.805295,2a:38:5c:02:2d:2d,-60,5745,150,PROJ022d2d,Unknown
2025-10-24T20:38:57.572713+00:00,26.673461333333332,-81.805295,28:70:4e:dd:d0:49,-64,2437,6,Bermuda 2G,pole 13 SW
2025-10-24T20:38:57.572713+00:00,26.673461333333332,-81.805295,2e:70:4e:dd:d0:49,-65,2437,6,Bermuda Guest WIFI 2G,pole 13 SW
2025-10-24T20:38:57.572713+00:00,26.673461333333332,-81.805295,28:70:4e:d0:87:4f,-72,2462,11,Bermuda 2G,pole 13 E
2025-10-24T20:38:57.572713+00:00,26.673461333333332,-81.805295,22:6a:1b:63:f6:f2,-77,5240,49,Bermuda,Outside SE
2025-10-24T20:38:57.572713+00:00,26.673461333333332,-81.805295,1c:6a:1b:63:f6:f2,-78,5240,49,Bermuda Guest WIFI,Outside SE
2025-10-24T20:38:57.572713+00:00,26.673461333333332,-81.805295,28:70:4e:d2:92:ab,-79,5745,150,Bermuda Guest WIFI,pole 12 N
2025-10-24T20:38:57.572713+00:00,26.673461333333332,-81.805295,2e:70:4e:d2:92:ab,-79,5745,150,Bermuda,pole 12 N
2025-10-24T20:38:57.572713+00:00,26.673461333333332,-81.805295,28:70:4e:d0:89:0c,-80,5220,45,Bermuda Guest WIFI,pole 10
2025-10-24T20:38:57.572713+00:00,26.673461333333332,-81.805295,2e:70:4e:d0:89:0c,-80,5220,45,Bermuda,pole 10
2025-10-24T20:38:57.572713+00:00,26.673461333333332,-81.805295,9e:05:d6:96:11:ff,-86,5805,162,Bermuda,inside3
2025-10-24T20:38:57.572713+00:00,26.673461333333332,-81.805295,9c:05:d6:d6:11:ff,-88,5805,162,Bermuda Guest WIFI,inside3
2025-10-24T20:38:57.572713+00:00,26.673439833333333,-81.80531466666666,28:70:4e:dd:d0:4a,-46,5240,49,Bermuda Guest WIFI,pole 13 SW
2025-10-24T20:38:57.572713+00:00,26.673439833333333,-81.80531466666666,2e:70:4e:dd:d0:4a,-46,5240,49,Bermuda,pole 13 SW
2025-10-24T20:38:57.572713+00:00,26.673439833333333,-81.80531466666666,28:70:4e:d0:87:50,-54,5745,150,Bermuda Guest WIFI,pole 13 E
2025-10-24T20:38:57.572713+00:00,26.673439833333333,-81.80531466666666,2e:70:4e:d0:87:50,-55,5745,150,Bermuda,pole 13 E
2025-10-24T20:38:57.572713+00:00,26.673439833333333,-81.80531466666666,2a:38:5c:02:2d:2d,-56,5745,150,PROJ022d2d,Unknown
2025-10-24T20:38:57.572713+00:00,26.673439833333333,-81.80531466666666,28:70:4e:dd:d0:49,-57,2437,6,Bermuda 2G,pole 13 SW
2025-10-24T20:38:57.572713+00:00,26.673439833333333,-81.80531466666666,2e:70:4e:dd:d0:49,-57,2437,6,Bermuda Guest WIFI 2G,pole 13 SW
2025-10-24T20:38:57.572713+00:00,26.673439833333333,-81.80531466666666,28:70:4e:d0:88:fa,-69,5765,154,Bermuda Guest WIFI,pole 11
2025-10-24T20:38:57.572713+00:00,26.673439833333333,-81.80531466666666,2e:70:4e:d0:88:fa,-69,5765,154,Bermuda,pole 11
2025-10-24T20:38:57.572713+00:00,26.673439833333333,-81.80531466666666,28:70:4e:d0:87:4f,-72,2462,11,Bermuda 2G,pole 13 E
2025-10-24T20:38:57.572713+00:00,26.673439833333333,-81.80531466666666,22:6a:1b:63:f6:f2,-77,5240,49,Bermuda,Outside SE
2025-10-24T20:38:57.572713+00:00,26.673439833333333,-81.80531466666666,1c:6a:1b:63:f6:f2,-78,5240,49,Bermuda Guest WIFI,Outside SE
2025-10-24T20:38:57.572713+00:00,26.673439833333333,-81.80531466666666,28:70:4e:d2:92:ab,-79,5745,150,Bermuda Guest WIFI,pole 12 N
2025-10-24T20:38:57.572713+00:00,26.673439833333333,-81.80531466666666,2e:70:4e:d2:92:ab,-79,5745,150,Bermuda,pole 12 N
2025-10-24T20:38:57.572713+00:00,26.673439833333333,-81.80531466666666,28:70:4e:d0:89:0c,-80,5220,45,Bermuda Guest WIFI,pole 10
2025-10-24T20:38:57.572713+00:00,26.673439833333333,-81.80531466666666,2e:70:4e:d0:89:0c,-80,5220,45,Bermuda,pole 10
2025-10-24T20:38:57.572713+00:00,26.673439833333333,-81.80531466666666,9e:05:d6:96:11:ff,-86,5805,162,Bermuda,inside3
2025-10-24T20:38:57.572713+00:00,26.673439833333333,-81.80531466666666,9c:05:d6:d6:11:ff,-88,5805,162,Bermuda Guest WIFI,inside3
2025-10-24T20:40:01.465261+00:00,26.673359333333334,-81.805279,28:70:4e:dd:d0:4a,-43,5240,49,Bermuda Guest WIFI,pole 13 SW
2025-10-24T20:40:01.465261+00:00,26.673359333333334,-81.805279,2e:70:4e:dd:d0:4a,-43,5240,49,Bermuda,pole 13 SW
2025-10-24T20:40:01.465261+00:00,26.673359333333334,-81.805279,2a:38:5c:02:2d:2d,-51,5745,150,PROJ022d2d,Unknown
2025-10-24T20:40:01.465261+00:00,26.673359333333334,-81.805279,2e:70:4e:d0:87:50,-52,5745,150,Bermuda,pole 13 E
2025-10-24T20:40:01.465261+00:00,26.673359333333334,-81.805279,2e:70:4e:dd:d0:49,-58,2437,6,Bermuda Guest WIFI 2G,pole 13 SW
2025-10-24T20:40:01.465261+00:00,26.673359333333334,-81.805279,28:70:4e:dd:d0:49,-59,2437,6,Bermuda 2G,pole 13 SW
2025-10-24T20:40:01.465261+00:00,26.673359333333334,-81.805279,28:70:4e:d0:87:50,-61,5745,150,Bermuda Guest WIFI,pole 13 E
2025-10-24T20:40:01.465261+00:00,26.673359333333334,-81.805279,28:70:4e:d0:87:4f,-64,2462,11,Bermuda 2G,pole 13 E
2025-10-24T20:40:01.465261+00:00,26.673359333333334,-81.805279,2e:70:4e:d0:87:4f,-64,2462,11,Bermuda Guest WIFI 2G,pole 13 E
2025-10-24T20:40:01.465261+00:00,26.673359333333334,-81.805279,28:70:4e:d0:88:fa,-72,5765,154,Bermuda Guest WIFI,pole 11
2025-10-24T20:40:01.465261+00:00,26.673359333333334,-81.805279,2e:70:4e:d0:88:fa,-72,5765,154,Bermuda,pole 11
2025-10-24T20:40:01.465261+00:00,26.673359333333334,-81.805279,28:70:4e:d0:88:f9,-78,2412,1,Bermuda 2G,pole 11
2025-10-24T20:40:01.465261+00:00,26.673359333333334,-81.805279,28:70:4e:d0:89:0c,-78,5220,45,Bermuda Guest WIFI,pole 10
2025-10-24T20:40:01.465261+00:00,26.673359333333334,-81.805279,2e:70:4e:d0:89:0c,-79,5220,45,Bermuda,pole 10
2025-10-24T20:40:01.465261+00:00,26.673359333333334,-81.805279,6a:4e:05:22:b2:a8,-81,2412,1,venus-HQ2519UPV7N-e3f,Unknown
2025-10-24T20:40:01.465261+00:00,26.673359333333334,-81.805279,28:70:4e:d0:88:22,-84,5765,154,Bermuda Guest WIFI,pole 14
2025-10-24T20:40:01.465261+00:00,26.673359333333334,-81.805279,2e:70:4e:d0:88:22,-85,5765,154,Bermuda,pole 14
2025-10-24T20:40:01.465261+00:00,26.673396166666667,-81.80526983333333,28:70:4e:dd:d0:4a,-48,5240,49,Bermuda Guest WIFI,pole 13 SW
2025-10-24T20:40:01.465261+00:00,26.673396166666667,-81.80526983333333,2e:70:4e:dd:d0:4a,-48,5240,49,Bermuda,pole 13 SW
2025-10-24T20:40:01.465261+00:00,26.673396166666667,-81.80526983333333,2a:38:5c:02:2d:2d,-51,5745,150,PROJ022d2d,Unknown
2025-10-24T20:40:01.465261+00:00,26.673396166666667,-81.80526983333333,2e:70:4e:d0:87:50,-53,5745,150,Bermuda,pole 13 E
2025-10-24T20:40:01.465261+00:00,26.673396166666667,-81.80526983333333,28:70:4e:dd:d0:49,-59,2437,6,Bermuda 2G,pole 13 SW
2025-10-24T20:40:01.465261+00:00,26.673396166666667,-81.80526983333333,2e:70:4e:dd:d0:49,-59,2437,6,Bermuda Guest WIFI 2G,pole 13 SW
2025-10-24T20:40:01.465261+00:00,26.673396166666667,-81.80526983333333,28:70:4e:d0:87:50,-61,5745,150,Bermuda Guest WIFI,pole 13 E
2025-10-24T20:40:01.465261+00:00,26.673396166666667,-81.80526983333333,28:70:4e:d0:87:4f,-65,2462,11,Bermuda 2G,pole 13 E
2025-10-24T20:40:01.465261+00:00,26.673396166666667,-81.80526983333333,2e:70:4e:d0:87:4f,-66,2462,11,Bermuda Guest WIFI 2G,pole 13 E
2025-10-24T20:40:01.465261+00:00,26.673396166666667,-81.80526983333333,28:70:4e:d0:88:fa,-72,5765,154,Bermuda Guest WIFI,pole 11
2025-10-24T20:40:01.465261+00:00,26.673396166666667,-81.80526983333333,2e:70:4e:d0:88:fa,-72,5765,154,Bermuda,pole 11
2025-10-24T20:40:01.465261+00:00,26.673396166666667,-81.80526983333333,28:70:4e:d0:88:f9,-78,2412,1,Bermuda 2G,pole 11
2025-10-24T20:40:01.465261+00:00,26.673396166666667,-81.80526983333333,6a:4e:05:22:b2:a8,-81,2412,1,venus-HQ2519UPV7N-e3f,Unknown
2025-10-24T20:40:01.465261+00:00,26.673396166666667,-81.80526983333333,28:70:4e:d0:89:0c,-81,5220,45,Bermuda Guest WIFI,pole 10
2025-10-24T20:40:01.465261+00:00,26.673396166666667,-81.80526983333333,2e:70:4e:d0:89:0c,-81,5220,45,Bermuda,pole 10
2025-10-24T20:40:01.465261+00:00,26.673396166666667,-81.80526983333333,28:70:4e:d0:88:22,-84,5765,154,Bermuda Guest WIFI,pole 14
2025-10-24T20:40:01.465261+00:00,26.673396166666667,-81.80526983333333,2e:70:4e:d0:88:22,-85,5765,154,Bermuda,pole 14
2025-10-24T20:40:01.465261+00:00,26.673389666666665,-81.80526816666666,28:70:4e:dd:d0:4a,-47,5240,49,Bermuda Guest WIFI,pole 13 SW
2025-10-24T20:40:01.465261+00:00,26.673389666666665,-81.80526816666666,2e:70:4e:dd:d0:4a,-47,5240,49,Bermuda,pole 13 SW
2025-10-24T20:40:01.465261+00:00,26.673389666666665,-81.80526816666666,2e:70:4e:d0:87:50,-53,5745,150,Bermuda,pole 13 E
2025-10-24T20:40:01.465261+00:00,26.673389666666665,-81.80526816666666,28:70:4e:d0:87:50,-61,5745,150,Bermuda Guest WIFI,pole 13 E
2025-10-24T20:40:01.465261+00:00,26.673389666666665,-81.80526816666666,2a:38:5c:02:2d:2d,-63,5745,150,PROJ022d2d,Unknown
2025-10-24T20:40:01.465261+00:00,26.673389666666665,-81.80526816666666,28:70:4e:dd:d0:49,-64,2437,6,Bermuda 2G,pole 13 SW
2025-10-24T20:40:01.465261+00:00,26.673389666666665,-81.80526816666666,2e:70:4e:dd:d0:49,-64,2437,6,Bermuda Guest WIFI 2G,pole 13 SW
2025-10-24T20:40:01.465261+00:00,26.673389666666665,-81.80526816666666,28:70:4e:d0:88:fa,-67,5765,154,Bermuda Guest WIFI,pole 11
2025-10-24T20:40:01.465261+00:00,26.673389666666665,-81.80526816666666,2e:70:4e:d0:88:fa,-67,5765,154,Bermuda,pole 11
2025-10-24T20:40:01.465261+00:00,26.673389666666665,-81.80526816666666,28:70:4e:d0:87:4f,-70,2462,11,Bermuda 2G,pole 13 E
2025-10-24T20:40:01.465261+00:00,26.673389666666665,-81.80526816666666,2e:70:4e:d0:87:4f,-71,2462,11,Bermuda Guest WIFI 2G,pole 13 E
2025-10-24T20:40:01.465261+00:00,26.673389666666665,-81.80526816666666,1c:6a:1b:63:f6:f2,-77,5240,49,Bermuda Guest WIFI,Outside SE
2025-10-24T20:40:01.465261+00:00,26.673389666666665,-81.80526816666666,22:6a:1b:63:f6:f2,-77,5240,49,Bermuda,Outside SE
2025-10-24T20:40:01.465261+00:00,26.673389666666665,-81.80526816666666,28:70:4e:d0:88:f9,-78,2412,1,Bermuda 2G,pole 11
2025-10-24T20:40:01.465261+00:00,26.673389666666665,-81.80526816666666,28:70:4e:d0:88:22,-80,5765,154,Bermuda Guest WIFI,pole 14
2025-10-24T20:40:01.465261+00:00,26.673389666666665,-81.80526816666666,2e:70:4e:d0:88:22,-80,5765,154,Bermuda,pole 14
2025-10-24T20:40:01.465261+00:00,26.673389666666665,-81.80526816666666,6a:4e:05:22:b2:a8,-81,2412,1,venus-HQ2519UPV7N-e3f,Unknown
2025-10-24T20:40:01.465261+00:00,26.673389666666665,-81.80526816666666,28:70:4e:d0:89:0c,-81,5220,45,Bermuda Guest WIFI,pole 10
2025-10-24T20:40:01.465261+00:00,26.673389666666665,-81.80526816666666,2e:70:4e:d0:89:0c,-81,5220,45,Bermuda,pole 10
2025-10-24T20:40:01.465261+00:00,26.673389666666665,-81.80526816666666,9e:05:d6:96:11:ff,-87,5805,162,Bermuda,inside3
2025-10-24T20:40:01.465261+00:00,26.673389666666665,-81.80526816666666,9c:05:d6:d6:11:ff,-88,5805,162,Bermuda Guest WIFI,inside3
2025-10-24T20:40:01.465261+00:00,26.6734305,-81.80521366666666,28:70:4e:dd:d0:4a,-42,5240,49,Bermuda Guest WIFI,pole 13 SW
2025-10-24T20:40:01.465261+00:00,26.6734305,-81.80521366666666,2e:70:4e:dd:d0:4a,-42,5240,49,Bermuda,pole 13 SW
2025-10-24T20:40:01.465261+00:00,26.6734305,-81.80521366666666,2e:70:4e:dd:d0:49,-52,2437,6,Bermuda Guest WIFI 2G,pole 13 SW
2025-10-24T20:40:01.465261+00:00,26.6734305,-81.80521366666666,2e:70:4e:d0:87:50,-53,5745,150,Bermuda,pole 13 E
2025-10-24T20:40:01.465261+00:00,26.6734305,-81.80521366666666,28:70:4e:dd:d0:49,-54,2437,6,Bermuda 2G,pole 13 SW
2025-10-24T20:40:01.465261+00:00,26.6734305,-81.80521366666666,2a:38:5c:02:2d:2d,-59,5745,150,PROJ022d2d,Unknown
2025-10-24T20:40:01.465261+00:00,26.6734305,-81.80521366666666,28:70:4e:d0:87:50,-61,5745,150,Bermuda Guest WIFI,pole 13 E
2025-10-24T20:40:01.465261+00:00,26.6734305,-81.80521366666666,28:70:4e:d0:87:4f,-65,2462,11,Bermuda 2G,pole 13 E
2025-10-24T20:40:01.465261+00:00,26.6734305,-81.80521366666666,2e:70:4e:d0:87:4f,-67,2462,11,Bermuda Guest WIFI 2G,pole 13 E
2025-10-24T20:40:01.465261+00:00,26.6734305,-81.80521366666666,28:70:4e:d0:88:fa,-67,5765,154,Bermuda Guest WIFI,pole 11
2025-10-24T20:40:01.465261+00:00,26.6734305,-81.80521366666666,2e:70:4e:d0:88:fa,-67,5765,154,Bermuda,pole 11
2025-10-24T20:40:01.465261+00:00,26.6734305,-81.80521366666666,1c:6a:1b:63:f6:f2,-77,5240,49,Bermuda Guest WIFI,Outside SE
2025-10-24T20:40:01.465261+00:00,26.6734305,-81.80521366666666,22:6a:1b:63:f6:f2,-77,5240,49,Bermuda,Outside SE
2025-10-24T20:40:01.465261+00:00,26.6734305,-81.80521366666666,28:70:4e:d0:88:f9,-78,2412,1,Bermuda 2G,pole 11
2025-10-24T20:40:01.465261+00:00,26.6734305,-81.80521366666666,28:70:4e:d0:89:0c,-79,5220,45,Bermuda Guest WIFI,pole 10
2025-10-24T20:40:01.465261+00:00,26.6734305,-81.80521366666666,2e:70:4e:d0:89:0c,-79,5220,45,Bermuda,pole 10
2025-10-24T20:40:01.465261+00:00,26.6734305,-81.80521366666666,28:70:4e:d0:88:22,-80,5765,154,Bermuda Guest WIFI,pole 14
2025-10-24T20:40:01.465261+00:00,26.6734305,-81.80521366666666,2e:70:4e:d0:88:22,-80,5765,154,Bermuda,pole 14
2025-10-24T20:40:01.465261+00:00,26.6734305,-81.80521366666666,1c:6a:1b:63:f6:f6,-81,5240,49,Bermuda Guest WIFI,Outside SW
2025-10-24T20:40:01.465261+00:00,26.6734305,-81.80521366666666,22:6a:1b:63:f6:f6,-82,5240,49,Bermuda,Outside SW
2025-10-24T20:40:01.465261+00:00,26.6734305,-81.80521366666666,2e:70:4e:d0:86:c3,-83,5765,154,Bermuda,pole 12 W
2025-10-24T20:40:01.465261+00:00,26.6734305,-81.80521366666666,6a:4e:05:22:b2:a8,-84,2412,1,venus-HQ2519UPV7N-e3f,Unknown
2025-10-24T20:40:01.465261+00:00,26.6734305,-81.80521366666666,9e:05:d6:96:11:ff,-87,5805,162,Bermuda,inside3
2025-10-24T20:40:01.465261+00:00,26.6734305,-81.80521366666666,9c:05:d6:d6:11:ff,-88,5805,162,Bermuda Guest WIFI,inside3
2025-10-24T20:41:05.452581+00:00,26.673492666666668,-81.80525866666666,28:70:4e:dd:d0:4a,-44,5240,49,Bermuda Guest WIFI,pole 13 SW
2025-10-24T20:41:05.452581+00:00,26.673492666666668,-81.80525866666666,2e:70:4e:dd:d0:4a,-45,5240,49,Bermuda,pole 13 SW
2025-10-24T20:41:05.452581+00:00,26.673492666666668,-81.80525866666666,2a:38:5c:02:2d:2d,-52,5745,150,PROJ022d2d,Unknown
2025-10-24T20:41:05.452581+00:00,26.673492666666668,-81.80525866666666,2e:70:4e:d0:87:50,-64,5745,150,Bermuda,pole 13 E
2025-10-24T20:41:05.452581+00:00,26.673492666666668,-81.80525866666666,28:70:4e:d0:87:50,-64,5745,150,Bermuda Guest WIFI,pole 13 E
2025-10-24T20:41:05.452581+00:00,26.673492666666668,-81.80525866666666,28:70:4e:d0:87:4f,-70,2462,11,Bermuda 2G,pole 13 E
2025-10-24T20:41:05.452581+00:00,26.673492666666668,-81.80525866666666,2e:70:4e:d0:87:4f,-70,2462,11,Bermuda Guest WIFI 2G,pole 13 E
2025-10-24T20:41:05.452581+00:00,26.673492666666668,-81.80525866666666,28:70:4e:dd:d0:49,-71,2437,6,Bermuda 2G,pole 13 SW
2025-10-24T20:41:05.452581+00:00,26.673492666666668,-81.80525866666666,2e:70:4e:dd:d0:49,-71,2437,6,Bermuda Guest WIFI 2G,pole 13 SW
2025-10-24T20:41:05.452581+00:00,26.673492666666668,-81.80525866666666,28:70:4e:d0:86:c3,-84,5765,154,Bermuda Guest WIFI,pole 12 W
2025-10-24T20:41:05.452581+00:00,26.673492666666668,-81.80525866666666,2e:70:4e:d0:86:c3,-84,5765,154,Bermuda,pole 12 W
2025-10-24T20:41:05.452581+00:00,26.673492666666668,-81.80525866666666,9e:05:d6:96:11:ff,-89,5805,162,Bermuda,inside3
2025-10-24T20:41:05.452581+00:00,26.673492666666668,-81.80525866666666,9c:05:d6:d6:11:ff,-89,5805,162,Bermuda Guest WIFI,inside3
2025-10-24T20:41:05.452581+00:00,26.673477833333333,-81.8052255,28:70:4e:dd:d0:4a,-43,5240,49,Bermuda Guest WIFI,pole 13 SW
2025-10-24T20:41:05.452581+00:00,26.673477833333333,-81.8052255,2e:70:4e:dd:d0:4a,-43,5240,49,Bermuda,pole 13 SW
2025-10-24T20:41:05.452581+00:00,26.673477833333333,-81.8052255,2e:70:4e:d0:87:50,-52,5745,150,Bermuda,pole 13 E
2025-10-24T20:41:05.452581+00:00,26.673477833333333,-81.8052255,28:70:4e:d0:87:50,-52,5745,150,Bermuda Guest WIFI,pole 13 E
2025-10-24T20:41:05.452581+00:00,26.673477833333333,-81.8052255,28:70:4e:dd:d0:49,-58,2437,6,Bermuda 2G,pole 13 SW
2025-10-24T20:41:05.452581+00:00,26.673477833333333,-81.8052255,2e:70:4e:dd:d0:49,-59,2437,6,Bermuda Guest WIFI 2G,pole 13 SW
2025-10-24T20:41:05.452581+00:00,26.673477833333333,-81.8052255,2a:38:5c:02:2d:2d,-60,5745,150,PROJ022d2d,Unknown
2025-10-24T20:41:05.452581+00:00,26.673477833333333,-81.8052255,28:70:4e:d0:87:4f,-70,2462,11,Bermuda 2G,pole 13 E
2025-10-24T20:41:05.452581+00:00,26.673477833333333,-81.8052255,2e:70:4e:d0:87:4f,-70,2462,11,Bermuda Guest WIFI 2G,pole 13 E
2025-10-24T20:41:05.452581+00:00,26.673477833333333,-81.8052255,28:70:4e:d0:88:fa,-72,5765,154,Bermuda Guest WIFI,pole 11
2025-10-24T20:41:05.452581+00:00,26.673477833333333,-81.8052255,2e:70:4e:d0:88:fa,-72,5765,154,Bermuda,pole 11
2025-10-24T20:41:05.452581+00:00,26.673477833333333,-81.8052255,28:70:4e:d0:86:c3,-84,5765,154,Bermuda Guest WIFI,pole 12 W
2025-10-24T20:41:05.452581+00:00,26.673477833333333,-81.8052255,2e:70:4e:d0:86:c3,-84,5765,154,Bermuda,pole 12 W
2025-10-24T20:41:05.452581+00:00,26.673477833333333,-81.8052255,9e:05:d6:96:11:ff,-89,5805,162,Bermuda,inside3
2025-10-24T20:41:05.452581+00:00,26.673477833333333,-81.8052255,9c:05:d6:d6:11:ff,-89,5805,162,Bermuda Guest WIFI,inside3
2025-10-24T20:41:05.452581+00:00,26.673460833333333,-81.80520083333333,28:70:4e:dd:d0:4a,-53,5240,49,Bermuda Guest WIFI,pole 13 SW
2025-10-24T20:41:05.452581+00:00,26.673460833333333,-81.80520083333333,2e:70:4e:dd:d0:4a,-53,5240,49,Bermuda,pole 13 SW
2025-10-24T20:41:05.452581+00:00,26.673460833333333,-81.80520083333333,2a:38:5c:02:2d:2d,-55,5745,150,PROJ022d2d,Unknown
2025-10-24T20:41:05.452581+00:00,26.673460833333333,-81.80520083333333,2e:70:4e:dd:d0:49,-61,2437,6,Bermuda Guest WIFI 2G,pole 13 SW
2025-10-24T20:41:05.452581+00:00,26.673460833333333,-81.80520083333333,28:70:4e:dd:d0:49,-62,2437,6,Bermuda 2G,pole 13 SW
2025-10-24T20:41:05.452581+00:00,26.673460833333333,-81.80520083333333,2e:70:4e:d0:87:50,-63,5745,150,Bermuda,pole 13 E
2025-10-24T20:41:05.452581+00:00,26.673460833333333,-81.80520083333333,28:70:4e:d0:87:50,-63,5745,150,Bermuda Guest WIFI,pole 13 E
2025-10-24T20:41:05.452581+00:00,26.673460833333333,-81.80520083333333,2e:70:4e:d0:87:4f,-70,2462,11,Bermuda Guest WIFI 2G,pole 13 E
2025-10-24T20:41:05.452581+00:00,26.673460833333333,-81.80520083333333,28:70:4e:d0:88:fa,-72,5765,154,Bermuda Guest WIFI,pole 11
2025-10-24T20:41:05.452581+00:00,26.673460833333333,-81.80520083333333,2e:70:4e:d0:88:fa,-72,5765,154,Bermuda,pole 11
2025-10-24T20:41:05.452581+00:00,26.673460833333333,-81.80520083333333,28:70:4e:d0:87:4f,-76,2462,11,Bermuda 2G,pole 13 E
2025-10-24T20:41:05.452581+00:00,26.673460833333333,-81.80520083333333,2e:70:4e:d2:92:ab,-80,5745,150,Bermuda,pole 12 N
2025-10-24T20:41:05.452581+00:00,26.673460833333333,-81.80520083333333,28:70:4e:d0:86:c3,-83,5765,154,Bermuda Guest WIFI,pole 12 W
2025-10-24T20:41:05.452581+00:00,26.673460833333333,-81.80520083333333,2e:70:4e:d0:86:c3,-83,5765,154,Bermuda,pole 12 W
2025-10-24T20:41:05.452581+00:00,26.673460833333333,-81.80520083333333,9e:05:d6:96:11:ff,-89,5805,162,Bermuda,inside3
2025-10-24T20:41:05.452581+00:00,26.673460833333333,-81.80520083333333,9c:05:d6:d6:11:ff,-89,5805,162,Bermuda Guest WIFI,inside3
2025-10-24T20:41:05.452581+00:00,26.67343766666667,-81.80515733333333,28:70:4e:dd:d0:4a,-48,5240,49,Bermuda Guest WIFI,pole 13 SW
2025-10-24T20:41:05.452581+00:00,26.67343766666667,-81.80515733333333,2e:70:4e:dd:d0:4a,-48,5240,49,Bermuda,pole 13 SW
2025-10-24T20:41:05.452581+00:00,26.67343766666667,-81.80515733333333,2e:70:4e:d0:87:50,-55,5745,150,Bermuda,pole 13 E
2025-10-24T20:41:05.452581+00:00,26.67343766666667,-81.80515733333333,28:70:4e:d0:87:50,-55,5745,150,Bermuda Guest WIFI,pole 13 E
2025-10-24T20:41:05.452581+00:00,26.67343766666667,-81.80515733333333,2a:38:5c:02:2d:2d,-61,5745,150,PROJ022d2d,Unknown
2025-10-24T20:41:05.452581+00:00,26.67343766666667,-81.80515733333333,28:70:4e:dd:d0:49,-62,2437,6,Bermuda 2G,pole 13 SW
2025-10-24T20:41:05.452581+00:00,26.67343766666667,-81.80515733333333,2e:70:4e:dd:d0:49,-62,2437,6,Bermuda Guest WIFI 2G,pole 13 SW
2025-10-24T20:41:05.452581+00:00,26.67343766666667,-81.80515733333333,2e:70:4e:d0:87:4f,-70,2462,11,Bermuda Guest WIFI 2G,pole 13 E
2025-10-24T20:41:05.452581+00:00,26.67343766666667,-81.80515733333333,28:70:4e:d0:88:fa,-72,5765,154,Bermuda Guest WIFI,pole 11
2025-10-24T20:41:05.452581+00:00,26.67343766666667,-81.80515733333333,2e:70:4e:d0:88:fa,-72,5765,154,Bermuda,pole 11
2025-10-24T20:41:05.452581+00:00,26.67343766666667,-81.80515733333333,28:70:4e:d0:87:4f,-76,2462,11,Bermuda 2G,pole 13 E
2025-10-24T20:41:05.452581+00:00,26.67343766666667,-81.80515733333333,2e:70:4e:d2:92:ab,-80,5745,150,Bermuda,pole 12 N
2025-10-24T20:41:05.452581+00:00,26.67343766666667,-81.80515733333333,28:70:4e:d0:86:c3,-83,5765,154,Bermuda Guest WIFI,pole 12 W
2025-10-24T20:41:05.452581+00:00,26.67343766666667,-81.80515733333333,2e:70:4e:d0:86:c3,-83,5765,154,Bermuda,pole 12 W
2025-10-24T20:41:05.452581+00:00,26.67343766666667,-81.80515733333333,9e:05:d6:96:11:ff,-89,5805,162,Bermuda,inside3
2025-10-24T20:41:05.452581+00:00,26.67343766666667,-81.80515733333333,9c:05:d6:d6:11:ff,-89,5805,162,Bermuda Guest WIFI,inside3
2025-10-24T20:42:09.290959+00:00,26.673436166666665,-81.805235,28:70:4e:dd:d0:4a,-48,5240,49,Bermuda Guest WIFI,pole 13 SW
2025-10-24T20:42:09.290959+00:00,26.673436166666665,-81.805235,2e:70:4e:dd:d0:4a,-48,5240,49,Bermuda,pole 13 SW
2025-10-24T20:42:09.290959+00:00,26.673436166666665,-81.805235,2a:38:5c:02:2d:2d,-56,5745,150,PROJ022d2d,Unknown
2025-10-24T20:42:09.290959+00:00,26.673436166666665,-81.805235,2e:70:4e:d0:87:50,-60,5745,150,Bermuda,pole 13 E
2025-10-24T20:42:09.290959+00:00,26.673436166666665,-81.805235,28:70:4e:d0:87:50,-60,5745,150,Bermuda Guest WIFI,pole 13 E
2025-10-24T20:42:09.290959+00:00,26.673436166666665,-81.805235,1c:6a:1b:63:f6:f2,-79,5240,49,Bermuda Guest WIFI,Outside SE
2025-10-24T20:42:09.290959+00:00,26.673436166666665,-81.805235,22:6a:1b:63:f6:f2,-80,5240,49,Bermuda,Outside SE
2025-10-24T20:42:09.290959+00:00,26.673436166666665,-81.805235,28:70:4e:d0:86:c3,-80,5765,154,Bermuda Guest WIFI,pole 12 W
2025-10-24T20:42:09.290959+00:00,26.673436166666665,-81.805235,2e:70:4e:d0:86:c3,-80,5765,154,Bermuda,pole 12 W
2025-10-24T20:42:09.290959+00:00,26.673436166666665,-81.805235,28:70:4e:d0:88:f9,-82,2412,1,Bermuda 2G,pole 11
2025-10-24T20:42:09.290959+00:00,26.673436166666665,-81.805235,9c:05:d6:d6:11:ff,-87,5805,162,Bermuda Guest WIFI,inside3
2025-10-24T20:42:09.290959+00:00,26.673436166666665,-81.805235,9e:05:d6:96:11:ff,-87,5805,162,Bermuda,inside3
2025-10-24T20:42:09.290959+00:00,26.673437166666666,-81.8052265,28:70:4e:dd:d0:4a,-47,5240,49,Bermuda Guest WIFI,pole 13 SW
2025-10-24T20:42:09.290959+00:00,26.673437166666666,-81.8052265,2e:70:4e:dd:d0:4a,-47,5240,49,Bermuda,pole 13 SW
2025-10-24T20:42:09.290959+00:00,26.673437166666666,-81.8052265,2e:70:4e:d0:87:50,-53,5745,150,Bermuda,pole 13 E
2025-10-24T20:42:09.290959+00:00,26.673437166666666,-81.8052265,28:70:4e:d0:87:50,-53,5745,150,Bermuda Guest WIFI,pole 13 E
2025-10-24T20:42:09.290959+00:00,26.673437166666666,-81.8052265,2a:38:5c:02:2d:2d,-56,5745,150,PROJ022d2d,Unknown
2025-10-24T20:42:09.290959+00:00,26.673437166666666,-81.8052265,28:70:4e:dd:d0:49,-60,2437,6,Bermuda 2G,pole 13 SW
2025-10-24T20:42:09.290959+00:00,26.673437166666666,-81.8052265,2e:70:4e:dd:d0:49,-61,2437,6,Bermuda Guest WIFI 2G,pole 13 SW
2025-10-24T20:42:09.290959+00:00,26.673437166666666,-81.8052265,28:70:4e:d0:87:4f,-68,2462,11,Bermuda 2G,pole 13 E
2025-10-24T20:42:09.290959+00:00,26.673437166666666,-81.8052265,28:70:4e:d2:92:ab,-78,5745,150,Bermuda Guest WIFI,pole 12 N
2025-10-24T20:42:09.290959+00:00,26.673437166666666,-81.8052265,2e:70:4e:d2:92:ab,-78,5745,150,Bermuda,pole 12 N
2025-10-24T20:42:09.290959+00:00,26.673437166666666,-81.8052265,1c:6a:1b:63:f6:f2,-79,5240,49,Bermuda Guest WIFI,Outside SE
2025-10-24T20:42:09.290959+00:00,26.673437166666666,-81.8052265,22:6a:1b:63:f6:f2,-80,5240,49,Bermuda,Outside SE
2025-10-24T20:42:09.290959+00:00,26.673437166666666,-81.8052265,28:70:4e:d0:86:c3,-80,5765,154,Bermuda Guest WIFI,pole 12 W
2025-10-24T20:42:09.290959+00:00,26.673437166666666,-81.8052265,2e:70:4e:d0:86:c3,-80,5765,154,Bermuda,pole 12 W
2025-10-24T20:42:09.290959+00:00,26.673437166666666,-81.8052265,28:70:4e:d0:88:f9,-82,2412,1,Bermuda 2G,pole 11
2025-10-24T20:42:09.290959+00:00,26.673437166666666,-81.8052265,9c:05:d6:d6:11:ff,-87,5805,162,Bermuda Guest WIFI,inside3
2025-10-24T20:42:09.290959+00:00,26.673437166666666,-81.8052265,9e:05:d6:96:11:ff,-87,5805,162,Bermuda,inside3
2025-10-24T20:42:09.290959+00:00,26.673451166666666,-81.80518883333333,28:70:4e:dd:d0:4a,-56,5240,49,Bermuda Guest WIFI,pole 13 SW
2025-10-24T20:42:09.290959+00:00,26.673451166666666,-81.80518883333333,2e:70:4e:dd:d0:4a,-56,5240,49,Bermuda,pole 13 SW
2025-10-24T20:42:09.290959+00:00,26.673451166666666,-81.80518883333333,2a:38:5c:02:2d:2d,-61,5745,150,PROJ022d2d,Unknown
2025-10-24T20:42:09.290959+00:00,26.673451166666666,-81.80518883333333,28:70:4e:d0:87:50,-62,5745,150,Bermuda Guest WIFI,pole 13 E
2025-10-24T20:42:09.290959+00:00,26.673451166666666,-81.80518883333333,2e:70:4e:d0:87:50,-63,5745,150,Bermuda,pole 13 E
2025-10-24T20:42:09.290959+00:00,26.673451166666666,-81.80518883333333,28:70:4e:dd:d0:49,-66,2437,6,Bermuda 2G,pole 13 SW
2025-10-24T20:42:09.290959+00:00,26.673451166666666,-81.80518883333333,2e:70:4e:dd:d0:49,-66,2437,6,Bermuda Guest WIFI 2G,pole 13 SW
2025-10-24T20:42:09.290959+00:00,26.673451166666666,-81.80518883333333,28:70:4e:d0:87:4f,-76,2462,11,Bermuda 2G,pole 13 E
2025-10-24T20:42:09.290959+00:00,26.673451166666666,-81.80518883333333,1c:6a:1b:63:f6:f2,-77,5240,49,Bermuda Guest WIFI,Outside SE
2025-10-24T20:42:09.290959+00:00,26.673451166666666,-81.80518883333333,28:70:4e:d0:86:c3,-78,5765,154,Bermuda Guest WIFI,pole 12 W
2025-10-24T20:42:09.290959+00:00,26.673451166666666,-81.80518883333333,2e:70:4e:d0:86:c3,-78,5765,154,Bermuda,pole 12 W
2025-10-24T20:42:09.290959+00:00,26.673451166666666,-81.80518883333333,28:70:4e:d2:92:ab,-78,5745,150,Bermuda Guest WIFI,pole 12 N
2025-10-24T20:42:09.290959+00:00,26.673451166666666,-81.80518883333333,2e:70:4e:d2:92:ab,-78,5745,150,Bermuda,pole 12 N
2025-10-24T20:42:09.290959+00:00,26.673451166666666,-81.80518883333333,22:6a:1b:63:f6:f2,-80,5240,49,Bermuda,Outside SE
2025-10-24T20:42:09.290959+00:00,26.673451166666666,-81.80518883333333,28:70:4e:d0:88:f9,-82,2412,1,Bermuda 2G,pole 11
2025-10-24T20:42:09.290959+00:00,26.673451166666666,-81.80518883333333,9c:05:d6:d6:11:ff,-85,5805,162,Bermuda Guest WIFI,inside3
2025-10-24T20:42:09.290959+00:00,26.673451166666666,-81.80518883333333,9e:05:d6:96:11:ff,-87,5805,162,Bermuda,inside3
2025-10-24T20:42:09.290959+00:00,26.673488333333335,-81.805168,28:70:4e:dd:d0:4a,-51,5240,49,Bermuda Guest WIFI,pole 13 SW
2025-10-24T20:42:09.290959+00:00,26.673488333333335,-81.805168,2e:70:4e:dd:d0:4a,-52,5240,49,Bermuda,pole 13 SW
2025-10-24T20:42:09.290959+00:00,26.673488333333335,-81.805168,2e:70:4e:d0:87:50,-53,5745,150,Bermuda,pole 13 E
2025-10-24T20:42:09.290959+00:00,26.673488333333335,-81.805168,2a:38:5c:02:2d:2d,-53,5745,150,PROJ022d2d,Unknown
2025-10-24T20:42:09.290959+00:00,26.673488333333335,-81.805168,28:70:4e:d0:87:50,-53,5745,150,Bermuda Guest WIFI,pole 13 E
2025-10-24T20:42:09.290959+00:00,26.673488333333335,-81.805168,2e:70:4e:dd:d0:49,-57,2437,6,Bermuda Guest WIFI 2G,pole 13 SW
2025-10-24T20:42:09.290959+00:00,26.673488333333335,-81.805168,28:70:4e:dd:d0:49,-58,2437,6,Bermuda 2G,pole 13 SW
2025-10-24T20:42:09.290959+00:00,26.673488333333335,-81.805168,28:70:4e:d0:87:4f,-76,2462,11,Bermuda 2G,pole 13 E
2025-10-24T20:42:09.290959+00:00,26.673488333333335,-81.805168,1c:6a:1b:63:f6:f2,-77,5240,49,Bermuda Guest WIFI,Outside SE
2025-10-24T20:42:09.290959+00:00,26.673488333333335,-81.805168,28:70:4e:d0:86:c3,-78,5765,154,Bermuda Guest WIFI,pole 12 W
2025-10-24T20:42:09.290959+00:00,26.673488333333335,-81.805168,2e:70:4e:d0:86:c3,-78,5765,154,Bermuda,pole 12 W
2025-10-24T20:42:09.290959+00:00,26.673488333333335,-81.805168,28:70:4e:d2:92:ab,-78,5745,150,Bermuda Guest WIFI,pole 12 N
2025-10-24T20:42:09.290959+00:00,26.673488333333335,-81.805168,2e:70:4e:d2:92:ab,-78,5745,150,Bermuda,pole 12 N
2025-10-24T20:42:09.290959+00:00,26.673488333333335,-81.805168,9c:05:d6:d6:11:ff,-85,5805,162,Bermuda Guest WIFI,inside3
2025-10-24T20:42:09.290959+00:00,26.673488333333335,-81.805168,84:1f:e8:ff:29:e9,-85,2412,1,ShellyPlusRGBWPM-841FE8FF29E8,Unknown
2025-10-24T20:42:09.290959+00:00,26.673488333333335,-81.805168,9e:05:d6:96:11:ff,-87,5805,162,Bermuda,inside3
2025-10-24T20:43:15.500725+00:00,26.67343,-81.805221,28:70:4e:dd:d0:4a,-41,5240,49,Bermuda Guest WIFI,pole 13 SW
2025-10-24T20:43:15.500725+00:00,26.67343,-81.805221,2e:70:4e:dd:d0:4a,-42,5240,49,Bermuda,pole 13 SW
2025-10-24T20:43:15.500725+00:00,26.67343,-81.805221,2a:38:5c:02:2d:2d,-54,5745,150,PROJ022d2d,Unknown
2025-10-24T20:43:15.500725+00:00,26.67343,-81.805221,2e:70:4e:d0:87:50,-60,5745,150,Bermuda,pole 13 E
2025-10-24T20:43:15.500725+00:00,26.67343,-81.805221,28:70:4e:d0:87:50,-60,5745,150,Bermuda Guest WIFI,pole 13 E
2025-10-24T20:43:15.500725+00:00,26.67343,-81.805221,28:70:4e:dd:d0:49,-61,2437,6,Bermuda 2G,pole 13 SW
2025-10-24T20:43:15.500725+00:00,26.67343,-81.805221,2e:70:4e:dd:d0:49,-62,2437,6,Bermuda Guest WIFI 2G,pole 13 SW
2025-10-24T20:43:15.500725+00:00,26.67343,-81.805221,28:70:4e:d0:87:4f,-72,2462,11,Bermuda 2G,pole 13 E
2025-10-24T20:43:15.500725+00:00,26.67343,-81.805221,2e:70:4e:d0:88:f9,-81,2412,1,Bermuda Guest WIFI 2G,pole 11
2025-10-24T20:43:15.500725+00:00,26.67343,-81.805221,9c:05:d6:d6:11:ff,-87,5805,162,Bermuda Guest WIFI,inside3
2025-10-24T20:43:15.500725+00:00,26.67343,-81.805221,9e:05:d6:96:11:ff,-88,5805,162,Bermuda,inside3
2025-10-24T20:43:15.500725+00:00,26.673448666666665,-81.80519283333334,28:70:4e:dd:d0:4a,-48,5240,49,Bermuda Guest WIFI,pole 13 SW
2025-10-24T20:43:15.500725+00:00,26.673448666666665,-81.80519283333334,2e:70:4e:dd:d0:4a,-48,5240,49,Bermuda,pole 13 SW
2025-10-24T20:43:15.500725+00:00,26.673448666666665,-81.80519283333334,28:70:4e:dd:d0:49,-51,2437,6,Bermuda 2G,pole 13 SW
2025-10-24T20:43:15.500725+00:00,26.673448666666665,-81.80519283333334,2e:70:4e:d0:87:50,-54,5745,150,Bermuda,pole 13 E
2025-10-24T20:43:15.500725+00:00,26.673448666666665,-81.80519283333334,2e:70:4e:dd:d0:49,-54,2437,6,Bermuda Guest WIFI 2G,pole 13 SW
2025-10-24T20:43:15.500725+00:00,26.673448666666665,-81.80519283333334,2a:38:5c:02:2d:2d,-58,5745,150,PROJ022d2d,Unknown
2025-10-24T20:43:15.500725+00:00,26.673448666666665,-81.80519283333334,28:70:4e:d0:87:50,-60,5745,150,Bermuda Guest WIFI,pole 13 E
2025-10-24T20:43:15.500725+00:00,26.673448666666665,-81.80519283333334,28:70:4e:d0:87:4f,-71,2462,11,Bermuda 2G,pole 13 E
2025-10-24T20:43:15.500725+00:00,26.673448666666665,-81.80519283333334,2e:70:4e:d0:88:f9,-81,2412,1,Bermuda Guest WIFI 2G,pole 11
2025-10-24T20:43:15.500725+00:00,26.673448666666665,-81.80519283333334,28:70:4e:d0:86:c3,-84,5765,154,Bermuda Guest WIFI,pole 12 W
2025-10-24T20:43:15.500725+00:00,26.673448666666665,-81.80519283333334,9c:05:d6:d6:11:ff,-87,5805,162,Bermuda Guest WIFI,inside3
2025-10-24T20:43:15.500725+00:00,26.673448666666665,-81.80519283333334,9e:05:d6:96:11:ff,-88,5805,162,Bermuda,inside3
2025-10-24T20:43:15.500725+00:00,26.67344883333333,-81.80520633333333,28:70:4e:dd:d0:4a,-49,5240,49,Bermuda Guest WIFI,pole 13 SW
2025-10-24T20:43:15.500725+00:00,26.67344883333333,-81.80520633333333,2e:70:4e:dd:d0:4a,-49,5240,49,Bermuda,pole 13 SW
2025-10-24T20:43:15.500725+00:00,26.67344883333333,-81.80520633333333,2e:70:4e:dd:d0:49,-54,2437,6,Bermuda Guest WIFI 2G,pole 13 SW
2025-10-24T20:43:15.500725+00:00,26.67344883333333,-81.80520633333333,2a:38:5c:02:2d:2d,-58,5745,150,PROJ022d2d,Unknown
2025-10-24T20:43:15.500725+00:00,26.67344883333333,-81.80520633333333,2e:70:4e:d0:87:50,-59,5745,150,Bermuda,pole 13 E
2025-10-24T20:43:15.500725+00:00,26.67344883333333,-81.80520633333333,28:70:4e:d0:87:50,-59,5745,150,Bermuda Guest WIFI,pole 13 E
2025-10-24T20:43:15.500725+00:00,26.67344883333333,-81.80520633333333,28:70:4e:dd:d0:49,-67,2437,6,Bermuda 2G,pole 13 SW
2025-10-24T20:43:15.500725+00:00,26.67344883333333,-81.80520633333333,28:70:4e:d0:87:4f,-70,2462,11,Bermuda 2G,pole 13 E
2025-10-24T20:43:15.500725+00:00,26.67344883333333,-81.80520633333333,2e:70:4e:d0:88:f9,-81,2412,1,Bermuda Guest WIFI 2G,pole 11
2025-10-24T20:43:15.500725+00:00,26.67344883333333,-81.80520633333333,28:70:4e:d0:86:c3,-84,5765,154,Bermuda Guest WIFI,pole 12 W
2025-10-24T20:43:15.500725+00:00,26.67344883333333,-81.80520633333333,2e:70:4e:d2:92:ab,-84,5745,150,Bermuda,pole 12 N
2025-10-24T20:43:15.500725+00:00,26.67344883333333,-81.80520633333333,9c:05:d6:d6:11:ff,-85,5805,162,Bermuda Guest WIFI,inside3
2025-10-24T20:43:15.500725+00:00,26.67344883333333,-81.80520633333333,9e:05:d6:96:11:ff,-85,5805,162,Bermuda,inside3
2025-10-24T20:43:15.500725+00:00,26.6734685,-81.80514983333333,28:70:4e:dd:d0:4a,-52,5240,49,Bermuda Guest WIFI,pole 13 SW
2025-10-24T20:43:15.500725+00:00,26.6734685,-81.80514983333333,2e:70:4e:dd:d0:4a,-52,5240,49,Bermuda,pole 13 SW
2025-10-24T20:43:15.500725+00:00,26.6734685,-81.80514983333333,2e:70:4e:d0:87:50,-53,5745,150,Bermuda,pole 13 E
2025-10-24T20:43:15.500725+00:00,26.6734685,-81.80514983333333,28:70:4e:d0:87:50,-53,5745,150,Bermuda Guest WIFI,pole 13 E
2025-10-24T20:43:15.500725+00:00,26.6734685,-81.80514983333333,28:70:4e:dd:d0:49,-56,2437,6,Bermuda 2G,pole 13 SW
2025-10-24T20:43:15.500725+00:00,26.6734685,-81.80514983333333,2a:38:5c:02:2d:2d,-56,5745,150,PROJ022d2d,Unknown
2025-10-24T20:43:15.500725+00:00,26.6734685,-81.80514983333333,2e:70:4e:dd:d0:49,-57,2437,6,Bermuda Guest WIFI 2G,pole 13 SW
2025-10-24T20:43:15.500725+00:00,26.6734685,-81.80514983333333,28:70:4e:d0:88:fa,-64,5765,154,Bermuda Guest WIFI,pole 11
2025-10-24T20:43:15.500725+00:00,26.6734685,-81.80514983333333,2e:70:4e:d0:88:fa,-64,5765,154,Bermuda,pole 11
2025-10-24T20:43:15.500725+00:00,26.6734685,-81.80514983333333,2e:70:4e:d0:87:4f,-66,2462,11,Bermuda Guest WIFI 2G,pole 13 E
2025-10-24T20:43:15.500725+00:00,26.6734685,-81.80514983333333,28:70:4e:d0:87:4f,-72,2462,11,Bermuda 2G,pole 13 E
2025-10-24T20:43:15.500725+00:00,26.6734685,-81.80514983333333,2e:70:4e:d0:88:f9,-81,2412,1,Bermuda Guest WIFI 2G,pole 11
2025-10-24T20:43:15.500725+00:00,26.6734685,-81.80514983333333,6a:4e:05:22:b2:a8,-82,2412,1,venus-HQ2519UPV7N-e3f,Unknown
2025-10-24T20:43:15.500725+00:00,26.6734685,-81.80514983333333,28:70:4e:d0:86:c3,-84,5765,154,Bermuda Guest WIFI,pole 12 W
2025-10-24T20:43:15.500725+00:00,26.6734685,-81.80514983333333,2e:70:4e:d2:92:ab,-84,5745,150,Bermuda,pole 12 N
2025-10-24T20:43:15.500725+00:00,26.6734685,-81.80514983333333,9c:05:d6:d6:11:ff,-85,5805,162,Bermuda Guest WIFI,inside3
2025-10-24T20:43:15.500725+00:00,26.6734685,-81.80514983333333,9e:05:d6:96:11:ff,-85,5805,162,Bermuda,inside3
2025-10-24T20:44:20.414515+00:00,26.673478666666668,-81.80519216666667,2a:38:5c:02:2d:2d,-56,5745,150,PROJ022d2d,Unknown
2025-10-24T20:44:20.414515+00:00,26.673478666666668,-81.80519216666667,2e:70:4e:d0:87:50,-57,5745,150,Bermuda,pole 13 E
2025-10-24T20:44:20.414515+00:00,26.673478666666668,-81.80519216666667,28:70:4e:d0:87:50,-57,5745,150,Bermuda Guest WIFI,pole 13 E
2025-10-24T20:44:20.414515+00:00,26.673478666666668,-81.80519216666667,2e:70:4e:d0:87:4f,-67,2462,11,Bermuda Guest WIFI 2G,pole 13 E
2025-10-24T20:44:20.414515+00:00,26.673478666666668,-81.80519216666667,28:70:4e:d0:87:4f,-68,2462,11,Bermuda 2G,pole 13 E
2025-10-24T20:44:20.414515+00:00,26.673478666666668,-81.80519216666667,28:70:4e:dd:d0:49,-69,2437,6,Bermuda 2G,pole 13 SW
2025-10-24T20:44:20.414515+00:00,26.673478666666668,-81.80519216666667,2e:70:4e:dd:d0:49,-69,2437,6,Bermuda Guest WIFI 2G,pole 13 SW
2025-10-24T20:44:20.414515+00:00,26.673478666666668,-81.80519216666667,28:70:4e:d0:89:0c,-78,5220,45,Bermuda Guest WIFI,pole 10
2025-10-24T20:44:20.414515+00:00,26.673478666666668,-81.80519216666667,2e:70:4e:d0:89:0c,-78,5220,45,Bermuda,pole 10
2025-10-24T20:44:20.414515+00:00,26.673478666666668,-81.80519216666667,28:70:4e:d0:86:c3,-82,5765,154,Bermuda Guest WIFI,pole 12 W
2025-10-24T20:44:20.414515+00:00,26.673478666666668,-81.80519216666667,2e:70:4e:d0:86:c3,-82,5765,154,Bermuda,pole 12 W
2025-10-24T20:44:20.414515+00:00,26.673423666666668,-81.8051285,28:70:4e:dd:d0:4a,-48,5240,49,Bermuda Guest WIFI,pole 13 SW
2025-10-24T20:44:20.414515+00:00,26.673423666666668,-81.8051285,2e:70:4e:dd:d0:4a,-48,5240,49,Bermuda,pole 13 SW
2025-10-24T20:44:20.414515+00:00,26.673423666666668,-81.8051285,28:70:4e:dd:d0:49,-55,2437,6,Bermuda 2G,pole 13 SW
2025-10-24T20:44:20.414515+00:00,26.673423666666668,-81.8051285,2e:70:4e:dd:d0:49,-56,2437,6,Bermuda Guest WIFI 2G,pole 13 SW
2025-10-24T20:44:20.414515+00:00,26.673423666666668,-81.8051285,2e:70:4e:d0:87:50,-57,5745,150,Bermuda,pole 13 E
2025-10-24T20:44:20.414515+00:00,26.673423666666668,-81.8051285,2a:38:5c:02:2d:2d,-57,5745,150,PROJ022d2d,Unknown
2025-10-24T20:44:20.414515+00:00,26.673423666666668,-81.8051285,28:70:4e:d0:87:50,-57,5745,150,Bermuda Guest WIFI,pole 13 E
2025-10-24T20:44:20.414515+00:00,26.673423666666668,-81.8051285,28:70:4e:d0:87:4f,-65,2462,11,Bermuda 2G,pole 13 E
2025-10-24T20:44:20.414515+00:00,26.673423666666668,-81.8051285,2e:70:4e:d0:87:4f,-67,2462,11,Bermuda Guest WIFI 2G,pole 13 E
2025-10-24T20:44:20.414515+00:00,26.673423666666668,-81.8051285,28:70:4e:d0:88:fa,-69,5765,154,Bermuda Guest WIFI,pole 11
2025-10-24T20:44:20.414515+00:00,26.673423666666668,-81.8051285,2e:70:4e:d0:88:fa,-69,5765,154,Bermuda,pole 11
2025-10-24T20:44:20.414515+00:00,26.673423666666668,-81.8051285,28:70:4e:d0:89:0c,-78,5220,45,Bermuda Guest WIFI,pole 10
2025-10-24T20:44:20.414515+00:00,26.673423666666668,-81.8051285,2e:70:4e:d0:89:0c,-78,5220,45,Bermuda,pole 10
2025-10-24T20:44:20.414515+00:00,26.673423666666668,-81.8051285,28:70:4e:d0:86:c3,-82,5765,154,Bermuda Guest WIFI,pole 12 W
2025-10-24T20:44:20.414515+00:00,26.673423666666668,-81.8051285,2e:70:4e:d0:86:c3,-82,5765,154,Bermuda,pole 12 W
2025-10-24T20:44:20.414515+00:00,26.673423666666668,-81.8051285,28:70:4e:d0:88:22,-84,5765,154,Bermuda Guest WIFI,pole 14
2025-10-24T20:44:20.414515+00:00,26.673423666666668,-81.8051285,2e:70:4e:d0:88:22,-85,5765,154,Bermuda,pole 14
2025-10-24T20:44:20.414515+00:00,26.6734505,-81.805181,28:70:4e:dd:d0:4a,-48,5240,49,Bermuda Guest WIFI,pole 13 SW
2025-10-24T20:44:20.414515+00:00,26.6734505,-81.805181,2e:70:4e:dd:d0:4a,-48,5240,49,Bermuda,pole 13 SW
2025-10-24T20:44:20.414515+00:00,26.6734505,-81.805181,2e:70:4e:d0:87:50,-56,5745,150,Bermuda,pole 13 E
2025-10-24T20:44:20.414515+00:00,26.6734505,-81.805181,28:70:4e:d0:87:50,-56,5745,150,Bermuda Guest WIFI,pole 13 E
2025-10-24T20:44:20.414515+00:00,26.6734505,-81.805181,2e:70:4e:dd:d0:49,-59,2437,6,Bermuda Guest WIFI 2G,pole 13 SW
2025-10-24T20:44:20.414515+00:00,26.6734505,-81.805181,28:70:4e:dd:d0:49,-60,2437,6,Bermuda 2G,pole 13 SW
2025-10-24T20:44:20.414515+00:00,26.6734505,-81.805181,2a:38:5c:02:2d:2d,-62,5745,150,PROJ022d2d,Unknown
2025-10-24T20:44:20.414515+00:00,26.6734505,-81.805181,28:70:4e:d0:87:4f,-65,2462,11,Bermuda 2G,pole 13 E
2025-10-24T20:44:20.414515+00:00,26.6734505,-81.805181,2e:70:4e:d0:87:4f,-67,2462,11,Bermuda Guest WIFI 2G,pole 13 E
2025-10-24T20:44:20.414515+00:00,26.6734505,-81.805181,28:70:4e:d0:88:fa,-69,5765,154,Bermuda Guest WIFI,pole 11
2025-10-24T20:44:20.414515+00:00,26.6734505,-81.805181,2e:70:4e:d0:88:fa,-69,5765,154,Bermuda,pole 11
2025-10-24T20:44:20.414515+00:00,26.6734505,-81.805181,28:70:4e:d0:89:0c,-76,5220,45,Bermuda Guest WIFI,pole 10
2025-10-24T20:44:20.414515+00:00,26.6734505,-81.805181,2e:70:4e:d0:89:0c,-76,5220,45,Bermuda,pole 10
2025-10-24T20:44:20.414515+00:00,26.6734505,-81.805181,28:70:4e:d0:86:c3,-82,5765,154,Bermuda Guest WIFI,pole 12 W
2025-10-24T20:44:20.414515+00:00,26.6734505,-81.805181,2e:70:4e:d0:86:c3,-82,5765,154,Bermuda,pole 12 W
2025-10-24T20:44:20.414515+00:00,26.6734505,-81.805181,28:70:4e:d0:88:22,-84,5765,154,Bermuda Guest WIFI,pole 14
2025-10-24T20:44:20.414515+00:00,26.6734505,-81.805181,2e:70:4e:d0:88:22,-85,5765,154,Bermuda,pole 14
2025-10-24T20:44:20.414515+00:00,26.6734515,-81.80519083333333,2e:70:4e:dd:d0:4a,-45,5240,49,Bermuda,pole 13 SW
2025-10-24T20:44:20.414515+00:00,26.6734515,-81.80519083333333,28:70:4e:dd:d0:4a,-46,5240,49,Bermuda Guest WIFI,pole 13 SW
2025-10-24T20:44:20.414515+00:00,26.6734515,-81.80519083333333,2e:70:4e:d0:87:50,-54,5745,150,Bermuda,pole 13 E
2025-10-24T20:44:20.414515+00:00,26.6734515,-81.80519083333333,28:70:4e:d0:87:50,-54,5745,150,Bermuda Guest WIFI,pole 13 E
2025-10-24T20:44:20.414515+00:00,26.6734515,-81.80519083333333,2e:70:4e:dd:d0:49,-56,2437,6,Bermuda Guest WIFI 2G,pole 13 SW
2025-10-24T20:44:20.414515+00:00,26.6734515,-81.80519083333333,28:70:4e:dd:d0:49,-57,2437,6,Bermuda 2G,pole 13 SW
2025-10-24T20:44:20.414515+00:00,26.6734515,-81.80519083333333,2a:38:5c:02:2d:2d,-61,5745,150,PROJ022d2d,Unknown
2025-10-24T20:44:20.414515+00:00,26.6734515,-81.80519083333333,2e:70:4e:d0:87:4f,-66,2462,11,Bermuda Guest WIFI 2G,pole 13 E
2025-10-24T20:44:20.414515+00:00,26.6734515,-81.80519083333333,28:70:4e:d0:87:4f,-67,2462,11,Bermuda 2G,pole 13 E
2025-10-24T20:44:20.414515+00:00,26.6734515,-81.80519083333333,28:70:4e:d0:88:fa,-69,5765,154,Bermuda Guest WIFI,pole 11
2025-10-24T20:44:20.414515+00:00,26.6734515,-81.80519083333333,2e:70:4e:d0:88:fa,-69,5765,154,Bermuda,pole 11
2025-10-24T20:44:20.414515+00:00,26.6734515,-81.80519083333333,28:70:4e:d0:89:0c,-76,5220,45,Bermuda Guest WIFI,pole 10
2025-10-24T20:44:20.414515+00:00,26.6734515,-81.80519083333333,2e:70:4e:d0:89:0c,-76,5220,45,Bermuda,pole 10
2025-10-24T20:44:20.414515+00:00,26.6734515,-81.80519083333333,28:70:4e:d0:86:c3,-82,5765,154,Bermuda Guest WIFI,pole 12 W
2025-10-24T20:44:20.414515+00:00,26.6734515,-81.80519083333333,2e:70:4e:d0:86:c3,-82,5765,154,Bermuda,pole 12 W
2025-10-24T20:44:20.414515+00:00,26.6734515,-81.80519083333333,28:70:4e:d0:88:22,-84,5765,154,Bermuda Guest WIFI,pole 14
2025-10-24T20:44:20.414515+00:00,26.6734515,-81.80519083333333,2e:70:4e:d0:88:22,-85,5765,154,Bermuda,pole 14
2025-10-24T20:45:24.733239+00:00,26.673433166666666,-81.80527533333333,28:70:4e:dd:d0:4a,-43,5240,49,Bermuda Guest WIFI,pole 13 SW
2025-10-24T20:45:24.733239+00:00,26.673433166666666,-81.80527533333333,2e:70:4e:dd:d0:4a,-43,5240,49,Bermuda,pole 13 SW
2025-10-24T20:45:24.733239+00:00,26.673433166666666,-81.80527533333333,2e:70:4e:d0:87:50,-53,5745,150,Bermuda,pole 13 E
2025-10-24T20:45:24.733239+00:00,26.673433166666666,-81.80527533333333,2a:38:5c:02:2d:2d,-53,5745,150,PROJ022d2d,Unknown
2025-10-24T20:45:24.733239+00:00,26.673433166666666,-81.80527533333333,28:70:4e:d0:87:50,-53,5745,150,Bermuda Guest WIFI,pole 13 E
2025-10-24T20:45:24.733239+00:00,26.673433166666666,-81.80527533333333,28:70:4e:dd:d0:49,-59,2437,6,Bermuda 2G,pole 13 SW
2025-10-24T20:45:24.733239+00:00,26.673433166666666,-81.80527533333333,2e:70:4e:dd:d0:49,-60,2437,6,Bermuda Guest WIFI 2G,pole 13 SW
2025-10-24T20:45:24.733239+00:00,26.673433166666666,-81.80527533333333,1c:6a:1b:63:f6:f2,-77,5240,49,Bermuda Guest WIFI,Outside SE
2025-10-24T20:45:24.733239+00:00,26.673433166666666,-81.80527533333333,22:6a:1b:63:f6:f2,-77,5240,49,Bermuda,Outside SE
2025-10-24T20:45:24.733239+00:00,26.673433166666666,-81.80527533333333,28:70:4e:d0:86:c3,-86,5765,154,Bermuda Guest WIFI,pole 12 W
2025-10-24T20:45:24.733239+00:00,26.673433166666666,-81.80527533333333,2e:70:4e:d0:86:c3,-86,5765,154,Bermuda,pole 12 W
2025-10-24T20:45:24.733239+00:00,26.673435,-81.8052635,28:70:4e:dd:d0:4a,-49,5240,49,Bermuda Guest WIFI,pole 13 SW
2025-10-24T20:45:24.733239+00:00,26.673435,-81.8052635,2e:70:4e:dd:d0:4a,-49,5240,49,Bermuda,pole 13 SW
2025-10-24T20:45:24.733239+00:00,26.673435,-81.8052635,2e:70:4e:dd:d0:49,-53,2437,6,Bermuda Guest WIFI 2G,pole 13 SW
2025-10-24T20:45:24.733239+00:00,26.673435,-81.8052635,2e:70:4e:d0:87:50,-54,5745,150,Bermuda,pole 13 E
2025-10-24T20:45:24.733239+00:00,26.673435,-81.8052635,28:70:4e:dd:d0:49,-54,2437,6,Bermuda 2G,pole 13 SW
2025-10-24T20:45:24.733239+00:00,26.673435,-81.8052635,28:70:4e:d0:87:50,-54,5745,150,Bermuda Guest WIFI,pole 13 E
2025-10-24T20:45:24.733239+00:00,26.673435,-81.8052635,2a:38:5c:02:2d:2d,-62,5745,150,PROJ022d2d,Unknown
2025-10-24T20:45:24.733239+00:00,26.673435,-81.8052635,2e:70:4e:d0:87:4f,-66,2462,11,Bermuda Guest WIFI 2G,pole 13 E
2025-10-24T20:45:24.733239+00:00,26.673435,-81.8052635,28:70:4e:d0:88:fa,-66,5765,154,Bermuda Guest WIFI,pole 11
2025-10-24T20:45:24.733239+00:00,26.673435,-81.8052635,2e:70:4e:d0:88:fa,-66,5765,154,Bermuda,pole 11
2025-10-24T20:45:24.733239+00:00,26.673435,-81.8052635,1c:6a:1b:63:f6:f2,-77,5240,49,Bermuda Guest WIFI,Outside SE
2025-10-24T20:45:24.733239+00:00,26.673435,-81.8052635,22:6a:1b:63:f6:f2,-77,5240,49,Bermuda,Outside SE
2025-10-24T20:45:24.733239+00:00,26.673435,-81.8052635,28:70:4e:d0:89:0c,-79,5220,45,Bermuda Guest WIFI,pole 10
2025-10-24T20:45:24.733239+00:00,26.673435,-81.8052635,2e:70:4e:d0:89:0c,-79,5220,45,Bermuda,pole 10
2025-10-24T20:45:24.733239+00:00,26.673435,-81.8052635,28:70:4e:d0:86:c3,-85,5765,154,Bermuda Guest WIFI,pole 12 W
2025-10-24T20:45:24.733239+00:00,26.673435,-81.8052635,2e:70:4e:d0:86:c3,-85,5765,154,Bermuda,pole 12 W
2025-10-24T20:45:24.733239+00:00,26.673411333333334,-81.80526016666667,28:70:4e:dd:d0:4a,-43,5240,49,Bermuda Guest WIFI,pole 13 SW
2025-10-24T20:45:24.733239+00:00,26.673411333333334,-81.80526016666667,2e:70:4e:dd:d0:4a,-43,5240,49,Bermuda,pole 13 SW
2025-10-24T20:45:24.733239+00:00,26.673411333333334,-81.80526016666667,2e:70:4e:dd:d0:49,-53,2437,6,Bermuda Guest WIFI 2G,pole 13 SW
2025-10-24T20:45:24.733239+00:00,26.673411333333334,-81.80526016666667,2a:38:5c:02:2d:2d,-53,5745,150,PROJ022d2d,Unknown
2025-10-24T20:45:24.733239+00:00,26.673411333333334,-81.80526016666667,2e:70:4e:d0:87:50,-57,5745,150,Bermuda,pole 13 E
2025-10-24T20:45:24.733239+00:00,26.673411333333334,-81.80526016666667,28:70:4e:d0:87:50,-57,5745,150,Bermuda Guest WIFI,pole 13 E
2025-10-24T20:45:24.733239+00:00,26.673411333333334,-81.80526016666667,28:70:4e:dd:d0:49,-63,2437,6,Bermuda 2G,pole 13 SW
2025-10-24T20:45:24.733239+00:00,26.673411333333334,-81.80526016666667,28:70:4e:d0:88:fa,-66,5765,154,Bermuda Guest WIFI,pole 11
2025-10-24T20:45:24.733239+00:00,26.673411333333334,-81.80526016666667,2e:70:4e:d0:88:fa,-66,5765,154,Bermuda,pole 11
2025-10-24T20:45:24.733239+00:00,26.673411333333334,-81.80526016666667,2e:70:4e:d0:87:4f,-68,2462,11,Bermuda Guest WIFI 2G,pole 13 E
2025-10-24T20:45:24.733239+00:00,26.673411333333334,-81.80526016666667,1c:6a:1b:63:f6:f6,-74,5240,49,Bermuda Guest WIFI,Outside SW
2025-10-24T20:45:24.733239+00:00,26.673411333333334,-81.80526016666667,22:6a:1b:63:f6:f6,-74,5240,49,Bermuda,Outside SW
2025-10-24T20:45:24.733239+00:00,26.673411333333334,-81.80526016666667,1c:6a:1b:63:f6:f2,-77,5240,49,Bermuda Guest WIFI,Outside SE
2025-10-24T20:45:24.733239+00:00,26.673411333333334,-81.80526016666667,22:6a:1b:63:f6:f2,-77,5240,49,Bermuda,Outside SE
2025-10-24T20:45:24.733239+00:00,26.673411333333334,-81.80526016666667,28:70:4e:d0:89:0c,-79,5220,45,Bermuda Guest WIFI,pole 10
2025-10-24T20:45:24.733239+00:00,26.673411333333334,-81.80526016666667,2e:70:4e:d0:89:0c,-79,5220,45,Bermuda,pole 10
2025-10-24T20:45:24.733239+00:00,26.673411333333334,-81.80526016666667,28:70:4e:d0:86:c3,-85,5765,154,Bermuda Guest WIFI,pole 12 W
2025-10-24T20:45:24.733239+00:00,26.673411333333334,-81.80526016666667,2e:70:4e:d0:86:c3,-85,5765,154,Bermuda,pole 12 W
2025-10-24T20:45:24.733239+00:00,26.673411333333334,-81.80526016666667,9e:05:d6:96:11:ff,-86,5805,162,Bermuda,inside3
2025-10-24T20:45:24.733239+00:00,26.673411333333334,-81.80526016666667,9c:05:d6:d6:11:ff,-87,5805,162,Bermuda Guest WIFI,inside3
2025-10-24T20:45:24.733239+00:00,26.673426666666668,-81.80521083333333,28:70:4e:dd:d0:4a,-50,5240,49,Bermuda Guest WIFI,pole 13 SW
2025-10-24T20:45:24.733239+00:00,26.673426666666668,-81.80521083333333,2e:70:4e:dd:d0:4a,-50,5240,49,Bermuda,pole 13 SW
2025-10-24T20:45:24.733239+00:00,26.673426666666668,-81.80521083333333,28:70:4e:dd:d0:49,-55,2437,6,Bermuda 2G,pole 13 SW
2025-10-24T20:45:24.733239+00:00,26.673426666666668,-81.80521083333333,2e:70:4e:d0:87:50,-56,5745,150,Bermuda,pole 13 E
2025-10-24T20:45:24.733239+00:00,26.673426666666668,-81.80521083333333,2e:70:4e:dd:d0:49,-56,2437,6,Bermuda Guest WIFI 2G,pole 13 SW
2025-10-24T20:45:24.733239+00:00,26.673426666666668,-81.80521083333333,28:70:4e:d0:87:50,-56,5745,150,Bermuda Guest WIFI,pole 13 E
2025-10-24T20:45:24.733239+00:00,26.673426666666668,-81.80521083333333,2a:38:5c:02:2d:2d,-60,5745,150,PROJ022d2d,Unknown
2025-10-24T20:45:24.733239+00:00,26.673426666666668,-81.80521083333333,28:70:4e:d0:88:fa,-65,5765,154,Bermuda Guest WIFI,pole 11
2025-10-24T20:45:24.733239+00:00,26.673426666666668,-81.80521083333333,2e:70:4e:d0:88:fa,-65,5765,154,Bermuda,pole 11
2025-10-24T20:45:24.733239+00:00,26.673426666666668,-81.80521083333333,2e:70:4e:d0:87:4f,-68,2462,11,Bermuda Guest WIFI 2G,pole 13 E
2025-10-24T20:45:24.733239+00:00,26.673426666666668,-81.80521083333333,1c:6a:1b:63:f6:f6,-74,5240,49,Bermuda Guest WIFI,Outside SW
2025-10-24T20:45:24.733239+00:00,26.673426666666668,-81.80521083333333,22:6a:1b:63:f6:f6,-74,5240,49,Bermuda,Outside SW
2025-10-24T20:45:24.733239+00:00,26.673426666666668,-81.80521083333333,1c:6a:1b:63:f6:f2,-77,5240,49,Bermuda Guest WIFI,Outside SE
2025-10-24T20:45:24.733239+00:00,26.673426666666668,-81.80521083333333,22:6a:1b:63:f6:f2,-77,5240,49,Bermuda,Outside SE
2025-10-24T20:45:24.733239+00:00,26.673426666666668,-81.80521083333333,28:70:4e:d0:89:0c,-79,5220,45,Bermuda Guest WIFI,pole 10
2025-10-24T20:45:24.733239+00:00,26.673426666666668,-81.80521083333333,2e:70:4e:d0:89:0c,-79,5220,45,Bermuda,pole 10
2025-10-24T20:45:24.733239+00:00,26.673426666666668,-81.80521083333333,28:70:4e:d2:92:ab,-81,5745,150,Bermuda Guest WIFI,pole 12 N
2025-10-24T20:45:24.733239+00:00,26.673426666666668,-81.80521083333333,2e:70:4e:d2:92:ab,-81,5745,150,Bermuda,pole 12 N
2025-10-24T20:45:24.733239+00:00,26.673426666666668,-81.80521083333333,28:70:4e:d0:86:c3,-85,5765,154,Bermuda Guest WIFI,pole 12 W
2025-10-24T20:45:24.733239+00:00,26.673426666666668,-81.80521083333333,2e:70:4e:d0:86:c3,-85,5765,154,Bermuda,pole 12 W
2025-10-24T20:45:24.733239+00:00,26.673426666666668,-81.80521083333333,9e:05:d6:96:11:ff,-86,5805,162,Bermuda,inside3
2025-10-24T20:45:24.733239+00:00,26.673426666666668,-81.80521083333333,9c:05:d6:d6:11:ff,-87,5805,162,Bermuda Guest WIFI,inside3
2025-10-24T20:46:29.422388+00:00,26.673427,-81.80517983333333,28:70:4e:dd:d0:4a,-48,5240,49,Bermuda Guest WIFI,pole 13 SW
2025-10-24T20:46:29.422388+00:00,26.673427,-81.80517983333333,2e:70:4e:dd:d0:4a,-48,5240,49,Bermuda,pole 13 SW
2025-10-24T20:46:29.422388+00:00,26.673427,-81.80517983333333,2e:70:4e:d0:87:50,-56,5745,150,Bermuda,pole 13 E
2025-10-24T20:46:29.422388+00:00,26.673427,-81.80517983333333,28:70:4e:dd:d0:49,-61,2437,6,Bermuda 2G,pole 13 SW
2025-10-24T20:46:29.422388+00:00,26.673427,-81.80517983333333,2e:70:4e:dd:d0:49,-61,2437,6,Bermuda Guest WIFI 2G,pole 13 SW
2025-10-24T20:46:29.422388+00:00,26.6734355,-81.805172,28:70:4e:dd:d0:4a,-50,5240,49,Bermuda Guest WIFI,pole 13 SW
2025-10-24T20:46:29.422388+00:00,26.6734355,-81.805172,2e:70:4e:dd:d0:4a,-50,5240,49,Bermuda,pole 13 SW
2025-10-24T20:46:29.422388+00:00,26.6734355,-81.805172,2e:70:4e:d0:87:50,-54,5745,150,Bermuda,pole 13 E
2025-10-24T20:46:29.422388+00:00,26.6734355,-81.805172,28:70:4e:d0:87:50,-54,5745,150,Bermuda Guest WIFI,pole 13 E
2025-10-24T20:46:29.422388+00:00,26.6734355,-81.805172,28:70:4e:dd:d0:49,-58,2437,6,Bermuda 2G,pole 13 SW
2025-10-24T20:46:29.422388+00:00,26.6734355,-81.805172,2a:38:5c:02:2d:2d,-58,5745,150,PROJ022d2d,Unknown
2025-10-24T20:46:29.422388+00:00,26.6734355,-81.805172,2e:70:4e:dd:d0:49,-60,2437,6,Bermuda Guest WIFI 2G,pole 13 SW
2025-10-24T20:46:29.422388+00:00,26.6734355,-81.805172,28:70:4e:d0:87:4f,-70,2462,11,Bermuda 2G,pole 13 E
2025-10-24T20:46:29.422388+00:00,26.6734355,-81.805172,2e:70:4e:d0:87:4f,-70,2462,11,Bermuda Guest WIFI 2G,pole 13 E
2025-10-24T20:46:29.422388+00:00,26.6734355,-81.805172,28:70:4e:d0:88:fa,-70,5765,154,Bermuda Guest WIFI,pole 11
2025-10-24T20:46:29.422388+00:00,26.6734355,-81.805172,2e:70:4e:d0:88:fa,-70,5765,154,Bermuda,pole 11
2025-10-24T20:46:29.422388+00:00,26.6734355,-81.805172,28:70:4e:d2:92:ab,-81,5745,150,Bermuda Guest WIFI,pole 12 N
2025-10-24T20:46:29.422388+00:00,26.6734355,-81.805172,2e:70:4e:d2:92:ab,-82,5745,150,Bermuda,pole 12 N
2025-10-24T20:46:29.422388+00:00,26.673452833333332,-81.80519733333334,28:70:4e:dd:d0:4a,-46,5240,49,Bermuda Guest WIFI,pole 13 SW
2025-10-24T20:46:29.422388+00:00,26.673452833333332,-81.80519733333334,2e:70:4e:dd:d0:4a,-46,5240,49,Bermuda,pole 13 SW
2025-10-24T20:46:29.422388+00:00,26.673452833333332,-81.80519733333334,2e:70:4e:d0:87:50,-54,5745,150,Bermuda,pole 13 E
2025-10-24T20:46:29.422388+00:00,26.673452833333332,-81.80519733333334,28:70:4e:d0:87:50,-54,5745,150,Bermuda Guest WIFI,pole 13 E
2025-10-24T20:46:29.422388+00:00,26.673452833333332,-81.80519733333334,2a:38:5c:02:2d:2d,-59,5745,150,PROJ022d2d,Unknown
2025-10-24T20:46:29.422388+00:00,26.673452833333332,-81.80519733333334,28:70:4e:dd:d0:49,-60,2437,6,Bermuda 2G,pole 13 SW
2025-10-24T20:46:29.422388+00:00,26.673452833333332,-81.80519733333334,2e:70:4e:dd:d0:49,-60,2437,6,Bermuda Guest WIFI 2G,pole 13 SW
2025-10-24T20:46:29.422388+00:00,26.673452833333332,-81.80519733333334,2e:70:4e:d0:87:4f,-70,2462,11,Bermuda Guest WIFI 2G,pole 13 E
2025-10-24T20:46:29.422388+00:00,26.673452833333332,-81.80519733333334,28:70:4e:d0:88:fa,-70,5765,154,Bermuda Guest WIFI,pole 11
2025-10-24T20:46:29.422388+00:00,26.673452833333332,-81.80519733333334,2e:70:4e:d0:88:fa,-70,5765,154,Bermuda,pole 11
2025-10-24T20:46:29.422388+00:00,26.673452833333332,-81.80519733333334,28:70:4e:d0:87:4f,-72,2462,11,Bermuda 2G,pole 13 E
2025-10-24T20:46:29.422388+00:00,26.673452833333332,-81.80519733333334,28:70:4e:d0:89:0c,-77,5220,45,Bermuda Guest WIFI,pole 10
2025-10-24T20:46:29.422388+00:00,26.673452833333332,-81.80519733333334,2e:70:4e:d0:89:0c,-77,5220,45,Bermuda,pole 10
2025-10-24T20:46:29.422388+00:00,26.673452833333332,-81.80519733333334,28:70:4e:d2:92:ab,-84,5745,150,Bermuda Guest WIFI,pole 12 N
2025-10-24T20:46:29.422388+00:00,26.673452833333332,-81.80519733333334,2e:70:4e:d2:92:ab,-84,5745,150,Bermuda,pole 12 N
2025-10-24T20:46:29.422388+00:00,26.673461,-81.80522133333334,28:70:4e:dd:d0:4a,-46,5240,49,Bermuda Guest WIFI,pole 13 SW
2025-10-24T20:46:29.422388+00:00,26.673461,-81.80522133333334,2e:70:4e:dd:d0:4a,-46,5240,49,Bermuda,pole 13 SW
2025-10-24T20:46:29.422388+00:00,26.673461,-81.80522133333334,2e:70:4e:d0:87:50,-57,5745,150,Bermuda,pole 13 E
2025-10-24T20:46:29.422388+00:00,26.673461,-81.80522133333334,28:70:4e:d0:87:50,-57,5745,150,Bermuda Guest WIFI,pole 13 E
2025-10-24T20:46:29.422388+00:00,26.673461,-81.80522133333334,28:70:4e:dd:d0:49,-58,2437,6,Bermuda 2G,pole 13 SW
2025-10-24T20:46:29.422388+00:00,26.673461,-81.80522133333334,2e:70:4e:dd:d0:49,-59,2437,6,Bermuda Guest WIFI 2G,pole 13 SW
2025-10-24T20:46:29.422388+00:00,26.673461,-81.80522133333334,2a:38:5c:02:2d:2d,-65,5745,150,PROJ022d2d,Unknown
2025-10-24T20:46:29.422388+00:00,26.673461,-81.80522133333334,28:70:4e:d0:88:fa,-67,5765,154,Bermuda Guest WIFI,pole 11
2025-10-24T20:46:29.422388+00:00,26.673461,-81.80522133333334,2e:70:4e:d0:88:fa,-67,5765,154,Bermuda,pole 11
2025-10-24T20:46:29.422388+00:00,26.673461,-81.80522133333334,2e:70:4e:d0:87:4f,-70,2462,11,Bermuda Guest WIFI 2G,pole 13 E
2025-10-24T20:46:29.422388+00:00,26.673461,-81.80522133333334,28:70:4e:d0:87:4f,-72,2462,11,Bermuda 2G,pole 13 E
2025-10-24T20:46:29.422388+00:00,26.673461,-81.80522133333334,28:70:4e:d0:89:0c,-79,5220,45,Bermuda Guest WIFI,pole 10
2025-10-24T20:46:29.422388+00:00,26.673461,-81.80522133333334,2e:70:4e:d0:89:0c,-79,5220,45,Bermuda,pole 10
2025-10-24T20:46:29.422388+00:00,26.673461,-81.80522133333334,28:70:4e:d2:92:ab,-84,5745,150,Bermuda Guest WIFI,pole 12 N
2025-10-24T20:46:29.422388+00:00,26.673461,-81.80522133333334,2e:70:4e:d2:92:ab,-84,5745,150,Bermuda,pole 12 N
2025-10-24T20:47:36.336989+00:00,26.673439,-81.805209,2e:70:4e:d0:87:50,-54,5745,150,Bermuda,pole 13 E
2025-10-24T20:47:36.336989+00:00,26.673439,-81.805209,28:70:4e:dd:d0:4a,-54,5240,49,Bermuda Guest WIFI,pole 13 SW
2025-10-24T20:47:36.336989+00:00,26.673439,-81.805209,2e:70:4e:dd:d0:4a,-55,5240,49,Bermuda,pole 13 SW
2025-10-24T20:47:36.336989+00:00,26.673439,-81.805209,28:70:4e:d0:87:50,-57,5745,150,Bermuda Guest WIFI,pole 13 E
2025-10-24T20:47:36.336989+00:00,26.673439,-81.805209,28:70:4e:dd:d0:49,-59,2437,6,Bermuda 2G,pole 13 SW
2025-10-24T20:47:36.336989+00:00,26.673439,-81.805209,2a:38:5c:02:2d:2d,-60,5745,150,PROJ022d2d,Unknown
2025-10-24T20:47:36.336989+00:00,26.673439,-81.805209,28:70:4e:d0:87:4f,-72,2462,11,Bermuda 2G,pole 13 E
2025-10-24T20:47:36.336989+00:00,26.673439,-81.805209,1c:6a:1b:63:f6:f6,-76,5240,49,Bermuda Guest WIFI,Outside SW
2025-10-24T20:47:36.336989+00:00,26.673439,-81.805209,22:6a:1b:63:f6:f6,-77,5240,49,Bermuda,Outside SW
2025-10-24T20:47:36.336989+00:00,26.673431666666666,-81.80521716666667,28:70:4e:dd:d0:4a,-52,5240,49,Bermuda Guest WIFI,pole 13 SW
2025-10-24T20:47:36.336989+00:00,26.673431666666666,-81.80521716666667,2e:70:4e:dd:d0:4a,-52,5240,49,Bermuda,pole 13 SW
2025-10-24T20:47:36.336989+00:00,26.673431666666666,-81.80521716666667,2e:70:4e:d0:87:50,-54,5745,150,Bermuda,pole 13 E
2025-10-24T20:47:36.336989+00:00,26.673431666666666,-81.80521716666667,28:70:4e:d0:87:50,-54,5745,150,Bermuda Guest WIFI,pole 13 E
2025-10-24T20:47:36.336989+00:00,26.673431666666666,-81.80521716666667,28:70:4e:dd:d0:49,-56,2437,6,Bermuda 2G,pole 13 SW
2025-10-24T20:47:36.336989+00:00,26.673431666666666,-81.80521716666667,2e:70:4e:dd:d0:49,-57,2437,6,Bermuda Guest WIFI 2G,pole 13 SW
2025-10-24T20:47:36.336989+00:00,26.673431666666666,-81.80521716666667,2a:38:5c:02:2d:2d,-58,5745,150,PROJ022d2d,Unknown
2025-10-24T20:47:36.336989+00:00,26.673431666666666,-81.80521716666667,28:70:4e:d0:87:4f,-66,2462,11,Bermuda 2G,pole 13 E
2025-10-24T20:47:36.336989+00:00,26.673431666666666,-81.80521716666667,1c:6a:1b:63:f6:f6,-76,5240,49,Bermuda Guest WIFI,Outside SW
2025-10-24T20:47:36.336989+00:00,26.673431666666666,-81.80521716666667,22:6a:1b:63:f6:f6,-77,5240,49,Bermuda,Outside SW
2025-10-24T20:47:36.336989+00:00,26.673431666666666,-81.80521716666667,28:70:4e:d0:89:0c,-77,5220,45,Bermuda Guest WIFI,pole 10
2025-10-24T20:47:36.336989+00:00,26.673431666666666,-81.80521716666667,2e:70:4e:d0:89:0c,-77,5220,45,Bermuda,pole 10
2025-10-24T20:47:36.336989+00:00,26.673431666666666,-81.80521716666667,1c:6a:1b:63:f6:f2,-79,5240,49,Bermuda Guest WIFI,Outside SE
2025-10-24T20:47:36.336989+00:00,26.673431666666666,-81.80521716666667,22:6a:1b:63:f6:f2,-79,5240,49,Bermuda,Outside SE
2025-10-24T20:47:36.336989+00:00,26.673435166666668,-81.8052115,28:70:4e:dd:d0:4a,-47,5240,49,Bermuda Guest WIFI,pole 13 SW
2025-10-24T20:47:36.336989+00:00,26.673435166666668,-81.8052115,2e:70:4e:dd:d0:4a,-47,5240,49,Bermuda,pole 13 SW
2025-10-24T20:47:36.336989+00:00,26.673435166666668,-81.8052115,2e:70:4e:d0:87:50,-52,5745,150,Bermuda,pole 13 E
2025-10-24T20:47:36.336989+00:00,26.673435166666668,-81.8052115,28:70:4e:d0:87:50,-52,5745,150,Bermuda Guest WIFI,pole 13 E
2025-10-24T20:47:36.336989+00:00,26.673435166666668,-81.8052115,2a:38:5c:02:2d:2d,-55,5745,150,PROJ022d2d,Unknown
2025-10-24T20:47:36.336989+00:00,26.673435166666668,-81.8052115,28:70:4e:dd:d0:49,-59,2437,6,Bermuda 2G,pole 13 SW
2025-10-24T20:47:36.336989+00:00,26.673435166666668,-81.8052115,2e:70:4e:dd:d0:49,-60,2437,6,Bermuda Guest WIFI 2G,pole 13 SW
2025-10-24T20:47:36.336989+00:00,26.673435166666668,-81.8052115,28:70:4e:d0:87:4f,-66,2462,11,Bermuda 2G,pole 13 E
2025-10-24T20:47:36.336989+00:00,26.673435166666668,-81.8052115,22:6a:1b:63:f6:f6,-75,5240,49,Bermuda,Outside SW
2025-10-24T20:47:36.336989+00:00,26.673435166666668,-81.8052115,1c:6a:1b:63:f6:f6,-76,5240,49,Bermuda Guest WIFI,Outside SW
2025-10-24T20:47:36.336989+00:00,26.673435166666668,-81.8052115,1c:6a:1b:63:f6:f2,-76,5240,49,Bermuda Guest WIFI,Outside SE
2025-10-24T20:47:36.336989+00:00,26.673435166666668,-81.8052115,22:6a:1b:63:f6:f2,-76,5240,49,Bermuda,Outside SE
2025-10-24T20:47:36.336989+00:00,26.673435166666668,-81.8052115,28:70:4e:d0:89:0c,-77,5220,45,Bermuda Guest WIFI,pole 10
2025-10-24T20:47:36.336989+00:00,26.673435166666668,-81.8052115,2e:70:4e:d0:89:0c,-77,5220,45,Bermuda,pole 10
2025-10-24T20:47:36.336989+00:00,26.673435166666668,-81.8052115,28:70:4e:d0:88:22,-83,5765,154,Bermuda Guest WIFI,pole 14
2025-10-24T20:47:36.336989+00:00,26.673436,-81.80523383333333,28:70:4e:dd:d0:4a,-47,5240,49,Bermuda Guest WIFI,pole 13 SW
2025-10-24T20:47:36.336989+00:00,26.673436,-81.80523383333333,2e:70:4e:dd:d0:4a,-48,5240,49,Bermuda,pole 13 SW
2025-10-24T20:47:36.336989+00:00,26.673436,-81.80523383333333,2e:70:4e:d0:87:50,-52,5745,150,Bermuda,pole 13 E
2025-10-24T20:47:36.336989+00:00,26.673436,-81.80523383333333,28:70:4e:d0:87:50,-52,5745,150,Bermuda Guest WIFI,pole 13 E
2025-10-24T20:47:36.336989+00:00,26.673436,-81.80523383333333,28:70:4e:dd:d0:49,-60,2437,6,Bermuda 2G,pole 13 SW
2025-10-24T20:47:36.336989+00:00,26.673436,-81.80523383333333,2e:70:4e:dd:d0:49,-60,2437,6,Bermuda Guest WIFI 2G,pole 13 SW
2025-10-24T20:47:36.336989+00:00,26.673436,-81.80523383333333,2a:38:5c:02:2d:2d,-64,5745,150,PROJ022d2d,Unknown
2025-10-24T20:47:36.336989+00:00,26.673436,-81.80523383333333,28:70:4e:d0:87:4f,-66,2462,11,Bermuda 2G,pole 13 E
2025-10-24T20:47:36.336989+00:00,26.673436,-81.80523383333333,22:6a:1b:63:f6:f6,-75,5240,49,Bermuda,Outside SW
2025-10-24T20:47:36.336989+00:00,26.673436,-81.80523383333333,1c:6a:1b:63:f6:f6,-76,5240,49,Bermuda Guest WIFI,Outside SW
2025-10-24T20:47:36.336989+00:00,26.673436,-81.80523383333333,1c:6a:1b:63:f6:f2,-76,5240,49,Bermuda Guest WIFI,Outside SE
2025-10-24T20:47:36.336989+00:00,26.673436,-81.80523383333333,22:6a:1b:63:f6:f2,-76,5240,49,Bermuda,Outside SE
2025-10-24T20:47:36.336989+00:00,26.673436,-81.80523383333333,28:70:4e:d0:89:0c,-77,5220,45,Bermuda Guest WIFI,pole 10
2025-10-24T20:47:36.336989+00:00,26.673436,-81.80523383333333,2e:70:4e:d0:89:0c,-77,5220,45,Bermuda,pole 10
2025-10-24T20:47:36.336989+00:00,26.673436,-81.80523383333333,28:70:4e:d0:88:22,-83,5765,154,Bermuda Guest WIFI,pole 14
2025-10-24T20:48:42.552124+00:00,26.6734215,-81.8052395,28:70:4e:dd:d0:4a,-44,5240,49,Bermuda Guest WIFI,pole 13 SW
2025-10-24T20:48:42.552124+00:00,26.6734215,-81.8052395,2e:70:4e:dd:d0:4a,-44,5240,49,Bermuda,pole 13 SW
2025-10-24T20:48:42.552124+00:00,26.6734215,-81.8052395,2e:70:4e:d0:87:50,-55,5745,150,Bermuda,pole 13 E
2025-10-24T20:48:42.552124+00:00,26.6734215,-81.8052395,28:70:4e:d0:87:50,-55,5745,150,Bermuda Guest WIFI,pole 13 E
2025-10-24T20:48:42.552124+00:00,26.6734215,-81.8052395,28:70:4e:dd:d0:49,-60,2437,6,Bermuda 2G,pole 13 SW
2025-10-24T20:48:42.552124+00:00,26.6734215,-81.8052395,2e:70:4e:dd:d0:49,-60,2437,6,Bermuda Guest WIFI 2G,pole 13 SW
2025-10-24T20:48:42.552124+00:00,26.6734215,-81.8052395,28:70:4e:d0:87:4f,-69,2462,11,Bermuda 2G,pole 13 E
2025-10-24T20:48:42.552124+00:00,26.6734215,-81.8052395,2e:70:4e:d0:87:4f,-69,2462,11,Bermuda Guest WIFI 2G,pole 13 E
2025-10-24T20:48:42.552124+00:00,26.6734215,-81.8052395,28:70:4e:d0:88:fa,-73,5765,154,Bermuda Guest WIFI,pole 11
2025-10-24T20:48:42.552124+00:00,26.6734215,-81.8052395,2e:70:4e:d0:88:fa,-73,5765,154,Bermuda,pole 11
2025-10-24T20:48:42.552124+00:00,26.6734215,-81.8052395,1c:6a:1b:63:f6:f6,-74,5240,49,Bermuda Guest WIFI,Outside SW
2025-10-24T20:48:42.552124+00:00,26.6734215,-81.8052395,22:6a:1b:63:f6:f6,-74,5240,49,Bermuda,Outside SW
2025-10-24T20:48:42.552124+00:00,26.6734215,-81.8052395,28:70:4e:d0:89:0c,-80,5220,45,Bermuda Guest WIFI,pole 10
2025-10-24T20:48:42.552124+00:00,26.6734215,-81.8052395,2e:70:4e:d0:89:0c,-80,5220,45,Bermuda,pole 10
2025-10-24T20:48:42.552124+00:00,26.6734305,-81.80524233333334,28:70:4e:dd:d0:4a,-52,5240,49,Bermuda Guest WIFI,pole 13 SW
2025-10-24T20:48:42.552124+00:00,26.6734305,-81.80524233333334,2e:70:4e:dd:d0:4a,-52,5240,49,Bermuda,pole 13 SW
2025-10-24T20:48:42.552124+00:00,26.6734305,-81.80524233333334,2e:70:4e:d0:87:50,-55,5745,150,Bermuda,pole 13 E
2025-10-24T20:48:42.552124+00:00,26.6734305,-81.80524233333334,28:70:4e:d0:87:50,-55,5745,150,Bermuda Guest WIFI,pole 13 E
2025-10-24T20:48:42.552124+00:00,26.6734305,-81.80524233333334,28:70:4e:dd:d0:49,-57,2437,6,Bermuda 2G,pole 13 SW
2025-10-24T20:48:42.552124+00:00,26.6734305,-81.80524233333334,2e:70:4e:dd:d0:49,-58,2437,6,Bermuda Guest WIFI 2G,pole 13 SW
2025-10-24T20:48:42.552124+00:00,26.6734305,-81.80524233333334,28:70:4e:d0:87:4f,-66,2462,11,Bermuda 2G,pole 13 E
2025-10-24T20:48:42.552124+00:00,26.6734305,-81.80524233333334,2e:70:4e:d0:87:4f,-67,2462,11,Bermuda Guest WIFI 2G,pole 13 E
2025-10-24T20:48:42.552124+00:00,26.6734305,-81.80524233333334,28:70:4e:d0:88:fa,-73,5765,154,Bermuda Guest WIFI,pole 11
2025-10-24T20:48:42.552124+00:00,26.6734305,-81.80524233333334,2e:70:4e:d0:88:fa,-73,5765,154,Bermuda,pole 11
2025-10-24T20:48:42.552124+00:00,26.6734305,-81.80524233333334,1c:6a:1b:63:f6:f6,-74,5240,49,Bermuda Guest WIFI,Outside SW
2025-10-24T20:48:42.552124+00:00,26.6734305,-81.80524233333334,22:6a:1b:63:f6:f6,-74,5240,49,Bermuda,Outside SW
2025-10-24T20:48:42.552124+00:00,26.6734305,-81.80524233333334,28:70:4e:d0:89:0c,-76,5220,45,Bermuda Guest WIFI,pole 10
2025-10-24T20:48:42.552124+00:00,26.6734305,-81.80524233333334,2e:70:4e:d0:89:0c,-76,5220,45,Bermuda,pole 10
2025-10-24T20:48:42.552124+00:00,26.6734305,-81.80524233333334,84:1f:e8:ff:29:e9,-85,2412,1,ShellyPlusRGBWPM-841FE8FF29E8,Unknown
2025-10-24T20:48:42.552124+00:00,26.673427333333333,-81.80524516666667,28:70:4e:dd:d0:4a,-46,5240,49,Bermuda Guest WIFI,pole 13 SW
2025-10-24T20:48:42.552124+00:00,26.673427333333333,-81.80524516666667,2e:70:4e:dd:d0:4a,-46,5240,49,Bermuda,pole 13 SW
2025-10-24T20:48:42.552124+00:00,26.673427333333333,-81.80524516666667,2e:70:4e:d0:87:50,-55,5745,150,Bermuda,pole 13 E
2025-10-24T20:48:42.552124+00:00,26.673427333333333,-81.80524516666667,28:70:4e:d0:87:50,-55,5745,150,Bermuda Guest WIFI,pole 13 E
2025-10-24T20:48:42.552124+00:00,26.673427333333333,-81.80524516666667,28:70:4e:dd:d0:49,-61,2437,6,Bermuda 2G,pole 13 SW
2025-10-24T20:48:42.552124+00:00,26.673427333333333,-81.80524516666667,2e:70:4e:dd:d0:49,-61,2437,6,Bermuda Guest WIFI 2G,pole 13 SW
2025-10-24T20:48:42.552124+00:00,26.673427333333333,-81.80524516666667,28:70:4e:d0:88:fa,-73,5765,154,Bermuda Guest WIFI,pole 11
2025-10-24T20:48:42.552124+00:00,26.673427333333333,-81.80524516666667,2e:70:4e:d0:88:fa,-73,5765,154,Bermuda,pole 11
2025-10-24T20:48:42.552124+00:00,26.673427333333333,-81.80524516666667,2e:70:4e:d0:87:4f,-74,2462,11,Bermuda Guest WIFI 2G,pole 13 E
2025-10-24T20:48:42.552124+00:00,26.673427333333333,-81.80524516666667,1c:6a:1b:63:f6:f6,-74,5240,49,Bermuda Guest WIFI,Outside SW
2025-10-24T20:48:42.552124+00:00,26.673427333333333,-81.80524516666667,22:6a:1b:63:f6:f6,-74,5240,49,Bermuda,Outside SW
2025-10-24T20:48:42.552124+00:00,26.673427333333333,-81.80524516666667,28:70:4e:d0:88:f9,-74,2412,1,Bermuda 2G,pole 11
2025-10-24T20:48:42.552124+00:00,26.673427333333333,-81.80524516666667,28:70:4e:d0:87:4f,-75,2462,11,Bermuda 2G,pole 13 E
2025-10-24T20:48:42.552124+00:00,26.673427333333333,-81.80524516666667,2e:70:4e:d0:88:f9,-75,2412,1,Bermuda Guest WIFI 2G,pole 11
2025-10-24T20:48:42.552124+00:00,26.673427333333333,-81.80524516666667,28:70:4e:d0:89:0c,-76,5220,45,Bermuda Guest WIFI,pole 10
2025-10-24T20:48:42.552124+00:00,26.673427333333333,-81.80524516666667,2e:70:4e:d0:89:0c,-76,5220,45,Bermuda,pole 10
2025-10-24T20:48:42.552124+00:00,26.673427333333333,-81.80524516666667,2e:70:4e:d0:86:c3,-80,5765,154,Bermuda,pole 12 W
2025-10-24T20:48:42.552124+00:00,26.673427333333333,-81.80524516666667,28:70:4e:d0:86:c3,-81,5765,154,Bermuda Guest WIFI,pole 12 W
2025-10-24T20:48:42.552124+00:00,26.673427333333333,-81.80524516666667,84:1f:e8:ff:29:e9,-85,2412,1,ShellyPlusRGBWPM-841FE8FF29E8,Unknown
2025-10-24T20:48:42.552124+00:00,26.673416833333334,-81.80526783333333,28:70:4e:dd:d0:4a,-54,5240,49,Bermuda Guest WIFI,pole 13 SW
2025-10-24T20:48:42.552124+00:00,26.673416833333334,-81.80526783333333,2e:70:4e:dd:d0:4a,-54,5240,49,Bermuda,pole 13 SW
2025-10-24T20:48:42.552124+00:00,26.673416833333334,-81.80526783333333,28:70:4e:dd:d0:49,-56,2437,6,Bermuda 2G,pole 13 SW
2025-10-24T20:48:42.552124+00:00,26.673416833333334,-81.80526783333333,2e:70:4e:dd:d0:49,-56,2437,6,Bermuda Guest WIFI 2G,pole 13 SW
2025-10-24T20:48:42.552124+00:00,26.673416833333334,-81.80526783333333,2e:70:4e:d0:87:50,-57,5745,150,Bermuda,pole 13 E
2025-10-24T20:48:42.552124+00:00,26.673416833333334,-81.80526783333333,28:70:4e:d0:87:50,-57,5745,150,Bermuda Guest WIFI,pole 13 E
2025-10-24T20:48:42.552124+00:00,26.673416833333334,-81.80526783333333,28:70:4e:d0:88:fa,-65,5765,154,Bermuda Guest WIFI,pole 11
2025-10-24T20:48:42.552124+00:00,26.673416833333334,-81.80526783333333,2e:70:4e:d0:88:fa,-65,5765,154,Bermuda,pole 11
2025-10-24T20:48:42.552124+00:00,26.673416833333334,-81.80526783333333,28:70:4e:d0:87:4f,-74,2462,11,Bermuda 2G,pole 13 E
2025-10-24T20:48:42.552124+00:00,26.673416833333334,-81.80526783333333,2e:70:4e:d0:87:4f,-74,2462,11,Bermuda Guest WIFI 2G,pole 13 E
2025-10-24T20:48:42.552124+00:00,26.673416833333334,-81.80526783333333,1c:6a:1b:63:f6:f6,-74,5240,49,Bermuda Guest WIFI,Outside SW
2025-10-24T20:48:42.552124+00:00,26.673416833333334,-81.80526783333333,22:6a:1b:63:f6:f6,-74,5240,49,Bermuda,Outside SW
2025-10-24T20:48:42.552124+00:00,26.673416833333334,-81.80526783333333,28:70:4e:d0:88:f9,-74,2412,1,Bermuda 2G,pole 11
2025-10-24T20:48:42.552124+00:00,26.673416833333334,-81.80526783333333,2e:70:4e:d0:88:f9,-75,2412,1,Bermuda Guest WIFI 2G,pole 11
2025-10-24T20:48:42.552124+00:00,26.673416833333334,-81.80526783333333,2e:70:4e:d0:89:0c,-80,5220,45,Bermuda,pole 10
2025-10-24T20:48:42.552124+00:00,26.673416833333334,-81.80526783333333,2e:70:4e:d0:86:c3,-80,5765,154,Bermuda,pole 12 W
2025-10-24T20:48:42.552124+00:00,26.673416833333334,-81.80526783333333,28:70:4e:d0:89:0c,-81,5220,45,Bermuda Guest WIFI,pole 10
2025-10-24T20:48:42.552124+00:00,26.673416833333334,-81.80526783333333,28:70:4e:d0:86:c3,-81,5765,154,Bermuda Guest WIFI,pole 12 W
2025-10-24T20:48:42.552124+00:00,26.673416833333334,-81.80526783333333,84:1f:e8:ff:29:e9,-84,2412,1,ShellyPlusRGBWPM-841FE8FF29E8,Unknown
2025-10-24T20:49:44.406424+00:00,26.673403,-81.80529666666666,28:70:4e:dd:d0:4a,-41,5240,49,Bermuda Guest WIFI,pole 13 SW
2025-10-24T20:49:44.406424+00:00,26.673403,-81.80529666666666,2e:70:4e:dd:d0:4a,-42,5240,49,Bermuda,pole 13 SW
2025-10-24T20:49:44.406424+00:00,26.673403,-81.80529666666666,2e:70:4e:d0:87:50,-52,5745,150,Bermuda,pole 13 E
2025-10-24T20:49:44.406424+00:00,26.673403,-81.80529666666666,28:70:4e:d0:87:4f,-66,2462,11,Bermuda 2G,pole 13 E
2025-10-24T20:49:44.406424+00:00,26.673403,-81.80529666666666,2e:70:4e:d0:87:4f,-67,2462,11,Bermuda Guest WIFI 2G,pole 13 E
2025-10-24T20:49:44.406424+00:00,26.673403,-81.80529666666666,84:1f:e8:ff:29:e9,-82,2412,1,ShellyPlusRGBWPM-841FE8FF29E8,Unknown
2025-10-24T20:49:44.406424+00:00,26.673408333333334,-81.8052855,28:70:4e:dd:d0:4a,-48,5240,49,Bermuda Guest WIFI,pole 13 SW
2025-10-24T20:49:44.406424+00:00,26.673408333333334,-81.8052855,2e:70:4e:dd:d0:4a,-48,5240,49,Bermuda,pole 13 SW
2025-10-24T20:49:44.406424+00:00,26.673408333333334,-81.8052855,28:70:4e:d0:87:50,-54,5745,150,Bermuda Guest WIFI,pole 13 E
2025-10-24T20:49:44.406424+00:00,26.673408333333334,-81.8052855,2e:70:4e:d0:87:50,-55,5745,150,Bermuda,pole 13 E
2025-10-24T20:49:44.406424+00:00,26.673408333333334,-81.8052855,28:70:4e:dd:d0:49,-55,2437,6,Bermuda 2G,pole 13 SW
2025-10-24T20:49:44.406424+00:00,26.673408333333334,-81.8052855,2e:70:4e:dd:d0:49,-56,2437,6,Bermuda Guest WIFI 2G,pole 13 SW
2025-10-24T20:49:44.406424+00:00,26.673408333333334,-81.8052855,28:70:4e:d0:87:4f,-67,2462,11,Bermuda 2G,pole 13 E
2025-10-24T20:49:44.406424+00:00,26.673408333333334,-81.8052855,2e:70:4e:d0:87:4f,-67,2462,11,Bermuda Guest WIFI 2G,pole 13 E
2025-10-24T20:49:44.406424+00:00,26.673408333333334,-81.8052855,1c:6a:1b:63:f6:f2,-77,5240,49,Bermuda Guest WIFI,Outside SE
2025-10-24T20:49:44.406424+00:00,26.673408333333334,-81.8052855,22:6a:1b:63:f6:f2,-77,5240,49,Bermuda,Outside SE
2025-10-24T20:49:44.406424+00:00,26.673408333333334,-81.8052855,84:1f:e8:ff:29:e9,-82,2412,1,ShellyPlusRGBWPM-841FE8FF29E8,Unknown
2025-10-24T20:49:44.406424+00:00,26.673408333333334,-81.8052855,28:70:4e:d0:86:c3,-85,5765,154,Bermuda Guest WIFI,pole 12 W
2025-10-24T20:49:44.406424+00:00,26.673408333333334,-81.8052855,2e:70:4e:d0:86:c3,-85,5765,154,Bermuda,pole 12 W
2025-10-24T20:49:44.406424+00:00,26.673418333333334,-81.80525366666667,28:70:4e:dd:d0:4a,-51,5240,49,Bermuda Guest WIFI,pole 13 SW
2025-10-24T20:49:44.406424+00:00,26.673418333333334,-81.80525366666667,2e:70:4e:dd:d0:4a,-51,5240,49,Bermuda,pole 13 SW
2025-10-24T20:49:44.406424+00:00,26.673418333333334,-81.80525366666667,2e:70:4e:d0:87:50,-54,5745,150,Bermuda,pole 13 E
2025-10-24T20:49:44.406424+00:00,26.673418333333334,-81.80525366666667,28:70:4e:d0:87:50,-54,5745,150,Bermuda Guest WIFI,pole 13 E
2025-10-24T20:49:44.406424+00:00,26.673418333333334,-81.80525366666667,28:70:4e:dd:d0:49,-60,2437,6,Bermuda 2G,pole 13 SW
2025-10-24T20:49:44.406424+00:00,26.673418333333334,-81.80525366666667,2e:70:4e:dd:d0:49,-60,2437,6,Bermuda Guest WIFI 2G,pole 13 SW
2025-10-24T20:49:44.406424+00:00,26.673418333333334,-81.80525366666667,28:70:4e:d0:87:4f,-70,2462,11,Bermuda 2G,pole 13 E
2025-10-24T20:49:44.406424+00:00,26.673418333333334,-81.80525366666667,2e:70:4e:d0:87:4f,-71,2462,11,Bermuda Guest WIFI 2G,pole 13 E
2025-10-24T20:49:44.406424+00:00,26.673418333333334,-81.80525366666667,28:70:4e:d0:88:f9,-76,2412,1,Bermuda 2G,pole 11
2025-10-24T20:49:44.406424+00:00,26.673418333333334,-81.80525366666667,28:70:4e:d0:89:0c,-76,5220,45,Bermuda Guest WIFI,pole 10
2025-10-24T20:49:44.406424+00:00,26.673418333333334,-81.80525366666667,1c:6a:1b:63:f6:f2,-77,5240,49,Bermuda Guest WIFI,Outside SE
2025-10-24T20:49:44.406424+00:00,26.673418333333334,-81.80525366666667,22:6a:1b:63:f6:f2,-77,5240,49,Bermuda,Outside SE
2025-10-24T20:49:44.406424+00:00,26.673418333333334,-81.80525366666667,2e:70:4e:d0:89:0c,-77,5220,45,Bermuda,pole 10
2025-10-24T20:49:44.406424+00:00,26.673418333333334,-81.80525366666667,84:1f:e8:ff:29:e9,-82,2412,1,ShellyPlusRGBWPM-841FE8FF29E8,Unknown
2025-10-24T20:49:44.406424+00:00,26.673418333333334,-81.80525366666667,28:70:4e:d0:86:c3,-85,5765,154,Bermuda Guest WIFI,pole 12 W
2025-10-24T20:49:44.406424+00:00,26.673418333333334,-81.80525366666667,2e:70:4e:d0:86:c3,-85,5765,154,Bermuda,pole 12 W
2025-10-24T20:49:44.406424+00:00,26.673422833333333,-81.80526366666666,28:70:4e:dd:d0:4a,-48,5240,49,Bermuda Guest WIFI,pole 13 SW
2025-10-24T20:49:44.406424+00:00,26.673422833333333,-81.80526366666666,2e:70:4e:dd:d0:4a,-48,5240,49,Bermuda,pole 13 SW
2025-10-24T20:49:44.406424+00:00,26.673422833333333,-81.80526366666666,28:70:4e:d0:87:50,-53,5745,150,Bermuda Guest WIFI,pole 13 E
2025-10-24T20:49:44.406424+00:00,26.673422833333333,-81.80526366666666,2e:70:4e:d0:87:50,-54,5745,150,Bermuda,pole 13 E
2025-10-24T20:49:44.406424+00:00,26.673422833333333,-81.80526366666666,28:70:4e:dd:d0:49,-55,2437,6,Bermuda 2G,pole 13 SW
2025-10-24T20:49:44.406424+00:00,26.673422833333333,-81.80526366666666,2e:70:4e:dd:d0:49,-55,2437,6,Bermuda Guest WIFI 2G,pole 13 SW
2025-10-24T20:49:44.406424+00:00,26.673422833333333,-81.80526366666666,28:70:4e:d0:88:fa,-67,5765,154,Bermuda Guest WIFI,pole 11
2025-10-24T20:49:44.406424+00:00,26.673422833333333,-81.80526366666666,2e:70:4e:d0:88:fa,-67,5765,154,Bermuda,pole 11
2025-10-24T20:49:44.406424+00:00,26.673422833333333,-81.80526366666666,28:70:4e:d0:87:4f,-74,2462,11,Bermuda 2G,pole 13 E
2025-10-24T20:49:44.406424+00:00,26.673422833333333,-81.80526366666666,2e:70:4e:d0:87:4f,-75,2462,11,Bermuda Guest WIFI 2G,pole 13 E
2025-10-24T20:49:44.406424+00:00,26.673422833333333,-81.80526366666666,28:70:4e:d0:88:f9,-76,2412,1,Bermuda 2G,pole 11
2025-10-24T20:49:44.406424+00:00,26.673422833333333,-81.80526366666666,28:70:4e:d0:89:0c,-76,5220,45,Bermuda Guest WIFI,pole 10
2025-10-24T20:49:44.406424+00:00,26.673422833333333,-81.80526366666666,1c:6a:1b:63:f6:f2,-77,5240,49,Bermuda Guest WIFI,Outside SE
2025-10-24T20:49:44.406424+00:00,26.673422833333333,-81.80526366666666,22:6a:1b:63:f6:f2,-77,5240,49,Bermuda,Outside SE
2025-10-24T20:49:44.406424+00:00,26.673422833333333,-81.80526366666666,2e:70:4e:d0:89:0c,-77,5220,45,Bermuda,pole 10
2025-10-24T20:49:44.406424+00:00,26.673422833333333,-81.80526366666666,84:1f:e8:ff:29:e9,-82,2412,1,ShellyPlusRGBWPM-841FE8FF29E8,Unknown
2025-10-24T20:49:44.406424+00:00,26.673422833333333,-81.80526366666666,28:70:4e:d0:86:c3,-85,5765,154,Bermuda Guest WIFI,pole 12 W
2025-10-24T20:49:44.406424+00:00,26.673422833333333,-81.80526366666666,2e:70:4e:d0:86:c3,-85,5765,154,Bermuda,pole 12 W
2025-10-24T20:50:46.385849+00:00,26.6734285,-81.80522616666667,28:70:4e:dd:d0:4a,-44,5240,49,Bermuda Guest WIFI,pole 13 SW
2025-10-24T20:50:46.385849+00:00,26.6734285,-81.80522616666667,2e:70:4e:dd:d0:4a,-44,5240,49,Bermuda,pole 13 SW
2025-10-24T20:50:46.385849+00:00,26.6734285,-81.80522616666667,2e:70:4e:d0:87:50,-53,5745,150,Bermuda,pole 13 E
2025-10-24T20:50:46.385849+00:00,26.6734285,-81.80522616666667,28:70:4e:d0:87:50,-53,5745,150,Bermuda Guest WIFI,pole 13 E
2025-10-24T20:50:46.385849+00:00,26.6734285,-81.80522616666667,2e:70:4e:dd:d0:49,-58,2437,6,Bermuda Guest WIFI 2G,pole 13 SW
2025-10-24T20:50:46.385849+00:00,26.6734285,-81.80522616666667,28:70:4e:dd:d0:49,-59,2437,6,Bermuda 2G,pole 13 SW
2025-10-24T20:50:46.385849+00:00,26.6734285,-81.80522616666667,2e:70:4e:d0:87:4f,-68,2462,11,Bermuda Guest WIFI 2G,pole 13 E
2025-10-24T20:50:46.385849+00:00,26.6734285,-81.80522616666667,28:70:4e:d0:87:4f,-69,2462,11,Bermuda 2G,pole 13 E
2025-10-24T20:50:46.385849+00:00,26.6734285,-81.80522616666667,28:70:4e:d2:92:ab,-78,5745,150,Bermuda Guest WIFI,pole 12 N
2025-10-24T20:50:46.385849+00:00,26.6734285,-81.80522616666667,2e:70:4e:d2:92:ab,-79,5745,150,Bermuda,pole 12 N
2025-10-24T20:50:46.385849+00:00,26.673431166666667,-81.80520733333333,28:70:4e:dd:d0:4a,-47,5240,49,Bermuda Guest WIFI,pole 13 SW
2025-10-24T20:50:46.385849+00:00,26.673431166666667,-81.80520733333333,2e:70:4e:dd:d0:4a,-47,5240,49,Bermuda,pole 13 SW
2025-10-24T20:50:46.385849+00:00,26.673431166666667,-81.80520733333333,28:70:4e:dd:d0:49,-56,2437,6,Bermuda 2G,pole 13 SW
2025-10-24T20:50:46.385849+00:00,26.673431166666667,-81.80520733333333,2e:70:4e:dd:d0:49,-57,2437,6,Bermuda Guest WIFI 2G,pole 13 SW
2025-10-24T20:50:46.385849+00:00,26.673431166666667,-81.80520733333333,28:70:4e:d0:87:50,-58,5745,150,Bermuda Guest WIFI,pole 13 E
2025-10-24T20:50:46.385849+00:00,26.673431166666667,-81.80520733333333,2e:70:4e:d0:87:50,-59,5745,150,Bermuda,pole 13 E
2025-10-24T20:50:46.385849+00:00,26.673431166666667,-81.80520733333333,28:70:4e:d0:87:4f,-67,2462,11,Bermuda 2G,pole 13 E
2025-10-24T20:50:46.385849+00:00,26.673431166666667,-81.80520733333333,2e:70:4e:d0:87:4f,-67,2462,11,Bermuda Guest WIFI 2G,pole 13 E
2025-10-24T20:50:46.385849+00:00,26.673431166666667,-81.80520733333333,28:70:4e:d0:89:0c,-73,5220,45,Bermuda Guest WIFI,pole 10
2025-10-24T20:50:46.385849+00:00,26.673431166666667,-81.80520733333333,2e:70:4e:d0:89:0c,-73,5220,45,Bermuda,pole 10
2025-10-24T20:50:46.385849+00:00,26.673431166666667,-81.80520733333333,28:70:4e:d2:92:ab,-83,5745,150,Bermuda Guest WIFI,pole 12 N
2025-10-24T20:50:46.385849+00:00,26.673431166666667,-81.80520733333333,2e:70:4e:d2:92:ab,-83,5745,150,Bermuda,pole 12 N
2025-10-24T20:50:46.385849+00:00,26.673427666666665,-81.80518983333333,28:70:4e:dd:d0:4a,-44,5240,49,Bermuda Guest WIFI,pole 13 SW
2025-10-24T20:50:46.385849+00:00,26.673427666666665,-81.80518983333333,2e:70:4e:dd:d0:4a,-44,5240,49,Bermuda,pole 13 SW
2025-10-24T20:50:46.385849+00:00,26.673427666666665,-81.80518983333333,2e:70:4e:d0:87:50,-53,5745,150,Bermuda,pole 13 E
2025-10-24T20:50:46.385849+00:00,26.673427666666665,-81.80518983333333,28:70:4e:d0:87:50,-53,5745,150,Bermuda Guest WIFI,pole 13 E
2025-10-24T20:50:46.385849+00:00,26.673427666666665,-81.80518983333333,28:70:4e:dd:d0:49,-58,2437,6,Bermuda 2G,pole 13 SW
2025-10-24T20:50:46.385849+00:00,26.673427666666665,-81.80518983333333,2e:70:4e:dd:d0:49,-59,2437,6,Bermuda Guest WIFI 2G,pole 13 SW
2025-10-24T20:50:46.385849+00:00,26.673427666666665,-81.80518983333333,2e:70:4e:d0:87:4f,-67,2462,11,Bermuda Guest WIFI 2G,pole 13 E
2025-10-24T20:50:46.385849+00:00,26.673427666666665,-81.80518983333333,28:70:4e:d0:87:4f,-72,2462,11,Bermuda 2G,pole 13 E
2025-10-24T20:50:46.385849+00:00,26.673427666666665,-81.80518983333333,28:70:4e:d0:89:0c,-73,5220,45,Bermuda Guest WIFI,pole 10
2025-10-24T20:50:46.385849+00:00,26.673427666666665,-81.80518983333333,2e:70:4e:d0:89:0c,-73,5220,45,Bermuda,pole 10
2025-10-24T20:50:46.385849+00:00,26.673427666666665,-81.80518983333333,28:70:4e:d2:92:ab,-78,5745,150,Bermuda Guest WIFI,pole 12 N
2025-10-24T20:50:46.385849+00:00,26.673427666666665,-81.80518983333333,2e:70:4e:d2:92:ab,-78,5745,150,Bermuda,pole 12 N
2025-10-24T20:50:46.385849+00:00,26.673432166666668,-81.8051835,2e:70:4e:d0:87:50,-52,5745,150,Bermuda,pole 13 E
2025-10-24T20:50:46.385849+00:00,26.673432166666668,-81.8051835,28:70:4e:d0:87:50,-53,5745,150,Bermuda Guest WIFI,pole 13 E
2025-10-24T20:50:46.385849+00:00,26.673432166666668,-81.8051835,28:70:4e:dd:d0:4a,-53,5240,49,Bermuda Guest WIFI,pole 13 SW
2025-10-24T20:50:46.385849+00:00,26.673432166666668,-81.8051835,2e:70:4e:dd:d0:4a,-53,5240,49,Bermuda,pole 13 SW
2025-10-24T20:50:46.385849+00:00,26.673432166666668,-81.8051835,28:70:4e:dd:d0:49,-57,2437,6,Bermuda 2G,pole 13 SW
2025-10-24T20:50:46.385849+00:00,26.673432166666668,-81.8051835,2e:70:4e:dd:d0:49,-58,2437,6,Bermuda Guest WIFI 2G,pole 13 SW
2025-10-24T20:50:46.385849+00:00,26.673432166666668,-81.8051835,28:70:4e:d0:87:4f,-71,2462,11,Bermuda 2G,pole 13 E
2025-10-24T20:50:46.385849+00:00,26.673432166666668,-81.8051835,2e:70:4e:d0:87:4f,-73,2462,11,Bermuda Guest WIFI 2G,pole 13 E
2025-10-24T20:50:46.385849+00:00,26.673432166666668,-81.8051835,28:70:4e:d0:89:0c,-73,5220,45,Bermuda Guest WIFI,pole 10
2025-10-24T20:50:46.385849+00:00,26.673432166666668,-81.8051835,2e:70:4e:d0:89:0c,-73,5220,45,Bermuda,pole 10
2025-10-24T20:50:46.385849+00:00,26.673432166666668,-81.8051835,28:70:4e:d2:92:ab,-78,5745,150,Bermuda Guest WIFI,pole 12 N
2025-10-24T20:50:46.385849+00:00,26.673432166666668,-81.8051835,2e:70:4e:d2:92:ab,-78,5745,150,Bermuda,pole 12 N
2025-10-24T20:51:48.432731+00:00,26.673435166666668,-81.80517733333333,28:70:4e:dd:d0:4a,-47,5240,49,Bermuda Guest WIFI,pole 13 SW
2025-10-24T20:51:48.432731+00:00,26.673435166666668,-81.80517733333333,2e:70:4e:dd:d0:4a,-47,5240,49,Bermuda,pole 13 SW
2025-10-24T20:51:48.432731+00:00,26.673435166666668,-81.80517733333333,2e:70:4e:d0:87:50,-54,5745,150,Bermuda,pole 13 E
2025-10-24T20:51:48.432731+00:00,26.673435166666668,-81.80517733333333,2e:70:4e:dd:d0:49,-61,2437,6,Bermuda Guest WIFI 2G,pole 13 SW
2025-10-24T20:51:48.432731+00:00,26.673435166666668,-81.80517733333333,28:70:4e:dd:d0:49,-62,2437,6,Bermuda 2G,pole 13 SW
2025-10-24T20:51:48.432731+00:00,26.673435166666668,-81.80517733333333,28:70:4e:d0:87:4f,-66,2462,11,Bermuda 2G,pole 13 E
2025-10-24T20:51:48.432731+00:00,26.673435166666668,-81.80517733333333,2e:70:4e:d0:87:4f,-67,2462,11,Bermuda Guest WIFI 2G,pole 13 E
2025-10-24T20:51:48.432731+00:00,26.673435166666668,-81.80517733333333,1c:6a:1b:63:f6:f6,-76,5240,49,Bermuda Guest WIFI,Outside SW
2025-10-24T20:51:48.432731+00:00,26.673435166666668,-81.80517733333333,22:6a:1b:63:f6:f6,-76,5240,49,Bermuda,Outside SW
2025-10-24T20:51:48.432731+00:00,26.673435166666668,-81.80517733333333,2e:70:4e:d0:86:c3,-81,5765,154,Bermuda,pole 12 W
2025-10-24T20:51:48.432731+00:00,26.673435166666668,-81.80517733333333,28:70:4e:d0:86:c3,-82,5765,154,Bermuda Guest WIFI,pole 12 W
2025-10-24T20:51:48.432731+00:00,26.673433166666666,-81.80519466666667,28:70:4e:dd:d0:4a,-46,5240,49,Bermuda Guest WIFI,pole 13 SW
2025-10-24T20:51:48.432731+00:00,26.673433166666666,-81.80519466666667,2e:70:4e:dd:d0:4a,-46,5240,49,Bermuda,pole 13 SW
2025-10-24T20:51:48.432731+00:00,26.673433166666666,-81.80519466666667,2e:70:4e:d0:87:50,-54,5745,150,Bermuda,pole 13 E
2025-10-24T20:51:48.432731+00:00,26.673433166666666,-81.80519466666667,28:70:4e:d0:87:50,-54,5745,150,Bermuda Guest WIFI,pole 13 E
2025-10-24T20:51:48.432731+00:00,26.673433166666666,-81.80519466666667,28:70:4e:dd:d0:49,-71,2437,6,Bermuda 2G,pole 13 SW
2025-10-24T20:51:48.432731+00:00,26.673433166666666,-81.80519466666667,2e:70:4e:dd:d0:49,-71,2437,6,Bermuda Guest WIFI 2G,pole 13 SW
2025-10-24T20:51:48.432731+00:00,26.673433166666666,-81.80519466666667,28:70:4e:d0:87:4f,-74,2462,11,Bermuda 2G,pole 13 E
2025-10-24T20:51:48.432731+00:00,26.673433166666666,-81.80519466666667,2e:70:4e:d0:87:4f,-74,2462,11,Bermuda Guest WIFI 2G,pole 13 E
2025-10-24T20:51:48.432731+00:00,26.673433166666666,-81.80519466666667,1c:6a:1b:63:f6:f6,-76,5240,49,Bermuda Guest WIFI,Outside SW
2025-10-24T20:51:48.432731+00:00,26.673433166666666,-81.80519466666667,22:6a:1b:63:f6:f6,-76,5240,49,Bermuda,Outside SW
2025-10-24T20:51:48.432731+00:00,26.673433166666666,-81.80519466666667,28:70:4e:d0:89:0c,-77,5220,45,Bermuda Guest WIFI,pole 10
2025-10-24T20:51:48.432731+00:00,26.673433166666666,-81.80519466666667,2e:70:4e:d0:89:0c,-78,5220,45,Bermuda,pole 10
2025-10-24T20:51:48.432731+00:00,26.673433166666666,-81.80519466666667,28:70:4e:d0:88:f9,-79,2412,1,Bermuda 2G,pole 11
2025-10-24T20:51:48.432731+00:00,26.673433166666666,-81.80519466666667,2e:70:4e:d0:86:c3,-81,5765,154,Bermuda,pole 12 W
2025-10-24T20:51:48.432731+00:00,26.673433166666666,-81.80519466666667,28:70:4e:d0:86:c3,-82,5765,154,Bermuda Guest WIFI,pole 12 W
2025-10-24T20:51:48.432731+00:00,26.673433,-81.80520266666667,28:70:4e:dd:d0:4a,-51,5240,49,Bermuda Guest WIFI,pole 13 SW
2025-10-24T20:51:48.432731+00:00,26.673433,-81.80520266666667,2e:70:4e:dd:d0:4a,-51,5240,49,Bermuda,pole 13 SW
2025-10-24T20:51:48.432731+00:00,26.673433,-81.80520266666667,2e:70:4e:d0:87:50,-53,5745,150,Bermuda,pole 13 E
2025-10-24T20:51:48.432731+00:00,26.673433,-81.80520266666667,28:70:4e:d0:87:50,-53,5745,150,Bermuda Guest WIFI,pole 13 E
2025-10-24T20:51:48.432731+00:00,26.673433,-81.80520266666667,28:70:4e:dd:d0:49,-58,2437,6,Bermuda 2G,pole 13 SW
2025-10-24T20:51:48.432731+00:00,26.673433,-81.80520266666667,2e:70:4e:dd:d0:49,-58,2437,6,Bermuda Guest WIFI 2G,pole 13 SW
2025-10-24T20:51:48.432731+00:00,26.673433,-81.80520266666667,2e:70:4e:d0:87:4f,-67,2462,11,Bermuda Guest WIFI 2G,pole 13 E
2025-10-24T20:51:48.432731+00:00,26.673433,-81.80520266666667,28:70:4e:d0:87:4f,-68,2462,11,Bermuda 2G,pole 13 E
2025-10-24T20:51:48.432731+00:00,26.673433,-81.80520266666667,1c:6a:1b:63:f6:f6,-76,5240,49,Bermuda Guest WIFI,Outside SW
2025-10-24T20:51:48.432731+00:00,26.673433,-81.80520266666667,22:6a:1b:63:f6:f6,-76,5240,49,Bermuda,Outside SW
2025-10-24T20:51:48.432731+00:00,26.673433,-81.80520266666667,28:70:4e:d0:89:0c,-77,5220,45,Bermuda Guest WIFI,pole 10
2025-10-24T20:51:48.432731+00:00,26.673433,-81.80520266666667,2e:70:4e:d0:89:0c,-78,5220,45,Bermuda,pole 10
2025-10-24T20:51:48.432731+00:00,26.673433,-81.80520266666667,28:70:4e:d0:88:f9,-79,2412,1,Bermuda 2G,pole 11
2025-10-24T20:51:48.432731+00:00,26.673433,-81.80520266666667,2e:70:4e:d0:86:c3,-81,5765,154,Bermuda,pole 12 W
2025-10-24T20:51:48.432731+00:00,26.673433,-81.80520266666667,28:70:4e:d0:86:c3,-82,5765,154,Bermuda Guest WIFI,pole 12 W
2025-10-24T20:51:48.432731+00:00,26.673429833333334,-81.805209,28:70:4e:dd:d0:4a,-49,5240,49,Bermuda Guest WIFI,pole 13 SW
2025-10-24T20:51:48.432731+00:00,26.673429833333334,-81.805209,2e:70:4e:dd:d0:4a,-49,5240,49,Bermuda,pole 13 SW
2025-10-24T20:51:48.432731+00:00,26.673429833333334,-81.805209,2e:70:4e:d0:87:50,-53,5745,150,Bermuda,pole 13 E
2025-10-24T20:51:48.432731+00:00,26.673429833333334,-81.805209,28:70:4e:d0:87:50,-53,5745,150,Bermuda Guest WIFI,pole 13 E
2025-10-24T20:51:48.432731+00:00,26.673429833333334,-81.805209,28:70:4e:dd:d0:49,-61,2437,6,Bermuda 2G,pole 13 SW
2025-10-24T20:51:48.432731+00:00,26.673429833333334,-81.805209,2e:70:4e:dd:d0:49,-62,2437,6,Bermuda Guest WIFI 2G,pole 13 SW
2025-10-24T20:51:48.432731+00:00,26.673429833333334,-81.805209,28:70:4e:d0:87:4f,-70,2462,11,Bermuda 2G,pole 13 E
2025-10-24T20:51:48.432731+00:00,26.673429833333334,-81.805209,2e:70:4e:d0:87:4f,-72,2462,11,Bermuda Guest WIFI 2G,pole 13 E
2025-10-24T20:51:48.432731+00:00,26.673429833333334,-81.805209,1c:6a:1b:63:f6:f6,-76,5240,49,Bermuda Guest WIFI,Outside SW
2025-10-24T20:51:48.432731+00:00,26.673429833333334,-81.805209,22:6a:1b:63:f6:f6,-76,5240,49,Bermuda,Outside SW
2025-10-24T20:51:48.432731+00:00,26.673429833333334,-81.805209,28:70:4e:d0:89:0c,-77,5220,45,Bermuda Guest WIFI,pole 10
2025-10-24T20:51:48.432731+00:00,26.673429833333334,-81.805209,2e:70:4e:d0:89:0c,-78,5220,45,Bermuda,pole 10
2025-10-24T20:51:48.432731+00:00,26.673429833333334,-81.805209,28:70:4e:d0:88:f9,-79,2412,1,Bermuda 2G,pole 11
2025-10-24T20:51:48.432731+00:00,26.673429833333334,-81.805209,2e:70:4e:d0:86:c3,-81,5765,154,Bermuda,pole 12 W
2025-10-24T20:51:48.432731+00:00,26.673429833333334,-81.805209,28:70:4e:d0:86:c3,-82,5765,154,Bermuda Guest WIFI,pole 12 W
2025-10-24T20:52:50.449517+00:00,26.673429833333334,-81.805214,28:70:4e:dd:d0:4a,-50,5240,49,Bermuda Guest WIFI,pole 13 SW
2025-10-24T20:52:50.449517+00:00,26.673429833333334,-81.805214,2e:70:4e:dd:d0:4a,-50,5240,49,Bermuda,pole 13 SW
2025-10-24T20:52:50.449517+00:00,26.673429833333334,-81.805214,2e:70:4e:d0:87:50,-55,5745,150,Bermuda,pole 13 E
2025-10-24T20:52:50.449517+00:00,26.673429833333334,-81.805214,28:70:4e:d0:87:50,-55,5745,150,Bermuda Guest WIFI,pole 13 E
2025-10-24T20:52:50.449517+00:00,26.673429833333334,-81.805214,28:70:4e:dd:d0:49,-63,2437,6,Bermuda 2G,pole 13 SW
2025-10-24T20:52:50.449517+00:00,26.673429833333334,-81.805214,2e:70:4e:dd:d0:49,-65,2437,6,Bermuda Guest WIFI 2G,pole 13 SW
2025-10-24T20:52:50.449517+00:00,26.673429833333334,-81.805214,28:70:4e:d0:87:4f,-76,2462,11,Bermuda 2G,pole 13 E
2025-10-24T20:52:50.449517+00:00,26.673429833333334,-81.805214,2e:70:4e:d0:87:4f,-78,2462,11,Bermuda Guest WIFI 2G,pole 13 E
2025-10-24T20:52:50.449517+00:00,26.673429833333334,-81.805214,1c:6a:1b:63:f6:f6,-78,5240,49,Bermuda Guest WIFI,Outside SW
2025-10-24T20:52:50.449517+00:00,26.673429833333334,-81.805214,22:6a:1b:63:f6:f6,-78,5240,49,Bermuda,Outside SW
2025-10-24T20:52:50.449517+00:00,26.673429833333334,-81.805214,28:70:4e:d2:92:ab,-82,5745,150,Bermuda Guest WIFI,pole 12 N
2025-10-24T20:52:50.449517+00:00,26.673429833333334,-81.805214,2e:70:4e:d0:86:c3,-85,5765,154,Bermuda,pole 12 W
2025-10-24T20:52:50.449517+00:00,26.673431333333333,-81.80522016666667,2e:70:4e:d0:87:50,-55,5745,150,Bermuda,pole 13 E
2025-10-24T20:52:50.449517+00:00,26.673431333333333,-81.80522016666667,28:70:4e:d0:87:50,-55,5745,150,Bermuda Guest WIFI,pole 13 E
2025-10-24T20:52:50.449517+00:00,26.673431333333333,-81.80522016666667,28:70:4e:dd:d0:4a,-55,5240,49,Bermuda Guest WIFI,pole 13 SW
2025-10-24T20:52:50.449517+00:00,26.673431333333333,-81.80522016666667,2e:70:4e:dd:d0:4a,-55,5240,49,Bermuda,pole 13 SW
2025-10-24T20:52:50.449517+00:00,26.673431333333333,-81.80522016666667,2e:70:4e:d0:87:4f,-71,2462,11,Bermuda Guest WIFI 2G,pole 13 E
2025-10-24T20:52:50.449517+00:00,26.673431333333333,-81.80522016666667,28:70:4e:d0:87:4f,-72,2462,11,Bermuda 2G,pole 13 E
2025-10-24T20:52:50.449517+00:00,26.673431333333333,-81.80522016666667,28:70:4e:d0:88:fa,-73,5765,154,Bermuda Guest WIFI,pole 11
2025-10-24T20:52:50.449517+00:00,26.673431333333333,-81.80522016666667,2e:70:4e:d0:88:fa,-73,5765,154,Bermuda,pole 11
2025-10-24T20:52:50.449517+00:00,26.673431333333333,-81.80522016666667,2e:70:4e:dd:d0:49,-74,2437,6,Bermuda Guest WIFI 2G,pole 13 SW
2025-10-24T20:52:50.449517+00:00,26.673431333333333,-81.80522016666667,28:70:4e:dd:d0:49,-75,2437,6,Bermuda 2G,pole 13 SW
2025-10-24T20:52:50.449517+00:00,26.673431333333333,-81.80522016666667,1c:6a:1b:63:f6:f6,-78,5240,49,Bermuda Guest WIFI,Outside SW
2025-10-24T20:52:50.449517+00:00,26.673431333333333,-81.80522016666667,22:6a:1b:63:f6:f6,-78,5240,49,Bermuda,Outside SW
2025-10-24T20:52:50.449517+00:00,26.673431333333333,-81.80522016666667,28:70:4e:d2:92:ab,-82,5745,150,Bermuda Guest WIFI,pole 12 N
2025-10-24T20:52:50.449517+00:00,26.673431333333333,-81.80522016666667,2e:70:4e:d0:86:c3,-85,5765,154,Bermuda,pole 12 W
2025-10-24T20:52:50.449517+00:00,26.673428333333334,-81.805226,28:70:4e:dd:d0:4a,-51,5240,49,Bermuda Guest WIFI,pole 13 SW
2025-10-24T20:52:50.449517+00:00,26.673428333333334,-81.805226,2e:70:4e:dd:d0:4a,-51,5240,49,Bermuda,pole 13 SW
2025-10-24T20:52:50.449517+00:00,26.673428333333334,-81.805226,28:70:4e:dd:d0:49,-56,2437,6,Bermuda 2G,pole 13 SW
2025-10-24T20:52:50.449517+00:00,26.673428333333334,-81.805226,2e:70:4e:d0:87:50,-58,5745,150,Bermuda,pole 13 E
2025-10-24T20:52:50.449517+00:00,26.673428333333334,-81.805226,2e:70:4e:dd:d0:49,-58,2437,6,Bermuda Guest WIFI 2G,pole 13 SW
2025-10-24T20:52:50.449517+00:00,26.673428333333334,-81.805226,28:70:4e:d0:87:50,-58,5745,150,Bermuda Guest WIFI,pole 13 E
2025-10-24T20:52:50.449517+00:00,26.673428333333334,-81.805226,28:70:4e:d0:88:fa,-73,5765,154,Bermuda Guest WIFI,pole 11
2025-10-24T20:52:50.449517+00:00,26.673428333333334,-81.805226,2e:70:4e:d0:88:fa,-73,5765,154,Bermuda,pole 11
2025-10-24T20:52:50.449517+00:00,26.673428333333334,-81.805226,28:70:4e:d0:87:4f,-77,2462,11,Bermuda 2G,pole 13 E
2025-10-24T20:52:50.449517+00:00,26.673428333333334,-81.805226,1c:6a:1b:63:f6:f6,-78,5240,49,Bermuda Guest WIFI,Outside SW
2025-10-24T20:52:50.449517+00:00,26.673428333333334,-81.805226,22:6a:1b:63:f6:f6,-78,5240,49,Bermuda,Outside SW
2025-10-24T20:52:50.449517+00:00,26.673428333333334,-81.805226,2e:70:4e:d0:87:4f,-79,2462,11,Bermuda Guest WIFI 2G,pole 13 E
2025-10-24T20:52:50.449517+00:00,26.673428333333334,-81.805226,28:70:4e:d2:92:ab,-82,5745,150,Bermuda Guest WIFI,pole 12 N
2025-10-24T20:52:50.449517+00:00,26.673428333333334,-81.805226,2e:70:4e:d0:86:c3,-85,5765,154,Bermuda,pole 12 W
2025-10-24T20:52:50.449517+00:00,26.673422666666667,-81.8052135,28:70:4e:dd:d0:4a,-42,5240,49,Bermuda Guest WIFI,pole 13 SW
2025-10-24T20:52:50.449517+00:00,26.673422666666667,-81.8052135,2e:70:4e:dd:d0:4a,-42,5240,49,Bermuda,pole 13 SW
2025-10-24T20:52:50.449517+00:00,26.673422666666667,-81.8052135,2e:70:4e:d0:87:50,-54,5745,150,Bermuda,pole 13 E
2025-10-24T20:52:50.449517+00:00,26.673422666666667,-81.8052135,28:70:4e:d0:87:50,-54,5745,150,Bermuda Guest WIFI,pole 13 E
2025-10-24T20:52:50.449517+00:00,26.673422666666667,-81.8052135,28:70:4e:dd:d0:49,-59,2437,6,Bermuda 2G,pole 13 SW
2025-10-24T20:52:50.449517+00:00,26.673422666666667,-81.8052135,2e:70:4e:dd:d0:49,-59,2437,6,Bermuda Guest WIFI 2G,pole 13 SW
2025-10-24T20:52:50.449517+00:00,26.673422666666667,-81.8052135,28:70:4e:d0:87:4f,-67,2462,11,Bermuda 2G,pole 13 E
2025-10-24T20:52:50.449517+00:00,26.673422666666667,-81.8052135,2e:70:4e:d0:87:4f,-67,2462,11,Bermuda Guest WIFI 2G,pole 13 E
2025-10-24T20:52:50.449517+00:00,26.673422666666667,-81.8052135,28:70:4e:d0:88:fa,-68,5765,154,Bermuda Guest WIFI,pole 11
2025-10-24T20:52:50.449517+00:00,26.673422666666667,-81.8052135,2e:70:4e:d0:88:fa,-68,5765,154,Bermuda,pole 11
2025-10-24T20:52:50.449517+00:00,26.673422666666667,-81.8052135,1c:6a:1b:63:f6:f6,-76,5240,49,Bermuda Guest WIFI,Outside SW
2025-10-24T20:52:50.449517+00:00,26.673422666666667,-81.8052135,22:6a:1b:63:f6:f6,-77,5240,49,Bermuda,Outside SW
2025-10-24T20:52:50.449517+00:00,26.673422666666667,-81.8052135,2e:70:4e:d0:89:0c,-77,5220,45,Bermuda,pole 10
2025-10-24T20:52:50.449517+00:00,26.673422666666667,-81.8052135,28:70:4e:d2:92:ab,-82,5745,150,Bermuda Guest WIFI,pole 12 N
2025-10-24T20:52:50.449517+00:00,26.673422666666667,-81.8052135,2e:70:4e:d0:86:c3,-85,5765,154,Bermuda,pole 12 W
2025-10-24T20:53:54.007632+00:00,26.673409166666666,-81.80529216666666,2e:70:4e:d0:87:50,-52,5745,150,Bermuda,pole 13 E
2025-10-24T20:53:54.007632+00:00,26.673409166666666,-81.80529216666666,28:70:4e:dd:d0:4a,-52,5240,49,Bermuda Guest WIFI,pole 13 SW
2025-10-24T20:53:54.007632+00:00,26.673409166666666,-81.80529216666666,2e:70:4e:dd:d0:4a,-52,5240,49,Bermuda,pole 13 SW
2025-10-24T20:53:54.007632+00:00,26.673409166666666,-81.80529216666666,28:70:4e:d0:87:50,-52,5745,150,Bermuda Guest WIFI,pole 13 E
2025-10-24T20:53:54.007632+00:00,26.673409166666666,-81.80529216666666,28:70:4e:dd:d0:49,-64,2437,6,Bermuda 2G,pole 13 SW
2025-10-24T20:53:54.007632+00:00,26.673409166666666,-81.80529216666666,2e:70:4e:dd:d0:49,-64,2437,6,Bermuda Guest WIFI 2G,pole 13 SW
2025-10-24T20:53:54.007632+00:00,26.673409166666666,-81.80529216666666,2e:70:4e:d0:87:4f,-76,2462,11,Bermuda Guest WIFI 2G,pole 13 E
2025-10-24T20:53:54.007632+00:00,26.673409166666666,-81.80529216666666,28:70:4e:d0:87:4f,-77,2462,11,Bermuda 2G,pole 13 E
2025-10-24T20:53:54.007632+00:00,26.673410166666667,-81.80528966666667,28:70:4e:dd:d0:4a,-47,5240,49,Bermuda Guest WIFI,pole 13 SW
2025-10-24T20:53:54.007632+00:00,26.673410166666667,-81.80528966666667,2e:70:4e:dd:d0:4a,-47,5240,49,Bermuda,pole 13 SW
2025-10-24T20:53:54.007632+00:00,26.673410166666667,-81.80528966666667,2e:70:4e:d0:87:50,-52,5745,150,Bermuda,pole 13 E
2025-10-24T20:53:54.007632+00:00,26.673410166666667,-81.80528966666667,28:70:4e:dd:d0:49,-52,2437,6,Bermuda 2G,pole 13 SW
2025-10-24T20:53:54.007632+00:00,26.673410166666667,-81.80528966666667,2e:70:4e:dd:d0:49,-52,2437,6,Bermuda Guest WIFI 2G,pole 13 SW
2025-10-24T20:53:54.007632+00:00,26.673410166666667,-81.80528966666667,28:70:4e:d0:87:50,-52,5745,150,Bermuda Guest WIFI,pole 13 E
2025-10-24T20:53:54.007632+00:00,26.673410166666667,-81.80528966666667,28:70:4e:d0:87:4f,-72,2462,11,Bermuda 2G,pole 13 E
2025-10-24T20:53:54.007632+00:00,26.673410166666667,-81.80528966666667,2e:70:4e:d0:87:4f,-73,2462,11,Bermuda Guest WIFI 2G,pole 13 E
2025-10-24T20:53:54.007632+00:00,26.673410166666667,-81.80528966666667,22:6a:1b:63:f6:f6,-76,5240,49,Bermuda,Outside SW
2025-10-24T20:53:54.007632+00:00,26.673410166666667,-81.80528966666667,1c:6a:1b:63:f6:f6,-77,5240,49,Bermuda Guest WIFI,Outside SW
2025-10-24T20:53:54.007632+00:00,26.673410166666667,-81.80528966666667,1c:6a:1b:63:f6:f2,-79,5240,49,Bermuda Guest WIFI,Outside SE
2025-10-24T20:53:54.007632+00:00,26.673410166666667,-81.80528966666667,22:6a:1b:63:f6:f2,-79,5240,49,Bermuda,Outside SE
2025-10-24T20:53:54.007632+00:00,26.673410166666667,-81.80528966666667,2e:70:4e:d2:92:ab,-83,5745,150,Bermuda,pole 12 N
2025-10-24T20:53:54.007632+00:00,26.673415666666667,-81.80527083333334,28:70:4e:dd:d0:49,-52,2437,6,Bermuda 2G,pole 13 SW
2025-10-24T20:53:54.007632+00:00,26.673415666666667,-81.80527083333334,2e:70:4e:dd:d0:49,-52,2437,6,Bermuda Guest WIFI 2G,pole 13 SW
2025-10-24T20:53:54.007632+00:00,26.673415666666667,-81.80527083333334,28:70:4e:dd:d0:4a,-52,5240,49,Bermuda Guest WIFI,pole 13 SW
2025-10-24T20:53:54.007632+00:00,26.673415666666667,-81.80527083333334,2e:70:4e:dd:d0:4a,-52,5240,49,Bermuda,pole 13 SW
2025-10-24T20:53:54.007632+00:00,26.673415666666667,-81.80527083333334,2e:70:4e:d0:87:50,-53,5745,150,Bermuda,pole 13 E
2025-10-24T20:53:54.007632+00:00,26.673415666666667,-81.80527083333334,28:70:4e:d0:87:50,-53,5745,150,Bermuda Guest WIFI,pole 13 E
2025-10-24T20:53:54.007632+00:00,26.673415666666667,-81.80527083333334,28:70:4e:d0:87:4f,-74,2462,11,Bermuda 2G,pole 13 E
2025-10-24T20:53:54.007632+00:00,26.673415666666667,-81.80527083333334,2e:70:4e:d0:87:4f,-76,2462,11,Bermuda Guest WIFI 2G,pole 13 E
2025-10-24T20:53:54.007632+00:00,26.673415666666667,-81.80527083333334,22:6a:1b:63:f6:f6,-76,5240,49,Bermuda,Outside SW
2025-10-24T20:53:54.007632+00:00,26.673415666666667,-81.80527083333334,1c:6a:1b:63:f6:f6,-77,5240,49,Bermuda Guest WIFI,Outside SW
2025-10-24T20:53:54.007632+00:00,26.673415666666667,-81.80527083333334,1c:6a:1b:63:f6:f2,-79,5240,49,Bermuda Guest WIFI,Outside SE
2025-10-24T20:53:54.007632+00:00,26.673415666666667,-81.80527083333334,22:6a:1b:63:f6:f2,-79,5240,49,Bermuda,Outside SE
2025-10-24T20:53:54.007632+00:00,26.673415666666667,-81.80527083333334,28:70:4e:d2:92:ab,-83,5745,150,Bermuda Guest WIFI,pole 12 N
2025-10-24T20:53:54.007632+00:00,26.673415666666667,-81.80527083333334,2e:70:4e:d2:92:ab,-84,5745,150,Bermuda,pole 12 N
2025-10-24T20:53:54.007632+00:00,26.673419333333335,-81.80522466666666,28:70:4e:dd:d0:4a,-42,5240,49,Bermuda Guest WIFI,pole 13 SW
2025-10-24T20:53:54.007632+00:00,26.673419333333335,-81.80522466666666,2e:70:4e:dd:d0:4a,-42,5240,49,Bermuda,pole 13 SW
2025-10-24T20:53:54.007632+00:00,26.673419333333335,-81.80522466666666,28:70:4e:dd:d0:49,-52,2437,6,Bermuda 2G,pole 13 SW
2025-10-24T20:53:54.007632+00:00,26.673419333333335,-81.80522466666666,2e:70:4e:dd:d0:49,-53,2437,6,Bermuda Guest WIFI 2G,pole 13 SW
2025-10-24T20:53:54.007632+00:00,26.673419333333335,-81.80522466666666,2e:70:4e:d0:87:50,-55,5745,150,Bermuda,pole 13 E
2025-10-24T20:53:54.007632+00:00,26.673419333333335,-81.80522466666666,28:70:4e:d0:87:50,-55,5745,150,Bermuda Guest WIFI,pole 13 E
2025-10-24T20:53:54.007632+00:00,26.673419333333335,-81.80522466666666,28:70:4e:d0:87:4f,-71,2462,11,Bermuda 2G,pole 13 E
2025-10-24T20:53:54.007632+00:00,26.673419333333335,-81.80522466666666,2e:70:4e:d0:87:4f,-76,2462,11,Bermuda Guest WIFI 2G,pole 13 E
2025-10-24T20:53:54.007632+00:00,26.673419333333335,-81.80522466666666,1c:6a:1b:63:f6:f2,-79,5240,49,Bermuda Guest WIFI,Outside SE
2025-10-24T20:53:54.007632+00:00,26.673419333333335,-81.80522466666666,22:6a:1b:63:f6:f2,-79,5240,49,Bermuda,Outside SE
2025-10-24T20:53:54.007632+00:00,26.673419333333335,-81.80522466666666,1c:6a:1b:63:f6:f6,-81,5240,49,Bermuda Guest WIFI,Outside SW
2025-10-24T20:53:54.007632+00:00,26.673419333333335,-81.80522466666666,22:6a:1b:63:f6:f6,-81,5240,49,Bermuda,Outside SW
2025-10-24T20:53:54.007632+00:00,26.673419333333335,-81.80522466666666,28:70:4e:d0:86:c3,-81,5765,154,Bermuda Guest WIFI,pole 12 W
2025-10-24T20:53:54.007632+00:00,26.673419333333335,-81.80522466666666,2e:70:4e:d0:86:c3,-81,5765,154,Bermuda,pole 12 W
2025-10-24T20:53:54.007632+00:00,26.673419333333335,-81.80522466666666,28:70:4e:d2:92:ab,-83,5745,150,Bermuda Guest WIFI,pole 12 N
2025-10-24T20:53:54.007632+00:00,26.673419333333335,-81.80522466666666,2e:70:4e:d2:92:ab,-84,5745,150,Bermuda,pole 12 N
2025-10-24T20:54:55.651194+00:00,26.67342633333333,-81.805219,28:70:4e:dd:d0:4a,-47,5240,49,Bermuda Guest WIFI,pole 13 SW
2025-10-24T20:54:55.651194+00:00,26.67342633333333,-81.805219,2e:70:4e:dd:d0:4a,-47,5240,49,Bermuda,pole 13 SW
2025-10-24T20:54:55.651194+00:00,26.67342633333333,-81.805219,2e:70:4e:d0:87:50,-55,5745,150,Bermuda,pole 13 E
2025-10-24T20:54:55.651194+00:00,26.67342633333333,-81.805219,28:70:4e:d0:87:50,-55,5745,150,Bermuda Guest WIFI,pole 13 E
2025-10-24T20:54:55.651194+00:00,26.67342633333333,-81.805219,28:70:4e:dd:d0:49,-67,2437,6,Bermuda 2G,pole 13 SW
2025-10-24T20:54:55.651194+00:00,26.67342633333333,-81.805219,2e:70:4e:dd:d0:49,-67,2437,6,Bermuda Guest WIFI 2G,pole 13 SW
2025-10-24T20:54:55.651194+00:00,26.67342633333333,-81.805219,28:70:4e:d2:92:ab,-75,5745,150,Bermuda Guest WIFI,pole 12 N
2025-10-24T20:54:55.651194+00:00,26.67342633333333,-81.805219,2e:70:4e:d2:92:ab,-75,5745,150,Bermuda,pole 12 N
2025-10-24T20:54:55.651194+00:00,26.6734235,-81.80522316666666,28:70:4e:dd:d0:4a,-42,5240,49,Bermuda Guest WIFI,pole 13 SW
2025-10-24T20:54:55.651194+00:00,26.6734235,-81.80522316666666,2e:70:4e:dd:d0:4a,-42,5240,49,Bermuda,pole 13 SW
2025-10-24T20:54:55.651194+00:00,26.6734235,-81.80522316666666,2e:70:4e:d0:87:50,-48,5745,150,Bermuda,pole 13 E
2025-10-24T20:54:55.651194+00:00,26.6734235,-81.80522316666666,28:70:4e:d0:87:50,-48,5745,150,Bermuda Guest WIFI,pole 13 E
2025-10-24T20:54:55.651194+00:00,26.6734235,-81.80522316666666,28:70:4e:dd:d0:49,-57,2437,6,Bermuda 2G,pole 13 SW
2025-10-24T20:54:55.651194+00:00,26.6734235,-81.80522316666666,2e:70:4e:dd:d0:49,-58,2437,6,Bermuda Guest WIFI 2G,pole 13 SW
2025-10-24T20:54:55.651194+00:00,26.6734235,-81.80522316666666,28:70:4e:d0:88:fa,-65,5765,154,Bermuda Guest WIFI,pole 11
2025-10-24T20:54:55.651194+00:00,26.6734235,-81.80522316666666,2e:70:4e:d0:88:fa,-65,5765,154,Bermuda,pole 11
2025-10-24T20:54:55.651194+00:00,26.6734235,-81.80522316666666,28:70:4e:d0:87:4f,-72,2462,11,Bermuda 2G,pole 13 E
2025-10-24T20:54:55.651194+00:00,26.6734235,-81.80522316666666,2e:70:4e:d0:87:4f,-72,2462,11,Bermuda Guest WIFI 2G,pole 13 E
2025-10-24T20:54:55.651194+00:00,26.6734235,-81.80522316666666,28:70:4e:d2:92:ab,-75,5745,150,Bermuda Guest WIFI,pole 12 N
2025-10-24T20:54:55.651194+00:00,26.6734235,-81.80522316666666,2e:70:4e:d2:92:ab,-75,5745,150,Bermuda,pole 12 N
2025-10-24T20:54:55.651194+00:00,26.6734235,-81.80522316666666,28:70:4e:d0:88:22,-83,5765,154,Bermuda Guest WIFI,pole 14
2025-10-24T20:54:55.651194+00:00,26.6734235,-81.80522316666666,2e:70:4e:d0:88:22,-83,5765,154,Bermuda,pole 14
2025-10-24T20:54:55.651194+00:00,26.673427666666665,-81.80522316666666,28:70:4e:dd:d0:4a,-48,5240,49,Bermuda Guest WIFI,pole 13 SW
2025-10-24T20:54:55.651194+00:00,26.673427666666665,-81.80522316666666,2e:70:4e:dd:d0:4a,-48,5240,49,Bermuda,pole 13 SW
2025-10-24T20:54:55.651194+00:00,26.673427666666665,-81.80522316666666,2e:70:4e:d0:87:50,-53,5745,150,Bermuda,pole 13 E
2025-10-24T20:54:55.651194+00:00,26.673427666666665,-81.80522316666666,28:70:4e:d0:87:50,-53,5745,150,Bermuda Guest WIFI,pole 13 E
2025-10-24T20:54:55.651194+00:00,26.673427666666665,-81.80522316666666,28:70:4e:dd:d0:49,-58,2437,6,Bermuda 2G,pole 13 SW
2025-10-24T20:54:55.651194+00:00,26.673427666666665,-81.80522316666666,2e:70:4e:dd:d0:49,-58,2437,6,Bermuda Guest WIFI 2G,pole 13 SW
2025-10-24T20:54:55.651194+00:00,26.673427666666665,-81.80522316666666,28:70:4e:d0:88:fa,-65,5765,154,Bermuda Guest WIFI,pole 11
2025-10-24T20:54:55.651194+00:00,26.673427666666665,-81.80522316666666,2e:70:4e:d0:88:fa,-65,5765,154,Bermuda,pole 11
2025-10-24T20:54:55.651194+00:00,26.673427666666665,-81.80522316666666,28:70:4e:d0:87:4f,-69,2462,11,Bermuda 2G,pole 13 E
2025-10-24T20:54:55.651194+00:00,26.673427666666665,-81.80522316666666,2e:70:4e:d0:87:4f,-70,2462,11,Bermuda Guest WIFI 2G,pole 13 E
2025-10-24T20:54:55.651194+00:00,26.673427666666665,-81.80522316666666,28:70:4e:d2:92:ab,-75,5745,150,Bermuda Guest WIFI,pole 12 N
2025-10-24T20:54:55.651194+00:00,26.673427666666665,-81.80522316666666,2e:70:4e:d2:92:ab,-75,5745,150,Bermuda,pole 12 N
2025-10-24T20:54:55.651194+00:00,26.673427666666665,-81.80522316666666,28:70:4e:d0:88:22,-82,5765,154,Bermuda Guest WIFI,pole 14
2025-10-24T20:54:55.651194+00:00,26.673427666666665,-81.80522316666666,2e:70:4e:d0:88:22,-82,5765,154,Bermuda,pole 14
2025-10-24T20:54:55.651194+00:00,26.67342633333333,-81.80521083333333,28:70:4e:dd:d0:4a,-38,5240,49,Bermuda Guest WIFI,pole 13 SW
2025-10-24T20:54:55.651194+00:00,26.67342633333333,-81.80521083333333,2e:70:4e:dd:d0:4a,-38,5240,49,Bermuda,pole 13 SW
2025-10-24T20:54:55.651194+00:00,26.67342633333333,-81.80521083333333,2e:70:4e:d0:87:50,-52,5745,150,Bermuda,pole 13 E
2025-10-24T20:54:55.651194+00:00,26.67342633333333,-81.80521083333333,28:70:4e:d0:87:50,-52,5745,150,Bermuda Guest WIFI,pole 13 E
2025-10-24T20:54:55.651194+00:00,26.67342633333333,-81.80521083333333,28:70:4e:dd:d0:49,-53,2437,6,Bermuda 2G,pole 13 SW
2025-10-24T20:54:55.651194+00:00,26.67342633333333,-81.80521083333333,2e:70:4e:dd:d0:49,-53,2437,6,Bermuda Guest WIFI 2G,pole 13 SW
2025-10-24T20:54:55.651194+00:00,26.67342633333333,-81.80521083333333,28:70:4e:d0:88:fa,-65,5765,154,Bermuda Guest WIFI,pole 11
2025-10-24T20:54:55.651194+00:00,26.67342633333333,-81.80521083333333,2e:70:4e:d0:88:fa,-65,5765,154,Bermuda,pole 11
2025-10-24T20:54:55.651194+00:00,26.67342633333333,-81.80521083333333,28:70:4e:d0:87:4f,-68,2462,11,Bermuda 2G,pole 13 E
2025-10-24T20:54:55.651194+00:00,26.67342633333333,-81.80521083333333,2e:70:4e:d0:87:4f,-69,2462,11,Bermuda Guest WIFI 2G,pole 13 E
2025-10-24T20:54:55.651194+00:00,26.67342633333333,-81.80521083333333,28:70:4e:d2:92:ab,-75,5745,150,Bermuda Guest WIFI,pole 12 N
2025-10-24T20:54:55.651194+00:00,26.67342633333333,-81.80521083333333,2e:70:4e:d2:92:ab,-75,5745,150,Bermuda,pole 12 N
2025-10-24T20:54:55.651194+00:00,26.67342633333333,-81.80521083333333,28:70:4e:d0:89:0c,-77,5220,45,Bermuda Guest WIFI,pole 10
2025-10-24T20:54:55.651194+00:00,26.67342633333333,-81.80521083333333,2e:70:4e:d0:89:0c,-77,5220,45,Bermuda,pole 10
2025-10-24T20:54:55.651194+00:00,26.67342633333333,-81.80521083333333,28:70:4e:d0:88:22,-82,5765,154,Bermuda Guest WIFI,pole 14
2025-10-24T20:54:55.651194+00:00,26.67342633333333,-81.80521083333333,2e:70:4e:d0:88:22,-82,5765,154,Bermuda,pole 14
2025-10-24T20:54:55.651194+00:00,26.67342633333333,-81.80521083333333,84:1f:e8:ff:29:e9,-85,2412,1,ShellyPlusRGBWPM-841FE8FF29E8,Unknown
2025-10-24T20:55:58.543501+00:00,26.673420333333333,-81.80522366666666,28:70:4e:dd:d0:4a,-44,5240,49,Bermuda Guest WIFI,pole 13 SW
2025-10-24T20:55:58.543501+00:00,26.673420333333333,-81.80522366666666,2e:70:4e:dd:d0:4a,-44,5240,49,Bermuda,pole 13 SW
2025-10-24T20:55:58.543501+00:00,26.673420333333333,-81.80522366666666,2e:70:4e:d0:87:50,-52,5745,150,Bermuda,pole 13 E
2025-10-24T20:55:58.543501+00:00,26.673420333333333,-81.80522366666666,28:70:4e:d0:87:50,-52,5745,150,Bermuda Guest WIFI,pole 13 E
2025-10-24T20:55:58.543501+00:00,26.673420333333333,-81.80522366666666,28:70:4e:dd:d0:49,-64,2437,6,Bermuda 2G,pole 13 SW
2025-10-24T20:55:58.543501+00:00,26.673420333333333,-81.80522366666666,28:70:4e:d0:87:4f,-64,2462,11,Bermuda 2G,pole 13 E
2025-10-24T20:55:58.543501+00:00,26.673420333333333,-81.80522366666666,2e:70:4e:d0:87:4f,-64,2462,11,Bermuda Guest WIFI 2G,pole 13 E
2025-10-24T20:55:58.543501+00:00,26.673420333333333,-81.80522366666666,2e:70:4e:dd:d0:49,-65,2437,6,Bermuda Guest WIFI 2G,pole 13 SW
2025-10-24T20:55:58.543501+00:00,26.673420333333333,-81.80522366666666,28:70:4e:d0:88:fa,-69,5765,154,Bermuda Guest WIFI,pole 11
2025-10-24T20:55:58.543501+00:00,26.6734235,-81.8052205,28:70:4e:dd:d0:4a,-47,5240,49,Bermuda Guest WIFI,pole 13 SW
2025-10-24T20:55:58.543501+00:00,26.6734235,-81.8052205,2e:70:4e:dd:d0:4a,-48,5240,49,Bermuda,pole 13 SW
2025-10-24T20:55:58.543501+00:00,26.6734235,-81.8052205,28:70:4e:dd:d0:49,-51,2437,6,Bermuda 2G,pole 13 SW
2025-10-24T20:55:58.543501+00:00,26.6734235,-81.8052205,2e:70:4e:dd:d0:49,-52,2437,6,Bermuda Guest WIFI 2G,pole 13 SW
2025-10-24T20:55:58.543501+00:00,26.6734235,-81.8052205,2e:70:4e:d0:87:50,-53,5745,150,Bermuda,pole 13 E
2025-10-24T20:55:58.543501+00:00,26.6734235,-81.8052205,28:70:4e:d0:87:50,-53,5745,150,Bermuda Guest WIFI,pole 13 E
2025-10-24T20:55:58.543501+00:00,26.6734235,-81.8052205,28:70:4e:d0:88:fa,-69,5765,154,Bermuda Guest WIFI,pole 11
2025-10-24T20:55:58.543501+00:00,26.6734235,-81.8052205,28:70:4e:d0:87:4f,-70,2462,11,Bermuda 2G,pole 13 E
2025-10-24T20:55:58.543501+00:00,26.6734235,-81.8052205,2e:70:4e:d0:87:4f,-71,2462,11,Bermuda Guest WIFI 2G,pole 13 E
2025-10-24T20:55:58.543501+00:00,26.6734235,-81.8052205,28:70:4e:d0:88:f9,-77,2412,1,Bermuda 2G,pole 11
2025-10-24T20:55:58.543501+00:00,26.6734235,-81.8052205,2e:70:4e:d0:88:f9,-77,2412,1,Bermuda Guest WIFI 2G,pole 11
2025-10-24T20:55:58.543501+00:00,26.6734235,-81.8052205,28:70:4e:d0:86:c3,-80,5765,154,Bermuda Guest WIFI,pole 12 W
2025-10-24T20:55:58.543501+00:00,26.6734235,-81.8052205,2e:70:4e:d0:86:c3,-80,5765,154,Bermuda,pole 12 W
2025-10-24T20:55:58.543501+00:00,26.6734235,-81.8052205,28:70:4e:d2:92:ab,-81,5745,150,Bermuda Guest WIFI,pole 12 N
2025-10-24T20:55:58.543501+00:00,26.6734235,-81.8052205,6a:4e:05:c3:64:61,-85,2412,1,venus-HQ2519QWPH9-5aa,Unknown
2025-10-24T20:55:58.543501+00:00,26.673427833333335,-81.80521783333333,28:70:4e:dd:d0:4a,-43,5240,49,Bermuda Guest WIFI,pole 13 SW
2025-10-24T20:55:58.543501+00:00,26.673427833333335,-81.80521783333333,2e:70:4e:dd:d0:4a,-43,5240,49,Bermuda,pole 13 SW
2025-10-24T20:55:58.543501+00:00,26.673427833333335,-81.80521783333333,2e:70:4e:d0:87:50,-53,5745,150,Bermuda,pole 13 E
2025-10-24T20:55:58.543501+00:00,26.673427833333335,-81.80521783333333,28:70:4e:d0:87:50,-53,5745,150,Bermuda Guest WIFI,pole 13 E
2025-10-24T20:55:58.543501+00:00,26.673427833333335,-81.80521783333333,28:70:4e:d0:87:4f,-68,2462,11,Bermuda 2G,pole 13 E
2025-10-24T20:55:58.543501+00:00,26.673427833333335,-81.80521783333333,2e:70:4e:d0:87:4f,-69,2462,11,Bermuda Guest WIFI 2G,pole 13 E
2025-10-24T20:55:58.543501+00:00,26.673427833333335,-81.80521783333333,28:70:4e:d0:88:fa,-69,5765,154,Bermuda Guest WIFI,pole 11
2025-10-24T20:55:58.543501+00:00,26.673427833333335,-81.80521783333333,2e:70:4e:dd:d0:49,-71,2437,6,Bermuda Guest WIFI 2G,pole 13 SW
2025-10-24T20:55:58.543501+00:00,26.673427833333335,-81.80521783333333,28:70:4e:dd:d0:49,-72,2437,6,Bermuda 2G,pole 13 SW
2025-10-24T20:55:58.543501+00:00,26.673427833333335,-81.80521783333333,28:70:4e:d0:88:f9,-77,2412,1,Bermuda 2G,pole 11
2025-10-24T20:55:58.543501+00:00,26.673427833333335,-81.80521783333333,2e:70:4e:d0:88:f9,-77,2412,1,Bermuda Guest WIFI 2G,pole 11
2025-10-24T20:55:58.543501+00:00,26.673427833333335,-81.80521783333333,28:70:4e:d0:86:c3,-80,5765,154,Bermuda Guest WIFI,pole 12 W
2025-10-24T20:55:58.543501+00:00,26.673427833333335,-81.80521783333333,2e:70:4e:d0:86:c3,-80,5765,154,Bermuda,pole 12 W
2025-10-24T20:55:58.543501+00:00,26.673427833333335,-81.80521783333333,28:70:4e:d2:92:ab,-81,5745,150,Bermuda Guest WIFI,pole 12 N
2025-10-24T20:55:58.543501+00:00,26.673427833333335,-81.80521783333333,6a:4e:05:c3:64:61,-85,2412,1,venus-HQ2519QWPH9-5aa,Unknown
2025-10-24T20:55:58.543501+00:00,26.6734255,-81.80522616666667,28:70:4e:dd:d0:4a,-46,5240,49,Bermuda Guest WIFI,pole 13 SW
2025-10-24T20:55:58.543501+00:00,26.6734255,-81.80522616666667,2e:70:4e:dd:d0:4a,-46,5240,49,Bermuda,pole 13 SW
2025-10-24T20:55:58.543501+00:00,26.6734255,-81.80522616666667,2e:70:4e:d0:87:50,-51,5745,150,Bermuda,pole 13 E
2025-10-24T20:55:58.543501+00:00,26.6734255,-81.80522616666667,28:70:4e:d0:87:50,-51,5745,150,Bermuda Guest WIFI,pole 13 E
2025-10-24T20:55:58.543501+00:00,26.6734255,-81.80522616666667,28:70:4e:dd:d0:49,-52,2437,6,Bermuda 2G,pole 13 SW
2025-10-24T20:55:58.543501+00:00,26.6734255,-81.80522616666667,2e:70:4e:dd:d0:49,-52,2437,6,Bermuda Guest WIFI 2G,pole 13 SW
2025-10-24T20:55:58.543501+00:00,26.6734255,-81.80522616666667,28:70:4e:d0:88:fa,-64,5765,154,Bermuda Guest WIFI,pole 11
2025-10-24T20:55:58.543501+00:00,26.6734255,-81.80522616666667,2e:70:4e:d0:88:fa,-64,5765,154,Bermuda,pole 11
2025-10-24T20:55:58.543501+00:00,26.6734255,-81.80522616666667,2e:70:4e:d0:87:4f,-70,2462,11,Bermuda Guest WIFI 2G,pole 13 E
2025-10-24T20:55:58.543501+00:00,26.6734255,-81.80522616666667,28:70:4e:d0:87:4f,-71,2462,11,Bermuda 2G,pole 13 E
2025-10-24T20:55:58.543501+00:00,26.6734255,-81.80522616666667,28:70:4e:d0:88:f9,-77,2412,1,Bermuda 2G,pole 11
2025-10-24T20:55:58.543501+00:00,26.6734255,-81.80522616666667,2e:70:4e:d0:88:f9,-77,2412,1,Bermuda Guest WIFI 2G,pole 11
2025-10-24T20:55:58.543501+00:00,26.6734255,-81.80522616666667,28:70:4e:d0:86:c3,-80,5765,154,Bermuda Guest WIFI,pole 12 W
2025-10-24T20:55:58.543501+00:00,26.6734255,-81.80522616666667,2e:70:4e:d0:86:c3,-80,5765,154,Bermuda,pole 12 W
2025-10-24T20:55:58.543501+00:00,26.6734255,-81.80522616666667,28:70:4e:d0:88:22,-80,5765,154,Bermuda Guest WIFI,pole 14
2025-10-24T20:55:58.543501+00:00,26.6734255,-81.80522616666667,2e:70:4e:d0:88:22,-80,5765,154,Bermuda,pole 14
2025-10-24T20:55:58.543501+00:00,26.6734255,-81.80522616666667,28:70:4e:d2:92:ab,-81,5745,150,Bermuda Guest WIFI,pole 12 N
2025-10-24T20:55:58.543501+00:00,26.6734255,-81.80522616666667,2e:70:4e:d2:92:ab,-83,5745,150,Bermuda,pole 12 N
2025-10-24T20:55:58.543501+00:00,26.6734255,-81.80522616666667,6a:4e:05:c3:64:61,-85,2412,1,venus-HQ2519QWPH9-5aa,Unknown
2025-10-24T20:57:03.483620+00:00,26.6734255,-81.80522933333333,28:70:4e:dd:d0:4a,-40,5240,49,Bermuda Guest WIFI,pole 13 SW
2025-10-24T20:57:03.483620+00:00,26.6734255,-81.80522933333333,2e:70:4e:dd:d0:4a,-40,5240,49,Bermuda,pole 13 SW
2025-10-24T20:57:03.483620+00:00,26.6734255,-81.80522933333333,2e:70:4e:d0:87:50,-52,5745,150,Bermuda,pole 13 E
2025-10-24T20:57:03.483620+00:00,26.6734255,-81.80522933333333,28:70:4e:d0:87:50,-52,5745,150,Bermuda Guest WIFI,pole 13 E
2025-10-24T20:57:03.483620+00:00,26.6734255,-81.80522933333333,2e:70:4e:dd:d0:49,-61,2437,6,Bermuda Guest WIFI 2G,pole 13 SW
2025-10-24T20:57:03.483620+00:00,26.6734255,-81.80522933333333,28:70:4e:dd:d0:49,-62,2437,6,Bermuda 2G,pole 13 SW
2025-10-24T20:57:03.483620+00:00,26.6734255,-81.80522933333333,28:70:4e:d0:87:4f,-67,2462,11,Bermuda 2G,pole 13 E
2025-10-24T20:57:03.483620+00:00,26.6734255,-81.80522933333333,2e:70:4e:d0:87:4f,-68,2462,11,Bermuda Guest WIFI 2G,pole 13 E
2025-10-24T20:57:03.483620+00:00,26.673426833333334,-81.8052205,28:70:4e:dd:d0:4a,-42,5240,49,Bermuda Guest WIFI,pole 13 SW
2025-10-24T20:57:03.483620+00:00,26.673426833333334,-81.8052205,2e:70:4e:dd:d0:4a,-42,5240,49,Bermuda,pole 13 SW
2025-10-24T20:57:03.483620+00:00,26.673426833333334,-81.8052205,2e:70:4e:d0:87:50,-52,5745,150,Bermuda,pole 13 E
2025-10-24T20:57:03.483620+00:00,26.673426833333334,-81.8052205,28:70:4e:d0:87:50,-52,5745,150,Bermuda Guest WIFI,pole 13 E
2025-10-24T20:57:03.483620+00:00,26.673426833333334,-81.8052205,28:70:4e:dd:d0:49,-57,2437,6,Bermuda 2G,pole 13 SW
2025-10-24T20:57:03.483620+00:00,26.673426833333334,-81.8052205,2e:70:4e:dd:d0:49,-58,2437,6,Bermuda Guest WIFI 2G,pole 13 SW
2025-10-24T20:57:03.483620+00:00,26.673426833333334,-81.8052205,28:70:4e:d0:87:4f,-68,2462,11,Bermuda 2G,pole 13 E
2025-10-24T20:57:03.483620+00:00,26.673426833333334,-81.8052205,2e:70:4e:d0:87:4f,-69,2462,11,Bermuda Guest WIFI 2G,pole 13 E
2025-10-24T20:57:03.483620+00:00,26.673426833333334,-81.8052205,28:70:4e:d0:88:f9,-78,2412,1,Bermuda 2G,pole 11
2025-10-24T20:57:03.483620+00:00,26.673426833333334,-81.8052205,2e:70:4e:d0:88:f9,-79,2412,1,Bermuda Guest WIFI 2G,pole 11
2025-10-24T20:57:03.483620+00:00,26.673426833333334,-81.8052205,28:70:4e:d0:89:0c,-79,5220,45,Bermuda Guest WIFI,pole 10
2025-10-24T20:57:03.483620+00:00,26.673426833333334,-81.8052205,2e:70:4e:d0:89:0c,-79,5220,45,Bermuda,pole 10
2025-10-24T20:57:03.483620+00:00,26.673426833333334,-81.8052205,6a:4e:05:22:b2:a8,-81,2412,1,venus-HQ2519UPV7N-e3f,Unknown
2025-10-24T20:57:03.483620+00:00,26.673428833333332,-81.80521516666667,28:70:4e:dd:d0:4a,-47,5240,49,Bermuda Guest WIFI,pole 13 SW
2025-10-24T20:57:03.483620+00:00,26.673428833333332,-81.80521516666667,2e:70:4e:dd:d0:4a,-47,5240,49,Bermuda,pole 13 SW
2025-10-24T20:57:03.483620+00:00,26.673428833333332,-81.80521516666667,2e:70:4e:d0:87:50,-53,5745,150,Bermuda,pole 13 E
2025-10-24T20:57:03.483620+00:00,26.673428833333332,-81.80521516666667,28:70:4e:d0:87:50,-53,5745,150,Bermuda Guest WIFI,pole 13 E
2025-10-24T20:57:03.483620+00:00,26.673428833333332,-81.80521516666667,28:70:4e:d0:88:fa,-67,5765,154,Bermuda Guest WIFI,pole 11
2025-10-24T20:57:03.483620+00:00,26.673428833333332,-81.80521516666667,28:70:4e:dd:d0:49,-68,2437,6,Bermuda 2G,pole 13 SW
2025-10-24T20:57:03.483620+00:00,26.673428833333332,-81.80521516666667,2e:70:4e:d0:88:fa,-68,5765,154,Bermuda,pole 11
2025-10-24T20:57:03.483620+00:00,26.673428833333332,-81.80521516666667,2e:70:4e:dd:d0:49,-69,2437,6,Bermuda Guest WIFI 2G,pole 13 SW
2025-10-24T20:57:03.483620+00:00,26.673428833333332,-81.80521516666667,28:70:4e:d0:87:4f,-72,2462,11,Bermuda 2G,pole 13 E
2025-10-24T20:57:03.483620+00:00,26.673428833333332,-81.80521516666667,2e:70:4e:d0:87:4f,-72,2462,11,Bermuda Guest WIFI 2G,pole 13 E
2025-10-24T20:57:03.483620+00:00,26.673428833333332,-81.80521516666667,28:70:4e:d0:88:f9,-78,2412,1,Bermuda 2G,pole 11
2025-10-24T20:57:03.483620+00:00,26.673428833333332,-81.80521516666667,2e:70:4e:d0:88:f9,-79,2412,1,Bermuda Guest WIFI 2G,pole 11
2025-10-24T20:57:03.483620+00:00,26.673428833333332,-81.80521516666667,28:70:4e:d0:89:0c,-79,5220,45,Bermuda Guest WIFI,pole 10
2025-10-24T20:57:03.483620+00:00,26.673428833333332,-81.80521516666667,2e:70:4e:d0:89:0c,-79,5220,45,Bermuda,pole 10
2025-10-24T20:57:03.483620+00:00,26.673428833333332,-81.80521516666667,6a:4e:05:22:b2:a8,-81,2412,1,venus-HQ2519UPV7N-e3f,Unknown
2025-10-24T20:57:03.483620+00:00,26.673428833333332,-81.80521516666667,28:70:4e:d0:88:22,-82,5765,154,Bermuda Guest WIFI,pole 14
2025-10-24T20:57:03.483620+00:00,26.673428833333332,-81.80521516666667,2e:70:4e:d0:88:22,-82,5765,154,Bermuda,pole 14
2025-10-24T20:57:03.483620+00:00,26.673430333333332,-81.805208,28:70:4e:dd:d0:4a,-41,5240,49,Bermuda Guest WIFI,pole 13 SW
2025-10-24T20:57:03.483620+00:00,26.673430333333332,-81.805208,2e:70:4e:dd:d0:4a,-41,5240,49,Bermuda,pole 13 SW
2025-10-24T20:57:03.483620+00:00,26.673430333333332,-81.805208,2e:70:4e:d0:87:50,-53,5745,150,Bermuda,pole 13 E
2025-10-24T20:57:03.483620+00:00,26.673430333333332,-81.805208,28:70:4e:d0:87:50,-53,5745,150,Bermuda Guest WIFI,pole 13 E
2025-10-24T20:57:03.483620+00:00,26.673430333333332,-81.805208,28:70:4e:dd:d0:49,-58,2437,6,Bermuda 2G,pole 13 SW
2025-10-24T20:57:03.483620+00:00,26.673430333333332,-81.805208,2e:70:4e:dd:d0:49,-59,2437,6,Bermuda Guest WIFI 2G,pole 13 SW
2025-10-24T20:57:03.483620+00:00,26.673430333333332,-81.805208,28:70:4e:d0:88:fa,-67,5765,154,Bermuda Guest WIFI,pole 11
2025-10-24T20:57:03.483620+00:00,26.673430333333332,-81.805208,28:70:4e:d0:87:4f,-68,2462,11,Bermuda 2G,pole 13 E
2025-10-24T20:57:03.483620+00:00,26.673430333333332,-81.805208,2e:70:4e:d0:87:4f,-68,2462,11,Bermuda Guest WIFI 2G,pole 13 E
2025-10-24T20:57:03.483620+00:00,26.673430333333332,-81.805208,2e:70:4e:d0:88:fa,-68,5765,154,Bermuda,pole 11
2025-10-24T20:57:03.483620+00:00,26.673430333333332,-81.805208,28:70:4e:d0:88:f9,-78,2412,1,Bermuda 2G,pole 11
2025-10-24T20:57:03.483620+00:00,26.673430333333332,-81.805208,2e:70:4e:d0:88:f9,-79,2412,1,Bermuda Guest WIFI 2G,pole 11
2025-10-24T20:57:03.483620+00:00,26.673430333333332,-81.805208,28:70:4e:d0:89:0c,-79,5220,45,Bermuda Guest WIFI,pole 10
2025-10-24T20:57:03.483620+00:00,26.673430333333332,-81.805208,2e:70:4e:d0:89:0c,-79,5220,45,Bermuda,pole 10
2025-10-24T20:57:03.483620+00:00,26.673430333333332,-81.805208,6a:4e:05:22:b2:a8,-81,2412,1,venus-HQ2519UPV7N-e3f,Unknown
2025-10-24T20:57:03.483620+00:00,26.673430333333332,-81.805208,1c:6a:1b:63:f6:f2,-81,5240,49,Bermuda Guest WIFI,Outside SE
2025-10-24T20:57:03.483620+00:00,26.673430333333332,-81.805208,22:6a:1b:63:f6:f2,-81,5240,49,Bermuda,Outside SE
2025-10-24T20:57:03.483620+00:00,26.673430333333332,-81.805208,28:70:4e:d0:88:22,-82,5765,154,Bermuda Guest WIFI,pole 14
2025-10-24T20:57:03.483620+00:00,26.673430333333332,-81.805208,2e:70:4e:d0:88:22,-82,5765,154,Bermuda,pole 14
2025-10-24T20:57:03.483620+00:00,26.673430333333332,-81.805208,28:70:4e:d0:86:c3,-83,5765,154,Bermuda Guest WIFI,pole 12 W
2025-10-24T20:57:03.483620+00:00,26.673430333333332,-81.805208,2e:70:4e:d0:86:c3,-83,5765,154,Bermuda,pole 12 W
2025-10-24T20:58:06.516119+00:00,26.673426166666665,-81.8052135,28:70:4e:dd:d0:4a,-50,5240,49,Bermuda Guest WIFI,pole 13 SW
2025-10-24T20:58:06.516119+00:00,26.673426166666665,-81.8052135,2e:70:4e:dd:d0:4a,-50,5240,49,Bermuda,pole 13 SW
2025-10-24T20:58:06.516119+00:00,26.673426166666665,-81.8052135,2e:70:4e:d0:87:50,-59,5745,150,Bermuda,pole 13 E
2025-10-24T20:58:06.516119+00:00,26.673426166666665,-81.8052135,28:70:4e:d0:87:50,-59,5745,150,Bermuda Guest WIFI,pole 13 E
2025-10-24T20:58:06.516119+00:00,26.673426166666665,-81.8052135,28:70:4e:dd:d0:49,-66,2437,6,Bermuda 2G,pole 13 SW
2025-10-24T20:58:06.516119+00:00,26.673426166666665,-81.8052135,2e:70:4e:dd:d0:49,-66,2437,6,Bermuda Guest WIFI 2G,pole 13 SW
2025-10-24T20:58:06.516119+00:00,26.673426166666665,-81.8052135,28:70:4e:d0:87:4f,-66,2462,11,Bermuda 2G,pole 13 E
2025-10-24T20:58:06.516119+00:00,26.673426166666665,-81.8052135,2e:70:4e:d0:87:4f,-66,2462,11,Bermuda Guest WIFI 2G,pole 13 E
2025-10-24T20:58:06.516119+00:00,26.673426166666665,-81.8052135,28:70:4e:d0:88:fa,-67,5765,154,Bermuda Guest WIFI,pole 11
2025-10-24T20:58:06.516119+00:00,26.673426166666665,-81.8052135,2e:70:4e:d0:88:fa,-67,5765,154,Bermuda,pole 11
2025-10-24T20:58:06.516119+00:00,26.673426166666665,-81.8052135,28:70:4e:d0:88:f9,-76,2412,1,Bermuda 2G,pole 11
2025-10-24T20:58:06.516119+00:00,26.673426166666665,-81.8052135,2e:70:4e:d0:88:f9,-76,2412,1,Bermuda Guest WIFI 2G,pole 11
2025-10-24T20:58:06.516119+00:00,26.673426166666665,-81.8052135,28:70:4e:d0:88:22,-79,5765,154,Bermuda Guest WIFI,pole 14
2025-10-24T20:58:06.516119+00:00,26.673426166666665,-81.8052135,2e:70:4e:d0:88:22,-80,5765,154,Bermuda,pole 14
2025-10-24T20:58:06.516119+00:00,26.6734285,-81.80520783333333,28:70:4e:dd:d0:4a,-39,5240,49,Bermuda Guest WIFI,pole 13 SW
2025-10-24T20:58:06.516119+00:00,26.6734285,-81.80520783333333,2e:70:4e:dd:d0:4a,-39,5240,49,Bermuda,pole 13 SW
2025-10-24T20:58:06.516119+00:00,26.6734285,-81.80520783333333,28:70:4e:d0:87:50,-54,5745,150,Bermuda Guest WIFI,pole 13 E
2025-10-24T20:58:06.516119+00:00,26.6734285,-81.80520783333333,2e:70:4e:d0:87:50,-55,5745,150,Bermuda,pole 13 E
2025-10-24T20:58:06.516119+00:00,26.6734285,-81.80520783333333,28:70:4e:dd:d0:49,-60,2437,6,Bermuda 2G,pole 13 SW
2025-10-24T20:58:06.516119+00:00,26.6734285,-81.80520783333333,2e:70:4e:dd:d0:49,-60,2437,6,Bermuda Guest WIFI 2G,pole 13 SW
2025-10-24T20:58:06.516119+00:00,26.6734285,-81.80520783333333,28:70:4e:d0:88:fa,-71,5765,154,Bermuda Guest WIFI,pole 11
2025-10-24T20:58:06.516119+00:00,26.6734285,-81.80520783333333,2e:70:4e:d0:88:fa,-71,5765,154,Bermuda,pole 11
2025-10-24T20:58:06.516119+00:00,26.6734285,-81.80520783333333,28:70:4e:d0:88:f9,-76,2412,1,Bermuda 2G,pole 11
2025-10-24T20:58:06.516119+00:00,26.6734285,-81.80520783333333,2e:70:4e:d0:88:f9,-76,2412,1,Bermuda Guest WIFI 2G,pole 11
2025-10-24T20:58:06.516119+00:00,26.6734285,-81.80520783333333,28:70:4e:d0:87:4f,-76,2462,11,Bermuda 2G,pole 13 E
2025-10-24T20:58:06.516119+00:00,26.6734285,-81.80520783333333,2e:70:4e:d0:87:4f,-76,2462,11,Bermuda Guest WIFI 2G,pole 13 E
2025-10-24T20:58:06.516119+00:00,26.6734285,-81.80520783333333,28:70:4e:d0:88:22,-79,5765,154,Bermuda Guest WIFI,pole 14
2025-10-24T20:58:06.516119+00:00,26.6734285,-81.80520783333333,28:70:4e:d0:89:0c,-79,5220,45,Bermuda Guest WIFI,pole 10
2025-10-24T20:58:06.516119+00:00,26.6734285,-81.80520783333333,2e:70:4e:d0:88:22,-80,5765,154,Bermuda,pole 14
2025-10-24T20:58:06.516119+00:00,26.6734285,-81.80520783333333,2e:70:4e:d0:89:0c,-80,5220,45,Bermuda,pole 10
2025-10-24T20:58:06.516119+00:00,26.6734285,-81.80520783333333,6a:4e:05:22:b2:a8,-86,2412,1,venus-HQ2519UPV7N-e3f,Unknown
2025-10-24T20:58:06.516119+00:00,26.673427166666666,-81.80521666666667,28:70:4e:dd:d0:4a,-47,5240,49,Bermuda Guest WIFI,pole 13 SW
2025-10-24T20:58:06.516119+00:00,26.673427166666666,-81.80521666666667,2e:70:4e:dd:d0:4a,-47,5240,49,Bermuda,pole 13 SW
2025-10-24T20:58:06.516119+00:00,26.673427166666666,-81.80521666666667,2e:70:4e:d0:87:50,-53,5745,150,Bermuda,pole 13 E
2025-10-24T20:58:06.516119+00:00,26.673427166666666,-81.80521666666667,28:70:4e:d0:87:50,-53,5745,150,Bermuda Guest WIFI,pole 13 E
2025-10-24T20:58:06.516119+00:00,26.673427166666666,-81.80521666666667,28:70:4e:dd:d0:49,-60,2437,6,Bermuda 2G,pole 13 SW
2025-10-24T20:58:06.516119+00:00,26.673427166666666,-81.80521666666667,2e:70:4e:dd:d0:49,-60,2437,6,Bermuda Guest WIFI 2G,pole 13 SW
2025-10-24T20:58:06.516119+00:00,26.673427166666666,-81.80521666666667,28:70:4e:d0:87:4f,-67,2462,11,Bermuda 2G,pole 13 E
2025-10-24T20:58:06.516119+00:00,26.673427166666666,-81.80521666666667,2e:70:4e:d0:87:4f,-67,2462,11,Bermuda Guest WIFI 2G,pole 13 E
2025-10-24T20:58:06.516119+00:00,26.673427166666666,-81.80521666666667,28:70:4e:d0:88:fa,-71,5765,154,Bermuda Guest WIFI,pole 11
2025-10-24T20:58:06.516119+00:00,26.673427166666666,-81.80521666666667,2e:70:4e:d0:88:fa,-71,5765,154,Bermuda,pole 11
2025-10-24T20:58:06.516119+00:00,26.673427166666666,-81.80521666666667,28:70:4e:d0:88:f9,-76,2412,1,Bermuda 2G,pole 11
2025-10-24T20:58:06.516119+00:00,26.673427166666666,-81.80521666666667,2e:70:4e:d0:88:f9,-76,2412,1,Bermuda Guest WIFI 2G,pole 11
2025-10-24T20:58:06.516119+00:00,26.673427166666666,-81.80521666666667,28:70:4e:d2:92:ab,-77,5745,150,Bermuda Guest WIFI,pole 12 N
2025-10-24T20:58:06.516119+00:00,26.673427166666666,-81.80521666666667,28:70:4e:d0:89:0c,-79,5220,45,Bermuda Guest WIFI,pole 10
2025-10-24T20:58:06.516119+00:00,26.673427166666666,-81.80521666666667,2e:70:4e:d0:89:0c,-80,5220,45,Bermuda,pole 10
2025-10-24T20:58:06.516119+00:00,26.673427166666666,-81.80521666666667,28:70:4e:d0:88:22,-81,5765,154,Bermuda Guest WIFI,pole 14
2025-10-24T20:58:06.516119+00:00,26.673427166666666,-81.80521666666667,2e:70:4e:d0:88:22,-81,5765,154,Bermuda,pole 14
2025-10-24T20:58:06.516119+00:00,26.673427166666666,-81.80521666666667,6a:4e:05:22:b2:a8,-86,2412,1,venus-HQ2519UPV7N-e3f,Unknown
2025-10-24T20:58:06.516119+00:00,26.673423166666666,-81.80520733333333,28:70:4e:dd:d0:4a,-42,5240,49,Bermuda Guest WIFI,pole 13 SW
2025-10-24T20:58:06.516119+00:00,26.673423166666666,-81.80520733333333,2e:70:4e:dd:d0:4a,-42,5240,49,Bermuda,pole 13 SW
2025-10-24T20:58:06.516119+00:00,26.673423166666666,-81.80520733333333,2e:70:4e:d0:87:50,-50,5745,150,Bermuda,pole 13 E
2025-10-24T20:58:06.516119+00:00,26.673423166666666,-81.80520733333333,28:70:4e:d0:87:50,-50,5745,150,Bermuda Guest WIFI,pole 13 E
2025-10-24T20:58:06.516119+00:00,26.673423166666666,-81.80520733333333,28:70:4e:dd:d0:49,-58,2437,6,Bermuda 2G,pole 13 SW
2025-10-24T20:58:06.516119+00:00,26.673423166666666,-81.80520733333333,2e:70:4e:dd:d0:49,-58,2437,6,Bermuda Guest WIFI 2G,pole 13 SW
2025-10-24T20:58:06.516119+00:00,26.673423166666666,-81.80520733333333,28:70:4e:d0:87:4f,-70,2462,11,Bermuda 2G,pole 13 E
2025-10-24T20:58:06.516119+00:00,26.673423166666666,-81.80520733333333,2e:70:4e:d0:87:4f,-71,2462,11,Bermuda Guest WIFI 2G,pole 13 E
2025-10-24T20:58:06.516119+00:00,26.673423166666666,-81.80520733333333,28:70:4e:d0:88:fa,-71,5765,154,Bermuda Guest WIFI,pole 11
2025-10-24T20:58:06.516119+00:00,26.673423166666666,-81.80520733333333,2e:70:4e:d0:88:fa,-71,5765,154,Bermuda,pole 11
2025-10-24T20:58:06.516119+00:00,26.673423166666666,-81.80520733333333,28:70:4e:d0:88:f9,-76,2412,1,Bermuda 2G,pole 11
2025-10-24T20:58:06.516119+00:00,26.673423166666666,-81.80520733333333,2e:70:4e:d0:88:f9,-76,2412,1,Bermuda Guest WIFI 2G,pole 11
2025-10-24T20:58:06.516119+00:00,26.673423166666666,-81.80520733333333,28:70:4e:d2:92:ab,-77,5745,150,Bermuda Guest WIFI,pole 12 N
2025-10-24T20:58:06.516119+00:00,26.673423166666666,-81.80520733333333,28:70:4e:d0:89:0c,-79,5220,45,Bermuda Guest WIFI,pole 10
2025-10-24T20:58:06.516119+00:00,26.673423166666666,-81.80520733333333,2e:70:4e:d0:89:0c,-80,5220,45,Bermuda,pole 10
2025-10-24T20:58:06.516119+00:00,26.673423166666666,-81.80520733333333,28:70:4e:d0:88:22,-81,5765,154,Bermuda Guest WIFI,pole 14
2025-10-24T20:58:06.516119+00:00,26.673423166666666,-81.80520733333333,2e:70:4e:d0:88:22,-81,5765,154,Bermuda,pole 14
2025-10-24T20:58:06.516119+00:00,26.673423166666666,-81.80520733333333,28:70:4e:d0:86:c3,-83,5765,154,Bermuda Guest WIFI,pole 12 W
2025-10-24T20:58:06.516119+00:00,26.673423166666666,-81.80520733333333,2e:70:4e:d0:86:c3,-83,5765,154,Bermuda,pole 12 W
2025-10-24T20:58:06.516119+00:00,26.673423166666666,-81.80520733333333,6a:4e:05:22:b2:a8,-86,2412,1,venus-HQ2519UPV7N-e3f,Unknown
2025-10-24T20:59:10.393268+00:00,26.673425666666667,-81.80519483333333,28:70:4e:dd:d0:4a,-44,5240,49,Bermuda Guest WIFI,pole 13 SW
2025-10-24T20:59:10.393268+00:00,26.673425666666667,-81.80519483333333,2e:70:4e:dd:d0:4a,-44,5240,49,Bermuda,pole 13 SW
2025-10-24T20:59:10.393268+00:00,26.673425666666667,-81.80519483333333,2e:70:4e:d0:87:50,-51,5745,150,Bermuda,pole 13 E
2025-10-24T20:59:10.393268+00:00,26.673425666666667,-81.80519483333333,28:70:4e:d0:87:50,-51,5745,150,Bermuda Guest WIFI,pole 13 E
2025-10-24T20:59:10.393268+00:00,26.673425666666667,-81.80519483333333,28:70:4e:dd:d0:49,-62,2437,6,Bermuda 2G,pole 13 SW
2025-10-24T20:59:10.393268+00:00,26.673425666666667,-81.80519483333333,2e:70:4e:dd:d0:49,-63,2437,6,Bermuda Guest WIFI 2G,pole 13 SW
2025-10-24T20:59:10.393268+00:00,26.673425666666667,-81.80519483333333,28:70:4e:d0:87:4f,-68,2462,11,Bermuda 2G,pole 13 E
2025-10-24T20:59:10.393268+00:00,26.673425666666667,-81.80519483333333,2e:70:4e:d0:87:4f,-69,2462,11,Bermuda Guest WIFI 2G,pole 13 E
2025-10-24T20:59:10.393268+00:00,26.673425666666667,-81.80519483333333,28:70:4e:d0:88:fa,-69,5765,154,Bermuda Guest WIFI,pole 11
2025-10-24T20:59:10.393268+00:00,26.673425666666667,-81.80519483333333,2e:70:4e:d0:88:fa,-69,5765,154,Bermuda,pole 11
2025-10-24T20:59:10.393268+00:00,26.673425666666667,-81.80519483333333,28:70:4e:d2:92:ab,-77,5745,150,Bermuda Guest WIFI,pole 12 N
2025-10-24T20:59:10.393268+00:00,26.673425666666667,-81.80519483333333,2e:70:4e:d2:92:ab,-77,5745,150,Bermuda,pole 12 N
2025-10-24T20:59:10.393268+00:00,26.673425666666667,-81.80519483333333,28:70:4e:d0:88:22,-79,5765,154,Bermuda Guest WIFI,pole 14
2025-10-24T20:59:10.393268+00:00,26.673425666666667,-81.80519483333333,2e:70:4e:d0:88:22,-79,5765,154,Bermuda,pole 14
2025-10-24T20:59:10.393268+00:00,26.673425666666667,-81.80519483333333,28:70:4e:d0:89:0c,-79,5220,45,Bermuda Guest WIFI,pole 10
2025-10-24T20:59:10.393268+00:00,26.673425666666667,-81.80519483333333,2e:70:4e:d0:89:0c,-80,5220,45,Bermuda,pole 10
2025-10-24T20:59:10.393268+00:00,26.673425666666667,-81.80519866666667,28:70:4e:dd:d0:4a,-38,5240,49,Bermuda Guest WIFI,pole 13 SW
2025-10-24T20:59:10.393268+00:00,26.673425666666667,-81.80519866666667,2e:70:4e:dd:d0:4a,-38,5240,49,Bermuda,pole 13 SW
2025-10-24T20:59:10.393268+00:00,26.673425666666667,-81.80519866666667,2e:70:4e:d0:87:50,-50,5745,150,Bermuda,pole 13 E
2025-10-24T20:59:10.393268+00:00,26.673425666666667,-81.80519866666667,28:70:4e:d0:87:50,-50,5745,150,Bermuda Guest WIFI,pole 13 E
2025-10-24T20:59:10.393268+00:00,26.673425666666667,-81.80519866666667,28:70:4e:dd:d0:49,-57,2437,6,Bermuda 2G,pole 13 SW
2025-10-24T20:59:10.393268+00:00,26.673425666666667,-81.80519866666667,2e:70:4e:dd:d0:49,-58,2437,6,Bermuda Guest WIFI 2G,pole 13 SW
2025-10-24T20:59:10.393268+00:00,26.673425666666667,-81.80519866666667,28:70:4e:d0:88:fa,-69,5765,154,Bermuda Guest WIFI,pole 11
2025-10-24T20:59:10.393268+00:00,26.673425666666667,-81.80519866666667,2e:70:4e:d0:88:fa,-69,5765,154,Bermuda,pole 11
2025-10-24T20:59:10.393268+00:00,26.673425666666667,-81.80519866666667,28:70:4e:d0:87:4f,-72,2462,11,Bermuda 2G,pole 13 E
2025-10-24T20:59:10.393268+00:00,26.673425666666667,-81.80519866666667,2e:70:4e:d0:87:4f,-74,2462,11,Bermuda Guest WIFI 2G,pole 13 E
2025-10-24T20:59:10.393268+00:00,26.673425666666667,-81.80519866666667,28:70:4e:d2:92:ab,-77,5745,150,Bermuda Guest WIFI,pole 12 N
2025-10-24T20:59:10.393268+00:00,26.673425666666667,-81.80519866666667,2e:70:4e:d2:92:ab,-77,5745,150,Bermuda,pole 12 N
2025-10-24T20:59:10.393268+00:00,26.673425666666667,-81.80519866666667,28:70:4e:d0:88:22,-79,5765,154,Bermuda Guest WIFI,pole 14
2025-10-24T20:59:10.393268+00:00,26.673425666666667,-81.80519866666667,2e:70:4e:d0:88:22,-79,5765,154,Bermuda,pole 14
2025-10-24T20:59:10.393268+00:00,26.673425666666667,-81.80519866666667,28:70:4e:d0:89:0c,-79,5220,45,Bermuda Guest WIFI,pole 10
2025-10-24T20:59:10.393268+00:00,26.673425666666667,-81.80519866666667,2e:70:4e:d0:89:0c,-80,5220,45,Bermuda,pole 10
2025-10-24T20:59:10.393268+00:00,26.673425666666667,-81.80519866666667,6a:4e:05:22:b2:a8,-85,2412,1,venus-HQ2519UPV7N-e3f,Unknown
2025-10-24T20:59:10.393268+00:00,26.673425666666667,-81.805201,28:70:4e:dd:d0:4a,-45,5240,49,Bermuda Guest WIFI,pole 13 SW
2025-10-24T20:59:10.393268+00:00,26.673425666666667,-81.805201,2e:70:4e:dd:d0:4a,-45,5240,49,Bermuda,pole 13 SW
2025-10-24T20:59:10.393268+00:00,26.673425666666667,-81.805201,28:70:4e:d0:87:50,-49,5745,150,Bermuda Guest WIFI,pole 13 E
2025-10-24T20:59:10.393268+00:00,26.673425666666667,-81.805201,2e:70:4e:d0:87:50,-50,5745,150,Bermuda,pole 13 E
2025-10-24T20:59:10.393268+00:00,26.673425666666667,-81.805201,28:70:4e:dd:d0:49,-63,2437,6,Bermuda 2G,pole 13 SW
2025-10-24T20:59:10.393268+00:00,26.673425666666667,-81.805201,2e:70:4e:dd:d0:49,-63,2437,6,Bermuda Guest WIFI 2G,pole 13 SW
2025-10-24T20:59:10.393268+00:00,26.673425666666667,-81.805201,28:70:4e:d0:87:4f,-67,2462,11,Bermuda 2G,pole 13 E
2025-10-24T20:59:10.393268+00:00,26.673425666666667,-81.805201,2e:70:4e:d0:87:4f,-67,2462,11,Bermuda Guest WIFI 2G,pole 13 E
2025-10-24T20:59:10.393268+00:00,26.673425666666667,-81.805201,28:70:4e:d0:88:fa,-69,5765,154,Bermuda Guest WIFI,pole 11
2025-10-24T20:59:10.393268+00:00,26.673425666666667,-81.805201,2e:70:4e:d0:88:fa,-69,5765,154,Bermuda,pole 11
2025-10-24T20:59:10.393268+00:00,26.673425666666667,-81.805201,28:70:4e:d2:92:ab,-77,5745,150,Bermuda Guest WIFI,pole 12 N
2025-10-24T20:59:10.393268+00:00,26.673425666666667,-81.805201,2e:70:4e:d2:92:ab,-77,5745,150,Bermuda,pole 12 N
2025-10-24T20:59:10.393268+00:00,26.673425666666667,-81.805201,28:70:4e:d0:89:0c,-79,5220,45,Bermuda Guest WIFI,pole 10
2025-10-24T20:59:10.393268+00:00,26.673425666666667,-81.805201,28:70:4e:d0:88:22,-80,5765,154,Bermuda Guest WIFI,pole 14
2025-10-24T20:59:10.393268+00:00,26.673425666666667,-81.805201,2e:70:4e:d0:88:22,-80,5765,154,Bermuda,pole 14
2025-10-24T20:59:10.393268+00:00,26.673425666666667,-81.805201,2e:70:4e:d0:89:0c,-80,5220,45,Bermuda,pole 10
2025-10-24T20:59:10.393268+00:00,26.673425666666667,-81.805201,28:70:4e:d2:92:aa,-84,2437,6,Bermuda 2G,pole 12 N
2025-10-24T20:59:10.393268+00:00,26.673425666666667,-81.805201,6a:4e:05:22:b2:a8,-85,2412,1,venus-HQ2519UPV7N-e3f,Unknown
2025-10-24T20:59:10.393268+00:00,26.673428,-81.80520250000001,28:70:4e:dd:d0:4a,-38,5240,49,Bermuda Guest WIFI,pole 13 SW
2025-10-24T20:59:10.393268+00:00,26.673428,-81.80520250000001,2e:70:4e:dd:d0:4a,-38,5240,49,Bermuda,pole 13 SW
2025-10-24T20:59:10.393268+00:00,26.673428,-81.80520250000001,28:70:4e:d0:87:50,-49,5745,150,Bermuda Guest WIFI,pole 13 E
2025-10-24T20:59:10.393268+00:00,26.673428,-81.80520250000001,2e:70:4e:d0:87:50,-50,5745,150,Bermuda,pole 13 E
2025-10-24T20:59:10.393268+00:00,26.673428,-81.80520250000001,28:70:4e:dd:d0:49,-59,2437,6,Bermuda 2G,pole 13 SW
2025-10-24T20:59:10.393268+00:00,26.673428,-81.80520250000001,2e:70:4e:dd:d0:49,-60,2437,6,Bermuda Guest WIFI 2G,pole 13 SW
2025-10-24T20:59:10.393268+00:00,26.673428,-81.80520250000001,28:70:4e:d0:88:fa,-69,5765,154,Bermuda Guest WIFI,pole 11
2025-10-24T20:59:10.393268+00:00,26.673428,-81.80520250000001,2e:70:4e:d0:88:fa,-69,5765,154,Bermuda,pole 11
2025-10-24T20:59:10.393268+00:00,26.673428,-81.80520250000001,28:70:4e:d0:87:4f,-75,2462,11,Bermuda 2G,pole 13 E
2025-10-24T20:59:10.393268+00:00,26.673428,-81.80520250000001,2e:70:4e:d0:87:4f,-75,2462,11,Bermuda Guest WIFI 2G,pole 13 E
2025-10-24T20:59:10.393268+00:00,26.673428,-81.80520250000001,28:70:4e:d0:89:0c,-79,5220,45,Bermuda Guest WIFI,pole 10
2025-10-24T20:59:10.393268+00:00,26.673428,-81.80520250000001,28:70:4e:d0:88:22,-80,5765,154,Bermuda Guest WIFI,pole 14
2025-10-24T20:59:10.393268+00:00,26.673428,-81.80520250000001,2e:70:4e:d0:88:22,-80,5765,154,Bermuda,pole 14
2025-10-24T20:59:10.393268+00:00,26.673428,-81.80520250000001,2e:70:4e:d0:89:0c,-80,5220,45,Bermuda,pole 10
2025-10-24T20:59:10.393268+00:00,26.673428,-81.80520250000001,28:70:4e:d2:92:ab,-81,5745,150,Bermuda Guest WIFI,pole 12 N
2025-10-24T20:59:10.393268+00:00,26.673428,-81.80520250000001,2e:70:4e:d2:92:ab,-81,5745,150,Bermuda,pole 12 N
2025-10-24T20:59:10.393268+00:00,26.673428,-81.80520250000001,28:70:4e:d2:92:aa,-84,2437,6,Bermuda 2G,pole 12 N
2025-10-24T20:59:10.393268+00:00,26.673428,-81.80520250000001,6a:4e:05:22:b2:a8,-87,2412,1,venus-HQ2519UPV7N-e3f,Unknown
2025-10-24T21:00:12.372883+00:00,26.673463666666667,-81.80525983333334,28:70:4e:dd:d0:4a,-48,5240,49,Bermuda Guest WIFI,pole 13 SW
2025-10-24T21:00:12.372883+00:00,26.673463666666667,-81.80525983333334,2e:70:4e:dd:d0:4a,-48,5240,49,Bermuda,pole 13 SW
2025-10-24T21:00:12.372883+00:00,26.673463666666667,-81.80525983333334,2e:70:4e:d0:87:50,-51,5745,150,Bermuda,pole 13 E
2025-10-24T21:00:12.372883+00:00,26.673463666666667,-81.80525983333334,28:70:4e:dd:d0:49,-58,2437,6,Bermuda 2G,pole 13 SW
2025-10-24T21:00:12.372883+00:00,26.673463666666667,-81.80525983333334,2e:70:4e:dd:d0:49,-58,2437,6,Bermuda Guest WIFI 2G,pole 13 SW
2025-10-24T21:00:12.372883+00:00,26.673463666666667,-81.80525983333334,28:70:4e:d0:87:4f,-68,2462,11,Bermuda 2G,pole 13 E
2025-10-24T21:00:12.372883+00:00,26.673463666666667,-81.80525983333334,2e:70:4e:d0:87:4f,-68,2462,11,Bermuda Guest WIFI 2G,pole 13 E
2025-10-24T21:00:12.372883+00:00,26.673463666666667,-81.80525983333334,28:70:4e:d0:89:0c,-79,5220,45,Bermuda Guest WIFI,pole 10
2025-10-24T21:00:12.372883+00:00,26.673463666666667,-81.80525983333334,2e:70:4e:d0:89:0c,-79,5220,45,Bermuda,pole 10
2025-10-24T21:00:12.372883+00:00,26.673463666666667,-81.80525983333334,28:70:4e:d0:86:c3,-81,5765,154,Bermuda Guest WIFI,pole 12 W
2025-10-24T21:00:12.372883+00:00,26.673463666666667,-81.80525983333334,2e:70:4e:d0:86:c3,-82,5765,154,Bermuda,pole 12 W
2025-10-24T21:00:12.372883+00:00,26.673468,-81.80527616666667,28:70:4e:dd:d0:4a,-40,5240,49,Bermuda Guest WIFI,pole 13 SW
2025-10-24T21:00:12.372883+00:00,26.673468,-81.80527616666667,2e:70:4e:dd:d0:4a,-40,5240,49,Bermuda,pole 13 SW
2025-10-24T21:00:12.372883+00:00,26.673468,-81.80527616666667,2e:70:4e:d0:87:50,-49,5745,150,Bermuda,pole 13 E
2025-10-24T21:00:12.372883+00:00,26.673468,-81.80527616666667,28:70:4e:d0:87:50,-49,5745,150,Bermuda Guest WIFI,pole 13 E
2025-10-24T21:00:12.372883+00:00,26.673468,-81.80527616666667,28:70:4e:dd:d0:49,-58,2437,6,Bermuda 2G,pole 13 SW
2025-10-24T21:00:12.372883+00:00,26.673468,-81.80527616666667,2e:70:4e:dd:d0:49,-58,2437,6,Bermuda Guest WIFI 2G,pole 13 SW
2025-10-24T21:00:12.372883+00:00,26.673468,-81.80527616666667,28:70:4e:d0:87:4f,-68,2462,11,Bermuda 2G,pole 13 E
2025-10-24T21:00:12.372883+00:00,26.673468,-81.80527616666667,2e:70:4e:d0:87:4f,-68,2462,11,Bermuda Guest WIFI 2G,pole 13 E
2025-10-24T21:00:12.372883+00:00,26.673468,-81.80527616666667,28:70:4e:d0:89:0c,-79,5220,45,Bermuda Guest WIFI,pole 10
2025-10-24T21:00:12.372883+00:00,26.673468,-81.80527616666667,2e:70:4e:d0:89:0c,-79,5220,45,Bermuda,pole 10
2025-10-24T21:00:12.372883+00:00,26.673468,-81.80527616666667,1c:6a:1b:63:f6:f6,-79,5240,49,Bermuda Guest WIFI,Outside SW
2025-10-24T21:00:12.372883+00:00,26.673468,-81.80527616666667,22:6a:1b:63:f6:f6,-80,5240,49,Bermuda,Outside SW
2025-10-24T21:00:12.372883+00:00,26.673468,-81.80527616666667,28:70:4e:d0:86:c3,-81,5765,154,Bermuda Guest WIFI,pole 12 W
2025-10-24T21:00:12.372883+00:00,26.673468,-81.80527616666667,2e:70:4e:d0:86:c3,-82,5765,154,Bermuda,pole 12 W
2025-10-24T21:00:12.372883+00:00,26.673468,-81.80527616666667,6a:4e:05:22:b2:a8,-85,2412,1,venus-HQ2519UPV7N-e3f,Unknown
2025-10-24T21:00:12.372883+00:00,26.6734605,-81.80526,28:70:4e:dd:d0:4a,-49,5240,49,Bermuda Guest WIFI,pole 13 SW
2025-10-24T21:00:12.372883+00:00,26.6734605,-81.80526,2e:70:4e:dd:d0:4a,-49,5240,49,Bermuda,pole 13 SW
2025-10-24T21:00:12.372883+00:00,26.6734605,-81.80526,28:70:4e:d0:87:50,-49,5745,150,Bermuda Guest WIFI,pole 13 E
2025-10-24T21:00:12.372883+00:00,26.6734605,-81.80526,2e:70:4e:d0:87:50,-50,5745,150,Bermuda,pole 13 E
2025-10-24T21:00:12.372883+00:00,26.6734605,-81.80526,28:70:4e:dd:d0:49,-58,2437,6,Bermuda 2G,pole 13 SW
2025-10-24T21:00:12.372883+00:00,26.6734605,-81.80526,2e:70:4e:dd:d0:49,-58,2437,6,Bermuda Guest WIFI 2G,pole 13 SW
2025-10-24T21:00:12.372883+00:00,26.6734605,-81.80526,28:70:4e:d0:87:4f,-68,2462,11,Bermuda 2G,pole 13 E
2025-10-24T21:00:12.372883+00:00,26.6734605,-81.80526,28:70:4e:d0:88:fa,-68,5765,154,Bermuda Guest WIFI,pole 11
2025-10-24T21:00:12.372883+00:00,26.6734605,-81.80526,2e:70:4e:d0:87:4f,-69,2462,11,Bermuda Guest WIFI 2G,pole 13 E
2025-10-24T21:00:12.372883+00:00,26.6734605,-81.80526,28:70:4e:d0:89:0c,-79,5220,45,Bermuda Guest WIFI,pole 10
2025-10-24T21:00:12.372883+00:00,26.6734605,-81.80526,2e:70:4e:d0:89:0c,-79,5220,45,Bermuda,pole 10
2025-10-24T21:00:12.372883+00:00,26.6734605,-81.80526,1c:6a:1b:63:f6:f6,-79,5240,49,Bermuda Guest WIFI,Outside SW
2025-10-24T21:00:12.372883+00:00,26.6734605,-81.80526,22:6a:1b:63:f6:f6,-80,5240,49,Bermuda,Outside SW
2025-10-24T21:00:12.372883+00:00,26.6734605,-81.80526,28:70:4e:d2:92:ab,-80,5745,150,Bermuda Guest WIFI,pole 12 N
2025-10-24T21:00:12.372883+00:00,26.6734605,-81.80526,2e:70:4e:d2:92:ab,-80,5745,150,Bermuda,pole 12 N
2025-10-24T21:00:12.372883+00:00,26.6734605,-81.80526,28:70:4e:d0:86:c3,-81,5765,154,Bermuda Guest WIFI,pole 12 W
2025-10-24T21:00:12.372883+00:00,26.6734605,-81.80526,2e:70:4e:d0:86:c3,-82,5765,154,Bermuda,pole 12 W
2025-10-24T21:00:12.372883+00:00,26.6734605,-81.80526,6a:4e:05:22:b2:a8,-85,2412,1,venus-HQ2519UPV7N-e3f,Unknown
2025-10-24T21:00:12.372883+00:00,26.67345316666667,-81.8052605,28:70:4e:dd:d0:4a,-40,5240,49,Bermuda Guest WIFI,pole 13 SW
2025-10-24T21:00:12.372883+00:00,26.67345316666667,-81.8052605,2e:70:4e:dd:d0:4a,-40,5240,49,Bermuda,pole 13 SW
2025-10-24T21:00:12.372883+00:00,26.67345316666667,-81.8052605,28:70:4e:d0:87:50,-49,5745,150,Bermuda Guest WIFI,pole 13 E
2025-10-24T21:00:12.372883+00:00,26.67345316666667,-81.8052605,2e:70:4e:d0:87:50,-50,5745,150,Bermuda,pole 13 E
2025-10-24T21:00:12.372883+00:00,26.67345316666667,-81.8052605,28:70:4e:dd:d0:49,-62,2437,6,Bermuda 2G,pole 13 SW
2025-10-24T21:00:12.372883+00:00,26.67345316666667,-81.8052605,2e:70:4e:dd:d0:49,-62,2437,6,Bermuda Guest WIFI 2G,pole 13 SW
2025-10-24T21:00:12.372883+00:00,26.67345316666667,-81.8052605,28:70:4e:d0:87:4f,-67,2462,11,Bermuda 2G,pole 13 E
2025-10-24T21:00:12.372883+00:00,26.67345316666667,-81.8052605,2e:70:4e:d0:87:4f,-68,2462,11,Bermuda Guest WIFI 2G,pole 13 E
2025-10-24T21:00:12.372883+00:00,26.67345316666667,-81.8052605,28:70:4e:d0:88:fa,-68,5765,154,Bermuda Guest WIFI,pole 11
2025-10-24T21:00:12.372883+00:00,26.67345316666667,-81.8052605,28:70:4e:d0:89:0c,-79,5220,45,Bermuda Guest WIFI,pole 10
2025-10-24T21:00:12.372883+00:00,26.67345316666667,-81.8052605,2e:70:4e:d0:89:0c,-79,5220,45,Bermuda,pole 10
2025-10-24T21:00:12.372883+00:00,26.67345316666667,-81.8052605,1c:6a:1b:63:f6:f6,-79,5240,49,Bermuda Guest WIFI,Outside SW
2025-10-24T21:00:12.372883+00:00,26.67345316666667,-81.8052605,22:6a:1b:63:f6:f6,-80,5240,49,Bermuda,Outside SW
2025-10-24T21:00:12.372883+00:00,26.67345316666667,-81.8052605,28:70:4e:d2:92:ab,-80,5745,150,Bermuda Guest WIFI,pole 12 N
2025-10-24T21:00:12.372883+00:00,26.67345316666667,-81.8052605,2e:70:4e:d2:92:ab,-80,5745,150,Bermuda,pole 12 N
2025-10-24T21:00:12.372883+00:00,26.67345316666667,-81.8052605,28:70:4e:d0:86:c3,-81,5765,154,Bermuda Guest WIFI,pole 12 W
2025-10-24T21:00:12.372883+00:00,26.67345316666667,-81.8052605,2e:70:4e:d0:86:c3,-82,5765,154,Bermuda,pole 12 W
2025-10-24T21:00:12.372883+00:00,26.67345316666667,-81.8052605,6a:4e:05:22:b2:a8,-85,2412,1,venus-HQ2519UPV7N-e3f,Unknown
2025-10-24T21:01:11.514557+00:00,26.673422333333335,-81.80523366666667,2e:70:4e:d0:87:50,-52,5745,150,Bermuda,pole 13 E
2025-10-24T21:01:11.514557+00:00,26.673422333333335,-81.80523366666667,28:70:4e:dd:d0:4a,-52,5240,49,Bermuda Guest WIFI,pole 13 SW
2025-10-24T21:01:11.514557+00:00,26.673422333333335,-81.80523366666667,2e:70:4e:dd:d0:4a,-52,5240,49,Bermuda,pole 13 SW
2025-10-24T21:01:11.514557+00:00,26.673422333333335,-81.80523366666667,28:70:4e:dd:d0:49,-57,2437,6,Bermuda 2G,pole 13 SW
2025-10-24T21:01:11.514557+00:00,26.673422333333335,-81.80523366666667,2e:70:4e:dd:d0:49,-58,2437,6,Bermuda Guest WIFI 2G,pole 13 SW
2025-10-24T21:01:11.514557+00:00,26.673422333333335,-81.80523366666667,28:70:4e:d0:87:4f,-65,2462,11,Bermuda 2G,pole 13 E
2025-10-24T21:01:11.514557+00:00,26.673422333333335,-81.80523366666667,2e:70:4e:d0:87:4f,-65,2462,11,Bermuda Guest WIFI 2G,pole 13 E
2025-10-24T21:01:11.514557+00:00,26.673422333333335,-81.80523366666667,28:70:4e:d0:88:fa,-65,5765,154,Bermuda Guest WIFI,pole 11
2025-10-24T21:01:11.514557+00:00,26.673438666666666,-81.80526133333333,28:70:4e:dd:d0:4a,-44,5240,49,Bermuda Guest WIFI,pole 13 SW
2025-10-24T21:01:11.514557+00:00,26.673438666666666,-81.80526133333333,2e:70:4e:dd:d0:4a,-44,5240,49,Bermuda,pole 13 SW
2025-10-24T21:01:11.514557+00:00,26.673438666666666,-81.80526133333333,2e:70:4e:d0:87:50,-57,5745,150,Bermuda,pole 13 E
2025-10-24T21:01:11.514557+00:00,26.673438666666666,-81.80526133333333,28:70:4e:d0:87:50,-57,5745,150,Bermuda Guest WIFI,pole 13 E
2025-10-24T21:01:11.514557+00:00,26.673438666666666,-81.80526133333333,28:70:4e:dd:d0:49,-61,2437,6,Bermuda 2G,pole 13 SW
2025-10-24T21:01:11.514557+00:00,26.673438666666666,-81.80526133333333,2e:70:4e:dd:d0:49,-61,2437,6,Bermuda Guest WIFI 2G,pole 13 SW
2025-10-24T21:01:11.514557+00:00,26.673438666666666,-81.80526133333333,28:70:4e:d0:88:fa,-65,5765,154,Bermuda Guest WIFI,pole 11
2025-10-24T21:01:11.514557+00:00,26.673438666666666,-81.80526133333333,28:70:4e:d0:87:4f,-72,2462,11,Bermuda 2G,pole 13 E
2025-10-24T21:01:11.514557+00:00,26.673438666666666,-81.80526133333333,2e:70:4e:d0:87:4f,-73,2462,11,Bermuda Guest WIFI 2G,pole 13 E
2025-10-24T21:01:11.514557+00:00,26.673438666666666,-81.80526133333333,2e:70:4e:d2:92:ab,-82,5745,150,Bermuda,pole 12 N
2025-10-24T21:01:11.514557+00:00,26.673423833333334,-81.80525466666667,28:70:4e:dd:d0:4a,-47,5240,49,Bermuda Guest WIFI,pole 13 SW
2025-10-24T21:01:11.514557+00:00,26.673423833333334,-81.80525466666667,2e:70:4e:dd:d0:4a,-47,5240,49,Bermuda,pole 13 SW
2025-10-24T21:01:11.514557+00:00,26.673423833333334,-81.80525466666667,2e:70:4e:d0:87:50,-57,5745,150,Bermuda,pole 13 E
2025-10-24T21:01:11.514557+00:00,26.673423833333334,-81.80525466666667,28:70:4e:d0:87:50,-57,5745,150,Bermuda Guest WIFI,pole 13 E
2025-10-24T21:01:11.514557+00:00,26.673423833333334,-81.80525466666667,28:70:4e:dd:d0:49,-61,2437,6,Bermuda 2G,pole 13 SW
2025-10-24T21:01:11.514557+00:00,26.673423833333334,-81.80525466666667,2e:70:4e:dd:d0:49,-63,2437,6,Bermuda Guest WIFI 2G,pole 13 SW
2025-10-24T21:01:11.514557+00:00,26.673423833333334,-81.80525466666667,28:70:4e:d0:88:fa,-65,5765,154,Bermuda Guest WIFI,pole 11
2025-10-24T21:01:11.514557+00:00,26.673423833333334,-81.80525466666667,2e:70:4e:d0:87:4f,-66,2462,11,Bermuda Guest WIFI 2G,pole 13 E
2025-10-24T21:01:11.514557+00:00,26.673423833333334,-81.80525466666667,28:70:4e:d0:87:4f,-67,2462,11,Bermuda 2G,pole 13 E
2025-10-24T21:01:11.514557+00:00,26.673423833333334,-81.80525466666667,28:70:4e:d2:92:ab,-77,5745,150,Bermuda Guest WIFI,pole 12 N
2025-10-24T21:01:11.514557+00:00,26.673423833333334,-81.80525466666667,2e:70:4e:d2:92:ab,-82,5745,150,Bermuda,pole 12 N
2025-10-24T21:01:11.514557+00:00,26.673441666666665,-81.80520866666667,28:70:4e:dd:d0:4a,-43,5240,49,Bermuda Guest WIFI,pole 13 SW
2025-10-24T21:01:11.514557+00:00,26.673441666666665,-81.80520866666667,2e:70:4e:dd:d0:4a,-43,5240,49,Bermuda,pole 13 SW
2025-10-24T21:01:11.514557+00:00,26.673441666666665,-81.80520866666667,2e:70:4e:d0:87:50,-53,5745,150,Bermuda,pole 13 E
2025-10-24T21:01:11.514557+00:00,26.673441666666665,-81.80520866666667,28:70:4e:d0:87:50,-53,5745,150,Bermuda Guest WIFI,pole 13 E
2025-10-24T21:01:11.514557+00:00,26.673441666666665,-81.80520866666667,28:70:4e:dd:d0:49,-61,2437,6,Bermuda 2G,pole 13 SW
2025-10-24T21:01:11.514557+00:00,26.673441666666665,-81.80520866666667,2e:70:4e:dd:d0:49,-62,2437,6,Bermuda Guest WIFI 2G,pole 13 SW
2025-10-24T21:01:11.514557+00:00,26.673441666666665,-81.80520866666667,28:70:4e:d0:88:fa,-65,5765,154,Bermuda Guest WIFI,pole 11
2025-10-24T21:01:11.514557+00:00,26.673441666666665,-81.80520866666667,28:70:4e:d0:87:4f,-70,2462,11,Bermuda 2G,pole 13 E
2025-10-24T21:01:11.514557+00:00,26.673441666666665,-81.80520866666667,2e:70:4e:d0:87:4f,-72,2462,11,Bermuda Guest WIFI 2G,pole 13 E
2025-10-24T21:01:11.514557+00:00,26.673441666666665,-81.80520866666667,1c:6a:1b:63:f6:f2,-74,5240,49,Bermuda Guest WIFI,Outside SE
2025-10-24T21:01:11.514557+00:00,26.673441666666665,-81.80520866666667,28:70:4e:d2:92:ab,-77,5745,150,Bermuda Guest WIFI,pole 12 N
2025-10-24T21:01:11.514557+00:00,26.673441666666665,-81.80520866666667,2e:70:4e:d2:92:ab,-82,5745,150,Bermuda,pole 12 N
2025-10-24T21:01:11.514557+00:00,26.673441666666665,-81.80520866666667,6a:4e:05:22:b2:a8,-85,2412,1,venus-HQ2519UPV7N-e3f,Unknown
2025-10-24T21:02:12.495406+00:00,26.673478833333334,-81.80492533333333,28:70:4e:dd:d0:4a,-44,5240,49,Bermuda Guest WIFI,pole 13 SW
2025-10-24T21:02:12.495406+00:00,26.673478833333334,-81.80492533333333,2e:70:4e:dd:d0:4a,-44,5240,49,Bermuda,pole 13 SW
2025-10-24T21:02:12.495406+00:00,26.673478833333334,-81.80492533333333,2e:70:4e:d0:87:50,-53,5745,150,Bermuda,pole 13 E
2025-10-24T21:02:12.495406+00:00,26.673478833333334,-81.80492533333333,28:70:4e:d0:87:50,-53,5745,150,Bermuda Guest WIFI,pole 13 E
2025-10-24T21:02:12.495406+00:00,26.673478833333334,-81.80492533333333,28:70:4e:dd:d0:49,-59,2437,6,Bermuda 2G,pole 13 SW
2025-10-24T21:02:12.495406+00:00,26.673478833333334,-81.80492533333333,2e:70:4e:dd:d0:49,-59,2437,6,Bermuda Guest WIFI 2G,pole 13 SW
2025-10-24T21:02:12.495406+00:00,26.673478833333334,-81.80492533333333,28:70:4e:d0:88:fa,-66,5765,154,Bermuda Guest WIFI,pole 11
2025-10-24T21:02:12.495406+00:00,26.673478833333334,-81.80492533333333,2e:70:4e:d0:88:fa,-66,5765,154,Bermuda,pole 11
2025-10-24T21:02:12.495406+00:00,26.673478833333334,-81.80492533333333,28:70:4e:d0:87:4f,-67,2462,11,Bermuda 2G,pole 13 E
2025-10-24T21:02:12.495406+00:00,26.673478833333334,-81.80492533333333,2e:70:4e:d0:87:4f,-68,2462,11,Bermuda Guest WIFI 2G,pole 13 E
2025-10-24T21:02:12.495406+00:00,26.673478833333334,-81.80492533333333,2e:70:4e:d0:88:22,-81,5765,154,Bermuda,pole 14
2025-10-24T21:02:12.495406+00:00,26.673478833333334,-81.80492533333333,28:70:4e:d0:88:22,-82,5765,154,Bermuda Guest WIFI,pole 14
2025-10-24T21:02:12.495406+00:00,26.673446666666667,-81.80506583333333,28:70:4e:dd:d0:4a,-40,5240,49,Bermuda Guest WIFI,pole 13 SW
2025-10-24T21:02:12.495406+00:00,26.673446666666667,-81.80506583333333,2e:70:4e:dd:d0:4a,-40,5240,49,Bermuda,pole 13 SW
2025-10-24T21:02:12.495406+00:00,26.673446666666667,-81.80506583333333,2e:70:4e:d0:87:50,-51,5745,150,Bermuda,pole 13 E
2025-10-24T21:02:12.495406+00:00,26.673446666666667,-81.80506583333333,28:70:4e:d0:87:50,-53,5745,150,Bermuda Guest WIFI,pole 13 E
2025-10-24T21:02:12.495406+00:00,26.673446666666667,-81.80506583333333,2e:70:4e:dd:d0:49,-58,2437,6,Bermuda Guest WIFI 2G,pole 13 SW
2025-10-24T21:02:12.495406+00:00,26.673446666666667,-81.80506583333333,28:70:4e:dd:d0:49,-59,2437,6,Bermuda 2G,pole 13 SW
2025-10-24T21:02:12.495406+00:00,26.673446666666667,-81.80506583333333,28:70:4e:d0:88:fa,-66,5765,154,Bermuda Guest WIFI,pole 11
2025-10-24T21:02:12.495406+00:00,26.673446666666667,-81.80506583333333,2e:70:4e:d0:88:fa,-66,5765,154,Bermuda,pole 11
2025-10-24T21:02:12.495406+00:00,26.673446666666667,-81.80506583333333,28:70:4e:d0:87:4f,-70,2462,11,Bermuda 2G,pole 13 E
2025-10-24T21:02:12.495406+00:00,26.673446666666667,-81.80506583333333,2e:70:4e:d0:87:4f,-71,2462,11,Bermuda Guest WIFI 2G,pole 13 E
2025-10-24T21:02:12.495406+00:00,26.673446666666667,-81.80506583333333,2e:70:4e:d0:88:22,-81,5765,154,Bermuda,pole 14
2025-10-24T21:02:12.495406+00:00,26.673446666666667,-81.80506583333333,28:70:4e:d0:88:22,-82,5765,154,Bermuda Guest WIFI,pole 14
2025-10-24T21:02:12.495406+00:00,26.673437333333332,-81.805084,28:70:4e:dd:d0:4a,-50,5240,49,Bermuda Guest WIFI,pole 13 SW
2025-10-24T21:02:12.495406+00:00,26.673437333333332,-81.805084,2e:70:4e:dd:d0:4a,-50,5240,49,Bermuda,pole 13 SW
2025-10-24T21:02:12.495406+00:00,26.673437333333332,-81.805084,2e:70:4e:d0:87:50,-51,5745,150,Bermuda,pole 13 E
2025-10-24T21:02:12.495406+00:00,26.673437333333332,-81.805084,28:70:4e:d0:87:50,-53,5745,150,Bermuda Guest WIFI,pole 13 E
2025-10-24T21:02:12.495406+00:00,26.673437333333332,-81.805084,28:70:4e:d0:88:fa,-66,5765,154,Bermuda Guest WIFI,pole 11
2025-10-24T21:02:12.495406+00:00,26.673437333333332,-81.805084,2e:70:4e:d0:88:fa,-66,5765,154,Bermuda,pole 11
2025-10-24T21:02:12.495406+00:00,26.673437333333332,-81.805084,28:70:4e:dd:d0:49,-73,2437,6,Bermuda 2G,pole 13 SW
2025-10-24T21:02:12.495406+00:00,26.673437333333332,-81.805084,2e:70:4e:dd:d0:49,-73,2437,6,Bermuda Guest WIFI 2G,pole 13 SW
2025-10-24T21:02:12.495406+00:00,26.673437333333332,-81.805084,28:70:4e:d0:87:4f,-74,2462,11,Bermuda 2G,pole 13 E
2025-10-24T21:02:12.495406+00:00,26.673437333333332,-81.805084,2e:70:4e:d0:87:4f,-74,2462,11,Bermuda Guest WIFI 2G,pole 13 E
2025-10-24T21:02:12.495406+00:00,26.673437333333332,-81.805084,2e:70:4e:d0:88:22,-81,5765,154,Bermuda,pole 14
2025-10-24T21:02:12.495406+00:00,26.673437333333332,-81.805084,28:70:4e:d0:88:22,-82,5765,154,Bermuda Guest WIFI,pole 14
2025-10-24T21:02:12.495406+00:00,26.673437333333332,-81.805084,28:70:4e:d0:86:c3,-83,5765,154,Bermuda Guest WIFI,pole 12 W
2025-10-24T21:02:12.495406+00:00,26.673437333333332,-81.805084,2e:70:4e:d0:86:c3,-83,5765,154,Bermuda,pole 12 W
2025-10-24T21:02:12.495406+00:00,26.673423166666666,-81.80518666666667,28:70:4e:dd:d0:4a,-41,5240,49,Bermuda Guest WIFI,pole 13 SW
2025-10-24T21:02:12.495406+00:00,26.673423166666666,-81.80518666666667,2e:70:4e:dd:d0:4a,-41,5240,49,Bermuda,pole 13 SW
2025-10-24T21:02:12.495406+00:00,26.673423166666666,-81.80518666666667,2e:70:4e:d0:87:50,-52,5745,150,Bermuda,pole 13 E
2025-10-24T21:02:12.495406+00:00,26.673423166666666,-81.80518666666667,28:70:4e:d0:87:50,-52,5745,150,Bermuda Guest WIFI,pole 13 E
2025-10-24T21:02:12.495406+00:00,26.673423166666666,-81.80518666666667,28:70:4e:dd:d0:49,-61,2437,6,Bermuda 2G,pole 13 SW
2025-10-24T21:02:12.495406+00:00,26.673423166666666,-81.80518666666667,2e:70:4e:dd:d0:49,-61,2437,6,Bermuda Guest WIFI 2G,pole 13 SW
2025-10-24T21:02:12.495406+00:00,26.673423166666666,-81.80518666666667,28:70:4e:d0:88:fa,-66,5765,154,Bermuda Guest WIFI,pole 11
2025-10-24T21:02:12.495406+00:00,26.673423166666666,-81.80518666666667,2e:70:4e:d0:88:fa,-66,5765,154,Bermuda,pole 11
2025-10-24T21:02:12.495406+00:00,26.673423166666666,-81.80518666666667,28:70:4e:d0:87:4f,-67,2462,11,Bermuda 2G,pole 13 E
2025-10-24T21:02:12.495406+00:00,26.673423166666666,-81.80518666666667,2e:70:4e:d0:87:4f,-68,2462,11,Bermuda Guest WIFI 2G,pole 13 E
2025-10-24T21:02:12.495406+00:00,26.673423166666666,-81.80518666666667,1c:6a:1b:63:f6:f6,-76,5240,49,Bermuda Guest WIFI,Outside SW
2025-10-24T21:02:12.495406+00:00,26.673423166666666,-81.80518666666667,22:6a:1b:63:f6:f6,-76,5240,49,Bermuda,Outside SW
2025-10-24T21:02:12.495406+00:00,26.673423166666666,-81.80518666666667,2e:70:4e:d0:88:22,-81,5765,154,Bermuda,pole 14
2025-10-24T21:02:12.495406+00:00,26.673423166666666,-81.80518666666667,28:70:4e:d0:88:22,-82,5765,154,Bermuda Guest WIFI,pole 14
2025-10-24T21:02:12.495406+00:00,26.673423166666666,-81.80518666666667,28:70:4e:d0:86:c3,-82,5765,154,Bermuda Guest WIFI,pole 12 W
2025-10-24T21:02:12.495406+00:00,26.673423166666666,-81.80518666666667,2e:70:4e:d0:86:c3,-83,5765,154,Bermuda,pole 12 W
2025-10-24T21:02:12.495406+00:00,26.673423166666666,-81.80518666666667,6a:4e:05:22:b2:a8,-85,2412,1,venus-HQ2519UPV7N-e3f,Unknown
2025-10-24T21:03:09.349425+00:00,26.673399,-81.80524233333334,28:70:4e:dd:d0:4a,-44,5240,49,Bermuda Guest WIFI,pole 13 SW
2025-10-24T21:03:09.349425+00:00,26.673399,-81.80524233333334,2e:70:4e:dd:d0:4a,-44,5240,49,Bermuda,pole 13 SW
2025-10-24T21:03:09.349425+00:00,26.673399,-81.80524233333334,28:70:4e:d0:87:50,-50,5745,150,Bermuda Guest WIFI,pole 13 E
2025-10-24T21:03:09.349425+00:00,26.673399,-81.80524233333334,2e:70:4e:d0:87:50,-51,5745,150,Bermuda,pole 13 E
2025-10-24T21:03:09.349425+00:00,26.673399,-81.80524233333334,28:70:4e:dd:d0:49,-62,2437,6,Bermuda 2G,pole 13 SW
2025-10-24T21:03:09.349425+00:00,26.673399,-81.80524233333334,2e:70:4e:dd:d0:49,-62,2437,6,Bermuda Guest WIFI 2G,pole 13 SW
2025-10-24T21:03:09.349425+00:00,26.673399,-81.80524233333334,2e:70:4e:d0:87:4f,-69,2462,11,Bermuda Guest WIFI 2G,pole 13 E
2025-10-24T21:03:09.349425+00:00,26.673399,-81.80524233333334,28:70:4e:d0:87:4f,-70,2462,11,Bermuda 2G,pole 13 E
2025-10-24T21:03:09.349425+00:00,26.673399,-81.80524233333334,28:70:4e:d2:92:ab,-81,5745,150,Bermuda Guest WIFI,pole 12 N
2025-10-24T21:03:09.349425+00:00,26.673399,-81.80524233333334,2e:70:4e:d2:92:ab,-81,5745,150,Bermuda,pole 12 N
2025-10-24T21:03:09.349425+00:00,26.673402666666668,-81.80527666666667,28:70:4e:dd:d0:4a,-45,5240,49,Bermuda Guest WIFI,pole 13 SW
2025-10-24T21:03:09.349425+00:00,26.673402666666668,-81.80527666666667,2e:70:4e:dd:d0:4a,-45,5240,49,Bermuda,pole 13 SW
2025-10-24T21:03:09.349425+00:00,26.673402666666668,-81.80527666666667,2e:70:4e:d0:87:50,-51,5745,150,Bermuda,pole 13 E
2025-10-24T21:03:09.349425+00:00,26.673402666666668,-81.80527666666667,28:70:4e:d0:87:50,-51,5745,150,Bermuda Guest WIFI,pole 13 E
2025-10-24T21:03:09.349425+00:00,26.673402666666668,-81.80527666666667,28:70:4e:dd:d0:49,-59,2437,6,Bermuda 2G,pole 13 SW
2025-10-24T21:03:09.349425+00:00,26.673402666666668,-81.80527666666667,2e:70:4e:dd:d0:49,-60,2437,6,Bermuda Guest WIFI 2G,pole 13 SW
2025-10-24T21:03:09.349425+00:00,26.673402666666668,-81.80527666666667,28:70:4e:d0:87:4f,-71,2462,11,Bermuda 2G,pole 13 E
2025-10-24T21:03:09.349425+00:00,26.673402666666668,-81.80527666666667,2e:70:4e:d0:87:4f,-74,2462,11,Bermuda Guest WIFI 2G,pole 13 E
2025-10-24T21:03:09.349425+00:00,26.673402666666668,-81.80527666666667,28:70:4e:d2:92:ab,-81,5745,150,Bermuda Guest WIFI,pole 12 N
2025-10-24T21:03:09.349425+00:00,26.673402666666668,-81.80527666666667,2e:70:4e:d2:92:ab,-81,5745,150,Bermuda,pole 12 N
2025-10-24T21:03:09.349425+00:00,26.673402666666668,-81.80527666666667,6a:4e:05:22:b2:a8,-82,2412,1,venus-HQ2519UPV7N-e3f,Unknown
2025-10-24T21:03:09.349425+00:00,26.673400833333332,-81.8052745,28:70:4e:dd:d0:4a,-45,5240,49,Bermuda Guest WIFI,pole 13 SW
2025-10-24T21:03:09.349425+00:00,26.673400833333332,-81.8052745,2e:70:4e:dd:d0:4a,-45,5240,49,Bermuda,pole 13 SW
2025-10-24T21:03:09.349425+00:00,26.673400833333332,-81.8052745,2e:70:4e:d0:87:50,-52,5745,150,Bermuda,pole 13 E
2025-10-24T21:03:09.349425+00:00,26.673400833333332,-81.8052745,28:70:4e:d0:87:50,-52,5745,150,Bermuda Guest WIFI,pole 13 E
2025-10-24T21:03:09.349425+00:00,26.673400833333332,-81.8052745,28:70:4e:dd:d0:49,-57,2437,6,Bermuda 2G,pole 13 SW
2025-10-24T21:03:09.349425+00:00,26.673400833333332,-81.8052745,2e:70:4e:dd:d0:49,-57,2437,6,Bermuda Guest WIFI 2G,pole 13 SW
2025-10-24T21:03:09.349425+00:00,26.673400833333332,-81.8052745,28:70:4e:d0:87:4f,-75,2462,11,Bermuda 2G,pole 13 E
2025-10-24T21:03:09.349425+00:00,26.673400833333332,-81.8052745,2e:70:4e:d0:87:4f,-75,2462,11,Bermuda Guest WIFI 2G,pole 13 E
2025-10-24T21:03:09.349425+00:00,26.673400833333332,-81.8052745,28:70:4e:d0:86:c3,-75,5765,154,Bermuda Guest WIFI,pole 12 W
2025-10-24T21:03:09.349425+00:00,26.673400833333332,-81.8052745,2e:70:4e:d0:86:c3,-75,5765,154,Bermuda,pole 12 W
2025-10-24T21:03:09.349425+00:00,26.673400833333332,-81.8052745,28:70:4e:d2:92:ab,-81,5745,150,Bermuda Guest WIFI,pole 12 N
2025-10-24T21:03:09.349425+00:00,26.673400833333332,-81.8052745,2e:70:4e:d2:92:ab,-81,5745,150,Bermuda,pole 12 N
2025-10-24T21:03:09.349425+00:00,26.673400833333332,-81.8052745,6a:4e:05:22:b2:a8,-83,2412,1,venus-HQ2519UPV7N-e3f,Unknown
2025-10-24T21:03:09.349425+00:00,26.673397833333333,-81.805257,28:70:4e:dd:d0:4a,-39,5240,49,Bermuda Guest WIFI,pole 13 SW
2025-10-24T21:03:09.349425+00:00,26.673397833333333,-81.805257,2e:70:4e:dd:d0:4a,-39,5240,49,Bermuda,pole 13 SW
2025-10-24T21:03:09.349425+00:00,26.673397833333333,-81.805257,2e:70:4e:d0:87:50,-50,5745,150,Bermuda,pole 13 E
2025-10-24T21:03:09.349425+00:00,26.673397833333333,-81.805257,28:70:4e:d0:87:50,-50,5745,150,Bermuda Guest WIFI,pole 13 E
2025-10-24T21:03:09.349425+00:00,26.673397833333333,-81.805257,28:70:4e:dd:d0:49,-61,2437,6,Bermuda 2G,pole 13 SW
2025-10-24T21:03:09.349425+00:00,26.673397833333333,-81.805257,2e:70:4e:dd:d0:49,-61,2437,6,Bermuda Guest WIFI 2G,pole 13 SW
2025-10-24T21:03:09.349425+00:00,26.673397833333333,-81.805257,28:70:4e:d0:87:4f,-74,2462,11,Bermuda 2G,pole 13 E
2025-10-24T21:03:09.349425+00:00,26.673397833333333,-81.805257,2e:70:4e:d0:87:4f,-74,2462,11,Bermuda Guest WIFI 2G,pole 13 E
2025-10-24T21:03:09.349425+00:00,26.673397833333333,-81.805257,28:70:4e:d2:92:ab,-81,5745,150,Bermuda Guest WIFI,pole 12 N
2025-10-24T21:03:09.349425+00:00,26.673397833333333,-81.805257,2e:70:4e:d2:92:ab,-81,5745,150,Bermuda,pole 12 N
2025-10-24T21:03:09.349425+00:00,26.673397833333333,-81.805257,28:70:4e:d0:86:c3,-82,5765,154,Bermuda Guest WIFI,pole 12 W
2025-10-24T21:03:09.349425+00:00,26.673397833333333,-81.805257,2e:70:4e:d0:86:c3,-82,5765,154,Bermuda,pole 12 W
2025-10-24T21:03:09.349425+00:00,26.673397833333333,-81.805257,6a:4e:05:22:b2:a8,-83,2412,1,venus-HQ2519UPV7N-e3f,Unknown
2025-10-24T21:03:09.349425+00:00,26.673397833333333,-81.805257,2e:70:4e:d0:86:c2,-83,2437,6,Bermuda Guest WIFI 2G,pole 12 W
2025-10-24T21:04:13.423160+00:00,26.673415333333335,-81.805176,28:70:4e:dd:d0:4a,-49,5240,49,Bermuda Guest WIFI,pole 13 SW
2025-10-24T21:04:13.423160+00:00,26.673415333333335,-81.805176,2e:70:4e:dd:d0:4a,-49,5240,49,Bermuda,pole 13 SW
2025-10-24T21:04:13.423160+00:00,26.673415333333335,-81.805176,2e:70:4e:d0:87:50,-55,5745,150,Bermuda,pole 13 E
2025-10-24T21:04:13.423160+00:00,26.673415333333335,-81.805176,28:70:4e:d0:87:50,-55,5745,150,Bermuda Guest WIFI,pole 13 E
2025-10-24T21:04:13.423160+00:00,26.673415333333335,-81.805176,28:70:4e:d0:87:4f,-68,2462,11,Bermuda 2G,pole 13 E
2025-10-24T21:04:13.423160+00:00,26.673415333333335,-81.805176,2e:70:4e:d0:87:4f,-70,2462,11,Bermuda Guest WIFI 2G,pole 13 E
2025-10-24T21:04:13.423160+00:00,26.673415333333335,-81.805176,28:70:4e:d2:92:ab,-81,5745,150,Bermuda Guest WIFI,pole 12 N
2025-10-24T21:04:13.423160+00:00,26.673415333333335,-81.805176,28:70:4e:d0:88:22,-83,5765,154,Bermuda Guest WIFI,pole 14
2025-10-24T21:04:13.423160+00:00,26.673415333333335,-81.805176,2e:70:4e:d0:88:22,-83,5765,154,Bermuda,pole 14
2025-10-24T21:04:13.423160+00:00,26.673415333333335,-81.805176,9c:05:d6:d6:11:ff,-85,5805,162,Bermuda Guest WIFI,inside3
2025-10-24T21:04:13.423160+00:00,26.6734275,-81.805139,28:70:4e:dd:d0:4a,-39,5240,49,Bermuda Guest WIFI,pole 13 SW
2025-10-24T21:04:13.423160+00:00,26.6734275,-81.805139,2e:70:4e:dd:d0:4a,-39,5240,49,Bermuda,pole 13 SW
2025-10-24T21:04:13.423160+00:00,26.6734275,-81.805139,28:70:4e:d0:87:50,-50,5745,150,Bermuda Guest WIFI,pole 13 E
2025-10-24T21:04:13.423160+00:00,26.6734275,-81.805139,2e:70:4e:d0:87:50,-51,5745,150,Bermuda,pole 13 E
2025-10-24T21:04:13.423160+00:00,26.6734275,-81.805139,2e:70:4e:dd:d0:49,-55,2437,6,Bermuda Guest WIFI 2G,pole 13 SW
2025-10-24T21:04:13.423160+00:00,26.6734275,-81.805139,28:70:4e:dd:d0:49,-56,2437,6,Bermuda 2G,pole 13 SW
2025-10-24T21:04:13.423160+00:00,26.6734275,-81.805139,28:70:4e:d0:87:4f,-66,2462,11,Bermuda 2G,pole 13 E
2025-10-24T21:04:13.423160+00:00,26.6734275,-81.805139,2e:70:4e:d0:87:4f,-68,2462,11,Bermuda Guest WIFI 2G,pole 13 E
2025-10-24T21:04:13.423160+00:00,26.6734275,-81.805139,28:70:4e:d2:92:ab,-81,5745,150,Bermuda Guest WIFI,pole 12 N
2025-10-24T21:04:13.423160+00:00,26.6734275,-81.805139,2e:70:4e:d0:88:22,-82,5765,154,Bermuda,pole 14
2025-10-24T21:04:13.423160+00:00,26.6734275,-81.805139,6a:4e:05:22:b2:a8,-82,2412,1,venus-HQ2519UPV7N-e3f,Unknown
2025-10-24T21:04:13.423160+00:00,26.6734275,-81.805139,28:70:4e:d0:88:22,-83,5765,154,Bermuda Guest WIFI,pole 14
2025-10-24T21:04:13.423160+00:00,26.6734275,-81.805139,9c:05:d6:d6:11:ff,-85,5805,162,Bermuda Guest WIFI,inside3
2025-10-24T21:04:13.423160+00:00,26.673428,-81.8051365,28:70:4e:dd:d0:4a,-44,5240,49,Bermuda Guest WIFI,pole 13 SW
2025-10-24T21:04:13.423160+00:00,26.673428,-81.8051365,2e:70:4e:dd:d0:4a,-44,5240,49,Bermuda,pole 13 SW
2025-10-24T21:04:13.423160+00:00,26.673428,-81.8051365,28:70:4e:dd:d0:49,-52,2437,6,Bermuda 2G,pole 13 SW
2025-10-24T21:04:13.423160+00:00,26.673428,-81.8051365,2e:70:4e:d0:87:50,-53,5745,150,Bermuda,pole 13 E
2025-10-24T21:04:13.423160+00:00,26.673428,-81.8051365,28:70:4e:d0:87:50,-53,5745,150,Bermuda Guest WIFI,pole 13 E
2025-10-24T21:04:13.423160+00:00,26.673428,-81.8051365,2e:70:4e:dd:d0:49,-59,2437,6,Bermuda Guest WIFI 2G,pole 13 SW
2025-10-24T21:04:13.423160+00:00,26.673428,-81.8051365,28:70:4e:d0:88:fa,-63,5765,154,Bermuda Guest WIFI,pole 11
2025-10-24T21:04:13.423160+00:00,26.673428,-81.8051365,2e:70:4e:d0:88:fa,-63,5765,154,Bermuda,pole 11
2025-10-24T21:04:13.423160+00:00,26.673428,-81.8051365,28:70:4e:d0:87:4f,-67,2462,11,Bermuda 2G,pole 13 E
2025-10-24T21:04:13.423160+00:00,26.673428,-81.8051365,2e:70:4e:d0:87:4f,-69,2462,11,Bermuda Guest WIFI 2G,pole 13 E
2025-10-24T21:04:13.423160+00:00,26.673428,-81.8051365,1c:6a:1b:63:f6:f2,-79,5240,49,Bermuda Guest WIFI,Outside SE
2025-10-24T21:04:13.423160+00:00,26.673428,-81.8051365,22:6a:1b:63:f6:f2,-79,5240,49,Bermuda,Outside SE
2025-10-24T21:04:13.423160+00:00,26.673428,-81.8051365,28:70:4e:d2:92:ab,-81,5745,150,Bermuda Guest WIFI,pole 12 N
2025-10-24T21:04:13.423160+00:00,26.673428,-81.8051365,2e:70:4e:d0:88:22,-82,5765,154,Bermuda,pole 14
2025-10-24T21:04:13.423160+00:00,26.673428,-81.8051365,6a:4e:05:22:b2:a8,-82,2412,1,venus-HQ2519UPV7N-e3f,Unknown
2025-10-24T21:04:13.423160+00:00,26.673428,-81.8051365,28:70:4e:d0:86:c3,-82,5765,154,Bermuda Guest WIFI,pole 12 W
2025-10-24T21:04:13.423160+00:00,26.673428,-81.8051365,28:70:4e:d0:88:22,-83,5765,154,Bermuda Guest WIFI,pole 14
2025-10-24T21:04:13.423160+00:00,26.673428,-81.8051365,2e:70:4e:d0:86:c3,-83,5765,154,Bermuda,pole 12 W
2025-10-24T21:04:13.423160+00:00,26.673428,-81.8051365,9c:05:d6:d6:11:ff,-85,5805,162,Bermuda Guest WIFI,inside3
2025-10-24T21:04:13.423160+00:00,26.673438833333332,-81.8050985,28:70:4e:dd:d0:4a,-48,5240,49,Bermuda Guest WIFI,pole 13 SW
2025-10-24T21:04:13.423160+00:00,26.673438833333332,-81.8050985,2e:70:4e:dd:d0:4a,-48,5240,49,Bermuda,pole 13 SW
2025-10-24T21:04:13.423160+00:00,26.673438833333332,-81.8050985,2e:70:4e:d0:87:50,-53,5745,150,Bermuda,pole 13 E
2025-10-24T21:04:13.423160+00:00,26.673438833333332,-81.8050985,28:70:4e:d0:87:50,-53,5745,150,Bermuda Guest WIFI,pole 13 E
2025-10-24T21:04:13.423160+00:00,26.673438833333332,-81.8050985,28:70:4e:dd:d0:49,-62,2437,6,Bermuda 2G,pole 13 SW
2025-10-24T21:04:13.423160+00:00,26.673438833333332,-81.8050985,2e:70:4e:dd:d0:49,-63,2437,6,Bermuda Guest WIFI 2G,pole 13 SW
2025-10-24T21:04:13.423160+00:00,26.673438833333332,-81.8050985,28:70:4e:d0:87:4f,-65,2462,11,Bermuda 2G,pole 13 E
2025-10-24T21:04:13.423160+00:00,26.673438833333332,-81.8050985,2e:70:4e:d0:87:4f,-66,2462,11,Bermuda Guest WIFI 2G,pole 13 E
2025-10-24T21:04:13.423160+00:00,26.673438833333332,-81.8050985,28:70:4e:d0:88:fa,-68,5765,154,Bermuda Guest WIFI,pole 11
2025-10-24T21:04:13.423160+00:00,26.673438833333332,-81.8050985,2e:70:4e:d0:88:fa,-68,5765,154,Bermuda,pole 11
2025-10-24T21:04:13.423160+00:00,26.673438833333332,-81.8050985,2e:70:4e:d0:88:22,-78,5765,154,Bermuda,pole 14
2025-10-24T21:04:13.423160+00:00,26.673438833333332,-81.8050985,28:70:4e:d0:88:22,-79,5765,154,Bermuda Guest WIFI,pole 14
2025-10-24T21:04:13.423160+00:00,26.673438833333332,-81.8050985,1c:6a:1b:63:f6:f2,-79,5240,49,Bermuda Guest WIFI,Outside SE
2025-10-24T21:04:13.423160+00:00,26.673438833333332,-81.8050985,22:6a:1b:63:f6:f2,-79,5240,49,Bermuda,Outside SE
2025-10-24T21:04:13.423160+00:00,26.673438833333332,-81.8050985,28:70:4e:d2:92:ab,-81,5745,150,Bermuda Guest WIFI,pole 12 N
2025-10-24T21:04:13.423160+00:00,26.673438833333332,-81.8050985,28:70:4e:d0:86:c3,-82,5765,154,Bermuda Guest WIFI,pole 12 W
2025-10-24T21:04:13.423160+00:00,26.673438833333332,-81.8050985,2e:70:4e:d0:86:c3,-83,5765,154,Bermuda,pole 12 W
2025-10-24T21:04:13.423160+00:00,26.673438833333332,-81.8050985,9c:05:d6:d6:11:ff,-85,5805,162,Bermuda Guest WIFI,inside3
2025-10-24T21:04:13.423160+00:00,26.673438833333332,-81.8050985,6a:4e:05:22:b2:a8,-85,2412,1,venus-HQ2519UPV7N-e3f,Unknown
2025-10-24T21:04:13.423160+00:00,26.673438833333332,-81.8050985,84:1f:e8:ff:29:e9,-87,2412,1,ShellyPlusRGBWPM-841FE8FF29E8,Unknown
2025-10-24T21:05:13.391548+00:00,26.6734285,-81.80516683333333,28:70:4e:dd:d0:4a,-47,5240,49,Bermuda Guest WIFI,pole 13 SW
2025-10-24T21:05:13.391548+00:00,26.6734285,-81.80516683333333,2e:70:4e:dd:d0:4a,-47,5240,49,Bermuda,pole 13 SW
2025-10-24T21:05:13.391548+00:00,26.6734285,-81.80516683333333,2e:70:4e:d0:87:50,-50,5745,150,Bermuda,pole 13 E
2025-10-24T21:05:13.391548+00:00,26.6734285,-81.80516683333333,28:70:4e:d0:87:50,-50,5745,150,Bermuda Guest WIFI,pole 13 E
2025-10-24T21:05:13.391548+00:00,26.6734285,-81.80516683333333,28:70:4e:dd:d0:49,-57,2437,6,Bermuda 2G,pole 13 SW
2025-10-24T21:05:13.391548+00:00,26.6734285,-81.80516683333333,2e:70:4e:dd:d0:49,-58,2437,6,Bermuda Guest WIFI 2G,pole 13 SW
2025-10-24T21:05:13.391548+00:00,26.6734285,-81.80516683333333,28:70:4e:d0:87:4f,-66,2462,11,Bermuda 2G,pole 13 E
2025-10-24T21:05:13.391548+00:00,26.6734285,-81.80516683333333,2e:70:4e:d0:87:4f,-66,2462,11,Bermuda Guest WIFI 2G,pole 13 E
2025-10-24T21:05:13.391548+00:00,26.6734285,-81.80516683333333,28:70:4e:d0:88:22,-79,5765,154,Bermuda Guest WIFI,pole 14
2025-10-24T21:05:13.391548+00:00,26.6734285,-81.80516683333333,2e:70:4e:d0:88:22,-79,5765,154,Bermuda,pole 14
2025-10-24T21:05:13.391548+00:00,26.6734285,-81.80516683333333,28:70:4e:d2:92:ab,-81,5745,150,Bermuda Guest WIFI,pole 12 N
2025-10-24T21:05:13.391548+00:00,26.6734005,-81.8052105,28:70:4e:dd:d0:4a,-40,5240,49,Bermuda Guest WIFI,pole 13 SW
2025-10-24T21:05:13.391548+00:00,26.6734005,-81.8052105,2e:70:4e:dd:d0:4a,-41,5240,49,Bermuda,pole 13 SW
2025-10-24T21:05:13.391548+00:00,26.6734005,-81.8052105,2e:70:4e:d0:87:50,-55,5745,150,Bermuda,pole 13 E
2025-10-24T21:05:13.391548+00:00,26.6734005,-81.8052105,28:70:4e:d0:87:50,-55,5745,150,Bermuda Guest WIFI,pole 13 E
2025-10-24T21:05:13.391548+00:00,26.6734005,-81.8052105,28:70:4e:dd:d0:49,-58,2437,6,Bermuda 2G,pole 13 SW
2025-10-24T21:05:13.391548+00:00,26.6734005,-81.8052105,2e:70:4e:dd:d0:49,-59,2437,6,Bermuda Guest WIFI 2G,pole 13 SW
2025-10-24T21:05:13.391548+00:00,26.6734005,-81.8052105,28:70:4e:d0:88:fa,-65,5765,154,Bermuda Guest WIFI,pole 11
2025-10-24T21:05:13.391548+00:00,26.6734005,-81.8052105,2e:70:4e:d0:88:fa,-65,5765,154,Bermuda,pole 11
2025-10-24T21:05:13.391548+00:00,26.6734005,-81.8052105,28:70:4e:d0:87:4f,-69,2462,11,Bermuda 2G,pole 13 E
2025-10-24T21:05:13.391548+00:00,26.6734005,-81.8052105,2e:70:4e:d0:87:4f,-72,2462,11,Bermuda Guest WIFI 2G,pole 13 E
2025-10-24T21:05:13.391548+00:00,26.6734005,-81.8052105,28:70:4e:d0:88:22,-79,5765,154,Bermuda Guest WIFI,pole 14
2025-10-24T21:05:13.391548+00:00,26.6734005,-81.8052105,2e:70:4e:d0:88:22,-79,5765,154,Bermuda,pole 14
2025-10-24T21:05:13.391548+00:00,26.6734005,-81.8052105,28:70:4e:d2:92:ab,-82,5745,150,Bermuda Guest WIFI,pole 12 N
2025-10-24T21:05:13.391548+00:00,26.6734005,-81.8052105,2e:70:4e:d2:92:ab,-82,5745,150,Bermuda,pole 12 N
2025-10-24T21:05:13.391548+00:00,26.6734125,-81.8052365,28:70:4e:dd:d0:4a,-45,5240,49,Bermuda Guest WIFI,pole 13 SW
2025-10-24T21:05:13.391548+00:00,26.6734125,-81.8052365,2e:70:4e:dd:d0:4a,-45,5240,49,Bermuda,pole 13 SW
2025-10-24T21:05:13.391548+00:00,26.6734125,-81.8052365,2e:70:4e:d0:87:50,-55,5745,150,Bermuda,pole 13 E
2025-10-24T21:05:13.391548+00:00,26.6734125,-81.8052365,28:70:4e:d0:87:50,-55,5745,150,Bermuda Guest WIFI,pole 13 E
2025-10-24T21:05:13.391548+00:00,26.6734125,-81.8052365,28:70:4e:d0:88:fa,-63,5765,154,Bermuda Guest WIFI,pole 11
2025-10-24T21:05:13.391548+00:00,26.6734125,-81.8052365,2e:70:4e:d0:88:fa,-63,5765,154,Bermuda,pole 11
2025-10-24T21:05:13.391548+00:00,26.6734125,-81.8052365,28:70:4e:dd:d0:49,-64,2437,6,Bermuda 2G,pole 13 SW
2025-10-24T21:05:13.391548+00:00,26.6734125,-81.8052365,2e:70:4e:dd:d0:49,-64,2437,6,Bermuda Guest WIFI 2G,pole 13 SW
2025-10-24T21:05:13.391548+00:00,26.6734125,-81.8052365,28:70:4e:d0:87:4f,-66,2462,11,Bermuda 2G,pole 13 E
2025-10-24T21:05:13.391548+00:00,26.6734125,-81.8052365,2e:70:4e:d0:87:4f,-66,2462,11,Bermuda Guest WIFI 2G,pole 13 E
2025-10-24T21:05:13.391548+00:00,26.6734125,-81.8052365,28:70:4e:d0:88:22,-79,5765,154,Bermuda Guest WIFI,pole 14
2025-10-24T21:05:13.391548+00:00,26.6734125,-81.8052365,2e:70:4e:d0:88:22,-79,5765,154,Bermuda,pole 14
2025-10-24T21:05:13.391548+00:00,26.6734125,-81.8052365,28:70:4e:d2:92:ab,-82,5745,150,Bermuda Guest WIFI,pole 12 N
2025-10-24T21:05:13.391548+00:00,26.6734125,-81.8052365,2e:70:4e:d2:92:ab,-82,5745,150,Bermuda,pole 12 N
2025-10-24T21:05:13.391548+00:00,26.6734245,-81.805249,28:70:4e:dd:d0:4a,-40,5240,49,Bermuda Guest WIFI,pole 13 SW
2025-10-24T21:05:13.391548+00:00,26.6734245,-81.805249,2e:70:4e:dd:d0:4a,-40,5240,49,Bermuda,pole 13 SW
2025-10-24T21:05:13.391548+00:00,26.6734245,-81.805249,28:70:4e:d0:87:50,-55,5745,150,Bermuda Guest WIFI,pole 13 E
2025-10-24T21:05:13.391548+00:00,26.6734245,-81.805249,28:70:4e:dd:d0:49,-59,2437,6,Bermuda 2G,pole 13 SW
2025-10-24T21:05:13.391548+00:00,26.6734245,-81.805249,2e:70:4e:dd:d0:49,-59,2437,6,Bermuda Guest WIFI 2G,pole 13 SW
2025-10-24T21:05:13.391548+00:00,26.6734245,-81.805249,2e:70:4e:d0:87:50,-61,5745,150,Bermuda,pole 13 E
2025-10-24T21:05:13.391548+00:00,26.6734245,-81.805249,28:70:4e:d0:88:fa,-63,5765,154,Bermuda Guest WIFI,pole 11
2025-10-24T21:05:13.391548+00:00,26.6734245,-81.805249,2e:70:4e:d0:88:fa,-63,5765,154,Bermuda,pole 11
2025-10-24T21:05:13.391548+00:00,26.6734245,-81.805249,2e:70:4e:d0:87:4f,-72,2462,11,Bermuda Guest WIFI 2G,pole 13 E
2025-10-24T21:05:13.391548+00:00,26.6734245,-81.805249,28:70:4e:d0:87:4f,-73,2462,11,Bermuda 2G,pole 13 E
2025-10-24T21:05:13.391548+00:00,26.6734245,-81.805249,28:70:4e:d0:88:22,-79,5765,154,Bermuda Guest WIFI,pole 14
2025-10-24T21:05:13.391548+00:00,26.6734245,-81.805249,2e:70:4e:d0:88:22,-79,5765,154,Bermuda,pole 14
2025-10-24T21:05:13.391548+00:00,26.6734245,-81.805249,28:70:4e:d2:92:ab,-82,5745,150,Bermuda Guest WIFI,pole 12 N
2025-10-24T21:05:13.391548+00:00,26.6734245,-81.805249,2e:70:4e:d2:92:ab,-82,5745,150,Bermuda,pole 12 N
2025-10-24T21:06:13.440966+00:00,26.673466166666667,-81.80527833333333,28:70:4e:dd:d0:4a,-48,5240,49,Bermuda Guest WIFI,pole 13 SW
2025-10-24T21:06:13.440966+00:00,26.673466166666667,-81.80527833333333,2e:70:4e:dd:d0:4a,-48,5240,49,Bermuda,pole 13 SW
2025-10-24T21:06:13.440966+00:00,26.673466166666667,-81.80527833333333,2e:70:4e:d0:87:50,-54,5745,150,Bermuda,pole 13 E
2025-10-24T21:06:13.440966+00:00,26.673466166666667,-81.80527833333333,28:70:4e:d0:87:50,-54,5745,150,Bermuda Guest WIFI,pole 13 E
2025-10-24T21:06:13.440966+00:00,26.673466166666667,-81.80527833333333,28:70:4e:d0:88:fa,-63,5765,154,Bermuda Guest WIFI,pole 11
2025-10-24T21:06:13.440966+00:00,26.673466166666667,-81.80527833333333,2e:70:4e:d0:88:fa,-63,5765,154,Bermuda,pole 11
2025-10-24T21:06:13.440966+00:00,26.673466166666667,-81.80527833333333,28:70:4e:d0:87:4f,-66,2462,11,Bermuda 2G,pole 13 E
2025-10-24T21:06:13.440966+00:00,26.673466166666667,-81.80527833333333,2e:70:4e:d0:87:4f,-66,2462,11,Bermuda Guest WIFI 2G,pole 13 E
2025-10-24T21:06:13.440966+00:00,26.673466166666667,-81.80527833333333,28:70:4e:dd:d0:49,-68,2437,6,Bermuda 2G,pole 13 SW
2025-10-24T21:06:13.440966+00:00,26.673466166666667,-81.80527833333333,2e:70:4e:dd:d0:49,-68,2437,6,Bermuda Guest WIFI 2G,pole 13 SW
2025-10-24T21:06:13.440966+00:00,26.673466166666667,-81.80527833333333,1c:6a:1b:63:f6:f2,-75,5240,49,Bermuda Guest WIFI,Outside SE
2025-10-24T21:06:13.440966+00:00,26.673466166666667,-81.80527833333333,22:6a:1b:63:f6:f2,-75,5240,49,Bermuda,Outside SE
2025-10-24T21:06:13.440966+00:00,26.673466166666667,-81.80527833333333,28:70:4e:d2:92:ab,-79,5745,150,Bermuda Guest WIFI,pole 12 N
2025-10-24T21:06:13.440966+00:00,26.673466166666667,-81.80527833333333,2e:70:4e:d2:92:ab,-79,5745,150,Bermuda,pole 12 N
2025-10-24T21:06:13.440966+00:00,26.673466166666667,-81.80527833333333,9e:05:d6:96:11:ff,-84,5805,162,Bermuda,inside3
2025-10-24T21:06:13.440966+00:00,26.673466166666667,-81.80527833333333,84:1f:e8:ff:29:e9,-85,2412,1,ShellyPlusRGBWPM-841FE8FF29E8,Unknown
2025-10-24T21:06:13.440966+00:00,26.673466166666667,-81.80527833333333,9c:05:d6:d6:11:ff,-85,5805,162,Bermuda Guest WIFI,inside3
2025-10-24T21:06:13.440966+00:00,26.673474166666665,-81.80530483333334,28:70:4e:dd:d0:4a,-46,5240,49,Bermuda Guest WIFI,pole 13 SW
2025-10-24T21:06:13.440966+00:00,26.673474166666665,-81.80530483333334,2e:70:4e:dd:d0:4a,-46,5240,49,Bermuda,pole 13 SW
2025-10-24T21:06:13.440966+00:00,26.673474166666665,-81.80530483333334,2e:70:4e:d0:87:50,-54,5745,150,Bermuda,pole 13 E
2025-10-24T21:06:13.440966+00:00,26.673474166666665,-81.80530483333334,28:70:4e:d0:87:50,-54,5745,150,Bermuda Guest WIFI,pole 13 E
2025-10-24T21:06:13.440966+00:00,26.673474166666665,-81.80530483333334,2e:70:4e:dd:d0:49,-56,2437,6,Bermuda Guest WIFI 2G,pole 13 SW
2025-10-24T21:06:13.440966+00:00,26.673474166666665,-81.80530483333334,28:70:4e:dd:d0:49,-57,2437,6,Bermuda 2G,pole 13 SW
2025-10-24T21:06:13.440966+00:00,26.673474166666665,-81.80530483333334,28:70:4e:d0:87:4f,-63,2462,11,Bermuda 2G,pole 13 E
2025-10-24T21:06:13.440966+00:00,26.673474166666665,-81.80530483333334,2e:70:4e:d0:87:4f,-64,2462,11,Bermuda Guest WIFI 2G,pole 13 E
2025-10-24T21:06:13.440966+00:00,26.673474166666665,-81.80530483333334,28:70:4e:d0:88:fa,-65,5765,154,Bermuda Guest WIFI,pole 11
2025-10-24T21:06:13.440966+00:00,26.673474166666665,-81.80530483333334,2e:70:4e:d0:88:fa,-65,5765,154,Bermuda,pole 11
2025-10-24T21:06:13.440966+00:00,26.673474166666665,-81.80530483333334,1c:6a:1b:63:f6:f2,-75,5240,49,Bermuda Guest WIFI,Outside SE
2025-10-24T21:06:13.440966+00:00,26.673474166666665,-81.80530483333334,22:6a:1b:63:f6:f2,-75,5240,49,Bermuda,Outside SE
2025-10-24T21:06:13.440966+00:00,26.673474166666665,-81.80530483333334,2e:70:4e:d2:92:ab,-81,5745,150,Bermuda,pole 12 N
2025-10-24T21:06:13.440966+00:00,26.673474166666665,-81.80530483333334,28:70:4e:d2:92:ab,-82,5745,150,Bermuda Guest WIFI,pole 12 N
2025-10-24T21:06:13.440966+00:00,26.673474166666665,-81.80530483333334,9e:05:d6:96:11:ff,-84,5805,162,Bermuda,inside3
2025-10-24T21:06:13.440966+00:00,26.673474166666665,-81.80530483333334,84:1f:e8:ff:29:e9,-85,2412,1,ShellyPlusRGBWPM-841FE8FF29E8,Unknown
2025-10-24T21:06:13.440966+00:00,26.673474166666665,-81.80530483333334,9c:05:d6:d6:11:ff,-85,5805,162,Bermuda Guest WIFI,inside3
2025-10-24T21:06:13.440966+00:00,26.67344466666667,-81.805283,2e:70:4e:d0:87:50,-54,5745,150,Bermuda,pole 13 E
2025-10-24T21:06:13.440966+00:00,26.67344466666667,-81.805283,28:70:4e:d0:87:50,-54,5745,150,Bermuda Guest WIFI,pole 13 E
2025-10-24T21:06:13.440966+00:00,26.67344466666667,-81.805283,2e:70:4e:dd:d0:4a,-54,5240,49,Bermuda,pole 13 SW
2025-10-24T21:06:13.440966+00:00,26.67344466666667,-81.805283,28:70:4e:dd:d0:4a,-55,5240,49,Bermuda Guest WIFI,pole 13 SW
2025-10-24T21:06:13.440966+00:00,26.67344466666667,-81.805283,28:70:4e:d0:87:4f,-60,2462,11,Bermuda 2G,pole 13 E
2025-10-24T21:06:13.440966+00:00,26.67344466666667,-81.805283,28:70:4e:d0:88:fa,-64,5765,154,Bermuda Guest WIFI,pole 11
2025-10-24T21:06:13.440966+00:00,26.67344466666667,-81.805283,2e:70:4e:d0:88:fa,-64,5765,154,Bermuda,pole 11
2025-10-24T21:06:13.440966+00:00,26.67344466666667,-81.805283,2e:70:4e:d0:87:4f,-66,2462,11,Bermuda Guest WIFI 2G,pole 13 E
2025-10-24T21:06:13.440966+00:00,26.67344466666667,-81.805283,28:70:4e:dd:d0:49,-75,2437,6,Bermuda 2G,pole 13 SW
2025-10-24T21:06:13.440966+00:00,26.67344466666667,-81.805283,1c:6a:1b:63:f6:f2,-75,5240,49,Bermuda Guest WIFI,Outside SE
2025-10-24T21:06:13.440966+00:00,26.67344466666667,-81.805283,22:6a:1b:63:f6:f2,-75,5240,49,Bermuda,Outside SE
2025-10-24T21:06:13.440966+00:00,26.67344466666667,-81.805283,2e:70:4e:dd:d0:49,-76,2437,6,Bermuda Guest WIFI 2G,pole 13 SW
2025-10-24T21:06:13.440966+00:00,26.67344466666667,-81.805283,2e:70:4e:d2:92:ab,-81,5745,150,Bermuda,pole 12 N
2025-10-24T21:06:13.440966+00:00,26.67344466666667,-81.805283,28:70:4e:d2:92:ab,-82,5745,150,Bermuda Guest WIFI,pole 12 N
2025-10-24T21:06:13.440966+00:00,26.67344466666667,-81.805283,9e:05:d6:96:11:ff,-84,5805,162,Bermuda,inside3
2025-10-24T21:06:13.440966+00:00,26.67344466666667,-81.805283,28:70:4e:d0:86:c3,-84,5765,154,Bermuda Guest WIFI,pole 12 W
2025-10-24T21:06:13.440966+00:00,26.67344466666667,-81.805283,2e:70:4e:d0:86:c3,-84,5765,154,Bermuda,pole 12 W
2025-10-24T21:06:13.440966+00:00,26.67344466666667,-81.805283,84:1f:e8:ff:29:e9,-85,2412,1,ShellyPlusRGBWPM-841FE8FF29E8,Unknown
2025-10-24T21:06:13.440966+00:00,26.67344466666667,-81.805283,9c:05:d6:d6:11:ff,-85,5805,162,Bermuda Guest WIFI,inside3
2025-10-24T21:06:13.440966+00:00,26.673449333333334,-81.80525633333333,28:70:4e:dd:d0:4a,-46,5240,49,Bermuda Guest WIFI,pole 13 SW
2025-10-24T21:06:13.440966+00:00,26.673449333333334,-81.80525633333333,2e:70:4e:dd:d0:4a,-46,5240,49,Bermuda,pole 13 SW
2025-10-24T21:06:13.440966+00:00,26.673449333333334,-81.80525633333333,2e:70:4e:d0:87:50,-50,5745,150,Bermuda,pole 13 E
2025-10-24T21:06:13.440966+00:00,26.673449333333334,-81.80525633333333,28:70:4e:d0:87:50,-51,5745,150,Bermuda Guest WIFI,pole 13 E
2025-10-24T21:06:13.440966+00:00,26.673449333333334,-81.80525633333333,2e:70:4e:dd:d0:49,-53,2437,6,Bermuda Guest WIFI 2G,pole 13 SW
2025-10-24T21:06:13.440966+00:00,26.673449333333334,-81.80525633333333,2e:70:4e:d0:87:4f,-53,2462,11,Bermuda Guest WIFI 2G,pole 13 E
2025-10-24T21:06:13.440966+00:00,26.673449333333334,-81.80525633333333,28:70:4e:dd:d0:49,-54,2437,6,Bermuda 2G,pole 13 SW
2025-10-24T21:06:13.440966+00:00,26.673449333333334,-81.80525633333333,28:70:4e:d0:87:4f,-54,2462,11,Bermuda 2G,pole 13 E
2025-10-24T21:06:13.440966+00:00,26.673449333333334,-81.80525633333333,28:70:4e:d0:88:fa,-67,5765,154,Bermuda Guest WIFI,pole 11
2025-10-24T21:06:13.440966+00:00,26.673449333333334,-81.80525633333333,2e:70:4e:d0:88:fa,-67,5765,154,Bermuda,pole 11
2025-10-24T21:06:13.440966+00:00,26.673449333333334,-81.80525633333333,1c:6a:1b:63:f6:f2,-75,5240,49,Bermuda Guest WIFI,Outside SE
2025-10-24T21:06:13.440966+00:00,26.673449333333334,-81.80525633333333,22:6a:1b:63:f6:f2,-75,5240,49,Bermuda,Outside SE
2025-10-24T21:06:13.440966+00:00,26.673449333333334,-81.80525633333333,84:1f:e8:ff:29:e9,-77,2412,1,ShellyPlusRGBWPM-841FE8FF29E8,Unknown
2025-10-24T21:06:13.440966+00:00,26.673449333333334,-81.80525633333333,2e:70:4e:d2:92:ab,-81,5745,150,Bermuda,pole 12 N
2025-10-24T21:06:13.440966+00:00,26.673449333333334,-81.80525633333333,28:70:4e:d2:92:ab,-82,5745,150,Bermuda Guest WIFI,pole 12 N
2025-10-24T21:06:13.440966+00:00,26.673449333333334,-81.80525633333333,9e:05:d6:96:11:ff,-84,5805,162,Bermuda,inside3
2025-10-24T21:06:13.440966+00:00,26.673449333333334,-81.80525633333333,28:70:4e:d0:86:c3,-84,5765,154,Bermuda Guest WIFI,pole 12 W
2025-10-24T21:06:13.440966+00:00,26.673449333333334,-81.80525633333333,2e:70:4e:d0:86:c3,-84,5765,154,Bermuda,pole 12 W
2025-10-24T21:06:13.440966+00:00,26.673449333333334,-81.80525633333333,9c:05:d6:d6:11:ff,-85,5805,162,Bermuda Guest WIFI,inside3
2025-10-24T21:06:13.440966+00:00,26.673449333333334,-81.80525633333333,6a:4e:05:22:b2:a8,-86,2412,1,venus-HQ2519UPV7N-e3f,Unknown
2025-10-24T21:07:14.292666+00:00,26.673417333333333,-81.80521016666667,28:70:4e:dd:d0:4a,-50,5240,49,Bermuda Guest WIFI,pole 13 SW
2025-10-24T21:07:14.292666+00:00,26.673417333333333,-81.80521016666667,2e:70:4e:dd:d0:4a,-50,5240,49,Bermuda,pole 13 SW
2025-10-24T21:07:14.292666+00:00,26.673417333333333,-81.80521016666667,2e:70:4e:d0:87:50,-51,5745,150,Bermuda,pole 13 E
2025-10-24T21:07:14.292666+00:00,26.673417333333333,-81.80521016666667,28:70:4e:d0:87:50,-52,5745,150,Bermuda Guest WIFI,pole 13 E
2025-10-24T21:07:14.292666+00:00,26.673417333333333,-81.80521016666667,28:70:4e:dd:d0:49,-63,2437,6,Bermuda 2G,pole 13 SW
2025-10-24T21:07:14.292666+00:00,26.673417333333333,-81.80521016666667,2e:70:4e:dd:d0:49,-63,2437,6,Bermuda Guest WIFI 2G,pole 13 SW
2025-10-24T21:07:14.292666+00:00,26.673417333333333,-81.80521016666667,28:70:4e:d0:87:4f,-68,2462,11,Bermuda 2G,pole 13 E
2025-10-24T21:07:14.292666+00:00,26.673417333333333,-81.80521016666667,2e:70:4e:d0:87:4f,-68,2462,11,Bermuda Guest WIFI 2G,pole 13 E
2025-10-24T21:07:14.292666+00:00,26.673435833333333,-81.8052045,28:70:4e:dd:d0:4a,-46,5240,49,Bermuda Guest WIFI,pole 13 SW
2025-10-24T21:07:14.292666+00:00,26.673435833333333,-81.8052045,2e:70:4e:dd:d0:4a,-46,5240,49,Bermuda,pole 13 SW
2025-10-24T21:07:14.292666+00:00,26.673435833333333,-81.8052045,2e:70:4e:d0:87:50,-52,5745,150,Bermuda,pole 13 E
2025-10-24T21:07:14.292666+00:00,26.673435833333333,-81.8052045,28:70:4e:d0:87:50,-52,5745,150,Bermuda Guest WIFI,pole 13 E
2025-10-24T21:07:14.292666+00:00,26.673435833333333,-81.8052045,28:70:4e:dd:d0:49,-56,2437,6,Bermuda 2G,pole 13 SW
2025-10-24T21:07:14.292666+00:00,26.673435833333333,-81.8052045,2e:70:4e:dd:d0:49,-57,2437,6,Bermuda Guest WIFI 2G,pole 13 SW
2025-10-24T21:07:14.292666+00:00,26.673435833333333,-81.8052045,28:70:4e:d0:87:4f,-65,2462,11,Bermuda 2G,pole 13 E
2025-10-24T21:07:14.292666+00:00,26.673435833333333,-81.8052045,2e:70:4e:d0:87:4f,-65,2462,11,Bermuda Guest WIFI 2G,pole 13 E
2025-10-24T21:07:14.292666+00:00,26.673435833333333,-81.8052045,6a:4e:05:c3:64:61,-87,2412,1,venus-HQ2519QWPH9-5aa,Unknown
2025-10-24T21:07:14.292666+00:00,26.673444333333332,-81.80519916666667,2e:70:4e:dd:d0:4a,-42,5240,49,Bermuda,pole 13 SW
2025-10-24T21:07:14.292666+00:00,26.673444333333332,-81.80519916666667,28:70:4e:dd:d0:4a,-43,5240,49,Bermuda Guest WIFI,pole 13 SW
2025-10-24T21:07:14.292666+00:00,26.673444333333332,-81.80519916666667,2e:70:4e:d0:87:50,-54,5745,150,Bermuda,pole 13 E
2025-10-24T21:07:14.292666+00:00,26.673444333333332,-81.80519916666667,28:70:4e:d0:87:50,-54,5745,150,Bermuda Guest WIFI,pole 13 E
2025-10-24T21:07:14.292666+00:00,26.673444333333332,-81.80519916666667,28:70:4e:dd:d0:49,-67,2437,6,Bermuda 2G,pole 13 SW
2025-10-24T21:07:14.292666+00:00,26.673444333333332,-81.80519916666667,2e:70:4e:dd:d0:49,-67,2437,6,Bermuda Guest WIFI 2G,pole 13 SW
2025-10-24T21:07:14.292666+00:00,26.673444333333332,-81.80519916666667,28:70:4e:d0:87:4f,-68,2462,11,Bermuda 2G,pole 13 E
2025-10-24T21:07:14.292666+00:00,26.673444333333332,-81.80519916666667,2e:70:4e:d0:87:4f,-69,2462,11,Bermuda Guest WIFI 2G,pole 13 E
2025-10-24T21:07:14.292666+00:00,26.673444333333332,-81.80519916666667,28:70:4e:d2:92:ab,-77,5745,150,Bermuda Guest WIFI,pole 12 N
2025-10-24T21:07:14.292666+00:00,26.673444333333332,-81.80519916666667,2e:70:4e:d2:92:ab,-77,5745,150,Bermuda,pole 12 N
2025-10-24T21:07:14.292666+00:00,26.673444333333332,-81.80519916666667,6a:4e:05:22:b2:a8,-82,2412,1,venus-HQ2519UPV7N-e3f,Unknown
2025-10-24T21:07:14.292666+00:00,26.673444333333332,-81.80519916666667,1c:6a:1b:63:f6:f2,-82,5240,49,Bermuda Guest WIFI,Outside SE
2025-10-24T21:07:14.292666+00:00,26.673444333333332,-81.80519916666667,2e:70:4e:d0:88:22,-85,5765,154,Bermuda,pole 14
2025-10-24T21:07:14.292666+00:00,26.673444333333332,-81.80519916666667,6a:4e:05:c3:64:61,-86,2412,1,venus-HQ2519QWPH9-5aa,Unknown
2025-10-24T21:07:14.292666+00:00,26.6734435,-81.80519916666667,28:70:4e:dd:d0:4a,-42,5240,49,Bermuda Guest WIFI,pole 13 SW
2025-10-24T21:07:14.292666+00:00,26.6734435,-81.80519916666667,2e:70:4e:dd:d0:4a,-42,5240,49,Bermuda,pole 13 SW
2025-10-24T21:07:14.292666+00:00,26.6734435,-81.80519916666667,2e:70:4e:d0:87:50,-52,5745,150,Bermuda,pole 13 E
2025-10-24T21:07:14.292666+00:00,26.6734435,-81.80519916666667,28:70:4e:d0:87:50,-52,5745,150,Bermuda Guest WIFI,pole 13 E
2025-10-24T21:07:14.292666+00:00,26.6734435,-81.80519916666667,28:70:4e:dd:d0:49,-57,2437,6,Bermuda 2G,pole 13 SW
2025-10-24T21:07:14.292666+00:00,26.6734435,-81.80519916666667,2e:70:4e:dd:d0:49,-57,2437,6,Bermuda Guest WIFI 2G,pole 13 SW
2025-10-24T21:07:14.292666+00:00,26.6734435,-81.80519916666667,28:70:4e:d0:87:4f,-64,2462,11,Bermuda 2G,pole 13 E
2025-10-24T21:07:14.292666+00:00,26.6734435,-81.80519916666667,2e:70:4e:d0:87:4f,-66,2462,11,Bermuda Guest WIFI 2G,pole 13 E
2025-10-24T21:07:14.292666+00:00,26.6734435,-81.80519916666667,28:70:4e:d0:89:0c,-76,5220,45,Bermuda Guest WIFI,pole 10
2025-10-24T21:07:14.292666+00:00,26.6734435,-81.80519916666667,2e:70:4e:d0:89:0c,-76,5220,45,Bermuda,pole 10
2025-10-24T21:07:14.292666+00:00,26.6734435,-81.80519916666667,2e:70:4e:d2:92:ab,-77,5745,150,Bermuda,pole 12 N
2025-10-24T21:07:14.292666+00:00,26.6734435,-81.80519916666667,28:70:4e:d2:92:ab,-81,5745,150,Bermuda Guest WIFI,pole 12 N
2025-10-24T21:07:14.292666+00:00,26.6734435,-81.80519916666667,1c:6a:1b:63:f6:f2,-82,5240,49,Bermuda Guest WIFI,Outside SE
2025-10-24T21:07:14.292666+00:00,26.6734435,-81.80519916666667,2e:70:4e:d0:88:22,-85,5765,154,Bermuda,pole 14
2025-10-24T21:07:14.292666+00:00,26.6734435,-81.80519916666667,6a:4e:05:22:b2:a8,-86,2412,1,venus-HQ2519UPV7N-e3f,Unknown
2025-10-24T21:07:14.292666+00:00,26.6734435,-81.80519916666667,6a:4e:05:c3:64:61,-88,2412,1,venus-HQ2519QWPH9-5aa,Unknown
2025-10-24T21:08:13.512875+00:00,26.673496666666665,-81.80517916666666,2e:70:4e:d0:87:50,-47,5745,150,Bermuda,pole 13 E
2025-10-24T21:08:13.512875+00:00,26.673496666666665,-81.80517916666666,28:70:4e:d0:87:50,-54,5745,150,Bermuda Guest WIFI,pole 13 E
2025-10-24T21:08:13.512875+00:00,26.673496666666665,-81.80517916666666,28:70:4e:dd:d0:4a,-58,5240,49,Bermuda Guest WIFI,pole 13 SW
2025-10-24T21:08:13.512875+00:00,26.673496666666665,-81.80517916666666,2e:70:4e:dd:d0:4a,-58,5240,49,Bermuda,pole 13 SW
2025-10-24T21:08:13.512875+00:00,26.673496666666665,-81.80517916666666,28:70:4e:dd:d0:49,-61,2437,6,Bermuda 2G,pole 13 SW
2025-10-24T21:08:13.512875+00:00,26.673496666666665,-81.80517916666666,2e:70:4e:dd:d0:49,-61,2437,6,Bermuda Guest WIFI 2G,pole 13 SW
2025-10-24T21:08:13.512875+00:00,26.673496666666665,-81.80517916666666,28:70:4e:d0:87:4f,-64,2462,11,Bermuda 2G,pole 13 E
2025-10-24T21:08:13.512875+00:00,26.673496666666665,-81.80517916666666,2e:70:4e:d0:87:4f,-64,2462,11,Bermuda Guest WIFI 2G,pole 13 E
2025-10-24T21:08:13.512875+00:00,26.673496666666665,-81.80517916666666,6a:4e:05:22:b2:a8,-71,2412,1,venus-HQ2519UPV7N-e3f,Unknown
2025-10-24T21:08:13.512875+00:00,26.673496666666665,-81.80517916666666,1c:6a:1b:63:f6:f2,-71,5240,49,Bermuda Guest WIFI,Outside SE
2025-10-24T21:08:13.512875+00:00,26.673496666666665,-81.80517916666666,22:6a:1b:63:f6:f2,-71,5240,49,Bermuda,Outside SE
2025-10-24T21:08:13.512875+00:00,26.673496666666665,-81.80517916666666,2e:70:4e:d0:88:fa,-75,5765,154,Bermuda,pole 11
2025-10-24T21:08:13.512875+00:00,26.673496666666665,-81.80517916666666,6a:4e:05:c3:64:61,-76,2412,1,venus-HQ2519QWPH9-5aa,Unknown
2025-10-24T21:08:13.512875+00:00,26.673496666666665,-81.80517916666666,28:70:4e:d0:88:22,-80,5765,154,Bermuda Guest WIFI,pole 14
2025-10-24T21:08:13.512875+00:00,26.673496666666665,-81.80517916666666,2e:70:4e:d0:88:22,-80,5765,154,Bermuda,pole 14
2025-10-24T21:08:13.512875+00:00,26.673496666666665,-81.80517916666666,2e:70:4e:d2:92:aa,-81,2437,6,Bermuda Guest WIFI 2G,pole 12 N
2025-10-24T21:08:13.512875+00:00,26.673496666666665,-81.80517916666666,28:70:4e:d2:92:aa,-83,2437,6,Bermuda 2G,pole 12 N
2025-10-24T21:08:13.512875+00:00,26.673496666666665,-81.80517916666666,d0:c3:5a:03:a6:93,-87,5785,158,HotspotZ5ms,Unknown
2025-10-24T21:08:13.512875+00:00,26.673496666666665,-81.80517916666666,d0:c3:5a:0c:0e:b0,-88,5805,162,HotspotkAu2,Unknown
2025-10-24T21:08:13.512875+00:00,26.673574333333335,-81.80512383333334,28:70:4e:dd:d0:4a,-53,5240,49,Bermuda Guest WIFI,pole 13 SW
2025-10-24T21:08:13.512875+00:00,26.673574333333335,-81.80512383333334,2e:70:4e:dd:d0:4a,-53,5240,49,Bermuda,pole 13 SW
2025-10-24T21:08:13.512875+00:00,26.673574333333335,-81.80512383333334,2e:70:4e:d0:87:50,-64,5745,150,Bermuda,pole 13 E
2025-10-24T21:08:13.512875+00:00,26.673574333333335,-81.80512383333334,28:70:4e:d0:87:4f,-64,2462,11,Bermuda 2G,pole 13 E
2025-10-24T21:08:13.512875+00:00,26.673574333333335,-81.80512383333334,2e:70:4e:d0:87:4f,-64,2462,11,Bermuda Guest WIFI 2G,pole 13 E
2025-10-24T21:08:13.512875+00:00,26.673574333333335,-81.80512383333334,28:70:4e:d0:87:50,-64,5745,150,Bermuda Guest WIFI,pole 13 E
2025-10-24T21:08:13.512875+00:00,26.673574333333335,-81.80512383333334,28:70:4e:dd:d0:49,-71,2437,6,Bermuda 2G,pole 13 SW
2025-10-24T21:08:13.512875+00:00,26.673574333333335,-81.80512383333334,1c:6a:1b:63:f6:f2,-71,5240,49,Bermuda Guest WIFI,Outside SE
2025-10-24T21:08:13.512875+00:00,26.673574333333335,-81.80512383333334,22:6a:1b:63:f6:f2,-71,5240,49,Bermuda,Outside SE
2025-10-24T21:08:13.512875+00:00,26.673574333333335,-81.80512383333334,2e:70:4e:dd:d0:49,-72,2437,6,Bermuda Guest WIFI 2G,pole 13 SW
2025-10-24T21:08:13.512875+00:00,26.673574333333335,-81.80512383333334,6a:4e:05:22:b2:a8,-76,2412,1,venus-HQ2519UPV7N-e3f,Unknown
2025-10-24T21:08:13.512875+00:00,26.673574333333335,-81.80512383333334,28:70:4e:d0:88:fa,-76,5765,154,Bermuda Guest WIFI,pole 11
2025-10-24T21:08:13.512875+00:00,26.673574333333335,-81.80512383333334,2e:70:4e:d0:88:fa,-77,5765,154,Bermuda,pole 11
2025-10-24T21:08:13.512875+00:00,26.673574333333335,-81.80512383333334,6a:4e:05:c3:64:61,-79,2412,1,venus-HQ2519QWPH9-5aa,Unknown
2025-10-24T21:08:13.512875+00:00,26.673574333333335,-81.80512383333334,28:70:4e:d0:88:22,-80,5765,154,Bermuda Guest WIFI,pole 14
2025-10-24T21:08:13.512875+00:00,26.673574333333335,-81.80512383333334,2e:70:4e:d0:88:22,-80,5765,154,Bermuda,pole 14
2025-10-24T21:08:13.512875+00:00,26.673574333333335,-81.80512383333334,2e:70:4e:d2:92:aa,-81,2437,6,Bermuda Guest WIFI 2G,pole 12 N
2025-10-24T21:08:13.512875+00:00,26.673574333333335,-81.80512383333334,28:70:4e:d2:92:aa,-83,2437,6,Bermuda 2G,pole 12 N
2025-10-24T21:08:13.512875+00:00,26.673574333333335,-81.80512383333334,d0:c3:5a:03:a6:93,-87,5785,158,HotspotZ5ms,Unknown
2025-10-24T21:08:13.512875+00:00,26.673574333333335,-81.80512383333334,d0:c3:5a:0c:0e:b0,-88,5805,162,HotspotkAu2,Unknown
2025-10-24T21:08:13.512875+00:00,26.673610333333333,-81.80516533333333,28:70:4e:dd:d0:4a,-53,5240,49,Bermuda Guest WIFI,pole 13 SW
2025-10-24T21:08:13.512875+00:00,26.673610333333333,-81.80516533333333,2e:70:4e:dd:d0:4a,-53,5240,49,Bermuda,pole 13 SW
2025-10-24T21:08:13.512875+00:00,26.673610333333333,-81.80516533333333,2e:70:4e:d0:87:50,-64,5745,150,Bermuda,pole 13 E
2025-10-24T21:08:13.512875+00:00,26.673610333333333,-81.80516533333333,28:70:4e:d0:87:4f,-64,2462,11,Bermuda 2G,pole 13 E
2025-10-24T21:08:13.512875+00:00,26.673610333333333,-81.80516533333333,2e:70:4e:d0:87:4f,-64,2462,11,Bermuda Guest WIFI 2G,pole 13 E
2025-10-24T21:08:13.512875+00:00,26.673610333333333,-81.80516533333333,28:70:4e:d0:87:50,-64,5745,150,Bermuda Guest WIFI,pole 13 E
2025-10-24T21:08:13.512875+00:00,26.673610333333333,-81.80516533333333,1c:6a:1b:63:f6:f6,-67,5240,49,Bermuda Guest WIFI,Outside SW
2025-10-24T21:08:13.512875+00:00,26.673610333333333,-81.80516533333333,22:6a:1b:63:f6:f6,-67,5240,49,Bermuda,Outside SW
2025-10-24T21:08:13.512875+00:00,26.673610333333333,-81.80516533333333,1c:6a:1b:63:f6:f2,-71,5240,49,Bermuda Guest WIFI,Outside SE
2025-10-24T21:08:13.512875+00:00,26.673610333333333,-81.80516533333333,22:6a:1b:63:f6:f2,-71,5240,49,Bermuda,Outside SE
2025-10-24T21:08:13.512875+00:00,26.673610333333333,-81.80516533333333,2e:70:4e:d0:86:c3,-73,5765,154,Bermuda,pole 12 W
2025-10-24T21:08:13.512875+00:00,26.673610333333333,-81.80516533333333,28:70:4e:d0:86:c3,-74,5765,154,Bermuda Guest WIFI,pole 12 W
2025-10-24T21:08:13.512875+00:00,26.673610333333333,-81.80516533333333,6a:4e:05:22:b2:a8,-76,2412,1,venus-HQ2519UPV7N-e3f,Unknown
2025-10-24T21:08:13.512875+00:00,26.673610333333333,-81.80516533333333,28:70:4e:dd:d0:49,-76,2437,6,Bermuda 2G,pole 13 SW
2025-10-24T21:08:13.512875+00:00,26.673610333333333,-81.80516533333333,2e:70:4e:dd:d0:49,-76,2437,6,Bermuda Guest WIFI 2G,pole 13 SW
2025-10-24T21:08:13.512875+00:00,26.673610333333333,-81.80516533333333,28:70:4e:d0:88:fa,-76,5765,154,Bermuda Guest WIFI,pole 11
2025-10-24T21:08:13.512875+00:00,26.673610333333333,-81.80516533333333,2e:70:4e:d0:88:fa,-77,5765,154,Bermuda,pole 11
2025-10-24T21:08:13.512875+00:00,26.673610333333333,-81.80516533333333,28:70:4e:d2:92:aa,-78,2437,6,Bermuda 2G,pole 12 N
2025-10-24T21:08:13.512875+00:00,26.673610333333333,-81.80516533333333,2e:70:4e:d2:92:aa,-78,2437,6,Bermuda Guest WIFI 2G,pole 12 N
2025-10-24T21:08:13.512875+00:00,26.673610333333333,-81.80516533333333,28:70:4e:d0:88:22,-80,5765,154,Bermuda Guest WIFI,pole 14
2025-10-24T21:08:13.512875+00:00,26.673610333333333,-81.80516533333333,2e:70:4e:d0:88:22,-80,5765,154,Bermuda,pole 14
2025-10-24T21:08:13.512875+00:00,26.673610333333333,-81.80516533333333,6a:4e:05:c3:64:61,-82,2412,1,venus-HQ2519QWPH9-5aa,Unknown
2025-10-24T21:08:13.512875+00:00,26.673610333333333,-81.80516533333333,28:70:4e:d0:86:c2,-83,2437,6,Bermuda 2G,pole 12 W
2025-10-24T21:08:13.512875+00:00,26.673610333333333,-81.80516533333333,9e:05:d6:96:11:ff,-85,5805,162,Bermuda,inside3
2025-10-24T21:08:13.512875+00:00,26.673610333333333,-81.80516533333333,d0:c3:5a:03:a6:93,-87,5785,158,HotspotZ5ms,Unknown
2025-10-24T21:08:13.512875+00:00,26.673610333333333,-81.80516533333333,d0:c3:5a:0c:0e:b0,-88,5805,162,HotspotkAu2,Unknown
2025-10-24T21:08:13.512875+00:00,26.673610333333333,-81.80516533333333,9c:05:d6:d6:11:ff,-88,5805,162,Bermuda Guest WIFI,inside3
2025-10-24T21:08:13.512875+00:00,26.673673,-81.8052095,28:70:4e:dd:d0:4a,-56,5240,49,Bermuda Guest WIFI,pole 13 SW
2025-10-24T21:08:13.512875+00:00,26.673673,-81.8052095,2e:70:4e:dd:d0:4a,-56,5240,49,Bermuda,pole 13 SW
2025-10-24T21:08:13.512875+00:00,26.673673,-81.8052095,2e:70:4e:d0:87:50,-63,5745,150,Bermuda,pole 13 E
2025-10-24T21:08:13.512875+00:00,26.673673,-81.8052095,28:70:4e:d0:87:50,-63,5745,150,Bermuda Guest WIFI,pole 13 E
2025-10-24T21:08:13.512875+00:00,26.673673,-81.8052095,1c:6a:1b:63:f6:f6,-67,5240,49,Bermuda Guest WIFI,Outside SW
2025-10-24T21:08:13.512875+00:00,26.673673,-81.8052095,22:6a:1b:63:f6:f6,-67,5240,49,Bermuda,Outside SW
2025-10-24T21:08:13.512875+00:00,26.673673,-81.8052095,28:70:4e:d0:86:c3,-70,5765,154,Bermuda Guest WIFI,pole 12 W
2025-10-24T21:08:13.512875+00:00,26.673673,-81.8052095,2e:70:4e:d0:86:c3,-70,5765,154,Bermuda,pole 12 W
2025-10-24T21:08:13.512875+00:00,26.673673,-81.8052095,28:70:4e:d2:92:ab,-74,5745,150,Bermuda Guest WIFI,pole 12 N
2025-10-24T21:08:13.512875+00:00,26.673673,-81.8052095,2e:70:4e:d2:92:ab,-74,5745,150,Bermuda,pole 12 N
2025-10-24T21:08:13.512875+00:00,26.673673,-81.8052095,28:70:4e:d0:87:4f,-75,2462,11,Bermuda 2G,pole 13 E
2025-10-24T21:08:13.512875+00:00,26.673673,-81.8052095,2e:70:4e:d0:87:4f,-75,2462,11,Bermuda Guest WIFI 2G,pole 13 E
2025-10-24T21:08:13.512875+00:00,26.673673,-81.8052095,2e:70:4e:dd:d0:49,-76,2437,6,Bermuda Guest WIFI 2G,pole 13 SW
2025-10-24T21:08:13.512875+00:00,26.673673,-81.8052095,28:70:4e:d0:88:fa,-76,5765,154,Bermuda Guest WIFI,pole 11
2025-10-24T21:08:13.512875+00:00,26.673673,-81.8052095,28:70:4e:d0:88:f9,-76,2412,1,Bermuda 2G,pole 11
2025-10-24T21:08:13.512875+00:00,26.673673,-81.8052095,2e:70:4e:d0:88:f9,-76,2412,1,Bermuda Guest WIFI 2G,pole 11
2025-10-24T21:08:13.512875+00:00,26.673673,-81.8052095,6a:4e:05:22:b2:a8,-77,2412,1,venus-HQ2519UPV7N-e3f,Unknown
2025-10-24T21:08:13.512875+00:00,26.673673,-81.8052095,2e:70:4e:d0:88:fa,-77,5765,154,Bermuda,pole 11
2025-10-24T21:08:13.512875+00:00,26.673673,-81.8052095,28:70:4e:d2:92:aa,-78,2437,6,Bermuda 2G,pole 12 N
2025-10-24T21:08:13.512875+00:00,26.673673,-81.8052095,2e:70:4e:d2:92:aa,-78,2437,6,Bermuda Guest WIFI 2G,pole 12 N
2025-10-24T21:08:13.512875+00:00,26.673673,-81.8052095,28:70:4e:dd:d0:49,-79,2437,6,Bermuda 2G,pole 13 SW
2025-10-24T21:08:13.512875+00:00,26.673673,-81.8052095,6a:4e:05:c3:64:61,-82,2412,1,venus-HQ2519QWPH9-5aa,Unknown
2025-10-24T21:08:13.512875+00:00,26.673673,-81.8052095,28:70:4e:d0:86:c2,-83,2437,6,Bermuda 2G,pole 12 W
2025-10-24T21:08:13.512875+00:00,26.673673,-81.8052095,84:1f:e8:ff:29:e9,-83,2412,1,ShellyPlusRGBWPM-841FE8FF29E8,Unknown
2025-10-24T21:08:13.512875+00:00,26.673673,-81.8052095,9e:05:d6:96:11:ff,-85,5805,162,Bermuda,inside3
2025-10-24T21:08:13.512875+00:00,26.673673,-81.8052095,2e:70:4e:d0:89:03,-85,5765,154,Bermuda,pole 17
2025-10-24T21:08:13.512875+00:00,26.673673,-81.8052095,9c:05:d6:d6:11:ff,-88,5805,162,Bermuda Guest WIFI,inside3
2025-10-24T21:09:19.485575+00:00,26.673723,-81.805301,2e:70:4e:d0:87:50,-66,5745,150,Bermuda,pole 13 E
2025-10-24T21:09:19.485575+00:00,26.673723,-81.805301,1c:6a:1b:63:f6:f2,-76,5240,49,Bermuda Guest WIFI,Outside SE
2025-10-24T21:09:19.485575+00:00,26.673723,-81.805301,22:6a:1b:63:f6:f2,-76,5240,49,Bermuda,Outside SE
2025-10-24T21:09:19.485575+00:00,26.673723,-81.805301,28:70:4e:dd:d0:49,-77,2437,6,Bermuda 2G,pole 13 SW
2025-10-24T21:09:19.485575+00:00,26.673723,-81.805301,2e:70:4e:dd:d0:49,-78,2437,6,Bermuda Guest WIFI 2G,pole 13 SW
2025-10-24T21:09:19.485575+00:00,26.673723,-81.805301,28:70:4e:d0:87:4f,-81,2462,11,Bermuda 2G,pole 13 E
2025-10-24T21:09:19.485575+00:00,26.673723,-81.805301,2e:70:4e:d0:87:4f,-81,2462,11,Bermuda Guest WIFI 2G,pole 13 E
2025-10-24T21:09:19.485575+00:00,26.673723,-81.805301,28:70:4e:d2:92:aa,-83,2437,6,Bermuda 2G,pole 12 N
2025-10-24T21:09:19.485575+00:00,26.673723,-81.805301,2e:70:4e:d2:92:aa,-84,2437,6,Bermuda Guest WIFI 2G,pole 12 N
2025-10-24T21:09:19.485575+00:00,26.673766166666667,-81.80527766666667,28:70:4e:dd:d0:49,-69,2437,6,Bermuda 2G,pole 13 SW
2025-10-24T21:09:19.485575+00:00,26.673766166666667,-81.80527766666667,2e:70:4e:dd:d0:49,-70,2437,6,Bermuda Guest WIFI 2G,pole 13 SW
2025-10-24T21:09:19.485575+00:00,26.673766166666667,-81.80527766666667,28:70:4e:d0:87:4f,-70,2462,11,Bermuda 2G,pole 13 E
2025-10-24T21:09:19.485575+00:00,26.673766166666667,-81.80527766666667,2e:70:4e:d0:87:4f,-72,2462,11,Bermuda Guest WIFI 2G,pole 13 E
2025-10-24T21:09:19.485575+00:00,26.673766166666667,-81.80527766666667,2e:70:4e:d0:87:50,-76,5745,150,Bermuda,pole 13 E
2025-10-24T21:09:19.485575+00:00,26.673766166666667,-81.80527766666667,1c:6a:1b:63:f6:f2,-76,5240,49,Bermuda Guest WIFI,Outside SE
2025-10-24T21:09:19.485575+00:00,26.673766166666667,-81.80527766666667,22:6a:1b:63:f6:f2,-76,5240,49,Bermuda,Outside SE
2025-10-24T21:09:19.485575+00:00,26.673766166666667,-81.80527766666667,6a:4e:05:22:b2:a8,-78,2412,1,venus-HQ2519UPV7N-e3f,Unknown
2025-10-24T21:09:19.485575+00:00,26.673766166666667,-81.80527766666667,84:1f:e8:ff:29:e9,-80,2412,1,ShellyPlusRGBWPM-841FE8FF29E8,Unknown
2025-10-24T21:09:19.485575+00:00,26.673766166666667,-81.80527766666667,28:70:4e:d0:86:c3,-80,5765,154,Bermuda Guest WIFI,pole 12 W
2025-10-24T21:09:19.485575+00:00,26.673766166666667,-81.80527766666667,2e:70:4e:d0:86:c3,-81,5765,154,Bermuda,pole 12 W
2025-10-24T21:09:19.485575+00:00,26.673766166666667,-81.80527766666667,28:70:4e:d2:92:aa,-83,2437,6,Bermuda 2G,pole 12 N
2025-10-24T21:09:19.485575+00:00,26.673766166666667,-81.80527766666667,6a:4e:05:c3:64:61,-83,2412,1,venus-HQ2519QWPH9-5aa,Unknown
2025-10-24T21:09:19.485575+00:00,26.673766166666667,-81.80527766666667,2e:70:4e:d2:92:aa,-84,2437,6,Bermuda Guest WIFI 2G,pole 12 N
2025-10-24T21:09:19.485575+00:00,26.673766166666667,-81.8052795,28:70:4e:dd:d0:49,-71,2437,6,Bermuda 2G,pole 13 SW
2025-10-24T21:09:19.485575+00:00,26.673766166666667,-81.8052795,2e:70:4e:dd:d0:49,-72,2437,6,Bermuda Guest WIFI 2G,pole 13 SW
2025-10-24T21:09:19.485575+00:00,26.673766166666667,-81.8052795,2e:70:4e:d0:87:50,-73,5745,150,Bermuda,pole 13 E
2025-10-24T21:09:19.485575+00:00,26.673766166666667,-81.8052795,28:70:4e:d0:87:50,-73,5745,150,Bermuda Guest WIFI,pole 13 E
2025-10-24T21:09:19.485575+00:00,26.673766166666667,-81.8052795,28:70:4e:d0:87:4f,-74,2462,11,Bermuda 2G,pole 13 E
2025-10-24T21:09:19.485575+00:00,26.673766166666667,-81.8052795,2e:70:4e:d0:87:4f,-74,2462,11,Bermuda Guest WIFI 2G,pole 13 E
2025-10-24T21:09:19.485575+00:00,26.673766166666667,-81.8052795,1c:6a:1b:63:f6:f2,-76,5240,49,Bermuda Guest WIFI,Outside SE
2025-10-24T21:09:19.485575+00:00,26.673766166666667,-81.8052795,22:6a:1b:63:f6:f2,-76,5240,49,Bermuda,Outside SE
2025-10-24T21:09:19.485575+00:00,26.673766166666667,-81.8052795,6a:4e:05:22:b2:a8,-78,2412,1,venus-HQ2519UPV7N-e3f,Unknown
2025-10-24T21:09:19.485575+00:00,26.673766166666667,-81.8052795,84:1f:e8:ff:29:e9,-80,2412,1,ShellyPlusRGBWPM-841FE8FF29E8,Unknown
2025-10-24T21:09:19.485575+00:00,26.673766166666667,-81.8052795,28:70:4e:d0:86:c3,-80,5765,154,Bermuda Guest WIFI,pole 12 W
2025-10-24T21:09:19.485575+00:00,26.673766166666667,-81.8052795,2e:70:4e:d0:86:c3,-81,5765,154,Bermuda,pole 12 W
2025-10-24T21:09:19.485575+00:00,26.673766166666667,-81.8052795,28:70:4e:d2:92:aa,-83,2437,6,Bermuda 2G,pole 12 N
2025-10-24T21:09:19.485575+00:00,26.673766166666667,-81.8052795,6a:4e:05:c3:64:61,-83,2412,1,venus-HQ2519QWPH9-5aa,Unknown
2025-10-24T21:09:19.485575+00:00,26.673766166666667,-81.8052795,2e:70:4e:d2:92:aa,-84,2437,6,Bermuda Guest WIFI 2G,pole 12 N
2025-10-24T21:09:19.485575+00:00,26.673755166666666,-81.8052615,2e:70:4e:d0:87:50,-73,5745,150,Bermuda,pole 13 E
2025-10-24T21:09:19.485575+00:00,26.673755166666666,-81.8052615,28:70:4e:dd:d0:49,-73,2437,6,Bermuda 2G,pole 13 SW
2025-10-24T21:09:19.485575+00:00,26.673755166666666,-81.8052615,28:70:4e:d0:87:4f,-73,2462,11,Bermuda 2G,pole 13 E
2025-10-24T21:09:19.485575+00:00,26.673755166666666,-81.8052615,28:70:4e:d0:87:50,-73,5745,150,Bermuda Guest WIFI,pole 13 E
2025-10-24T21:09:19.485575+00:00,26.673755166666666,-81.8052615,2e:70:4e:d0:87:4f,-74,2462,11,Bermuda Guest WIFI 2G,pole 13 E
2025-10-24T21:09:19.485575+00:00,26.673755166666666,-81.8052615,2e:70:4e:dd:d0:49,-75,2437,6,Bermuda Guest WIFI 2G,pole 13 SW
2025-10-24T21:09:19.485575+00:00,26.673755166666666,-81.8052615,28:70:4e:d0:86:c3,-77,5765,154,Bermuda Guest WIFI,pole 12 W
2025-10-24T21:09:19.485575+00:00,26.673755166666666,-81.8052615,2e:70:4e:d0:86:c3,-77,5765,154,Bermuda,pole 12 W
2025-10-24T21:09:19.485575+00:00,26.673755166666666,-81.8052615,6a:4e:05:22:b2:a8,-78,2412,1,venus-HQ2519UPV7N-e3f,Unknown
2025-10-24T21:09:19.485575+00:00,26.673755166666666,-81.8052615,84:1f:e8:ff:29:e9,-80,2412,1,ShellyPlusRGBWPM-841FE8FF29E8,Unknown
2025-10-24T21:09:19.485575+00:00,26.673755166666666,-81.8052615,6a:4e:05:c3:64:61,-82,2412,1,venus-HQ2519QWPH9-5aa,Unknown
2025-10-24T21:10:24.548000+00:00,26.673728,-81.805219,28:70:4e:dd:d0:4a,-60,5240,49,Bermuda Guest WIFI,pole 13 SW
2025-10-24T21:10:24.548000+00:00,26.673728,-81.805219,2e:70:4e:dd:d0:4a,-60,5240,49,Bermuda,pole 13 SW
2025-10-24T21:10:24.548000+00:00,26.673728,-81.805219,2e:70:4e:d0:87:50,-65,5745,150,Bermuda,pole 13 E
2025-10-24T21:10:24.548000+00:00,26.673728,-81.805219,28:70:4e:dd:d0:49,-74,2437,6,Bermuda 2G,pole 13 SW
2025-10-24T21:10:24.548000+00:00,26.673728,-81.805219,2e:70:4e:dd:d0:49,-75,2437,6,Bermuda Guest WIFI 2G,pole 13 SW
2025-10-24T21:10:24.548000+00:00,26.673728,-81.805219,2e:70:4e:d0:87:4f,-77,2462,11,Bermuda Guest WIFI 2G,pole 13 E
2025-10-24T21:10:24.548000+00:00,26.673728,-81.805219,28:70:4e:d0:87:4f,-78,2462,11,Bermuda 2G,pole 13 E
2025-10-24T21:10:24.548000+00:00,26.673728,-81.805219,28:70:4e:d0:88:22,-78,5765,154,Bermuda Guest WIFI,pole 14
2025-10-24T21:10:24.548000+00:00,26.673728,-81.805219,2e:70:4e:d0:88:22,-79,5765,154,Bermuda,pole 14
2025-10-24T21:10:24.548000+00:00,26.673728,-81.805219,6a:4e:05:22:b2:a8,-82,2412,1,venus-HQ2519UPV7N-e3f,Unknown
2025-10-24T21:10:24.548000+00:00,26.673683333333333,-81.805181,28:70:4e:dd:d0:4a,-59,5240,49,Bermuda Guest WIFI,pole 13 SW
2025-10-24T21:10:24.548000+00:00,26.673683333333333,-81.805181,2e:70:4e:dd:d0:4a,-60,5240,49,Bermuda,pole 13 SW
2025-10-24T21:10:24.548000+00:00,26.673683333333333,-81.805181,2e:70:4e:dd:d0:49,-64,2437,6,Bermuda Guest WIFI 2G,pole 13 SW
2025-10-24T21:10:24.548000+00:00,26.673683333333333,-81.805181,2e:70:4e:d0:87:50,-66,5745,150,Bermuda,pole 13 E
2025-10-24T21:10:24.548000+00:00,26.673683333333333,-81.805181,28:70:4e:dd:d0:49,-66,2437,6,Bermuda 2G,pole 13 SW
2025-10-24T21:10:24.548000+00:00,26.673683333333333,-81.805181,28:70:4e:d0:87:4f,-76,2462,11,Bermuda 2G,pole 13 E
2025-10-24T21:10:24.548000+00:00,26.673683333333333,-81.805181,2e:70:4e:d0:87:4f,-77,2462,11,Bermuda Guest WIFI 2G,pole 13 E
2025-10-24T21:10:24.548000+00:00,26.673683333333333,-81.805181,28:70:4e:d0:88:22,-78,5765,154,Bermuda Guest WIFI,pole 14
2025-10-24T21:10:24.548000+00:00,26.673683333333333,-81.805181,2e:70:4e:d0:88:22,-79,5765,154,Bermuda,pole 14
2025-10-24T21:10:24.548000+00:00,26.673683333333333,-81.805181,6a:4e:05:22:b2:a8,-82,2412,1,venus-HQ2519UPV7N-e3f,Unknown
2025-10-24T21:10:24.548000+00:00,26.673631,-81.805155,28:70:4e:dd:d0:4a,-53,5240,49,Bermuda Guest WIFI,pole 13 SW
2025-10-24T21:10:24.548000+00:00,26.673631,-81.805155,2e:70:4e:dd:d0:4a,-53,5240,49,Bermuda,pole 13 SW
2025-10-24T21:10:24.548000+00:00,26.673631,-81.805155,2e:70:4e:d0:87:50,-66,5745,150,Bermuda,pole 13 E
2025-10-24T21:10:24.548000+00:00,26.673631,-81.805155,28:70:4e:dd:d0:49,-67,2437,6,Bermuda 2G,pole 13 SW
2025-10-24T21:10:24.548000+00:00,26.673631,-81.805155,6a:4e:05:22:b2:a8,-69,2412,1,venus-HQ2519UPV7N-e3f,Unknown
2025-10-24T21:10:24.548000+00:00,26.673631,-81.805155,2e:70:4e:dd:d0:49,-69,2437,6,Bermuda Guest WIFI 2G,pole 13 SW
2025-10-24T21:10:24.548000+00:00,26.673631,-81.805155,28:70:4e:d0:87:4f,-69,2462,11,Bermuda 2G,pole 13 E
2025-10-24T21:10:24.548000+00:00,26.673631,-81.805155,2e:70:4e:d0:87:4f,-70,2462,11,Bermuda Guest WIFI 2G,pole 13 E
2025-10-24T21:10:24.548000+00:00,26.673631,-81.805155,28:70:4e:d0:88:22,-80,5765,154,Bermuda Guest WIFI,pole 14
2025-10-24T21:10:24.548000+00:00,26.673631,-81.805155,2e:70:4e:d0:88:fa,-80,5765,154,Bermuda,pole 11
2025-10-24T21:10:24.548000+00:00,26.673631,-81.805155,2e:70:4e:d0:88:22,-81,5765,154,Bermuda,pole 14
2025-10-24T21:10:24.548000+00:00,26.673631,-81.805155,6a:4e:05:c3:64:61,-82,2412,1,venus-HQ2519QWPH9-5aa,Unknown
2025-10-24T21:10:24.548000+00:00,26.673631,-81.805155,2e:70:4e:d0:86:c2,-83,2437,6,Bermuda Guest WIFI 2G,pole 12 W
2025-10-24T21:10:24.548000+00:00,26.67367,-81.80512833333333,28:70:4e:dd:d0:4a,-53,5240,49,Bermuda Guest WIFI,pole 13 SW
2025-10-24T21:10:24.548000+00:00,26.67367,-81.80512833333333,2e:70:4e:dd:d0:4a,-53,5240,49,Bermuda,pole 13 SW
2025-10-24T21:10:24.548000+00:00,26.67367,-81.80512833333333,2e:70:4e:d0:87:50,-66,5745,150,Bermuda,pole 13 E
2025-10-24T21:10:24.548000+00:00,26.67367,-81.80512833333333,28:70:4e:d0:87:50,-66,5745,150,Bermuda Guest WIFI,pole 13 E
2025-10-24T21:10:24.548000+00:00,26.67367,-81.80512833333333,28:70:4e:d0:87:4f,-70,2462,11,Bermuda 2G,pole 13 E
2025-10-24T21:10:24.548000+00:00,26.67367,-81.80512833333333,2e:70:4e:d0:87:4f,-70,2462,11,Bermuda Guest WIFI 2G,pole 13 E
2025-10-24T21:10:24.548000+00:00,26.67367,-81.80512833333333,2e:70:4e:dd:d0:49,-72,2437,6,Bermuda Guest WIFI 2G,pole 13 SW
2025-10-24T21:10:24.548000+00:00,26.67367,-81.80512833333333,28:70:4e:dd:d0:49,-73,2437,6,Bermuda 2G,pole 13 SW
2025-10-24T21:10:24.548000+00:00,26.67367,-81.80512833333333,28:70:4e:d0:88:22,-80,5765,154,Bermuda Guest WIFI,pole 14
2025-10-24T21:10:24.548000+00:00,26.67367,-81.80512833333333,2e:70:4e:d0:88:fa,-80,5765,154,Bermuda,pole 11
2025-10-24T21:10:24.548000+00:00,26.67367,-81.80512833333333,28:70:4e:d2:92:ab,-80,5745,150,Bermuda Guest WIFI,pole 12 N
2025-10-24T21:10:24.548000+00:00,26.67367,-81.80512833333333,2e:70:4e:d2:92:ab,-80,5745,150,Bermuda,pole 12 N
2025-10-24T21:10:24.548000+00:00,26.67367,-81.80512833333333,2e:70:4e:d0:88:22,-81,5765,154,Bermuda,pole 14
2025-10-24T21:10:24.548000+00:00,26.67367,-81.80512833333333,84:1f:e8:ff:29:e9,-82,2412,1,ShellyPlusRGBWPM-841FE8FF29E8,Unknown
2025-10-24T21:10:24.548000+00:00,26.67367,-81.80512833333333,6a:4e:05:c3:64:61,-83,2412,1,venus-HQ2519QWPH9-5aa,Unknown
2025-10-24T21:10:24.548000+00:00,26.67367,-81.80512833333333,2e:70:4e:d0:86:c2,-83,2437,6,Bermuda Guest WIFI 2G,pole 12 W
2025-10-24T21:10:24.548000+00:00,26.67367,-81.80512833333333,6a:4e:05:22:b2:a8,-84,2412,1,venus-HQ2519UPV7N-e3f,Unknown
2025-10-24T21:11:25.980591+00:00,26.67375983333333,-81.80517466666667,2e:70:4e:d0:87:50,-68,5745,150,Bermuda,pole 13 E
2025-10-24T21:11:25.980591+00:00,26.67375983333333,-81.80517466666667,28:70:4e:dd:d0:49,-68,2437,6,Bermuda 2G,pole 13 SW
2025-10-24T21:11:25.980591+00:00,26.67375983333333,-81.80517466666667,2e:70:4e:dd:d0:49,-69,2437,6,Bermuda Guest WIFI 2G,pole 13 SW
2025-10-24T21:11:25.980591+00:00,26.67375983333333,-81.80517466666667,2e:70:4e:d0:87:4f,-75,2462,11,Bermuda Guest WIFI 2G,pole 13 E
2025-10-24T21:11:25.980591+00:00,26.67375983333333,-81.80517466666667,2e:70:4e:d2:92:ab,-76,5745,150,Bermuda,pole 12 N
2025-10-24T21:11:25.980591+00:00,26.67375983333333,-81.80517466666667,28:70:4e:d2:92:ab,-76,5745,150,Bermuda Guest WIFI,pole 12 N
2025-10-24T21:11:25.980591+00:00,26.67375983333333,-81.80517466666667,28:70:4e:d2:92:aa,-77,2437,6,Bermuda 2G,pole 12 N
2025-10-24T21:11:25.980591+00:00,26.67375983333333,-81.80517466666667,2e:70:4e:d2:92:aa,-77,2437,6,Bermuda Guest WIFI 2G,pole 12 N
2025-10-24T21:11:25.980591+00:00,26.67375983333333,-81.80517466666667,28:70:4e:d0:87:4f,-77,2462,11,Bermuda 2G,pole 13 E
2025-10-24T21:11:25.980591+00:00,26.67375983333333,-81.80517466666667,2e:70:4e:d0:86:c2,-78,2437,6,Bermuda Guest WIFI 2G,pole 12 W
2025-10-24T21:11:25.980591+00:00,26.67375983333333,-81.80517466666667,28:70:4e:d0:88:22,-80,5765,154,Bermuda Guest WIFI,pole 14
2025-10-24T21:11:25.980591+00:00,26.67375983333333,-81.80517466666667,2e:70:4e:d0:88:22,-80,5765,154,Bermuda,pole 14
2025-10-24T21:11:25.980591+00:00,26.67375983333333,-81.80517466666667,28:70:4e:d0:86:c2,-81,2437,6,Bermuda 2G,pole 12 W
2025-10-24T21:11:25.980591+00:00,26.67375983333333,-81.80517466666667,28:70:4e:d0:87:50,-83,5745,150,Bermuda Guest WIFI,pole 13 E
2025-10-24T21:11:25.980591+00:00,26.67375983333333,-81.80517466666667,2e:70:4e:d0:86:c3,-83,5765,154,Bermuda,pole 12 W
2025-10-24T21:11:25.980591+00:00,26.67375983333333,-81.80517466666667,28:70:4e:d0:86:c3,-84,5765,154,Bermuda Guest WIFI,pole 12 W
2025-10-24T21:11:25.980591+00:00,26.67375983333333,-81.80517466666667,84:1f:e8:ff:29:e9,-85,2412,1,ShellyPlusRGBWPM-841FE8FF29E8,Unknown
2025-10-24T21:11:25.980591+00:00,26.67375983333333,-81.80517466666667,9c:05:d6:d6:11:ff,-87,5805,162,Bermuda Guest WIFI,inside3
2025-10-24T21:11:25.980591+00:00,26.67375983333333,-81.80517466666667,28:70:4e:d0:88:fa,-87,5765,154,Bermuda Guest WIFI,pole 11
2025-10-24T21:11:25.980591+00:00,26.67375983333333,-81.80517466666667,9e:05:d6:96:11:ff,-88,5805,162,Bermuda,inside3
2025-10-24T21:11:25.980591+00:00,26.67375983333333,-81.80517466666667,2e:70:4e:d0:88:fa,-88,5765,154,Bermuda,pole 11
2025-10-24T21:11:25.980591+00:00,26.673800166666666,-81.80520883333334,2e:70:4e:d0:87:50,-68,5745,150,Bermuda,pole 13 E
2025-10-24T21:11:25.980591+00:00,26.673800166666666,-81.80520883333334,2e:70:4e:dd:d0:49,-68,2437,6,Bermuda Guest WIFI 2G,pole 13 SW
2025-10-24T21:11:25.980591+00:00,26.673800166666666,-81.80520883333334,28:70:4e:dd:d0:49,-70,2437,6,Bermuda 2G,pole 13 SW
2025-10-24T21:11:25.980591+00:00,26.673800166666666,-81.80520883333334,2e:70:4e:d0:87:4f,-75,2462,11,Bermuda Guest WIFI 2G,pole 13 E
2025-10-24T21:11:25.980591+00:00,26.673800166666666,-81.80520883333334,2e:70:4e:d2:92:ab,-76,5745,150,Bermuda,pole 12 N
2025-10-24T21:11:25.980591+00:00,26.673800166666666,-81.80520883333334,28:70:4e:d2:92:ab,-76,5745,150,Bermuda Guest WIFI,pole 12 N
2025-10-24T21:11:25.980591+00:00,26.673800166666666,-81.80520883333334,28:70:4e:d2:92:aa,-77,2437,6,Bermuda 2G,pole 12 N
2025-10-24T21:11:25.980591+00:00,26.673800166666666,-81.80520883333334,2e:70:4e:d2:92:aa,-77,2437,6,Bermuda Guest WIFI 2G,pole 12 N
2025-10-24T21:11:25.980591+00:00,26.673800166666666,-81.80520883333334,2e:70:4e:d0:86:c2,-78,2437,6,Bermuda Guest WIFI 2G,pole 12 W
2025-10-24T21:11:25.980591+00:00,26.673800166666666,-81.80520883333334,28:70:4e:d0:88:22,-80,5765,154,Bermuda Guest WIFI,pole 14
2025-10-24T21:11:25.980591+00:00,26.673800166666666,-81.80520883333334,2e:70:4e:d0:88:22,-80,5765,154,Bermuda,pole 14
2025-10-24T21:11:25.980591+00:00,26.673800166666666,-81.80520883333334,28:70:4e:d0:86:c2,-81,2437,6,Bermuda 2G,pole 12 W
2025-10-24T21:11:25.980591+00:00,26.673800166666666,-81.80520883333334,28:70:4e:d0:87:4f,-81,2462,11,Bermuda 2G,pole 13 E
2025-10-24T21:11:25.980591+00:00,26.673800166666666,-81.80520883333334,6a:4e:05:22:b2:a8,-82,2412,1,venus-HQ2519UPV7N-e3f,Unknown
2025-10-24T21:11:25.980591+00:00,26.673800166666666,-81.80520883333334,28:70:4e:d0:87:50,-83,5745,150,Bermuda Guest WIFI,pole 13 E
2025-10-24T21:11:25.980591+00:00,26.673800166666666,-81.80520883333334,28:70:4e:d0:86:c3,-84,5765,154,Bermuda Guest WIFI,pole 12 W
2025-10-24T21:11:25.980591+00:00,26.673800166666666,-81.80520883333334,84:1f:e8:ff:29:e9,-85,2412,1,ShellyPlusRGBWPM-841FE8FF29E8,Unknown
2025-10-24T21:11:25.980591+00:00,26.673800166666666,-81.80520883333334,2e:70:4e:d0:86:c3,-85,5765,154,Bermuda,pole 12 W
2025-10-24T21:11:25.980591+00:00,26.673800166666666,-81.80520883333334,6a:4e:05:c3:64:61,-85,2412,1,venus-HQ2519QWPH9-5aa,Unknown
2025-10-24T21:11:25.980591+00:00,26.673800166666666,-81.80520883333334,9c:05:d6:d6:11:ff,-87,5805,162,Bermuda Guest WIFI,inside3
2025-10-24T21:11:25.980591+00:00,26.673800166666666,-81.80520883333334,28:70:4e:d0:88:fa,-87,5765,154,Bermuda Guest WIFI,pole 11
2025-10-24T21:11:25.980591+00:00,26.673800166666666,-81.80520883333334,9e:05:d6:96:11:ff,-88,5805,162,Bermuda,inside3
2025-10-24T21:11:25.980591+00:00,26.673800166666666,-81.80520883333334,2e:70:4e:d0:88:fa,-88,5765,154,Bermuda,pole 11
2025-10-24T21:11:25.980591+00:00,26.673800166666666,-81.80520883333334,9e:05:d6:96:25:73,-88,5220,45,Bermuda,inside4
2025-10-24T21:11:25.980591+00:00,26.673800166666666,-81.80520883333334,9c:05:d6:d6:25:73,-89,5220,45,Bermuda Guest WIFI,inside4
2025-10-24T21:11:25.980591+00:00,26.673860833333332,-81.80525116666666,2e:70:4e:d0:87:50,-68,5745,150,Bermuda,pole 13 E
2025-10-24T21:11:25.980591+00:00,26.673860833333332,-81.80525116666666,2e:70:4e:d0:87:4f,-75,2462,11,Bermuda Guest WIFI 2G,pole 13 E
2025-10-24T21:11:25.980591+00:00,26.673860833333332,-81.80525116666666,2e:70:4e:d2:92:ab,-76,5745,150,Bermuda,pole 12 N
2025-10-24T21:11:25.980591+00:00,26.673860833333332,-81.80525116666666,28:70:4e:d2:92:ab,-76,5745,150,Bermuda Guest WIFI,pole 12 N
2025-10-24T21:11:25.980591+00:00,26.673860833333332,-81.80525116666666,28:70:4e:dd:d0:49,-77,2437,6,Bermuda 2G,pole 13 SW
2025-10-24T21:11:25.980591+00:00,26.673860833333332,-81.80525116666666,28:70:4e:d2:92:aa,-77,2437,6,Bermuda 2G,pole 12 N
2025-10-24T21:11:25.980591+00:00,26.673860833333332,-81.80525116666666,2e:70:4e:dd:d0:49,-77,2437,6,Bermuda Guest WIFI 2G,pole 13 SW
2025-10-24T21:11:25.980591+00:00,26.673860833333332,-81.80525116666666,2e:70:4e:d2:92:aa,-77,2437,6,Bermuda Guest WIFI 2G,pole 12 N
2025-10-24T21:11:25.980591+00:00,26.673860833333332,-81.80525116666666,2e:70:4e:d0:86:c2,-78,2437,6,Bermuda Guest WIFI 2G,pole 12 W
2025-10-24T21:11:25.980591+00:00,26.673860833333332,-81.80525116666666,28:70:4e:d0:86:c2,-81,2437,6,Bermuda 2G,pole 12 W
2025-10-24T21:11:25.980591+00:00,26.673860833333332,-81.80525116666666,28:70:4e:d0:87:4f,-81,2462,11,Bermuda 2G,pole 13 E
2025-10-24T21:11:25.980591+00:00,26.673860833333332,-81.80525116666666,6a:4e:05:22:b2:a8,-82,2412,1,venus-HQ2519UPV7N-e3f,Unknown
2025-10-24T21:11:25.980591+00:00,26.673860833333332,-81.80525116666666,28:70:4e:d0:87:50,-83,5745,150,Bermuda Guest WIFI,pole 13 E
2025-10-24T21:11:25.980591+00:00,26.673860833333332,-81.80525116666666,28:70:4e:d0:88:22,-84,5765,154,Bermuda Guest WIFI,pole 14
2025-10-24T21:11:25.980591+00:00,26.673860833333332,-81.80525116666666,2e:70:4e:d0:88:22,-84,5765,154,Bermuda,pole 14
2025-10-24T21:11:25.980591+00:00,26.673860833333332,-81.80525116666666,28:70:4e:d0:86:c3,-84,5765,154,Bermuda Guest WIFI,pole 12 W
2025-10-24T21:11:25.980591+00:00,26.673860833333332,-81.80525116666666,84:1f:e8:ff:29:e9,-85,2412,1,ShellyPlusRGBWPM-841FE8FF29E8,Unknown
2025-10-24T21:11:25.980591+00:00,26.673860833333332,-81.80525116666666,2e:70:4e:d0:86:c3,-85,5765,154,Bermuda,pole 12 W
2025-10-24T21:11:25.980591+00:00,26.673860833333332,-81.80525116666666,6a:4e:05:c3:64:61,-85,2412,1,venus-HQ2519QWPH9-5aa,Unknown
2025-10-24T21:11:25.980591+00:00,26.673860833333332,-81.80525116666666,9c:05:d6:d6:11:ff,-87,5805,162,Bermuda Guest WIFI,inside3
2025-10-24T21:11:25.980591+00:00,26.673860833333332,-81.80525116666666,28:70:4e:d0:88:fa,-87,5765,154,Bermuda Guest WIFI,pole 11
2025-10-24T21:11:25.980591+00:00,26.673860833333332,-81.80525116666666,9e:05:d6:96:11:ff,-88,5805,162,Bermuda,inside3
2025-10-24T21:11:25.980591+00:00,26.673860833333332,-81.80525116666666,2e:70:4e:d0:88:fa,-88,5765,154,Bermuda,pole 11
2025-10-24T21:11:25.980591+00:00,26.673860833333332,-81.80525116666666,9e:05:d6:96:25:73,-88,5220,45,Bermuda,inside4
2025-10-24T21:11:25.980591+00:00,26.673860833333332,-81.80525116666666,9c:05:d6:d6:25:73,-89,5220,45,Bermuda Guest WIFI,inside4
2025-10-24T21:11:25.980591+00:00,26.673888,-81.80523866666667,2e:70:4e:d0:87:50,-69,5745,150,Bermuda,pole 13 E
2025-10-24T21:11:25.980591+00:00,26.673888,-81.80523866666667,28:70:4e:d2:92:ab,-69,5745,150,Bermuda Guest WIFI,pole 12 N
2025-10-24T21:11:25.980591+00:00,26.673888,-81.80523866666667,28:70:4e:dd:d0:49,-74,2437,6,Bermuda 2G,pole 13 SW
2025-10-24T21:11:25.980591+00:00,26.673888,-81.80523866666667,2e:70:4e:dd:d0:49,-74,2437,6,Bermuda Guest WIFI 2G,pole 13 SW
2025-10-24T21:11:25.980591+00:00,26.673888,-81.80523866666667,2e:70:4e:d2:92:ab,-76,5745,150,Bermuda,pole 12 N
2025-10-24T21:11:25.980591+00:00,26.673888,-81.80523866666667,28:70:4e:d0:87:4f,-76,2462,11,Bermuda 2G,pole 13 E
2025-10-24T21:11:25.980591+00:00,26.673888,-81.80523866666667,2e:70:4e:d0:87:4f,-76,2462,11,Bermuda Guest WIFI 2G,pole 13 E
2025-10-24T21:11:25.980591+00:00,26.673888,-81.80523866666667,2e:70:4e:d0:86:c2,-78,2437,6,Bermuda Guest WIFI 2G,pole 12 W
2025-10-24T21:11:25.980591+00:00,26.673888,-81.80523866666667,84:1f:e8:ff:29:e9,-80,2412,1,ShellyPlusRGBWPM-841FE8FF29E8,Unknown
2025-10-24T21:11:25.980591+00:00,26.673888,-81.80523866666667,28:70:4e:d0:86:c2,-81,2437,6,Bermuda 2G,pole 12 W
2025-10-24T21:11:25.980591+00:00,26.673888,-81.80523866666667,6a:4e:05:22:b2:a8,-82,2412,1,venus-HQ2519UPV7N-e3f,Unknown
2025-10-24T21:11:25.980591+00:00,26.673888,-81.80523866666667,2e:70:4e:d2:92:aa,-83,2437,6,Bermuda Guest WIFI 2G,pole 12 N
2025-10-24T21:11:25.980591+00:00,26.673888,-81.80523866666667,28:70:4e:d2:c9:b1,-83,5220,45,Bermuda Guest WIFI,pole 15 NW
2025-10-24T21:11:25.980591+00:00,26.673888,-81.80523866666667,2e:70:4e:d2:c9:b1,-83,5220,45,Bermuda,pole 15 NW
2025-10-24T21:11:25.980591+00:00,26.673888,-81.80523866666667,28:70:4e:d0:88:22,-84,5765,154,Bermuda Guest WIFI,pole 14
2025-10-24T21:11:25.980591+00:00,26.673888,-81.80523866666667,2e:70:4e:d0:88:22,-84,5765,154,Bermuda,pole 14
2025-10-24T21:11:25.980591+00:00,26.673888,-81.80523866666667,28:70:4e:d2:92:aa,-84,2437,6,Bermuda 2G,pole 12 N
2025-10-24T21:11:25.980591+00:00,26.673888,-81.80523866666667,28:70:4e:d0:86:c3,-84,5765,154,Bermuda Guest WIFI,pole 12 W
2025-10-24T21:11:25.980591+00:00,26.673888,-81.80523866666667,2e:70:4e:d0:86:c3,-85,5765,154,Bermuda,pole 12 W
2025-10-24T21:11:25.980591+00:00,26.673888,-81.80523866666667,6a:4e:05:c3:64:61,-85,2412,1,venus-HQ2519QWPH9-5aa,Unknown
2025-10-24T21:11:25.980591+00:00,26.673888,-81.80523866666667,9e:05:d6:96:25:73,-88,5220,45,Bermuda,inside4
2025-10-24T21:11:25.980591+00:00,26.673888,-81.80523866666667,9c:05:d6:d6:25:73,-89,5220,45,Bermuda Guest WIFI,inside4
2025-10-24T21:12:28.509722+00:00,26.673813166666665,-81.80517016666667,2e:70:4e:d0:87:50,-66,5745,150,Bermuda,pole 13 E
2025-10-24T21:12:28.509722+00:00,26.673813166666665,-81.80517016666667,2e:70:4e:d2:92:aa,-76,2437,6,Bermuda Guest WIFI 2G,pole 12 N
2025-10-24T21:12:28.509722+00:00,26.673813166666665,-81.80517016666667,28:70:4e:dd:d0:49,-78,2437,6,Bermuda 2G,pole 13 SW
2025-10-24T21:12:28.509722+00:00,26.673813166666665,-81.80517016666667,2e:70:4e:dd:d0:49,-78,2437,6,Bermuda Guest WIFI 2G,pole 13 SW
2025-10-24T21:12:28.509722+00:00,26.673813166666665,-81.80517016666667,28:70:4e:d2:92:ab,-78,5745,150,Bermuda Guest WIFI,pole 12 N
2025-10-24T21:12:28.509722+00:00,26.673813166666665,-81.80517016666667,2e:70:4e:d2:92:ab,-78,5745,150,Bermuda,pole 12 N
2025-10-24T21:12:28.509722+00:00,26.673813166666665,-81.80517016666667,28:70:4e:d2:92:aa,-79,2437,6,Bermuda 2G,pole 12 N
2025-10-24T21:12:28.509722+00:00,26.673813166666665,-81.80517016666667,28:70:4e:d0:86:c2,-79,2437,6,Bermuda 2G,pole 12 W
2025-10-24T21:12:28.509722+00:00,26.673813166666665,-81.80517016666667,6a:4e:05:c3:64:61,-81,2412,1,venus-HQ2519QWPH9-5aa,Unknown
2025-10-24T21:12:28.509722+00:00,26.673813166666665,-81.80517016666667,84:1f:e8:ff:29:e9,-83,2412,1,ShellyPlusRGBWPM-841FE8FF29E8,Unknown
2025-10-24T21:12:28.509722+00:00,26.673813166666665,-81.80517016666667,9c:05:d6:d6:11:ff,-86,5805,162,Bermuda Guest WIFI,inside3
2025-10-24T21:12:28.509722+00:00,26.673813166666665,-81.80517016666667,9e:05:d6:96:11:ff,-86,5805,162,Bermuda,inside3
2025-10-24T21:12:28.509722+00:00,26.673754166666665,-81.80514616666666,28:70:4e:dd:d0:4a,-60,5240,49,Bermuda Guest WIFI,pole 13 SW
2025-10-24T21:12:28.509722+00:00,26.673754166666665,-81.80514616666666,2e:70:4e:dd:d0:4a,-60,5240,49,Bermuda,pole 13 SW
2025-10-24T21:12:28.509722+00:00,26.673754166666665,-81.80514616666666,2e:70:4e:d0:87:50,-66,5745,150,Bermuda,pole 13 E
2025-10-24T21:12:28.509722+00:00,26.673754166666665,-81.80514616666666,28:70:4e:d0:88:22,-70,5765,154,Bermuda Guest WIFI,pole 14
2025-10-24T21:12:28.509722+00:00,26.673754166666665,-81.80514616666666,2e:70:4e:d0:88:22,-71,5765,154,Bermuda,pole 14
2025-10-24T21:12:28.509722+00:00,26.673754166666665,-81.80514616666666,28:70:4e:d0:88:fa,-77,5765,154,Bermuda Guest WIFI,pole 11
2025-10-24T21:12:28.509722+00:00,26.673754166666665,-81.80514616666666,2e:70:4e:d0:88:fa,-77,5765,154,Bermuda,pole 11
2025-10-24T21:12:28.509722+00:00,26.673754166666665,-81.80514616666666,28:70:4e:d2:92:aa,-78,2437,6,Bermuda 2G,pole 12 N
2025-10-24T21:12:28.509722+00:00,26.673754166666665,-81.80514616666666,28:70:4e:dd:d0:49,-78,2437,6,Bermuda 2G,pole 13 SW
2025-10-24T21:12:28.509722+00:00,26.673754166666665,-81.80514616666666,2e:70:4e:d2:92:aa,-78,2437,6,Bermuda Guest WIFI 2G,pole 12 N
2025-10-24T21:12:28.509722+00:00,26.673754166666665,-81.80514616666666,2e:70:4e:dd:d0:49,-78,2437,6,Bermuda Guest WIFI 2G,pole 13 SW
2025-10-24T21:12:28.509722+00:00,26.673754166666665,-81.80514616666666,28:70:4e:d2:92:ab,-78,5745,150,Bermuda Guest WIFI,pole 12 N
2025-10-24T21:12:28.509722+00:00,26.673754166666665,-81.80514616666666,2e:70:4e:d2:92:ab,-78,5745,150,Bermuda,pole 12 N
2025-10-24T21:12:28.509722+00:00,26.673754166666665,-81.80514616666666,28:70:4e:d0:87:4f,-78,2462,11,Bermuda 2G,pole 13 E
2025-10-24T21:12:28.509722+00:00,26.673754166666665,-81.80514616666666,28:70:4e:d0:86:c2,-79,2437,6,Bermuda 2G,pole 12 W
2025-10-24T21:12:28.509722+00:00,26.673754166666665,-81.80514616666666,2e:70:4e:d0:87:4f,-80,2462,11,Bermuda Guest WIFI 2G,pole 13 E
2025-10-24T21:12:28.509722+00:00,26.673754166666665,-81.80514616666666,6a:4e:05:c3:64:61,-82,2412,1,venus-HQ2519QWPH9-5aa,Unknown
2025-10-24T21:12:28.509722+00:00,26.673754166666665,-81.80514616666666,6a:4e:05:22:b2:a8,-82,2412,1,venus-HQ2519UPV7N-e3f,Unknown
2025-10-24T21:12:28.509722+00:00,26.673754166666665,-81.80514616666666,84:1f:e8:ff:29:e9,-83,2412,1,ShellyPlusRGBWPM-841FE8FF29E8,Unknown
2025-10-24T21:12:28.509722+00:00,26.673754166666665,-81.80514616666666,9c:05:d6:d6:11:ff,-86,5805,162,Bermuda Guest WIFI,inside3
2025-10-24T21:12:28.509722+00:00,26.673754166666665,-81.80514616666666,9e:05:d6:96:11:ff,-86,5805,162,Bermuda,inside3
2025-10-24T21:12:28.509722+00:00,26.673680666666666,-81.8051485,28:70:4e:dd:d0:4a,-60,5240,49,Bermuda Guest WIFI,pole 13 SW
2025-10-24T21:12:28.509722+00:00,26.673680666666666,-81.8051485,2e:70:4e:dd:d0:4a,-60,5240,49,Bermuda,pole 13 SW
2025-10-24T21:12:28.509722+00:00,26.673680666666666,-81.8051485,1c:6a:1b:63:f6:f2,-64,5240,49,Bermuda Guest WIFI,Outside SE
2025-10-24T21:12:28.509722+00:00,26.673680666666666,-81.8051485,22:6a:1b:63:f6:f2,-64,5240,49,Bermuda,Outside SE
2025-10-24T21:12:28.509722+00:00,26.673680666666666,-81.8051485,2e:70:4e:d0:87:50,-65,5745,150,Bermuda,pole 13 E
2025-10-24T21:12:28.509722+00:00,26.673680666666666,-81.8051485,28:70:4e:d2:92:ab,-70,5745,150,Bermuda Guest WIFI,pole 12 N
2025-10-24T21:12:28.509722+00:00,26.673680666666666,-81.8051485,2e:70:4e:d2:92:ab,-70,5745,150,Bermuda,pole 12 N
2025-10-24T21:12:28.509722+00:00,26.673680666666666,-81.8051485,28:70:4e:d0:87:4f,-77,2462,11,Bermuda 2G,pole 13 E
2025-10-24T21:12:28.509722+00:00,26.673680666666666,-81.8051485,2e:70:4e:d0:87:4f,-77,2462,11,Bermuda Guest WIFI 2G,pole 13 E
2025-10-24T21:12:28.509722+00:00,26.673680666666666,-81.8051485,28:70:4e:d2:92:aa,-78,2437,6,Bermuda 2G,pole 12 N
2025-10-24T21:12:28.509722+00:00,26.673680666666666,-81.8051485,28:70:4e:dd:d0:49,-78,2437,6,Bermuda 2G,pole 13 SW
2025-10-24T21:12:28.509722+00:00,26.673680666666666,-81.8051485,2e:70:4e:dd:d0:49,-78,2437,6,Bermuda Guest WIFI 2G,pole 13 SW
2025-10-24T21:12:28.509722+00:00,26.673680666666666,-81.8051485,28:70:4e:d0:86:c2,-79,2437,6,Bermuda 2G,pole 12 W
2025-10-24T21:12:28.509722+00:00,26.673680666666666,-81.8051485,28:70:4e:d0:88:22,-80,5765,154,Bermuda Guest WIFI,pole 14
2025-10-24T21:12:28.509722+00:00,26.673680666666666,-81.8051485,6a:4e:05:22:b2:a8,-81,2412,1,venus-HQ2519UPV7N-e3f,Unknown
2025-10-24T21:12:28.509722+00:00,26.673680666666666,-81.8051485,2e:70:4e:d0:88:22,-81,5765,154,Bermuda,pole 14
2025-10-24T21:12:28.509722+00:00,26.673680666666666,-81.8051485,6a:4e:05:c3:64:61,-82,2412,1,venus-HQ2519QWPH9-5aa,Unknown
2025-10-24T21:12:28.509722+00:00,26.673680666666666,-81.8051485,84:1f:e8:ff:29:e9,-83,2412,1,ShellyPlusRGBWPM-841FE8FF29E8,Unknown
2025-10-24T21:12:28.509722+00:00,26.673680666666666,-81.8051485,28:70:4e:d0:88:fa,-84,5765,154,Bermuda Guest WIFI,pole 11
2025-10-24T21:12:28.509722+00:00,26.673680666666666,-81.8051485,2e:70:4e:d0:88:fa,-84,5765,154,Bermuda,pole 11
2025-10-24T21:12:28.509722+00:00,26.673680666666666,-81.8051485,2e:70:4e:d2:92:aa,-85,2437,6,Bermuda Guest WIFI 2G,pole 12 N
2025-10-24T21:12:28.509722+00:00,26.673680666666666,-81.8051485,9c:05:d6:d6:11:ff,-86,5805,162,Bermuda Guest WIFI,inside3
2025-10-24T21:12:28.509722+00:00,26.673680666666666,-81.8051485,9e:05:d6:96:11:ff,-86,5805,162,Bermuda,inside3
2025-10-24T21:12:28.509722+00:00,26.673585,-81.80512883333333,28:70:4e:dd:d0:4a,-46,5240,49,Bermuda Guest WIFI,pole 13 SW
2025-10-24T21:12:28.509722+00:00,26.673585,-81.80512883333333,2e:70:4e:dd:d0:4a,-46,5240,49,Bermuda,pole 13 SW
2025-10-24T21:12:28.509722+00:00,26.673585,-81.80512883333333,1c:6a:1b:63:f6:f2,-64,5240,49,Bermuda Guest WIFI,Outside SE
2025-10-24T21:12:28.509722+00:00,26.673585,-81.80512883333333,22:6a:1b:63:f6:f2,-64,5240,49,Bermuda,Outside SE
2025-10-24T21:12:28.509722+00:00,26.673585,-81.80512883333333,2e:70:4e:d0:87:50,-65,5745,150,Bermuda,pole 13 E
2025-10-24T21:12:28.509722+00:00,26.673585,-81.80512883333333,28:70:4e:d0:87:50,-65,5745,150,Bermuda Guest WIFI,pole 13 E
2025-10-24T21:12:28.509722+00:00,26.673585,-81.80512883333333,2e:70:4e:d0:87:4f,-68,2462,11,Bermuda Guest WIFI 2G,pole 13 E
2025-10-24T21:12:28.509722+00:00,26.673585,-81.80512883333333,28:70:4e:d0:87:4f,-69,2462,11,Bermuda 2G,pole 13 E
2025-10-24T21:12:28.509722+00:00,26.673585,-81.80512883333333,28:70:4e:d2:92:ab,-70,5745,150,Bermuda Guest WIFI,pole 12 N
2025-10-24T21:12:28.509722+00:00,26.673585,-81.80512883333333,2e:70:4e:d2:92:ab,-70,5745,150,Bermuda,pole 12 N
2025-10-24T21:12:28.509722+00:00,26.673585,-81.80512883333333,6a:4e:05:22:b2:a8,-74,2412,1,venus-HQ2519UPV7N-e3f,Unknown
2025-10-24T21:12:28.509722+00:00,26.673585,-81.80512883333333,28:70:4e:d0:86:c3,-74,5765,154,Bermuda Guest WIFI,pole 12 W
2025-10-24T21:12:28.509722+00:00,26.673585,-81.80512883333333,2e:70:4e:d0:86:c3,-75,5765,154,Bermuda,pole 12 W
2025-10-24T21:12:28.509722+00:00,26.673585,-81.80512883333333,6a:4e:05:c3:64:61,-77,2412,1,venus-HQ2519QWPH9-5aa,Unknown
2025-10-24T21:12:28.509722+00:00,26.673585,-81.80512883333333,28:70:4e:d2:92:aa,-78,2437,6,Bermuda 2G,pole 12 N
2025-10-24T21:12:28.509722+00:00,26.673585,-81.80512883333333,28:70:4e:dd:d0:49,-78,2437,6,Bermuda 2G,pole 13 SW
2025-10-24T21:12:28.509722+00:00,26.673585,-81.80512883333333,2e:70:4e:dd:d0:49,-78,2437,6,Bermuda Guest WIFI 2G,pole 13 SW
2025-10-24T21:12:28.509722+00:00,26.673585,-81.80512883333333,28:70:4e:d0:86:c2,-79,2437,6,Bermuda 2G,pole 12 W
2025-10-24T21:12:28.509722+00:00,26.673585,-81.80512883333333,28:70:4e:d0:88:22,-80,5765,154,Bermuda Guest WIFI,pole 14
2025-10-24T21:12:28.509722+00:00,26.673585,-81.80512883333333,2e:70:4e:d0:88:22,-81,5765,154,Bermuda,pole 14
2025-10-24T21:12:28.509722+00:00,26.673585,-81.80512883333333,84:1f:e8:ff:29:e9,-83,2412,1,ShellyPlusRGBWPM-841FE8FF29E8,Unknown
2025-10-24T21:12:28.509722+00:00,26.673585,-81.80512883333333,28:70:4e:d0:88:fa,-84,5765,154,Bermuda Guest WIFI,pole 11
2025-10-24T21:12:28.509722+00:00,26.673585,-81.80512883333333,2e:70:4e:d0:88:fa,-84,5765,154,Bermuda,pole 11
2025-10-24T21:12:28.509722+00:00,26.673585,-81.80512883333333,2e:70:4e:d2:92:aa,-85,2437,6,Bermuda Guest WIFI 2G,pole 12 N
2025-10-24T21:12:28.509722+00:00,26.673585,-81.80512883333333,28:70:4e:d0:87:dd,-85,5220,45,Bermuda Guest WIFI,pole 07
2025-10-24T21:12:28.509722+00:00,26.673585,-81.80512883333333,2e:70:4e:d0:87:dd,-85,5220,45,Bermuda,pole 07
2025-10-24T21:12:28.509722+00:00,26.673585,-81.80512883333333,9c:05:d6:d6:11:ff,-86,5805,162,Bermuda Guest WIFI,inside3
2025-10-24T21:12:28.509722+00:00,26.673585,-81.80512883333333,9e:05:d6:96:11:ff,-86,5805,162,Bermuda,inside3
2025-10-24T21:12:28.509722+00:00,26.673585,-81.80512883333333,62:22:32:16:1e:33,-87,5805,162,Bermuda,laundry1
2025-10-24T21:12:28.509722+00:00,26.673585,-81.80512883333333,60:22:32:16:1e:33,-88,5805,162,Bermuda Guest WIFI,laundry1
2025-10-24T21:13:30.483021+00:00,26.673495666666668,-81.80516616666667,2e:70:4e:d0:87:50,-57,5745,150,Bermuda,pole 13 E
2025-10-24T21:13:30.483021+00:00,26.673495666666668,-81.80516616666667,28:70:4e:dd:d0:4a,-57,5240,49,Bermuda Guest WIFI,pole 13 SW
2025-10-24T21:13:30.483021+00:00,26.673495666666668,-81.80516616666667,2e:70:4e:dd:d0:4a,-57,5240,49,Bermuda,pole 13 SW
2025-10-24T21:13:30.483021+00:00,26.673495666666668,-81.80516616666667,6a:4e:05:22:b2:a8,-64,2412,1,venus-HQ2519UPV7N-e3f,Unknown
2025-10-24T21:13:30.483021+00:00,26.673495666666668,-81.80516616666667,2e:70:4e:dd:d0:49,-69,2437,6,Bermuda Guest WIFI 2G,pole 13 SW
2025-10-24T21:13:30.483021+00:00,26.673495666666668,-81.80516616666667,28:70:4e:dd:d0:49,-71,2437,6,Bermuda 2G,pole 13 SW
2025-10-24T21:13:30.483021+00:00,26.673495666666668,-81.80516616666667,28:70:4e:d0:87:4f,-71,2462,11,Bermuda 2G,pole 13 E
2025-10-24T21:13:30.483021+00:00,26.673495666666668,-81.80516616666667,2e:70:4e:d0:87:4f,-71,2462,11,Bermuda Guest WIFI 2G,pole 13 E
2025-10-24T21:13:30.483021+00:00,26.673495666666668,-81.80516616666667,28:70:4e:d2:92:aa,-73,2437,6,Bermuda 2G,pole 12 N
2025-10-24T21:13:30.483021+00:00,26.673495666666668,-81.80516616666667,2e:70:4e:d2:92:aa,-74,2437,6,Bermuda Guest WIFI 2G,pole 12 N
2025-10-24T21:13:30.483021+00:00,26.673495666666668,-81.80516616666667,28:70:4e:d0:86:c3,-74,5765,154,Bermuda Guest WIFI,pole 12 W
2025-10-24T21:13:30.483021+00:00,26.673495666666668,-81.80516616666667,2e:70:4e:d0:86:c3,-75,5765,154,Bermuda,pole 12 W
2025-10-24T21:13:30.483021+00:00,26.673495666666668,-81.80516616666667,28:70:4e:d0:86:c2,-76,2437,6,Bermuda 2G,pole 12 W
2025-10-24T21:13:30.483021+00:00,26.673495666666668,-81.80516616666667,84:1f:e8:ff:29:e9,-77,2412,1,ShellyPlusRGBWPM-841FE8FF29E8,Unknown
2025-10-24T21:13:30.483021+00:00,26.673495666666668,-81.80516616666667,2e:70:4e:d0:89:02,-80,2462,11,Bermuda Guest WIFI 2G,pole 17
2025-10-24T21:13:30.483021+00:00,26.673495666666668,-81.80516616666667,9e:05:d6:96:11:ff,-80,5805,162,Bermuda,inside3
2025-10-24T21:13:30.483021+00:00,26.673495666666668,-81.80516616666667,9c:05:d6:d6:11:ff,-82,5805,162,Bermuda Guest WIFI,inside3
2025-10-24T21:13:30.483021+00:00,26.673495666666668,-81.80516616666667,6a:4e:05:c3:64:61,-84,2412,1,venus-HQ2519QWPH9-5aa,Unknown
2025-10-24T21:13:30.483021+00:00,26.6734845,-81.8051045,28:70:4e:dd:d0:4a,-57,5240,49,Bermuda Guest WIFI,pole 13 SW
2025-10-24T21:13:30.483021+00:00,26.6734845,-81.8051045,2e:70:4e:dd:d0:4a,-57,5240,49,Bermuda,pole 13 SW
2025-10-24T21:13:30.483021+00:00,26.6734845,-81.8051045,6a:4e:05:22:b2:a8,-64,2412,1,venus-HQ2519UPV7N-e3f,Unknown
2025-10-24T21:13:30.483021+00:00,26.6734845,-81.8051045,2e:70:4e:dd:d0:49,-69,2437,6,Bermuda Guest WIFI 2G,pole 13 SW
2025-10-24T21:13:30.483021+00:00,26.6734845,-81.8051045,28:70:4e:dd:d0:49,-71,2437,6,Bermuda 2G,pole 13 SW
2025-10-24T21:13:30.483021+00:00,26.6734845,-81.8051045,28:70:4e:d0:87:4f,-71,2462,11,Bermuda 2G,pole 13 E
2025-10-24T21:13:30.483021+00:00,26.6734845,-81.8051045,2e:70:4e:d0:87:4f,-71,2462,11,Bermuda Guest WIFI 2G,pole 13 E
2025-10-24T21:13:30.483021+00:00,26.6734845,-81.8051045,2e:70:4e:d0:87:50,-73,5745,150,Bermuda,pole 13 E
2025-10-24T21:13:30.483021+00:00,26.6734845,-81.8051045,28:70:4e:d2:92:aa,-73,2437,6,Bermuda 2G,pole 12 N
2025-10-24T21:13:30.483021+00:00,26.6734845,-81.8051045,2e:70:4e:d2:92:aa,-74,2437,6,Bermuda Guest WIFI 2G,pole 12 N
2025-10-24T21:13:30.483021+00:00,26.6734845,-81.8051045,28:70:4e:d0:86:c3,-74,5765,154,Bermuda Guest WIFI,pole 12 W
2025-10-24T21:13:30.483021+00:00,26.6734845,-81.8051045,2e:70:4e:d0:86:c3,-75,5765,154,Bermuda,pole 12 W
2025-10-24T21:13:30.483021+00:00,26.6734845,-81.8051045,28:70:4e:d0:86:c2,-76,2437,6,Bermuda 2G,pole 12 W
2025-10-24T21:13:30.483021+00:00,26.6734845,-81.8051045,84:1f:e8:ff:29:e9,-77,2412,1,ShellyPlusRGBWPM-841FE8FF29E8,Unknown
2025-10-24T21:13:30.483021+00:00,26.6734845,-81.8051045,2e:70:4e:d0:89:02,-80,2462,11,Bermuda Guest WIFI 2G,pole 17
2025-10-24T21:13:30.483021+00:00,26.6734845,-81.8051045,9e:05:d6:96:11:ff,-80,5805,162,Bermuda,inside3
2025-10-24T21:13:30.483021+00:00,26.6734845,-81.8051045,28:70:4e:d2:c9:b1,-81,5220,45,Bermuda Guest WIFI,pole 15 NW
2025-10-24T21:13:30.483021+00:00,26.6734845,-81.8051045,9c:05:d6:d6:11:ff,-82,5805,162,Bermuda Guest WIFI,inside3
2025-10-24T21:13:30.483021+00:00,26.6734845,-81.8051045,2e:70:4e:d2:c9:b1,-82,5220,45,Bermuda,pole 15 NW
2025-10-24T21:13:30.483021+00:00,26.6734845,-81.8051045,6a:4e:05:c3:64:61,-84,2412,1,venus-HQ2519QWPH9-5aa,Unknown
2025-10-24T21:13:30.483021+00:00,26.6734845,-81.8051045,60:22:32:16:1e:33,-84,5805,162,Bermuda Guest WIFI,laundry1
2025-10-24T21:13:30.483021+00:00,26.6734845,-81.8051045,62:22:32:16:1e:33,-84,5805,162,Bermuda,laundry1
2025-10-24T21:13:30.483021+00:00,26.673465,-81.80505916666667,28:70:4e:dd:d0:4a,-57,5240,49,Bermuda Guest WIFI,pole 13 SW
2025-10-24T21:13:30.483021+00:00,26.673465,-81.80505916666667,2e:70:4e:dd:d0:4a,-57,5240,49,Bermuda,pole 13 SW
2025-10-24T21:13:30.483021+00:00,26.673465,-81.80505916666667,2e:70:4e:dd:d0:49,-69,2437,6,Bermuda Guest WIFI 2G,pole 13 SW
2025-10-24T21:13:30.483021+00:00,26.673465,-81.80505916666667,28:70:4e:dd:d0:49,-71,2437,6,Bermuda 2G,pole 13 SW
2025-10-24T21:13:30.483021+00:00,26.673465,-81.80505916666667,28:70:4e:d0:87:4f,-71,2462,11,Bermuda 2G,pole 13 E
2025-10-24T21:13:30.483021+00:00,26.673465,-81.80505916666667,2e:70:4e:d0:87:4f,-71,2462,11,Bermuda Guest WIFI 2G,pole 13 E
2025-10-24T21:13:30.483021+00:00,26.673465,-81.80505916666667,28:70:4e:d0:86:c3,-74,5765,154,Bermuda Guest WIFI,pole 12 W
2025-10-24T21:13:30.483021+00:00,26.673465,-81.80505916666667,28:70:4e:d2:92:aa,-75,2437,6,Bermuda 2G,pole 12 N
2025-10-24T21:13:30.483021+00:00,26.673465,-81.80505916666667,2e:70:4e:d2:92:aa,-75,2437,6,Bermuda Guest WIFI 2G,pole 12 N
2025-10-24T21:13:30.483021+00:00,26.673465,-81.80505916666667,2e:70:4e:d0:86:c3,-75,5765,154,Bermuda,pole 12 W
2025-10-24T21:13:30.483021+00:00,26.673465,-81.80505916666667,28:70:4e:d0:86:c2,-76,2437,6,Bermuda 2G,pole 12 W
2025-10-24T21:13:30.483021+00:00,26.673465,-81.80505916666667,28:70:4e:d2:92:ab,-76,5745,150,Bermuda Guest WIFI,pole 12 N
2025-10-24T21:13:30.483021+00:00,26.673465,-81.80505916666667,28:70:4e:d0:88:fa,-76,5765,154,Bermuda Guest WIFI,pole 11
2025-10-24T21:13:30.483021+00:00,26.673465,-81.80505916666667,2e:70:4e:d0:88:fa,-76,5765,154,Bermuda,pole 11
2025-10-24T21:13:30.483021+00:00,26.673465,-81.80505916666667,2e:70:4e:d0:87:50,-77,5745,150,Bermuda,pole 13 E
2025-10-24T21:13:30.483021+00:00,26.673465,-81.80505916666667,84:1f:e8:ff:29:e9,-77,2412,1,ShellyPlusRGBWPM-841FE8FF29E8,Unknown
2025-10-24T21:13:30.483021+00:00,26.673465,-81.80505916666667,28:70:4e:d0:88:22,-77,5765,154,Bermuda Guest WIFI,pole 14
2025-10-24T21:13:30.483021+00:00,26.673465,-81.80505916666667,2e:70:4e:d0:88:22,-77,5765,154,Bermuda,pole 14
2025-10-24T21:13:30.483021+00:00,26.673465,-81.80505916666667,6a:4e:05:22:b2:a8,-80,2412,1,venus-HQ2519UPV7N-e3f,Unknown
2025-10-24T21:13:30.483021+00:00,26.673465,-81.80505916666667,2e:70:4e:d0:89:02,-80,2462,11,Bermuda Guest WIFI 2G,pole 17
2025-10-24T21:13:30.483021+00:00,26.673465,-81.80505916666667,9e:05:d6:96:11:ff,-80,5805,162,Bermuda,inside3
2025-10-24T21:13:30.483021+00:00,26.673465,-81.80505916666667,28:70:4e:d2:c9:b1,-81,5220,45,Bermuda Guest WIFI,pole 15 NW
2025-10-24T21:13:30.483021+00:00,26.673465,-81.80505916666667,9c:05:d6:d6:11:ff,-82,5805,162,Bermuda Guest WIFI,inside3
2025-10-24T21:13:30.483021+00:00,26.673465,-81.80505916666667,2e:70:4e:d2:c9:b1,-82,5220,45,Bermuda,pole 15 NW
2025-10-24T21:13:30.483021+00:00,26.673465,-81.80505916666667,6a:4e:05:c3:64:61,-84,2412,1,venus-HQ2519QWPH9-5aa,Unknown
2025-10-24T21:13:30.483021+00:00,26.673465,-81.80505916666667,60:22:32:16:1e:33,-84,5805,162,Bermuda Guest WIFI,laundry1
2025-10-24T21:13:30.483021+00:00,26.673465,-81.80505916666667,62:22:32:16:1e:33,-85,5805,162,Bermuda,laundry1
2025-10-24T21:14:32.407915+00:00,26.673455666666666,-81.80501716666667,2e:70:4e:dd:d0:4a,-58,5240,49,Bermuda,pole 13 SW
2025-10-24T21:14:32.407915+00:00,26.673455666666666,-81.80501716666667,28:70:4e:dd:d0:4a,-58,5240,49,Bermuda Guest WIFI,pole 13 SW
2025-10-24T21:14:32.407915+00:00,26.673455666666666,-81.80501716666667,28:70:4e:d0:88:22,-73,5765,154,Bermuda Guest WIFI,pole 14
2025-10-24T21:14:32.407915+00:00,26.673455666666666,-81.80501716666667,2e:70:4e:d0:88:22,-73,5765,154,Bermuda,pole 14
2025-10-24T21:14:32.407915+00:00,26.673455666666666,-81.80501716666667,28:70:4e:d0:88:fa,-76,5765,154,Bermuda Guest WIFI,pole 11
2025-10-24T21:14:32.407915+00:00,26.673455666666666,-81.80501716666667,2e:70:4e:d0:88:fa,-76,5765,154,Bermuda,pole 11
2025-10-24T21:14:32.407915+00:00,26.673455666666666,-81.80501716666667,28:70:4e:d0:87:50,-76,5745,150,Bermuda Guest WIFI,pole 13 E
2025-10-24T21:14:32.407915+00:00,26.673455666666666,-81.80501716666667,2e:70:4e:d0:87:50,-77,5745,150,Bermuda,pole 13 E
2025-10-24T21:14:32.407915+00:00,26.673455666666666,-81.80501716666667,28:70:4e:d2:c9:b1,-78,5220,45,Bermuda Guest WIFI,pole 15 NW
2025-10-24T21:14:32.407915+00:00,26.673455666666666,-81.80501716666667,2e:70:4e:d2:c9:b1,-78,5220,45,Bermuda,pole 15 NW
2025-10-24T21:14:32.407915+00:00,26.673455666666666,-81.80501716666667,28:70:4e:d0:89:0c,-80,5220,45,Bermuda Guest WIFI,pole 10
2025-10-24T21:14:32.407915+00:00,26.673455666666666,-81.80501716666667,2e:70:4e:d0:89:0c,-80,5220,45,Bermuda,pole 10
2025-10-24T21:14:32.407915+00:00,26.673455666666666,-81.80501716666667,62:22:32:16:1e:33,-84,5805,162,Bermuda,laundry1
2025-10-24T21:14:32.407915+00:00,26.673455666666666,-81.80501716666667,60:22:32:16:1e:33,-86,5805,162,Bermuda Guest WIFI,laundry1
2025-10-24T21:14:32.407915+00:00,26.673453333333335,-81.8049345,28:70:4e:dd:d0:4a,-58,5240,49,Bermuda Guest WIFI,pole 13 SW
2025-10-24T21:14:32.407915+00:00,26.673453333333335,-81.8049345,2e:70:4e:dd:d0:4a,-61,5240,49,Bermuda,pole 13 SW
2025-10-24T21:14:32.407915+00:00,26.673453333333335,-81.8049345,28:70:4e:d0:88:22,-73,5765,154,Bermuda Guest WIFI,pole 14
2025-10-24T21:14:32.407915+00:00,26.673453333333335,-81.8049345,2e:70:4e:d0:88:22,-73,5765,154,Bermuda,pole 14
2025-10-24T21:14:32.407915+00:00,26.673453333333335,-81.8049345,6a:4e:05:c3:64:61,-73,2412,1,venus-HQ2519QWPH9-5aa,Unknown
2025-10-24T21:14:32.407915+00:00,26.673453333333335,-81.8049345,6a:4e:05:22:b2:a8,-75,2412,1,venus-HQ2519UPV7N-e3f,Unknown
2025-10-24T21:14:32.407915+00:00,26.673453333333335,-81.8049345,28:70:4e:d0:88:fa,-76,5765,154,Bermuda Guest WIFI,pole 11
2025-10-24T21:14:32.407915+00:00,26.673453333333335,-81.8049345,2e:70:4e:d0:88:fa,-76,5765,154,Bermuda,pole 11
2025-10-24T21:14:32.407915+00:00,26.673453333333335,-81.8049345,28:70:4e:d0:87:50,-76,5745,150,Bermuda Guest WIFI,pole 13 E
2025-10-24T21:14:32.407915+00:00,26.673453333333335,-81.8049345,2e:70:4e:d0:87:50,-77,5745,150,Bermuda,pole 13 E
2025-10-24T21:14:32.407915+00:00,26.673453333333335,-81.8049345,28:70:4e:dd:d0:49,-77,2437,6,Bermuda 2G,pole 13 SW
2025-10-24T21:14:32.407915+00:00,26.673453333333335,-81.8049345,28:70:4e:d2:c9:b1,-78,5220,45,Bermuda Guest WIFI,pole 15 NW
2025-10-24T21:14:32.407915+00:00,26.673453333333335,-81.8049345,2e:70:4e:d2:c9:b1,-78,5220,45,Bermuda,pole 15 NW
2025-10-24T21:14:32.407915+00:00,26.673453333333335,-81.8049345,28:70:4e:d0:89:0c,-80,5220,45,Bermuda Guest WIFI,pole 10
2025-10-24T21:14:32.407915+00:00,26.673453333333335,-81.8049345,2e:70:4e:d0:89:0c,-80,5220,45,Bermuda,pole 10
2025-10-24T21:14:32.407915+00:00,26.673453333333335,-81.8049345,84:1f:e8:ff:29:e9,-80,2412,1,ShellyPlusRGBWPM-841FE8FF29E8,Unknown
2025-10-24T21:14:32.407915+00:00,26.673453333333335,-81.8049345,2e:70:4e:dd:d0:49,-80,2437,6,Bermuda Guest WIFI 2G,pole 13 SW
2025-10-24T21:14:32.407915+00:00,26.673453333333335,-81.8049345,62:22:32:16:1e:33,-84,5805,162,Bermuda,laundry1
2025-10-24T21:14:32.407915+00:00,26.673453333333335,-81.8049345,60:22:32:16:1e:33,-86,5805,162,Bermuda Guest WIFI,laundry1
2025-10-24T21:14:32.407915+00:00,26.673398333333335,-81.8048745,28:70:4e:dd:d0:4a,-58,5240,49,Bermuda Guest WIFI,pole 13 SW
2025-10-24T21:14:32.407915+00:00,26.673398333333335,-81.8048745,2e:70:4e:dd:d0:4a,-61,5240,49,Bermuda,pole 13 SW
2025-10-24T21:14:32.407915+00:00,26.673398333333335,-81.8048745,28:70:4e:d0:88:22,-67,5765,154,Bermuda Guest WIFI,pole 14
2025-10-24T21:14:32.407915+00:00,26.673398333333335,-81.8048745,2e:70:4e:d0:88:22,-73,5765,154,Bermuda,pole 14
2025-10-24T21:14:32.407915+00:00,26.673398333333335,-81.8048745,84:1f:e8:ff:29:e9,-75,2412,1,ShellyPlusRGBWPM-841FE8FF29E8,Unknown
2025-10-24T21:14:32.407915+00:00,26.673398333333335,-81.8048745,28:70:4e:d0:87:50,-76,5745,150,Bermuda Guest WIFI,pole 13 E
2025-10-24T21:14:32.407915+00:00,26.673398333333335,-81.8048745,6a:4e:05:22:b2:a8,-76,2412,1,venus-HQ2519UPV7N-e3f,Unknown
2025-10-24T21:14:32.407915+00:00,26.673398333333335,-81.8048745,2e:70:4e:d0:87:50,-77,5745,150,Bermuda,pole 13 E
2025-10-24T21:14:32.407915+00:00,26.673398333333335,-81.8048745,28:70:4e:dd:d0:49,-77,2437,6,Bermuda 2G,pole 13 SW
2025-10-24T21:14:32.407915+00:00,26.673398333333335,-81.8048745,62:22:32:16:1e:33,-78,5805,162,Bermuda,laundry1
2025-10-24T21:14:32.407915+00:00,26.673398333333335,-81.8048745,60:22:32:16:1e:33,-78,5805,162,Bermuda Guest WIFI,laundry1
2025-10-24T21:14:32.407915+00:00,26.673398333333335,-81.8048745,28:70:4e:d2:c9:b1,-78,5220,45,Bermuda Guest WIFI,pole 15 NW
2025-10-24T21:14:32.407915+00:00,26.673398333333335,-81.8048745,2e:70:4e:d2:c9:b1,-78,5220,45,Bermuda,pole 15 NW
2025-10-24T21:14:32.407915+00:00,26.673398333333335,-81.8048745,6a:4e:05:c3:64:61,-78,2412,1,venus-HQ2519QWPH9-5aa,Unknown
2025-10-24T21:14:32.407915+00:00,26.673398333333335,-81.8048745,2e:70:4e:dd:d0:49,-80,2437,6,Bermuda Guest WIFI 2G,pole 13 SW
2025-10-24T21:14:32.407915+00:00,26.673398333333335,-81.8048745,28:70:4e:d0:89:0c,-82,5220,45,Bermuda Guest WIFI,pole 10
2025-10-24T21:14:32.407915+00:00,26.673398333333335,-81.8048745,2e:70:4e:d0:89:0c,-82,5220,45,Bermuda,pole 10
2025-10-24T21:14:32.407915+00:00,26.673398333333335,-81.8048745,28:70:4e:d0:88:fa,-84,5765,154,Bermuda Guest WIFI,pole 11
2025-10-24T21:14:32.407915+00:00,26.673398333333335,-81.8048745,2e:70:4e:d0:88:fa,-84,5765,154,Bermuda,pole 11
2025-10-24T21:14:32.407915+00:00,26.6733535,-81.80487866666667,28:70:4e:d0:88:22,-51,5765,154,Bermuda Guest WIFI,pole 14
2025-10-24T21:14:32.407915+00:00,26.6733535,-81.80487866666667,2e:70:4e:d0:88:22,-51,5765,154,Bermuda,pole 14
2025-10-24T21:14:32.407915+00:00,26.6733535,-81.80487866666667,28:70:4e:dd:d0:4a,-58,5240,49,Bermuda Guest WIFI,pole 13 SW
2025-10-24T21:14:32.407915+00:00,26.6733535,-81.80487866666667,2e:70:4e:dd:d0:4a,-61,5240,49,Bermuda,pole 13 SW
2025-10-24T21:14:32.407915+00:00,26.6733535,-81.80487866666667,28:70:4e:d2:92:ab,-73,5745,150,Bermuda Guest WIFI,pole 12 N
2025-10-24T21:14:32.407915+00:00,26.6733535,-81.80487866666667,2e:70:4e:d2:92:ab,-73,5745,150,Bermuda,pole 12 N
2025-10-24T21:14:32.407915+00:00,26.6733535,-81.80487866666667,84:1f:e8:ff:29:e9,-75,2412,1,ShellyPlusRGBWPM-841FE8FF29E8,Unknown
2025-10-24T21:14:32.407915+00:00,26.6733535,-81.80487866666667,2e:70:4e:dd:d0:49,-75,2437,6,Bermuda Guest WIFI 2G,pole 13 SW
2025-10-24T21:14:32.407915+00:00,26.6733535,-81.80487866666667,28:70:4e:d0:87:50,-76,5745,150,Bermuda Guest WIFI,pole 13 E
2025-10-24T21:14:32.407915+00:00,26.6733535,-81.80487866666667,6a:4e:05:22:b2:a8,-76,2412,1,venus-HQ2519UPV7N-e3f,Unknown
2025-10-24T21:14:32.407915+00:00,26.6733535,-81.80487866666667,2e:70:4e:d0:87:50,-77,5745,150,Bermuda,pole 13 E
2025-10-24T21:14:32.407915+00:00,26.6733535,-81.80487866666667,28:70:4e:dd:d0:49,-77,2437,6,Bermuda 2G,pole 13 SW
2025-10-24T21:14:32.407915+00:00,26.6733535,-81.80487866666667,28:70:4e:d2:c9:b1,-78,5220,45,Bermuda Guest WIFI,pole 15 NW
2025-10-24T21:14:32.407915+00:00,26.6733535,-81.80487866666667,2e:70:4e:d2:c9:b1,-78,5220,45,Bermuda,pole 15 NW
2025-10-24T21:14:32.407915+00:00,26.6733535,-81.80487866666667,6a:4e:05:c3:64:61,-80,2412,1,venus-HQ2519QWPH9-5aa,Unknown
2025-10-24T21:14:32.407915+00:00,26.6733535,-81.80487866666667,28:70:4e:d0:89:0c,-82,5220,45,Bermuda Guest WIFI,pole 10
2025-10-24T21:14:32.407915+00:00,26.6733535,-81.80487866666667,2e:70:4e:d0:89:0c,-82,5220,45,Bermuda,pole 10
2025-10-24T21:14:32.407915+00:00,26.6733535,-81.80487866666667,28:70:4e:d0:86:c2,-82,2437,6,Bermuda 2G,pole 12 W
2025-10-24T21:14:32.407915+00:00,26.6733535,-81.80487866666667,2e:70:4e:d0:86:c2,-82,2437,6,Bermuda Guest WIFI 2G,pole 12 W
2025-10-24T21:14:32.407915+00:00,26.6733535,-81.80487866666667,28:70:4e:d2:92:aa,-82,2437,6,Bermuda 2G,pole 12 N
2025-10-24T21:14:32.407915+00:00,26.6733535,-81.80487866666667,2e:70:4e:d2:92:aa,-82,2437,6,Bermuda Guest WIFI 2G,pole 12 N
2025-10-24T21:14:32.407915+00:00,26.6733535,-81.80487866666667,28:70:4e:d0:88:fa,-84,5765,154,Bermuda Guest WIFI,pole 11
2025-10-24T21:14:32.407915+00:00,26.6733535,-81.80487866666667,2e:70:4e:d0:88:fa,-84,5765,154,Bermuda,pole 11
2025-10-24T21:14:32.407915+00:00,26.6733535,-81.80487866666667,62:22:32:16:1e:33,-86,5805,162,Bermuda,laundry1
2025-10-24T21:14:32.407915+00:00,26.6733535,-81.80487866666667,60:22:32:16:1e:33,-87,5805,162,Bermuda Guest WIFI,laundry1
2025-10-24T21:15:33.363008+00:00,26.673092666666665,-81.80514066666667,2e:70:4e:dd:d0:4a,-65,5240,49,Bermuda,pole 13 SW
2025-10-24T21:15:33.363008+00:00,26.673092666666665,-81.80514066666667,28:70:4e:d2:92:aa,-68,2437,6,Bermuda 2G,pole 12 N
2025-10-24T21:15:33.363008+00:00,26.673092666666665,-81.80514066666667,84:1f:e8:ff:29:e9,-76,2412,1,ShellyPlusRGBWPM-841FE8FF29E8,Unknown
2025-10-24T21:15:33.363008+00:00,26.673092666666665,-81.80514066666667,28:70:4e:dd:d0:49,-77,2437,6,Bermuda 2G,pole 13 SW
2025-10-24T21:15:33.363008+00:00,26.673092666666665,-81.80514066666667,2e:70:4e:dd:d0:49,-78,2437,6,Bermuda Guest WIFI 2G,pole 13 SW
2025-10-24T21:15:33.363008+00:00,26.673008666666668,-81.8051625,28:70:4e:d0:86:c3,-55,5765,154,Bermuda Guest WIFI,pole 12 W
2025-10-24T21:15:33.363008+00:00,26.673008666666668,-81.8051625,2e:70:4e:d0:86:c3,-55,5765,154,Bermuda,pole 12 W
2025-10-24T21:15:33.363008+00:00,26.673008666666668,-81.8051625,28:70:4e:d2:92:ab,-58,5745,150,Bermuda Guest WIFI,pole 12 N
2025-10-24T21:15:33.363008+00:00,26.673008666666668,-81.8051625,2e:70:4e:d2:92:ab,-58,5745,150,Bermuda,pole 12 N
2025-10-24T21:15:33.363008+00:00,26.673008666666668,-81.8051625,84:1f:e8:ff:29:e9,-65,2412,1,ShellyPlusRGBWPM-841FE8FF29E8,Unknown
2025-10-24T21:15:33.363008+00:00,26.673008666666668,-81.8051625,2e:70:4e:dd:d0:4a,-69,5240,49,Bermuda,pole 13 SW
2025-10-24T21:15:33.363008+00:00,26.673008666666668,-81.8051625,28:70:4e:d0:86:c2,-75,2437,6,Bermuda 2G,pole 12 W
2025-10-24T21:15:33.363008+00:00,26.673008666666668,-81.8051625,2e:70:4e:d0:86:c2,-75,2437,6,Bermuda Guest WIFI 2G,pole 12 W
2025-10-24T21:15:33.363008+00:00,26.673008666666668,-81.8051625,28:70:4e:dd:d0:49,-77,2437,6,Bermuda 2G,pole 13 SW
2025-10-24T21:15:33.363008+00:00,26.673008666666668,-81.8051625,28:70:4e:d0:88:f9,-82,2412,1,Bermuda 2G,pole 11
2025-10-24T21:15:33.363008+00:00,26.673008666666668,-81.8051625,28:70:4e:d0:87:50,-82,5745,150,Bermuda Guest WIFI,pole 13 E
2025-10-24T21:15:33.363008+00:00,26.673008666666668,-81.8051625,2e:70:4e:d0:87:50,-82,5745,150,Bermuda,pole 13 E
2025-10-24T21:15:33.363008+00:00,26.673008666666668,-81.8051625,2e:70:4e:dd:d0:49,-83,2437,6,Bermuda Guest WIFI 2G,pole 13 SW
2025-10-24T21:15:33.363008+00:00,26.673008666666668,-81.8051625,28:70:4e:d0:89:0b,-84,2412,1,Bermuda 2G,pole 10
2025-10-24T21:15:33.363008+00:00,26.673008666666668,-81.8051625,2e:70:4e:d0:88:f9,-84,2412,1,Bermuda Guest WIFI 2G,pole 11
2025-10-24T21:15:33.363008+00:00,26.673008666666668,-81.8051625,28:70:4e:d2:92:aa,-86,2437,6,Bermuda 2G,pole 12 N
2025-10-24T21:15:33.363008+00:00,26.672936,-81.80520566666667,28:70:4e:d0:86:c3,-58,5765,154,Bermuda Guest WIFI,pole 12 W
2025-10-24T21:15:33.363008+00:00,26.672936,-81.80520566666667,2e:70:4e:d0:86:c3,-58,5765,154,Bermuda,pole 12 W
2025-10-24T21:15:33.363008+00:00,26.672936,-81.80520566666667,28:70:4e:d2:92:ab,-64,5745,150,Bermuda Guest WIFI,pole 12 N
2025-10-24T21:15:33.363008+00:00,26.672936,-81.80520566666667,2e:70:4e:d2:92:ab,-64,5745,150,Bermuda,pole 12 N
2025-10-24T21:15:33.363008+00:00,26.672936,-81.80520566666667,84:1f:e8:ff:29:e9,-65,2412,1,ShellyPlusRGBWPM-841FE8FF29E8,Unknown
2025-10-24T21:15:33.363008+00:00,26.672936,-81.80520566666667,28:70:4e:d0:86:c2,-70,2437,6,Bermuda 2G,pole 12 W
2025-10-24T21:15:33.363008+00:00,26.672936,-81.80520566666667,2e:70:4e:d0:86:c2,-70,2437,6,Bermuda Guest WIFI 2G,pole 12 W
2025-10-24T21:15:33.363008+00:00,26.672936,-81.80520566666667,2e:70:4e:dd:d0:4a,-75,5240,49,Bermuda,pole 13 SW
2025-10-24T21:15:33.363008+00:00,26.672936,-81.80520566666667,28:70:4e:d2:92:aa,-75,2437,6,Bermuda 2G,pole 12 N
2025-10-24T21:15:33.363008+00:00,26.672936,-81.80520566666667,2e:70:4e:d0:88:f9,-76,2412,1,Bermuda Guest WIFI 2G,pole 11
2025-10-24T21:15:33.363008+00:00,26.672936,-81.80520566666667,2e:70:4e:d2:92:aa,-76,2437,6,Bermuda Guest WIFI 2G,pole 12 N
2025-10-24T21:15:33.363008+00:00,26.672936,-81.80520566666667,28:70:4e:dd:d0:49,-77,2437,6,Bermuda 2G,pole 13 SW
2025-10-24T21:15:33.363008+00:00,26.672936,-81.80520566666667,28:70:4e:d0:88:f9,-79,2412,1,Bermuda 2G,pole 11
2025-10-24T21:15:33.363008+00:00,26.672936,-81.80520566666667,2e:70:4e:d0:87:50,-82,5745,150,Bermuda,pole 13 E
2025-10-24T21:15:33.363008+00:00,26.672936,-81.80520566666667,2e:70:4e:dd:d0:49,-83,2437,6,Bermuda Guest WIFI 2G,pole 13 SW
2025-10-24T21:15:33.363008+00:00,26.672936,-81.80520566666667,28:70:4e:d0:87:50,-83,5745,150,Bermuda Guest WIFI,pole 13 E
2025-10-24T21:15:33.363008+00:00,26.672936,-81.80520566666667,28:70:4e:d0:89:0b,-84,2412,1,Bermuda 2G,pole 10
2025-10-24T21:15:33.363008+00:00,26.672907666666667,-81.80521733333333,28:70:4e:d2:92:ab,-53,5745,150,Bermuda Guest WIFI,pole 12 N
2025-10-24T21:15:33.363008+00:00,26.672907666666667,-81.80521733333333,2e:70:4e:d2:92:ab,-53,5745,150,Bermuda,pole 12 N
2025-10-24T21:15:33.363008+00:00,26.672907666666667,-81.80521733333333,28:70:4e:d0:86:c3,-58,5765,154,Bermuda Guest WIFI,pole 12 W
2025-10-24T21:15:33.363008+00:00,26.672907666666667,-81.80521733333333,2e:70:4e:d0:86:c3,-58,5765,154,Bermuda,pole 12 W
2025-10-24T21:15:33.363008+00:00,26.672907666666667,-81.80521733333333,84:1f:e8:ff:29:e9,-65,2412,1,ShellyPlusRGBWPM-841FE8FF29E8,Unknown
2025-10-24T21:15:33.363008+00:00,26.672907666666667,-81.80521733333333,2e:70:4e:dd:d0:4a,-75,5240,49,Bermuda,pole 13 SW
2025-10-24T21:15:33.363008+00:00,26.672907666666667,-81.80521733333333,2e:70:4e:d2:92:aa,-76,2437,6,Bermuda Guest WIFI 2G,pole 12 N
2025-10-24T21:15:33.363008+00:00,26.672907666666667,-81.80521733333333,28:70:4e:d2:92:aa,-77,2437,6,Bermuda 2G,pole 12 N
2025-10-24T21:15:33.363008+00:00,26.672907666666667,-81.80521733333333,28:70:4e:d0:86:c2,-79,2437,6,Bermuda 2G,pole 12 W
2025-10-24T21:15:33.363008+00:00,26.672907666666667,-81.80521733333333,2e:70:4e:d0:86:c2,-79,2437,6,Bermuda Guest WIFI 2G,pole 12 W
2025-10-24T21:15:33.363008+00:00,26.672907666666667,-81.80521733333333,2e:70:4e:d0:87:50,-82,5745,150,Bermuda,pole 13 E
2025-10-24T21:15:33.363008+00:00,26.672907666666667,-81.80521733333333,28:70:4e:d0:87:50,-83,5745,150,Bermuda Guest WIFI,pole 13 E
2025-10-24T21:15:33.363008+00:00,26.672907666666667,-81.80521733333333,28:70:4e:dd:d0:49,-84,2437,6,Bermuda 2G,pole 13 SW
2025-10-24T21:15:33.363008+00:00,26.672907666666667,-81.80521733333333,2e:70:4e:dd:d0:49,-84,2437,6,Bermuda Guest WIFI 2G,pole 13 SW
2025-10-24T21:15:33.363008+00:00,26.672907666666667,-81.80521733333333,28:70:4e:d0:89:0b,-84,2412,1,Bermuda 2G,pole 10
2025-10-24T21:15:33.363008+00:00,26.672907666666667,-81.80521733333333,28:70:4e:d0:88:f9,-84,2412,1,Bermuda 2G,pole 11
2025-10-24T21:15:33.363008+00:00,26.672907666666667,-81.80521733333333,2e:70:4e:d0:88:f9,-85,2412,1,Bermuda Guest WIFI 2G,pole 11
2025-10-24T21:15:33.363008+00:00,26.672907666666667,-81.80521733333333,6a:4e:05:22:b2:a8,-85,2412,1,venus-HQ2519UPV7N-e3f,Unknown
