timestamp,lat,long,bssid,signal_dbm,frequency,channel,ssid,devicename
20251022_021619,26.672946,-81.807837,28:70:4e:d0:88:30,-45,2412,1,Bermuda,pole 08
20251022_021619,26.672946,-81.807837,28:70:4e:d0:88:31,-46,5745,150,Bermuda,pole 08
20251022_021619,26.672946,-81.807837,2e:70:4e:d0:88:30,-46,2412,1,Bermuda Guest WIFI,pole 08
20251022_021619,26.672946,-81.807837,2e:70:4e:d0:88:31,-46,5745,150,Bermuda Guest WIFI,pole 08
20251022_021619,26.672946,-81.807837,28:70:4e:d0:87:dc,-69,2462,11,Bermuda,pole 07
20251022_021619,26.672946,-81.807837,2e:70:4e:d0:87:dc,-69,2462,11,Bermuda Guest WIFI,pole 07
20251022_021619,26.672946,-81.807837,28:70:4e:d0:88:f6,-75,2437,6,Bermuda,pole 02 E
20251022_021619,26.672946,-81.807837,28:70:4e:d2:8b:2d,-76,2462,11,Bermuda,pole 02 N
20251022_021619,26.672946,-81.807837,2e:70:4e:d0:88:f6,-77,2437,6,Bermuda Guest WIFI,pole 02 E
20251022_021619,26.672946,-81.807837,2e:70:4e:d2:8b:2d,-77,2462,11,Bermuda Guest WIFI,pole 02 N
20251022_021619,26.672946,-81.807837,2e:70:4e:d0:89:20,-79,2412,1,Bermuda Guest WIFI,pole 01 S
20251022_021619,26.672946,-81.807837,62:22:32:16:00:d3,-81,5240,49,Bermuda Guest WIFI,laundry2
20251022_021619,26.672946,-81.807837,60:22:32:16:00:d3,-81,5240,49,Bermuda,laundry2
20251022_021619,26.672946,-81.807837,2e:70:4e:d0:89:0b,-82,2412,1,Bermuda Guest WIFI,pole 10
20251022_021619,26.672946,-81.807837,28:70:4e:dd:d3:1f,-85,2462,11,Bermuda,pole 01 NE
20251022_021619,26.672946,-81.807837,2e:70:4e:dd:d3:1f,-86,2462,11,Bermuda Guest WIFI,pole 01 NE
20251022_021619,26.6729385,-81.80782333333333,2e:70:4e:d0:88:30,-42,2412,1,Bermuda Guest WIFI,pole 08
20251022_021619,26.6729385,-81.80782333333333,28:70:4e:d0:88:30,-43,2412,1,Bermuda,pole 08
20251022_021619,26.6729385,-81.80782333333333,28:70:4e:d0:88:31,-45,5745,150,Bermuda,pole 08
20251022_021619,26.6729385,-81.80782333333333,2e:70:4e:d0:88:31,-45,5745,150,Bermuda Guest WIFI,pole 08
20251022_021619,26.6729385,-81.80782333333333,2e:70:4e:d0:89:20,-72,2412,1,Bermuda Guest WIFI,pole 01 S
20251022_021619,26.6729385,-81.80782333333333,28:70:4e:d0:89:20,-72,2412,1,Bermuda,pole 01 S
20251022_021619,26.6729385,-81.80782333333333,2e:70:4e:d0:87:dc,-73,2462,11,Bermuda Guest WIFI,pole 07
20251022_021619,26.6729385,-81.80782333333333,28:70:4e:d0:87:dc,-74,2462,11,Bermuda,pole 07
20251022_021619,26.6729385,-81.80782333333333,28:70:4e:d2:8b:2d,-75,2462,11,Bermuda,pole 02 N
20251022_021619,26.6729385,-81.80782333333333,2e:70:4e:d2:8b:2d,-77,2462,11,Bermuda Guest WIFI,pole 02 N
20251022_021619,26.6729385,-81.80782333333333,28:70:4e:d0:86:3e,-77,2462,11,Bermuda,pole 09
20251022_021619,26.6729385,-81.80782333333333,2e:70:4e:d0:86:3e,-77,2462,11,Bermuda Guest WIFI,pole 09
20251022_021619,26.6729385,-81.80782333333333,28:70:4e:d0:86:3f,-79,5180,37,Bermuda,pole 09
20251022_021619,26.6729385,-81.80782333333333,2e:70:4e:d0:86:3f,-79,5180,37,Bermuda Guest WIFI,pole 09
20251022_021619,26.6729385,-81.80782333333333,28:70:4e:d0:88:f6,-81,2437,6,Bermuda,pole 02 E
20251022_021619,26.6729385,-81.80782333333333,2e:70:4e:d0:88:f6,-82,2437,6,Bermuda Guest WIFI,pole 02 E
20251022_021619,26.6729385,-81.80782333333333,2e:70:4e:dd:d3:1f,-83,2462,11,Bermuda Guest WIFI,pole 01 NE
20251022_021619,26.6729385,-81.80782333333333,28:70:4e:d0:89:0b,-83,2412,1,Bermuda,pole 10
20251022_021619,26.6729385,-81.80782333333333,2e:70:4e:d0:89:0b,-84,2412,1,Bermuda Guest WIFI,pole 10
20251022_021619,26.6729385,-81.80782333333333,28:70:4e:dd:d3:1f,-84,2462,11,Bermuda,pole 01 NE
20251022_021619,26.6729385,-81.80782333333333,2e:70:4e:d0:89:05,-87,2412,1,Bermuda Guest WIFI,pole 06
20251022_021619,26.6729385,-81.80782333333333,62:22:32:16:00:d3,-91,5240,49,Bermuda Guest WIFI,laundry2
20251022_021619,26.6729385,-81.80782333333333,60:22:32:16:00:d3,-91,5240,49,Bermuda,laundry2
20251022_021619,26.672938333333335,-81.80781783333333,28:70:4e:d0:88:31,-46,5745,150,Bermuda,pole 08
20251022_021619,26.672938333333335,-81.80781783333333,2e:70:4e:d0:88:30,-48,2412,1,Bermuda Guest WIFI,pole 08
20251022_021619,26.672938333333335,-81.80781783333333,28:70:4e:d0:88:30,-49,2412,1,Bermuda,pole 08
20251022_021619,26.672938333333335,-81.80781783333333,2e:70:4e:d0:88:31,-49,5745,150,Bermuda Guest WIFI,pole 08
20251022_021619,26.672938333333335,-81.80781783333333,28:70:4e:d0:87:dc,-68,2462,11,Bermuda,pole 07
20251022_021619,26.672938333333335,-81.80781783333333,2e:70:4e:d0:87:dc,-69,2462,11,Bermuda Guest WIFI,pole 07
20251022_021619,26.672938333333335,-81.80781783333333,2e:70:4e:d0:86:3e,-71,2462,11,Bermuda Guest WIFI,pole 09
20251022_021619,26.672938333333335,-81.80781783333333,2e:70:4e:d0:89:20,-72,2412,1,Bermuda Guest WIFI,pole 01 S
20251022_021619,26.672938333333335,-81.80781783333333,28:70:4e:d2:8b:2d,-72,2462,11,Bermuda,pole 02 N
20251022_021619,26.672938333333335,-81.80781783333333,28:70:4e:d0:86:3e,-72,2462,11,Bermuda,pole 09
20251022_021619,26.672938333333335,-81.80781783333333,2e:70:4e:d2:8b:2d,-73,2462,11,Bermuda Guest WIFI,pole 02 N
20251022_021619,26.672938333333335,-81.80781783333333,2e:70:4e:d0:88:f6,-75,2437,6,Bermuda Guest WIFI,pole 02 E
20251022_021619,26.672938333333335,-81.80781783333333,28:70:4e:d0:88:f6,-77,2437,6,Bermuda,pole 02 E
20251022_021619,26.672938333333335,-81.80781783333333,28:70:4e:d0:89:20,-77,2412,1,Bermuda,pole 01 S
20251022_021619,26.672938333333335,-81.80781783333333,28:70:4e:dd:d3:1f,-79,2462,11,Bermuda,pole 01 NE
20251022_021619,26.672938333333335,-81.80781783333333,28:70:4e:d0:86:3f,-79,5180,37,Bermuda,pole 09
20251022_021619,26.672938333333335,-81.80781783333333,2e:70:4e:d0:86:3f,-79,5180,37,Bermuda Guest WIFI,pole 09
20251022_021619,26.672938333333335,-81.80781783333333,2e:70:4e:dd:d3:1f,-80,2462,11,Bermuda Guest WIFI,pole 01 NE
20251022_021619,26.672938333333335,-81.80781783333333,62:22:32:16:00:d3,-80,5240,49,Bermuda Guest WIFI,laundry2
20251022_021619,26.672938333333335,-81.80781783333333,60:22:32:16:00:d3,-81,5240,49,Bermuda,laundry2
20251022_021619,26.672938333333335,-81.80781783333333,28:70:4e:d0:89:0b,-83,2412,1,Bermuda,pole 10
20251022_021619,26.672938333333335,-81.80781783333333,2e:70:4e:d0:89:0b,-84,2412,1,Bermuda Guest WIFI,pole 10
20251022_021619,26.672938333333335,-81.80781783333333,2e:70:4e:d0:89:05,-87,2412,1,Bermuda Guest WIFI,pole 06
20251022_021619,26.672948,-81.80782283333333,2e:70:4e:d0:88:30,-41,2412,1,Bermuda Guest WIFI,pole 08
20251022_021619,26.672948,-81.80782283333333,28:70:4e:d0:88:30,-42,2412,1,Bermuda,pole 08
20251022_021619,26.672948,-81.80782283333333,28:70:4e:d0:88:31,-45,5745,150,Bermuda,pole 08
20251022_021619,26.672948,-81.80782283333333,2e:70:4e:d0:88:31,-45,5745,150,Bermuda Guest WIFI,pole 08
20251022_021619,26.672948,-81.80782283333333,2e:70:4e:d0:87:dc,-69,2462,11,Bermuda Guest WIFI,pole 07
20251022_021619,26.672948,-81.80782283333333,2e:70:4e:d0:86:3e,-71,2462,11,Bermuda Guest WIFI,pole 09
20251022_021619,26.672948,-81.80782283333333,28:70:4e:d0:88:f7,-71,5240,49,Bermuda,pole 02 E
20251022_021619,26.672948,-81.80782283333333,2e:70:4e:d0:88:f7,-71,5240,49,Bermuda Guest WIFI,pole 02 E
20251022_021619,26.672948,-81.80782283333333,28:70:4e:d2:8b:2d,-72,2462,11,Bermuda,pole 02 N
20251022_021619,26.672948,-81.80782283333333,28:70:4e:d0:86:3e,-72,2462,11,Bermuda,pole 09
20251022_021619,26.672948,-81.80782283333333,2e:70:4e:d0:89:20,-74,2412,1,Bermuda Guest WIFI,pole 01 S
20251022_021619,26.672948,-81.80782283333333,2e:70:4e:d2:8b:2d,-74,2462,11,Bermuda Guest WIFI,pole 02 N
20251022_021619,26.672948,-81.80782283333333,28:70:4e:d0:89:20,-74,2412,1,Bermuda,pole 01 S
20251022_021619,26.672948,-81.80782283333333,2e:70:4e:d0:88:f6,-75,2437,6,Bermuda Guest WIFI,pole 02 E
20251022_021619,26.672948,-81.80782283333333,28:70:4e:d0:87:dc,-75,2462,11,Bermuda,pole 07
20251022_021619,26.672948,-81.80782283333333,28:70:4e:d0:88:f6,-77,2437,6,Bermuda,pole 02 E
20251022_021619,26.672948,-81.80782283333333,28:70:4e:d0:86:3f,-77,5180,37,Bermuda,pole 09
20251022_021619,26.672948,-81.80782283333333,2e:70:4e:d0:86:3f,-77,5180,37,Bermuda Guest WIFI,pole 09
20251022_021619,26.672948,-81.80782283333333,28:70:4e:dd:d3:1f,-79,2462,11,Bermuda,pole 01 NE
20251022_021619,26.672948,-81.80782283333333,2e:70:4e:dd:d3:1f,-80,2462,11,Bermuda Guest WIFI,pole 01 NE
20251022_021619,26.672948,-81.80782283333333,62:22:32:16:00:d3,-80,5240,49,Bermuda Guest WIFI,laundry2
20251022_021619,26.672948,-81.80782283333333,60:22:32:16:00:d3,-81,5240,49,Bermuda,laundry2
20251022_021619,26.672948,-81.80782283333333,28:70:4e:d0:89:0b,-83,2412,1,Bermuda,pole 10
20251022_021619,26.672948,-81.80782283333333,2e:70:4e:d0:89:0b,-84,2412,1,Bermuda Guest WIFI,pole 10
20251022_021619,26.672948,-81.80782283333333,2e:70:4e:d0:89:05,-87,2412,1,Bermuda Guest WIFI,pole 06
2025-10-22T02:17:24.420360+00:00,26.672966,-81.80783233333334,28:70:4e:d0:88:31,-40,5745,150,Bermuda,pole 08
2025-10-22T02:17:24.420360+00:00,26.672966,-81.80783233333334,2e:70:4e:d0:88:31,-40,5745,150,Bermuda Guest WIFI,pole 08
2025-10-22T02:17:24.420360+00:00,26.672966,-81.80783233333334,28:70:4e:d0:88:30,-43,2412,1,Bermuda,pole 08
2025-10-22T02:17:24.420360+00:00,26.672966,-81.80783233333334,2e:70:4e:d0:88:30,-43,2412,1,Bermuda Guest WIFI,pole 08
2025-10-22T02:17:24.420360+00:00,26.672966,-81.80783233333334,28:70:4e:d0:87:dc,-68,2462,11,Bermuda,pole 07
2025-10-22T02:17:24.420360+00:00,26.672966,-81.80783233333334,2e:70:4e:d0:87:dc,-68,2462,11,Bermuda Guest WIFI,pole 07
2025-10-22T02:17:24.420360+00:00,26.672966,-81.80783233333334,2e:70:4e:d2:8b:2d,-76,2462,11,Bermuda Guest WIFI,pole 02 N
2025-10-22T02:17:24.420360+00:00,26.672966,-81.80783233333334,2e:70:4e:d0:88:f7,-80,5240,49,Bermuda Guest WIFI,pole 02 E
2025-10-22T02:17:24.420360+00:00,26.672966,-81.80783233333334,28:70:4e:d0:89:20,-82,2412,1,Bermuda,pole 01 S
2025-10-22T02:17:24.420360+00:00,26.672966,-81.80783233333334,62:22:32:16:00:d3,-87,5240,49,Bermuda Guest WIFI,laundry2
20251022_022139,26.672924,-81.80778583333333,2e:70:4e:d0:88:30,-40,2412,1,Bermuda Guest WIFI,pole 08
20251022_022139,26.672924,-81.80778583333333,28:70:4e:d0:88:30,-41,2412,1,Bermuda,pole 08
20251022_022139,26.672924,-81.80778583333333,28:70:4e:d0:88:31,-46,5745,150,Bermuda,pole 08
20251022_022139,26.672924,-81.80778583333333,2e:70:4e:d0:88:31,-46,5745,150,Bermuda Guest WIFI,pole 08
20251022_022139,26.672924,-81.80778583333333,2e:70:4e:d0:87:dc,-66,2462,11,Bermuda Guest WIFI,pole 07
20251022_022139,26.672924,-81.80778583333333,28:70:4e:d0:87:dc,-67,2462,11,Bermuda,pole 07
20251022_022139,26.672924,-81.80778583333333,2e:70:4e:d2:8b:2d,-75,2462,11,Bermuda Guest WIFI,pole 02 N
20251022_022139,26.672924,-81.80778583333333,2e:70:4e:d0:86:3f,-78,5180,37,Bermuda Guest WIFI,pole 09
20251022_022139,26.672924,-81.80778583333333,28:70:4e:d0:86:3f,-79,5180,37,Bermuda,pole 09
20251022_022139,26.672924,-81.80778583333333,2e:70:4e:d0:89:06,-88,5805,162,Bermuda Guest WIFI,pole 06
20251022_022139,26.672924,-81.80778583333333,62:22:32:16:00:d3,-89,5240,49,Bermuda Guest WIFI,laundry2
20251022_022139,26.672924,-81.80778583333333,60:22:32:16:00:d3,-91,5240,49,Bermuda,laundry2
20251022_022139,26.6729265,-81.80779716666666,28:70:4e:d0:88:31,-41,5745,150,Bermuda,pole 08
20251022_022139,26.6729265,-81.80779716666666,2e:70:4e:d0:88:31,-41,5745,150,Bermuda Guest WIFI,pole 08
20251022_022139,26.6729265,-81.80779716666666,2e:70:4e:d0:88:30,-45,2412,1,Bermuda Guest WIFI,pole 08
20251022_022139,26.6729265,-81.80779716666666,28:70:4e:d0:88:30,-45,2412,1,Bermuda,pole 08
20251022_022139,26.6729265,-81.80779716666666,2e:70:4e:d0:87:dc,-66,2462,11,Bermuda Guest WIFI,pole 07
20251022_022139,26.6729265,-81.80779716666666,28:70:4e:d0:87:dc,-67,2462,11,Bermuda,pole 07
20251022_022139,26.6729265,-81.80779716666666,2e:70:4e:d2:8b:2d,-75,2462,11,Bermuda Guest WIFI,pole 02 N
20251022_022139,26.6729265,-81.80779716666666,2e:70:4e:d0:86:3f,-78,5180,37,Bermuda Guest WIFI,pole 09
20251022_022139,26.6729265,-81.80779716666666,2e:70:4e:d0:89:20,-78,2412,1,Bermuda Guest WIFI,pole 01 S
20251022_022139,26.6729265,-81.80779716666666,28:70:4e:d0:86:3f,-79,5180,37,Bermuda,pole 09
20251022_022139,26.6729265,-81.80779716666666,62:22:32:16:00:d3,-86,5240,49,Bermuda Guest WIFI,laundry2
20251022_022139,26.6729265,-81.80779716666666,2e:70:4e:d0:89:06,-88,5805,162,Bermuda Guest WIFI,pole 06
20251022_022139,26.6729265,-81.80779716666666,60:22:32:16:00:d3,-91,5240,49,Bermuda,laundry2
20251022_022139,26.6729235,-81.80779283333334,2e:70:4e:d0:88:30,-41,2412,1,Bermuda Guest WIFI,pole 08
20251022_022139,26.6729235,-81.80779283333334,28:70:4e:d0:88:30,-41,2412,1,Bermuda,pole 08
20251022_022139,26.6729235,-81.80779283333334,28:70:4e:d0:88:31,-45,5745,150,Bermuda,pole 08
20251022_022139,26.6729235,-81.80779283333334,2e:70:4e:d0:88:31,-46,5745,150,Bermuda Guest WIFI,pole 08
20251022_022139,26.6729235,-81.80779283333334,2e:70:4e:d0:87:dc,-66,2462,11,Bermuda Guest WIFI,pole 07
20251022_022139,26.6729235,-81.80779283333334,28:70:4e:d0:87:dc,-67,2462,11,Bermuda,pole 07
20251022_022139,26.6729235,-81.80779283333334,2e:70:4e:d2:8b:2d,-76,2462,11,Bermuda Guest WIFI,pole 02 N
20251022_022139,26.6729235,-81.80779283333334,28:70:4e:d0:86:3f,-76,5180,37,Bermuda,pole 09
20251022_022139,26.6729235,-81.80779283333334,2e:70:4e:d0:86:3f,-77,5180,37,Bermuda Guest WIFI,pole 09
20251022_022139,26.6729235,-81.80779283333334,2e:70:4e:d0:89:20,-78,2412,1,Bermuda Guest WIFI,pole 01 S
20251022_022139,26.6729235,-81.80779283333334,60:22:32:16:00:d3,-88,5240,49,Bermuda,laundry2
20251022_022139,26.6729235,-81.80779283333334,2e:70:4e:d0:89:06,-88,5805,162,Bermuda Guest WIFI,pole 06
20251022_022139,26.6729235,-81.80779283333334,62:22:32:16:00:d3,-89,5240,49,Bermuda Guest WIFI,laundry2
20251022_022139,26.672920333333334,-81.80778633333334,28:70:4e:d0:88:31,-41,5745,150,Bermuda,pole 08
20251022_022139,26.672920333333334,-81.80778633333334,2e:70:4e:d0:88:31,-41,5745,150,Bermuda Guest WIFI,pole 08
20251022_022139,26.672920333333334,-81.80778633333334,2e:70:4e:d0:88:30,-45,2412,1,Bermuda Guest WIFI,pole 08
20251022_022139,26.672920333333334,-81.80778633333334,28:70:4e:d0:88:30,-45,2412,1,Bermuda,pole 08
20251022_022139,26.672920333333334,-81.80778633333334,2e:70:4e:d2:8b:2d,-76,2462,11,Bermuda Guest WIFI,pole 02 N
20251022_022139,26.672920333333334,-81.80778633333334,28:70:4e:d0:86:3f,-76,5180,37,Bermuda,pole 09
20251022_022139,26.672920333333334,-81.80778633333334,2e:70:4e:d0:86:3f,-77,5180,37,Bermuda Guest WIFI,pole 09
20251022_022139,26.672920333333334,-81.80778633333334,2e:70:4e:d0:89:20,-78,2412,1,Bermuda Guest WIFI,pole 01 S
20251022_022139,26.672920333333334,-81.80778633333334,28:70:4e:d0:89:20,-78,2412,1,Bermuda,pole 01 S
20251022_022139,26.672920333333334,-81.80778633333334,60:22:32:16:00:d3,-84,5240,49,Bermuda,laundry2
20251022_022139,26.672920333333334,-81.80778633333334,62:22:32:16:00:d3,-85,5240,49,Bermuda Guest WIFI,laundry2
20251022_022842,26.672888666666665,-81.80774916666667,2e:70:4e:d0:88:30,-40,2412,1,Bermuda Guest WIFI,pole 08
20251022_022842,26.672888666666665,-81.80774916666667,28:70:4e:d0:88:30,-41,2412,1,Bermuda,pole 08
20251022_022842,26.672888666666665,-81.80774916666667,28:70:4e:d0:88:31,-45,5745,150,Bermuda,pole 08
20251022_022842,26.672888666666665,-81.80774916666667,2e:70:4e:d0:88:31,-45,5745,150,Bermuda Guest WIFI,pole 08
20251022_022842,26.672888666666665,-81.80774916666667,28:70:4e:d2:8b:2d,-76,2462,11,Bermuda,pole 02 N
20251022_022842,26.672888666666665,-81.80774916666667,2e:70:4e:d0:89:21,-82,5200,41,Bermuda Guest WIFI,pole 01 S
20251022_022842,26.672888666666665,-81.80774916666667,60:22:32:16:00:d3,-89,5240,49,Bermuda,laundry2
20251022_022842,26.672888666666665,-81.80774916666667,62:22:32:16:00:d3,-89,5240,49,Bermuda Guest WIFI,laundry2
20251022_022842,26.672886,-81.80774666666667,28:70:4e:d0:88:31,-42,5745,150,Bermuda,pole 08
20251022_022842,26.672886,-81.80774666666667,2e:70:4e:d0:88:31,-42,5745,150,Bermuda Guest WIFI,pole 08
20251022_022842,26.672886,-81.80774666666667,28:70:4e:d0:88:30,-44,2412,1,Bermuda,pole 08
20251022_022842,26.672886,-81.80774666666667,2e:70:4e:d0:88:30,-44,2412,1,Bermuda Guest WIFI,pole 08
20251022_022842,26.672886,-81.80774666666667,28:70:4e:d2:8b:2d,-76,2462,11,Bermuda,pole 02 N
20251022_022842,26.672886,-81.80774666666667,2e:70:4e:d0:89:21,-82,5200,41,Bermuda Guest WIFI,pole 01 S
20251022_022842,26.672886,-81.80774666666667,60:22:32:16:00:d3,-84,5240,49,Bermuda,laundry2
20251022_022842,26.672886,-81.80774666666667,62:22:32:16:00:d3,-84,5240,49,Bermuda Guest WIFI,laundry2
20251022_022842,26.672890333333335,-81.80775116666666,2e:70:4e:d0:88:30,-39,2412,1,Bermuda Guest WIFI,pole 08
20251022_022842,26.672890333333335,-81.80775116666666,28:70:4e:d0:88:30,-40,2412,1,Bermuda,pole 08
20251022_022842,26.672890333333335,-81.80775116666666,2e:70:4e:d0:88:31,-45,5745,150,Bermuda Guest WIFI,pole 08
20251022_022842,26.672890333333335,-81.80775116666666,28:70:4e:d0:88:31,-46,5745,150,Bermuda,pole 08
20251022_022842,26.672890333333335,-81.80775116666666,28:70:4e:d0:87:dc,-67,2462,11,Bermuda,pole 07
20251022_022842,26.672890333333335,-81.80775116666666,2e:70:4e:d0:87:dc,-67,2462,11,Bermuda Guest WIFI,pole 07
20251022_022842,26.672890333333335,-81.80775116666666,28:70:4e:d2:8b:2d,-76,2462,11,Bermuda,pole 02 N
20251022_022842,26.672890333333335,-81.80775116666666,28:70:4e:d0:88:f7,-77,5240,49,Bermuda,pole 02 E
20251022_022842,26.672890333333335,-81.80775116666666,2e:70:4e:d0:88:f7,-77,5240,49,Bermuda Guest WIFI,pole 02 E
20251022_022842,26.672890333333335,-81.80775116666666,2e:70:4e:d0:89:21,-82,5200,41,Bermuda Guest WIFI,pole 01 S
20251022_022842,26.672890333333335,-81.80775116666666,28:70:4e:dd:d3:1f,-82,2462,11,Bermuda,pole 01 NE
20251022_022842,26.672890333333335,-81.80775116666666,60:22:32:16:00:d3,-84,5240,49,Bermuda,laundry2
20251022_022842,26.672890333333335,-81.80775116666666,62:22:32:16:00:d3,-84,5240,49,Bermuda Guest WIFI,laundry2
20251022_022842,26.672890333333335,-81.80775116666666,28:70:4e:d0:89:20,-84,2412,1,Bermuda,pole 01 S
20251022_022842,26.672890333333335,-81.80775116666666,28:70:4e:dd:d3:20,-85,5785,158,Bermuda,pole 01 NE
20251022_022842,26.672890333333335,-81.80775116666666,2e:70:4e:dd:d3:20,-86,5785,158,Bermuda Guest WIFI,pole 01 NE
20251022_022842,26.672884833333335,-81.807752,2e:70:4e:d0:88:31,-41,5745,150,Bermuda Guest WIFI,pole 08
20251022_022842,26.672884833333335,-81.807752,28:70:4e:d0:88:31,-42,5745,150,Bermuda,pole 08
20251022_022842,26.672884833333335,-81.807752,28:70:4e:d0:88:30,-44,2412,1,Bermuda,pole 08
20251022_022842,26.672884833333335,-81.807752,2e:70:4e:d0:88:30,-44,2412,1,Bermuda Guest WIFI,pole 08
20251022_022842,26.672884833333335,-81.807752,28:70:4e:d0:87:dc,-67,2462,11,Bermuda,pole 07
20251022_022842,26.672884833333335,-81.807752,2e:70:4e:d0:87:dc,-67,2462,11,Bermuda Guest WIFI,pole 07
20251022_022842,26.672884833333335,-81.807752,28:70:4e:d0:88:f7,-77,5240,49,Bermuda,pole 02 E
20251022_022842,26.672884833333335,-81.807752,2e:70:4e:d0:88:f7,-77,5240,49,Bermuda Guest WIFI,pole 02 E
20251022_022842,26.672884833333335,-81.807752,28:70:4e:d2:8b:2d,-80,2462,11,Bermuda,pole 02 N
20251022_022842,26.672884833333335,-81.807752,2e:70:4e:d2:8b:2d,-80,2462,11,Bermuda Guest WIFI,pole 02 N
20251022_022842,26.672884833333335,-81.807752,2e:70:4e:d0:89:21,-82,5200,41,Bermuda Guest WIFI,pole 01 S
20251022_022842,26.672884833333335,-81.807752,28:70:4e:dd:d3:1f,-82,2462,11,Bermuda,pole 01 NE
20251022_022842,26.672884833333335,-81.807752,28:70:4e:d0:89:20,-84,2412,1,Bermuda,pole 01 S
20251022_022842,26.672884833333335,-81.807752,62:22:32:16:00:d3,-85,5240,49,Bermuda Guest WIFI,laundry2
20251022_022842,26.672884833333335,-81.807752,28:70:4e:dd:d3:20,-85,5785,158,Bermuda,pole 01 NE
20251022_022842,26.672884833333335,-81.807752,60:22:32:16:00:d3,-86,5240,49,Bermuda,laundry2
20251022_022842,26.672884833333335,-81.807752,2e:70:4e:dd:d3:20,-86,5785,158,Bermuda Guest WIFI,pole 01 NE
20251022_024027,26.672905166666666,-81.80778016666666,2e:70:4e:d0:88:30,-41,2412,1,Bermuda Guest WIFI,pole 08
20251022_024027,26.672905166666666,-81.80778016666666,28:70:4e:d0:88:30,-43,2412,1,Bermuda,pole 08
20251022_024027,26.672905166666666,-81.80778016666666,28:70:4e:d0:88:31,-47,5745,150,Bermuda,pole 08
20251022_024027,26.672905166666666,-81.80778016666666,2e:70:4e:d0:88:31,-47,5745,150,Bermuda Guest WIFI,pole 08
20251022_024027,26.672905166666666,-81.80778016666666,28:70:4e:d0:86:3f,-80,5180,37,Bermuda,pole 09
20251022_024027,26.672905166666666,-81.80778016666666,2e:70:4e:d0:86:3f,-80,5180,37,Bermuda Guest WIFI,pole 09
20251022_024027,26.672905166666666,-81.80778016666666,2e:70:4e:d2:8b:2d,-82,2462,11,Bermuda Guest WIFI,pole 02 N
20251022_024027,26.672905166666666,-81.80778016666666,28:70:4e:d0:89:06,-85,5805,162,Bermuda,pole 06
20251022_024027,26.672905166666666,-81.80778016666666,2e:70:4e:d0:89:06,-85,5805,162,Bermuda Guest WIFI,pole 06
20251022_024027,26.67290716666667,-81.80777916666666,28:70:4e:d0:88:31,-40,5745,150,Bermuda,pole 08
20251022_024027,26.67290716666667,-81.80777916666666,2e:70:4e:d0:88:31,-40,5745,150,Bermuda Guest WIFI,pole 08
20251022_024027,26.67290716666667,-81.80777916666666,28:70:4e:d0:88:30,-44,2412,1,Bermuda,pole 08
20251022_024027,26.67290716666667,-81.80777916666666,2e:70:4e:d0:88:30,-44,2412,1,Bermuda Guest WIFI,pole 08
20251022_024027,26.67290716666667,-81.80777916666666,2e:70:4e:d2:8b:2d,-80,2462,11,Bermuda Guest WIFI,pole 02 N
20251022_024027,26.67290716666667,-81.80777916666666,28:70:4e:d0:86:3f,-80,5180,37,Bermuda,pole 09
20251022_024027,26.67290716666667,-81.80777916666666,2e:70:4e:d0:86:3f,-80,5180,37,Bermuda Guest WIFI,pole 09
20251022_024027,26.67290716666667,-81.80777916666666,60:22:32:16:00:d3,-80,5240,49,Bermuda,laundry2
20251022_024027,26.67290716666667,-81.80777916666666,62:22:32:16:00:d3,-81,5240,49,Bermuda Guest WIFI,laundry2
20251022_024027,26.67290716666667,-81.80777916666666,28:70:4e:d0:89:06,-85,5805,162,Bermuda,pole 06
20251022_024027,26.67290716666667,-81.80777916666666,2e:70:4e:d0:89:06,-85,5805,162,Bermuda Guest WIFI,pole 06
20251022_024027,26.672908333333332,-81.80777383333333,2e:70:4e:d0:88:30,-39,2412,1,Bermuda Guest WIFI,pole 08
20251022_024027,26.672908333333332,-81.80777383333333,28:70:4e:d0:88:30,-40,2412,1,Bermuda,pole 08
20251022_024027,26.672908333333332,-81.80777383333333,28:70:4e:d0:88:31,-47,5745,150,Bermuda,pole 08
20251022_024027,26.672908333333332,-81.80777383333333,2e:70:4e:d0:88:31,-47,5745,150,Bermuda Guest WIFI,pole 08
20251022_024027,26.672908333333332,-81.80777383333333,2e:70:4e:d0:87:dc,-72,2462,11,Bermuda Guest WIFI,pole 07
20251022_024027,26.672908333333332,-81.80777383333333,2e:70:4e:d0:86:3e,-77,2462,11,Bermuda Guest WIFI,pole 09
20251022_024027,26.672908333333332,-81.80777383333333,2e:70:4e:d2:8b:2d,-80,2462,11,Bermuda Guest WIFI,pole 02 N
20251022_024027,26.672908333333332,-81.80777383333333,28:70:4e:d0:86:3f,-80,5180,37,Bermuda,pole 09
20251022_024027,26.672908333333332,-81.80777383333333,2e:70:4e:d0:86:3f,-80,5180,37,Bermuda Guest WIFI,pole 09
20251022_024027,26.672908333333332,-81.80777383333333,60:22:32:16:00:d3,-80,5240,49,Bermuda,laundry2
20251022_024027,26.672908333333332,-81.80777383333333,62:22:32:16:00:d3,-81,5240,49,Bermuda Guest WIFI,laundry2
20251022_024027,26.672908333333332,-81.80777383333333,28:70:4e:dd:d3:20,-81,5785,158,Bermuda,pole 01 NE
20251022_024027,26.672908333333332,-81.80777383333333,2e:70:4e:dd:d3:20,-81,5785,158,Bermuda Guest WIFI,pole 01 NE
20251022_024027,26.672908333333332,-81.80777383333333,28:70:4e:d0:89:21,-81,5200,41,Bermuda,pole 01 S
20251022_024027,26.672908333333332,-81.80777383333333,2e:70:4e:d0:89:21,-81,5200,41,Bermuda Guest WIFI,pole 01 S
20251022_024027,26.672908333333332,-81.80777383333333,28:70:4e:d0:89:06,-85,5805,162,Bermuda,pole 06
20251022_024027,26.672908333333332,-81.80777383333333,2e:70:4e:d0:89:06,-85,5805,162,Bermuda Guest WIFI,pole 06
20251022_024027,26.672907333333335,-81.80777083333334,28:70:4e:d0:88:31,-40,5745,150,Bermuda,pole 08
20251022_024027,26.672907333333335,-81.80777083333334,2e:70:4e:d0:88:31,-40,5745,150,Bermuda Guest WIFI,pole 08
20251022_024027,26.672907333333335,-81.80777083333334,2e:70:4e:d0:88:30,-44,2412,1,Bermuda Guest WIFI,pole 08
20251022_024027,26.672907333333335,-81.80777083333334,28:70:4e:d0:88:30,-69,2412,1,Bermuda,pole 08
20251022_024027,26.672907333333335,-81.80777083333334,2e:70:4e:d0:87:dc,-72,2462,11,Bermuda Guest WIFI,pole 07
20251022_024027,26.672907333333335,-81.80777083333334,2e:70:4e:d0:86:3e,-77,2462,11,Bermuda Guest WIFI,pole 09
20251022_024027,26.672907333333335,-81.80777083333334,2e:70:4e:d2:8b:2d,-78,2462,11,Bermuda Guest WIFI,pole 02 N
20251022_024027,26.672907333333335,-81.80777083333334,28:70:4e:d2:8b:2d,-79,2462,11,Bermuda,pole 02 N
20251022_024027,26.672907333333335,-81.80777083333334,28:70:4e:d0:86:3f,-80,5180,37,Bermuda,pole 09
20251022_024027,26.672907333333335,-81.80777083333334,2e:70:4e:d0:86:3f,-80,5180,37,Bermuda Guest WIFI,pole 09
20251022_024027,26.672907333333335,-81.80777083333334,62:22:32:16:00:d3,-80,5240,49,Bermuda Guest WIFI,laundry2
20251022_024027,26.672907333333335,-81.80777083333334,60:22:32:16:00:d3,-80,5240,49,Bermuda,laundry2
20251022_024027,26.672907333333335,-81.80777083333334,28:70:4e:d0:89:20,-80,2412,1,Bermuda,pole 01 S
20251022_024027,26.672907333333335,-81.80777083333334,28:70:4e:dd:d3:20,-81,5785,158,Bermuda,pole 01 NE
20251022_024027,26.672907333333335,-81.80777083333334,2e:70:4e:dd:d3:20,-81,5785,158,Bermuda Guest WIFI,pole 01 NE
20251022_024027,26.672907333333335,-81.80777083333334,28:70:4e:d0:89:21,-81,5200,41,Bermuda,pole 01 S
20251022_024027,26.672907333333335,-81.80777083333334,2e:70:4e:d0:89:21,-81,5200,41,Bermuda Guest WIFI,pole 01 S
20251022_024027,26.672907333333335,-81.80777083333334,28:70:4e:d0:89:06,-85,5805,162,Bermuda,pole 06
20251022_024027,26.672907333333335,-81.80777083333334,2e:70:4e:d0:89:06,-85,5805,162,Bermuda Guest WIFI,pole 06
20251022_024256,26.672901333333332,-81.80773133333334,28:70:4e:d0:88:30,-41,2412,1,Bermuda,pole 08
20251022_024256,26.672901333333332,-81.80773133333334,2e:70:4e:d0:88:30,-41,2412,1,Bermuda Guest WIFI,pole 08
20251022_024256,26.672901333333332,-81.80773133333334,28:70:4e:d0:88:31,-48,5745,150,Bermuda,pole 08
20251022_024256,26.672901333333332,-81.80773133333334,2e:70:4e:d0:88:31,-48,5745,150,Bermuda Guest WIFI,pole 08
20251022_024256,26.672901333333332,-81.80773133333334,28:70:4e:d0:88:f6,-73,2437,6,Bermuda,pole 02 E
20251022_024256,26.672901333333332,-81.80773133333334,28:70:4e:d0:89:21,-78,5200,41,Bermuda,pole 01 S
20251022_024256,26.672901333333332,-81.80773133333334,2e:70:4e:d0:89:21,-78,5200,41,Bermuda Guest WIFI,pole 01 S
20251022_024256,26.672901333333332,-81.80773133333334,28:70:4e:d2:8b:2d,-81,2462,11,Bermuda,pole 02 N
20251022_024256,26.672901333333332,-81.80773133333334,2e:70:4e:d2:8b:2e,-84,5220,45,Bermuda Guest WIFI,pole 02 N
20251022_024256,26.672901333333332,-81.80773133333334,28:70:4e:d0:89:06,-85,5805,162,Bermuda,pole 06
20251022_024256,26.672901333333332,-81.80773133333334,2e:70:4e:d0:89:06,-85,5805,162,Bermuda Guest WIFI,pole 06
20251022_024256,26.672901333333332,-81.80773133333334,60:22:32:16:00:d3,-90,5240,49,Bermuda,laundry2
20251022_024256,26.672901333333332,-81.80773133333334,62:22:32:16:00:d3,-90,5240,49,Bermuda Guest WIFI,laundry2
20251022_024256,26.6728975,-81.80772433333334,28:70:4e:d0:88:31,-40,5745,150,Bermuda,pole 08
20251022_024256,26.6728975,-81.80772433333334,2e:70:4e:d0:88:31,-40,5745,150,Bermuda Guest WIFI,pole 08
20251022_024256,26.6728975,-81.80772433333334,2e:70:4e:d0:88:30,-45,2412,1,Bermuda Guest WIFI,pole 08
20251022_024256,26.6728975,-81.80772433333334,28:70:4e:d0:88:30,-46,2412,1,Bermuda,pole 08
20251022_024256,26.6728975,-81.80772433333334,28:70:4e:d0:88:f6,-73,2437,6,Bermuda,pole 02 E
20251022_024256,26.6728975,-81.80772433333334,28:70:4e:d0:89:20,-75,2412,1,Bermuda,pole 01 S
20251022_024256,26.6728975,-81.80772433333334,28:70:4e:d0:89:21,-78,5200,41,Bermuda,pole 01 S
20251022_024256,26.6728975,-81.80772433333334,2e:70:4e:d0:89:21,-78,5200,41,Bermuda Guest WIFI,pole 01 S
20251022_024256,26.6728975,-81.80772433333334,62:22:32:16:00:d3,-80,5240,49,Bermuda Guest WIFI,laundry2
20251022_024256,26.6728975,-81.80772433333334,28:70:4e:d2:8b:2d,-81,2462,11,Bermuda,pole 02 N
20251022_024256,26.6728975,-81.80772433333334,60:22:32:16:00:d3,-81,5240,49,Bermuda,laundry2
20251022_024256,26.6728975,-81.80772433333334,2e:70:4e:d2:8b:2e,-84,5220,45,Bermuda Guest WIFI,pole 02 N
20251022_024256,26.6728975,-81.80772433333334,28:70:4e:d0:89:06,-85,5805,162,Bermuda,pole 06
20251022_024256,26.6728975,-81.80772433333334,2e:70:4e:d0:89:06,-85,5805,162,Bermuda Guest WIFI,pole 06
20251022_024256,26.672895666666665,-81.80772416666667,28:70:4e:d0:88:30,-39,2412,1,Bermuda,pole 08
20251022_024256,26.672895666666665,-81.80772416666667,2e:70:4e:d0:88:30,-39,2412,1,Bermuda Guest WIFI,pole 08
20251022_024256,26.672895666666665,-81.80772416666667,28:70:4e:d0:88:31,-47,5745,150,Bermuda,pole 08
20251022_024256,26.672895666666665,-81.80772416666667,2e:70:4e:d0:88:31,-47,5745,150,Bermuda Guest WIFI,pole 08
20251022_024256,26.672895666666665,-81.80772416666667,2e:70:4e:d0:87:dc,-72,2462,11,Bermuda Guest WIFI,pole 07
20251022_024256,26.672895666666665,-81.80772416666667,28:70:4e:d0:88:f6,-73,2437,6,Bermuda,pole 02 E
20251022_024256,26.672895666666665,-81.80772416666667,28:70:4e:d0:89:20,-77,2412,1,Bermuda,pole 01 S
20251022_024256,26.672895666666665,-81.80772416666667,28:70:4e:d0:89:21,-78,5200,41,Bermuda,pole 01 S
20251022_024256,26.672895666666665,-81.80772416666667,2e:70:4e:d0:89:21,-78,5200,41,Bermuda Guest WIFI,pole 01 S
20251022_024256,26.672895666666665,-81.80772416666667,62:22:32:16:00:d3,-80,5240,49,Bermuda Guest WIFI,laundry2
20251022_024256,26.672895666666665,-81.80772416666667,28:70:4e:d2:8b:2d,-81,2462,11,Bermuda,pole 02 N
20251022_024256,26.672895666666665,-81.80772416666667,60:22:32:16:00:d3,-81,5240,49,Bermuda,laundry2
20251022_024256,26.672895666666665,-81.80772416666667,2e:70:4e:d2:8b:2d,-81,2462,11,Bermuda Guest WIFI,pole 02 N
20251022_024256,26.672895666666665,-81.80772416666667,2e:70:4e:d2:8b:2e,-84,5220,45,Bermuda Guest WIFI,pole 02 N
20251022_024256,26.672895666666665,-81.80772416666667,28:70:4e:d0:89:06,-85,5805,162,Bermuda,pole 06
20251022_024256,26.672895666666665,-81.80772416666667,2e:70:4e:d0:89:06,-85,5805,162,Bermuda Guest WIFI,pole 06
20251022_024256,26.672897,-81.8077245,28:70:4e:d0:88:31,-42,5745,150,Bermuda,pole 08
20251022_024256,26.672897,-81.8077245,2e:70:4e:d0:88:31,-42,5745,150,Bermuda Guest WIFI,pole 08
20251022_024256,26.672897,-81.8077245,2e:70:4e:d0:88:30,-44,2412,1,Bermuda Guest WIFI,pole 08
20251022_024256,26.672897,-81.8077245,28:70:4e:d0:88:30,-45,2412,1,Bermuda,pole 08
20251022_024256,26.672897,-81.8077245,2e:70:4e:d0:87:dc,-72,2462,11,Bermuda Guest WIFI,pole 07
20251022_024256,26.672897,-81.8077245,28:70:4e:d0:88:f6,-73,2437,6,Bermuda,pole 02 E
20251022_024256,26.672897,-81.8077245,28:70:4e:dd:d3:20,-76,5785,158,Bermuda,pole 01 NE
20251022_024256,26.672897,-81.8077245,28:70:4e:d0:89:21,-78,5200,41,Bermuda,pole 01 S
20251022_024256,26.672897,-81.8077245,2e:70:4e:d0:89:21,-78,5200,41,Bermuda Guest WIFI,pole 01 S
20251022_024256,26.672897,-81.8077245,60:22:32:16:00:d3,-80,5240,49,Bermuda,laundry2
20251022_024256,26.672897,-81.8077245,62:22:32:16:00:d3,-80,5240,49,Bermuda Guest WIFI,laundry2
20251022_024256,26.672897,-81.8077245,2e:70:4e:d0:89:20,-80,2412,1,Bermuda Guest WIFI,pole 01 S
20251022_024256,26.672897,-81.8077245,28:70:4e:d2:8b:2d,-81,2462,11,Bermuda,pole 02 N
20251022_024256,26.672897,-81.8077245,28:70:4e:d0:89:20,-81,2412,1,Bermuda,pole 01 S
20251022_024256,26.672897,-81.8077245,2e:70:4e:d2:8b:2d,-81,2462,11,Bermuda Guest WIFI,pole 02 N
20251022_024256,26.672897,-81.8077245,2e:70:4e:d2:8b:2e,-84,5220,45,Bermuda Guest WIFI,pole 02 N
20251022_024256,26.672897,-81.8077245,28:70:4e:d0:89:06,-85,5805,162,Bermuda,pole 06
20251022_024256,26.672897,-81.8077245,2e:70:4e:d0:89:06,-85,5805,162,Bermuda Guest WIFI,pole 06
20251022_024539,26.672778,-81.80766766666666,28:70:4e:d0:88:31,-53,5745,150,Bermuda,pole 08
20251022_024539,26.672778,-81.80766766666666,28:70:4e:d0:88:30,-65,2412,1,Bermuda,pole 08
20251022_024539,26.672778,-81.80766766666666,2e:70:4e:d0:88:30,-65,2412,1,Bermuda Guest WIFI,pole 08
20251022_024539,26.672778,-81.80766766666666,28:70:4e:d0:87:dd,-75,5220,45,Bermuda,pole 07
20251022_024539,26.672785833333332,-81.80766,28:70:4e:d0:88:31,-65,5745,150,Bermuda,pole 08
20251022_024539,26.672785833333332,-81.80766,2e:70:4e:d0:88:31,-65,5745,150,Bermuda Guest WIFI,pole 08
20251022_024539,26.672785833333332,-81.80766,28:70:4e:d0:88:30,-72,2412,1,Bermuda,pole 08
20251022_024539,26.672785833333332,-81.80766,2e:70:4e:d0:88:30,-72,2412,1,Bermuda Guest WIFI,pole 08
20251022_024539,26.672785833333332,-81.80766,28:70:4e:d0:87:dd,-75,5220,45,Bermuda,pole 07
20251022_024539,26.672785833333332,-81.80766,2e:70:4e:d0:89:20,-75,2412,1,Bermuda Guest WIFI,pole 01 S
20251022_024539,26.672785833333332,-81.80766,28:70:4e:d0:89:20,-76,2412,1,Bermuda,pole 01 S
20251022_024539,26.672785833333332,-81.80766,2e:70:4e:d2:8b:2d,-76,2462,11,Bermuda Guest WIFI,pole 02 N
20251022_024539,26.672785833333332,-81.80766,28:70:4e:dd:d3:20,-84,5785,158,Bermuda,pole 01 NE
20251022_024539,26.672785833333332,-81.80766,2e:70:4e:dd:d3:20,-84,5785,158,Bermuda Guest WIFI,pole 01 NE
20251022_024539,26.672797166666665,-81.80766,28:70:4e:d0:88:30,-58,2412,1,Bermuda,pole 08
20251022_024539,26.672797166666665,-81.80766,2e:70:4e:d0:88:30,-59,2412,1,Bermuda Guest WIFI,pole 08
20251022_024539,26.672797166666665,-81.80766,28:70:4e:d0:88:31,-60,5745,150,Bermuda,pole 08
20251022_024539,26.672797166666665,-81.80766,2e:70:4e:d0:88:31,-60,5745,150,Bermuda Guest WIFI,pole 08
20251022_024539,26.672797166666665,-81.80766,28:70:4e:d0:87:dd,-75,5220,45,Bermuda,pole 07
20251022_024539,26.672797166666665,-81.80766,2e:70:4e:d0:89:20,-75,2412,1,Bermuda Guest WIFI,pole 01 S
20251022_024539,26.672797166666665,-81.80766,28:70:4e:d0:89:20,-76,2412,1,Bermuda,pole 01 S
20251022_024539,26.672797166666665,-81.80766,2e:70:4e:d2:8b:2d,-76,2462,11,Bermuda Guest WIFI,pole 02 N
20251022_024539,26.672797166666665,-81.80766,28:70:4e:dd:d3:20,-84,5785,158,Bermuda,pole 01 NE
20251022_024539,26.672797166666665,-81.80766,2e:70:4e:dd:d3:20,-84,5785,158,Bermuda Guest WIFI,pole 01 NE
20251022_024539,26.672788833333332,-81.80767,2e:70:4e:d0:88:30,-52,2412,1,Bermuda Guest WIFI,pole 08
20251022_024539,26.672788833333332,-81.80767,28:70:4e:d0:88:30,-54,2412,1,Bermuda,pole 08
20251022_024539,26.672788833333332,-81.80767,28:70:4e:d0:88:31,-59,5745,150,Bermuda,pole 08
20251022_024539,26.672788833333332,-81.80767,2e:70:4e:d0:88:31,-60,5745,150,Bermuda Guest WIFI,pole 08
20251022_024539,26.672788833333332,-81.80767,2e:70:4e:d0:87:dc,-65,2462,11,Bermuda Guest WIFI,pole 07
20251022_024539,26.672788833333332,-81.80767,28:70:4e:d0:87:dc,-66,2462,11,Bermuda,pole 07
20251022_024539,26.672788833333332,-81.80767,28:70:4e:d0:89:20,-73,2412,1,Bermuda,pole 01 S
20251022_024539,26.672788833333332,-81.80767,2e:70:4e:d0:89:20,-73,2412,1,Bermuda Guest WIFI,pole 01 S
20251022_024539,26.672788833333332,-81.80767,28:70:4e:d0:87:dd,-75,5220,45,Bermuda,pole 07
20251022_024539,26.672788833333332,-81.80767,2e:70:4e:d2:8b:2d,-76,2462,11,Bermuda Guest WIFI,pole 02 N
20251022_024539,26.672788833333332,-81.80767,28:70:4e:dd:d3:20,-84,5785,158,Bermuda,pole 01 NE
20251022_024539,26.672788833333332,-81.80767,2e:70:4e:dd:d3:20,-84,5785,158,Bermuda Guest WIFI,pole 01 NE
2025-10-22T02:46:40.328320+00:00,26.672797,-81.80763533333334,2e:70:4e:d0:88:30,-54,2412,1,Bermuda Guest WIFI,pole 08
2025-10-22T02:46:40.328320+00:00,26.672797,-81.80763533333334,28:70:4e:d0:88:30,-55,2412,1,Bermuda,pole 08
2025-10-22T02:46:40.328320+00:00,26.672797,-81.80763533333334,28:70:4e:d0:88:31,-64,5745,150,Bermuda,pole 08
2025-10-22T02:46:40.328320+00:00,26.672797,-81.80763533333334,2e:70:4e:d0:88:31,-64,5745,150,Bermuda Guest WIFI,pole 08
2025-10-22T02:46:40.328320+00:00,26.672797,-81.80763533333334,28:70:4e:d0:87:dd,-73,5220,45,Bermuda,pole 07
2025-10-22T02:46:40.328320+00:00,26.672828333333335,-81.8075835,2e:70:4e:d0:88:30,-59,2412,1,Bermuda Guest WIFI,pole 08
2025-10-22T02:46:40.328320+00:00,26.672828333333335,-81.8075835,28:70:4e:d0:88:30,-60,2412,1,Bermuda,pole 08
2025-10-22T02:46:40.328320+00:00,26.672828333333335,-81.8075835,28:70:4e:d0:88:31,-61,5745,150,Bermuda,pole 08
2025-10-22T02:46:40.328320+00:00,26.672828333333335,-81.8075835,2e:70:4e:d0:88:31,-64,5745,150,Bermuda Guest WIFI,pole 08
2025-10-22T02:46:40.328320+00:00,26.672828333333335,-81.8075835,28:70:4e:d0:87:dd,-73,5220,45,Bermuda,pole 07
2025-10-22T02:46:40.328320+00:00,26.672828333333335,-81.8075835,2e:70:4e:dd:d3:20,-84,5785,158,Bermuda Guest WIFI,pole 01 NE
2025-10-22T02:46:40.328320+00:00,26.672828333333335,-81.8075835,28:70:4e:d0:89:20,-86,2412,1,Bermuda,pole 01 S
2025-10-22T02:46:40.328320+00:00,26.672828333333335,-81.8075835,2e:70:4e:d0:89:20,-87,2412,1,Bermuda Guest WIFI,pole 01 S
2025-10-22T02:46:40.328320+00:00,26.672828333333335,-81.8075835,28:70:4e:d2:8b:2d,-87,2462,11,Bermuda,pole 02 N
2025-10-22T02:46:40.328320+00:00,26.672868666666666,-81.80759716666667,28:70:4e:d0:88:30,-64,2412,1,Bermuda,pole 08
2025-10-22T02:46:40.328320+00:00,26.672868666666666,-81.80759716666667,2e:70:4e:d0:88:30,-64,2412,1,Bermuda Guest WIFI,pole 08
2025-10-22T02:46:40.328320+00:00,26.672868666666666,-81.80759716666667,2e:70:4e:d0:88:31,-64,5745,150,Bermuda Guest WIFI,pole 08
2025-10-22T02:46:40.328320+00:00,26.672868666666666,-81.80759716666667,28:70:4e:d0:87:dd,-66,5220,45,Bermuda,pole 07
2025-10-22T02:46:40.328320+00:00,26.672868666666666,-81.80759716666667,2e:70:4e:d0:87:dd,-66,5220,45,Bermuda Guest WIFI,pole 07
2025-10-22T02:46:40.328320+00:00,26.672868666666666,-81.80759716666667,28:70:4e:d0:88:31,-71,5745,150,Bermuda,pole 08
2025-10-22T02:46:40.328320+00:00,26.672868666666666,-81.80759716666667,2e:70:4e:d0:89:05,-75,2412,1,Bermuda Guest WIFI,pole 06
2025-10-22T02:46:40.328320+00:00,26.672868666666666,-81.80759716666667,28:70:4e:d0:89:05,-76,2412,1,Bermuda,pole 06
2025-10-22T02:46:40.328320+00:00,26.672868666666666,-81.80759716666667,2e:70:4e:d0:89:0b,-81,2412,1,Bermuda Guest WIFI,pole 10
2025-10-22T02:46:40.328320+00:00,26.672868666666666,-81.80759716666667,2e:70:4e:dd:d3:20,-84,5785,158,Bermuda Guest WIFI,pole 01 NE
2025-10-22T02:46:40.328320+00:00,26.672868666666666,-81.80759716666667,28:70:4e:d0:89:20,-86,2412,1,Bermuda,pole 01 S
2025-10-22T02:46:40.328320+00:00,26.672868666666666,-81.80759716666667,2e:70:4e:d0:89:20,-87,2412,1,Bermuda Guest WIFI,pole 01 S
2025-10-22T02:46:40.328320+00:00,26.672868666666666,-81.80759716666667,28:70:4e:d2:8b:2d,-87,2462,11,Bermuda,pole 02 N
2025-10-22T02:46:40.328320+00:00,26.672877333333332,-81.80760266666667,2e:70:4e:d0:88:30,-58,2412,1,Bermuda Guest WIFI,pole 08
2025-10-22T02:46:40.328320+00:00,26.672877333333332,-81.80760266666667,28:70:4e:d0:88:30,-60,2412,1,Bermuda,pole 08
2025-10-22T02:46:40.328320+00:00,26.672877333333332,-81.80760266666667,2e:70:4e:d0:88:31,-64,5745,150,Bermuda Guest WIFI,pole 08
2025-10-22T02:46:40.328320+00:00,26.672877333333332,-81.80760266666667,2e:70:4e:d0:87:dc,-65,2462,11,Bermuda Guest WIFI,pole 07
2025-10-22T02:46:40.328320+00:00,26.672877333333332,-81.80760266666667,28:70:4e:d0:87:dd,-66,5220,45,Bermuda,pole 07
2025-10-22T02:46:40.328320+00:00,26.672877333333332,-81.80760266666667,2e:70:4e:d0:87:dd,-66,5220,45,Bermuda Guest WIFI,pole 07
2025-10-22T02:46:40.328320+00:00,26.672877333333332,-81.80760266666667,28:70:4e:d0:87:dc,-66,2462,11,Bermuda,pole 07
2025-10-22T02:46:40.328320+00:00,26.672877333333332,-81.80760266666667,28:70:4e:d0:88:31,-72,5745,150,Bermuda,pole 08
2025-10-22T02:46:40.328320+00:00,26.672877333333332,-81.80760266666667,2e:70:4e:d0:89:05,-75,2412,1,Bermuda Guest WIFI,pole 06
2025-10-22T02:46:40.328320+00:00,26.672877333333332,-81.80760266666667,2e:70:4e:d0:89:0b,-81,2412,1,Bermuda Guest WIFI,pole 10
2025-10-22T02:46:40.328320+00:00,26.672877333333332,-81.80760266666667,2e:70:4e:dd:d3:20,-84,5785,158,Bermuda Guest WIFI,pole 01 NE
2025-10-22T02:46:40.328320+00:00,26.672877333333332,-81.80760266666667,28:70:4e:d0:89:20,-86,2412,1,Bermuda,pole 01 S
2025-10-22T02:46:40.328320+00:00,26.672877333333332,-81.80760266666667,28:70:4e:d0:89:05,-86,2412,1,Bermuda,pole 06
2025-10-22T02:46:40.328320+00:00,26.672877333333332,-81.80760266666667,2e:70:4e:d0:89:20,-87,2412,1,Bermuda Guest WIFI,pole 01 S
2025-10-22T02:46:40.328320+00:00,26.672877333333332,-81.80760266666667,28:70:4e:d2:8b:2d,-87,2462,11,Bermuda,pole 02 N
2025-10-22T02:47:41.675336+00:00,26.672879166666668,-81.8076025,2e:70:4e:d0:88:30,-59,2412,1,Bermuda Guest WIFI,pole 08
2025-10-22T02:47:41.675336+00:00,26.672879166666668,-81.8076025,28:70:4e:d0:88:30,-60,2412,1,Bermuda,pole 08
2025-10-22T02:47:41.675336+00:00,26.672879166666668,-81.8076025,28:70:4e:d0:89:05,-68,2412,1,Bermuda,pole 06
2025-10-22T02:47:41.675336+00:00,26.672879166666668,-81.8076025,28:70:4e:d0:89:20,-68,2412,1,Bermuda,pole 01 S
2025-10-22T02:47:41.675336+00:00,26.672879166666668,-81.8076025,2e:70:4e:d0:87:dc,-69,2462,11,Bermuda Guest WIFI,pole 07
2025-10-22T02:47:41.675336+00:00,26.672879166666668,-81.8076025,2e:70:4e:d0:89:20,-73,2412,1,Bermuda Guest WIFI,pole 01 S
2025-10-22T02:47:41.675336+00:00,26.672879166666668,-81.8076025,2e:70:4e:d0:86:3e,-78,2462,11,Bermuda Guest WIFI,pole 09
2025-10-22T02:47:41.675336+00:00,26.672895,-81.80757533333333,28:70:4e:d0:88:31,-64,5745,150,Bermuda,pole 08
2025-10-22T02:47:41.675336+00:00,26.672895,-81.80757533333333,2e:70:4e:d0:88:31,-64,5745,150,Bermuda Guest WIFI,pole 08
2025-10-22T02:47:41.675336+00:00,26.672895,-81.80757533333333,28:70:4e:d0:88:30,-66,2412,1,Bermuda,pole 08
2025-10-22T02:47:41.675336+00:00,26.672895,-81.80757533333333,2e:70:4e:d0:88:30,-66,2412,1,Bermuda Guest WIFI,pole 08
2025-10-22T02:47:41.675336+00:00,26.672895,-81.80757533333333,2e:70:4e:d0:87:dc,-69,2462,11,Bermuda Guest WIFI,pole 07
2025-10-22T02:47:41.675336+00:00,26.672895,-81.80757533333333,2e:70:4e:d0:89:20,-73,2412,1,Bermuda Guest WIFI,pole 01 S
2025-10-22T02:47:41.675336+00:00,26.672895,-81.80757533333333,2e:70:4e:d0:86:3e,-78,2462,11,Bermuda Guest WIFI,pole 09
2025-10-22T02:47:41.675336+00:00,26.67296,-81.80758183333333,2e:70:4e:d0:87:dc,-60,2462,11,Bermuda Guest WIFI,pole 07
2025-10-22T02:47:41.675336+00:00,26.67296,-81.80758183333333,28:70:4e:d0:87:dc,-61,2462,11,Bermuda,pole 07
2025-10-22T02:47:41.675336+00:00,26.67296,-81.80758183333333,28:70:4e:d0:88:31,-64,5745,150,Bermuda,pole 08
2025-10-22T02:47:41.675336+00:00,26.67296,-81.80758183333333,2e:70:4e:d0:88:31,-64,5745,150,Bermuda Guest WIFI,pole 08
2025-10-22T02:47:41.675336+00:00,26.67296,-81.80758183333333,28:70:4e:d0:88:30,-66,2412,1,Bermuda,pole 08
2025-10-22T02:47:41.675336+00:00,26.67296,-81.80758183333333,2e:70:4e:d0:88:30,-66,2412,1,Bermuda Guest WIFI,pole 08
2025-10-22T02:47:41.675336+00:00,26.67296,-81.80758183333333,2e:70:4e:d0:89:20,-73,2412,1,Bermuda Guest WIFI,pole 01 S
2025-10-22T02:47:41.675336+00:00,26.67296,-81.80758183333333,2e:70:4e:d0:86:3e,-78,2462,11,Bermuda Guest WIFI,pole 09
2025-10-22T02:47:41.675336+00:00,26.672971333333333,-81.80760933333333,2e:70:4e:d0:87:dc,-60,2462,11,Bermuda Guest WIFI,pole 07
2025-10-22T02:47:41.675336+00:00,26.672971333333333,-81.80760933333333,28:70:4e:d0:87:dc,-61,2462,11,Bermuda,pole 07
2025-10-22T02:47:41.675336+00:00,26.672971333333333,-81.80760933333333,28:70:4e:d0:88:31,-64,5745,150,Bermuda,pole 08
2025-10-22T02:47:41.675336+00:00,26.672971333333333,-81.80760933333333,2e:70:4e:d0:88:31,-64,5745,150,Bermuda Guest WIFI,pole 08
2025-10-22T02:47:41.675336+00:00,26.672971333333333,-81.80760933333333,2e:70:4e:d0:88:30,-66,2412,1,Bermuda Guest WIFI,pole 08
2025-10-22T02:47:41.675336+00:00,26.672971333333333,-81.80760933333333,28:70:4e:d0:88:30,-68,2412,1,Bermuda,pole 08
2025-10-22T02:47:41.675336+00:00,26.672971333333333,-81.80760933333333,2e:70:4e:d0:89:20,-73,2412,1,Bermuda Guest WIFI,pole 01 S
2025-10-22T02:47:41.675336+00:00,26.672971333333333,-81.80760933333333,2e:70:4e:d0:86:3e,-78,2462,11,Bermuda Guest WIFI,pole 09
2025-10-22T02:48:47.454203+00:00,26.672979,-81.80756633333333,28:70:4e:d0:88:31,-63,5745,150,Bermuda,pole 08
2025-10-22T02:48:47.454203+00:00,26.672979,-81.80756633333333,2e:70:4e:d0:88:31,-63,5745,150,Bermuda Guest WIFI,pole 08
2025-10-22T02:48:47.454203+00:00,26.672979,-81.80756633333333,28:70:4e:d0:88:30,-66,2412,1,Bermuda,pole 08
2025-10-22T02:48:47.454203+00:00,26.672979,-81.80756633333333,28:70:4e:d0:88:f6,-82,2437,6,Bermuda,pole 02 E
2025-10-22T02:48:47.454203+00:00,26.672979,-81.80756633333333,28:70:4e:d0:89:20,-86,2412,1,Bermuda,pole 01 S
2025-10-22T02:48:47.454203+00:00,26.673038833333333,-81.807537,28:70:4e:d0:88:30,-61,2412,1,Bermuda,pole 08
2025-10-22T02:48:47.454203+00:00,26.673038833333333,-81.807537,28:70:4e:d0:88:31,-63,5745,150,Bermuda,pole 08
2025-10-22T02:48:47.454203+00:00,26.673038833333333,-81.807537,2e:70:4e:d0:88:31,-63,5745,150,Bermuda Guest WIFI,pole 08
2025-10-22T02:48:47.454203+00:00,26.673038833333333,-81.807537,2e:70:4e:d0:87:dc,-68,2462,11,Bermuda Guest WIFI,pole 07
2025-10-22T02:48:47.454203+00:00,26.673038833333333,-81.807537,28:70:4e:d0:88:f6,-82,2437,6,Bermuda,pole 02 E
2025-10-22T02:48:47.454203+00:00,26.673038833333333,-81.807537,28:70:4e:d0:89:20,-86,2412,1,Bermuda,pole 01 S
2025-10-22T02:48:47.454203+00:00,26.673069833333333,-81.80756516666666,2e:70:4e:d0:88:30,-61,2412,1,Bermuda Guest WIFI,pole 08
2025-10-22T02:48:47.454203+00:00,26.673069833333333,-81.80756516666666,28:70:4e:d0:88:30,-62,2412,1,Bermuda,pole 08
2025-10-22T02:48:47.454203+00:00,26.673069833333333,-81.80756516666666,28:70:4e:d0:88:31,-63,5745,150,Bermuda,pole 08
2025-10-22T02:48:47.454203+00:00,26.673069833333333,-81.80756516666666,2e:70:4e:d0:88:31,-63,5745,150,Bermuda Guest WIFI,pole 08
2025-10-22T02:48:47.454203+00:00,26.673069833333333,-81.80756516666666,2e:70:4e:d0:87:dc,-68,2462,11,Bermuda Guest WIFI,pole 07
2025-10-22T02:48:47.454203+00:00,26.673069833333333,-81.80756516666666,28:70:4e:d0:88:f6,-82,2437,6,Bermuda,pole 02 E
2025-10-22T02:48:47.454203+00:00,26.673069833333333,-81.80756516666666,28:70:4e:d0:89:20,-86,2412,1,Bermuda,pole 01 S
2025-10-22T02:48:47.454203+00:00,26.673083,-81.80757383333334,28:70:4e:d0:88:31,-63,5745,150,Bermuda,pole 08
2025-10-22T02:48:47.454203+00:00,26.673083,-81.80757383333334,2e:70:4e:d0:88:31,-63,5745,150,Bermuda Guest WIFI,pole 08
2025-10-22T02:48:47.454203+00:00,26.673083,-81.80757383333334,28:70:4e:d0:88:30,-68,2412,1,Bermuda,pole 08
2025-10-22T02:48:47.454203+00:00,26.673083,-81.80757383333334,2e:70:4e:d0:88:30,-68,2412,1,Bermuda Guest WIFI,pole 08
2025-10-22T02:48:47.454203+00:00,26.673083,-81.80757383333334,2e:70:4e:d0:87:dc,-69,2462,11,Bermuda Guest WIFI,pole 07
2025-10-22T02:48:47.454203+00:00,26.673083,-81.80757383333334,28:70:4e:d0:88:f6,-82,2437,6,Bermuda,pole 02 E
2025-10-22T02:48:47.454203+00:00,26.673083,-81.80757383333334,28:70:4e:d0:89:20,-86,2412,1,Bermuda,pole 01 S
2025-10-22T02:49:57.659823+00:00,26.6731675,-81.807573,2e:70:4e:d0:87:dc,-62,2462,11,Bermuda Guest WIFI,pole 07
2025-10-22T02:49:57.659823+00:00,26.6731675,-81.807573,28:70:4e:d0:88:30,-63,2412,1,Bermuda,pole 08
2025-10-22T02:49:57.659823+00:00,26.6731675,-81.807573,2e:70:4e:d0:88:30,-63,2412,1,Bermuda Guest WIFI,pole 08
2025-10-22T02:49:57.659823+00:00,26.6731675,-81.807573,28:70:4e:d0:87:dc,-64,2462,11,Bermuda,pole 07
2025-10-22T02:49:57.659823+00:00,26.6731675,-81.807573,28:70:4e:d0:86:3e,-64,2462,11,Bermuda,pole 09
2025-10-22T02:49:57.659823+00:00,26.6731675,-81.807573,2e:70:4e:d0:86:3e,-64,2462,11,Bermuda Guest WIFI,pole 09
2025-10-22T02:49:57.659823+00:00,26.6731675,-81.807573,28:70:4e:d0:89:0b,-78,2412,1,Bermuda,pole 10
2025-10-22T02:49:57.659823+00:00,26.6731675,-81.807573,2e:70:4e:d0:89:0b,-78,2412,1,Bermuda Guest WIFI,pole 10
2025-10-22T02:49:57.659823+00:00,26.6731675,-81.807573,2e:70:4e:d0:89:05,-80,2412,1,Bermuda Guest WIFI,pole 06
2025-10-22T02:49:57.659823+00:00,26.6731675,-81.807573,2e:70:4e:d0:89:06,-83,5805,162,Bermuda Guest WIFI,pole 06
2025-10-22T02:49:57.659823+00:00,26.6731675,-81.807573,28:70:4e:d2:8b:2d,-84,2462,11,Bermuda,pole 02 N
2025-10-22T02:49:57.659823+00:00,26.6731675,-81.807573,28:70:4e:d0:89:20,-85,2412,1,Bermuda,pole 01 S
2025-10-22T02:49:57.659823+00:00,26.673172166666667,-81.80757466666667,28:70:4e:d0:86:3f,-60,5180,37,Bermuda,pole 09
2025-10-22T02:49:57.659823+00:00,26.673172166666667,-81.80757466666667,2e:70:4e:d0:86:3f,-60,5180,37,Bermuda Guest WIFI,pole 09
2025-10-22T02:49:57.659823+00:00,26.673172166666667,-81.80757466666667,28:70:4e:d0:87:dc,-61,2462,11,Bermuda,pole 07
2025-10-22T02:49:57.659823+00:00,26.673172166666667,-81.80757466666667,2e:70:4e:d0:87:dc,-61,2462,11,Bermuda Guest WIFI,pole 07
2025-10-22T02:49:57.659823+00:00,26.673172166666667,-81.80757466666667,28:70:4e:d0:86:3e,-64,2462,11,Bermuda,pole 09
2025-10-22T02:49:57.659823+00:00,26.673172166666667,-81.80757466666667,2e:70:4e:d0:86:3e,-64,2462,11,Bermuda Guest WIFI,pole 09
2025-10-22T02:49:57.659823+00:00,26.673172166666667,-81.80757466666667,28:70:4e:d0:88:30,-66,2412,1,Bermuda,pole 08
2025-10-22T02:49:57.659823+00:00,26.673172166666667,-81.80757466666667,2e:70:4e:d0:88:30,-66,2412,1,Bermuda Guest WIFI,pole 08
2025-10-22T02:49:57.659823+00:00,26.673172166666667,-81.80757466666667,2e:70:4e:d0:88:31,-66,5745,150,Bermuda Guest WIFI,pole 08
2025-10-22T02:49:57.659823+00:00,26.673172166666667,-81.80757466666667,28:70:4e:d0:88:31,-67,5745,150,Bermuda,pole 08
2025-10-22T02:49:57.659823+00:00,26.673172166666667,-81.80757466666667,2e:70:4e:d0:87:dd,-69,5220,45,Bermuda Guest WIFI,pole 07
2025-10-22T02:49:57.659823+00:00,26.673172166666667,-81.80757466666667,2e:70:4e:d0:89:05,-78,2412,1,Bermuda Guest WIFI,pole 06
2025-10-22T02:49:57.659823+00:00,26.673172166666667,-81.80757466666667,2e:70:4e:d0:89:0b,-78,2412,1,Bermuda Guest WIFI,pole 10
2025-10-22T02:49:57.659823+00:00,26.673172166666667,-81.80757466666667,28:70:4e:d0:89:0b,-79,2412,1,Bermuda,pole 10
2025-10-22T02:49:57.659823+00:00,26.673172166666667,-81.80757466666667,28:70:4e:d0:89:05,-79,2412,1,Bermuda,pole 06
2025-10-22T02:49:57.659823+00:00,26.673172166666667,-81.80757466666667,2e:70:4e:d0:89:06,-83,5805,162,Bermuda Guest WIFI,pole 06
2025-10-22T02:49:57.659823+00:00,26.673172166666667,-81.80757466666667,28:70:4e:d2:8b:2d,-84,2462,11,Bermuda,pole 02 N
2025-10-22T02:49:57.659823+00:00,26.673172166666667,-81.80757466666667,28:70:4e:d0:89:20,-85,2412,1,Bermuda,pole 01 S
2025-10-22T02:49:57.659823+00:00,26.673174333333332,-81.80756716666667,28:70:4e:d0:86:3f,-60,5180,37,Bermuda,pole 09
2025-10-22T02:49:57.659823+00:00,26.673174333333332,-81.80756716666667,2e:70:4e:d0:86:3f,-60,5180,37,Bermuda Guest WIFI,pole 09
2025-10-22T02:49:57.659823+00:00,26.673174333333332,-81.80756716666667,28:70:4e:d0:87:dc,-61,2462,11,Bermuda,pole 07
2025-10-22T02:49:57.659823+00:00,26.673174333333332,-81.80756716666667,2e:70:4e:d0:87:dc,-61,2462,11,Bermuda Guest WIFI,pole 07
2025-10-22T02:49:57.659823+00:00,26.673174333333332,-81.80756716666667,28:70:4e:d0:86:3e,-64,2462,11,Bermuda,pole 09
2025-10-22T02:49:57.659823+00:00,26.673174333333332,-81.80756716666667,2e:70:4e:d0:86:3e,-64,2462,11,Bermuda Guest WIFI,pole 09
2025-10-22T02:49:57.659823+00:00,26.673174333333332,-81.80756716666667,28:70:4e:d0:88:31,-64,5745,150,Bermuda,pole 08
2025-10-22T02:49:57.659823+00:00,26.673174333333332,-81.80756716666667,2e:70:4e:d0:88:31,-64,5745,150,Bermuda Guest WIFI,pole 08
2025-10-22T02:49:57.659823+00:00,26.673174333333332,-81.80756716666667,2e:70:4e:d0:88:30,-67,2412,1,Bermuda Guest WIFI,pole 08
2025-10-22T02:49:57.659823+00:00,26.673174333333332,-81.80756716666667,28:70:4e:d0:88:30,-69,2412,1,Bermuda,pole 08
2025-10-22T02:49:57.659823+00:00,26.673174333333332,-81.80756716666667,2e:70:4e:d0:87:dd,-69,5220,45,Bermuda Guest WIFI,pole 07
2025-10-22T02:49:57.659823+00:00,26.673174333333332,-81.80756716666667,2e:70:4e:d0:89:05,-78,2412,1,Bermuda Guest WIFI,pole 06
2025-10-22T02:49:57.659823+00:00,26.673174333333332,-81.80756716666667,2e:70:4e:d0:89:0b,-78,2412,1,Bermuda Guest WIFI,pole 10
2025-10-22T02:49:57.659823+00:00,26.673174333333332,-81.80756716666667,28:70:4e:d0:89:0b,-79,2412,1,Bermuda,pole 10
2025-10-22T02:49:57.659823+00:00,26.673174333333332,-81.80756716666667,28:70:4e:d0:89:05,-79,2412,1,Bermuda,pole 06
2025-10-22T02:49:57.659823+00:00,26.673174333333332,-81.80756716666667,2e:70:4e:d0:88:f6,-80,2437,6,Bermuda Guest WIFI,pole 02 E
2025-10-22T02:49:57.659823+00:00,26.673174333333332,-81.80756716666667,2e:70:4e:d0:89:06,-83,5805,162,Bermuda Guest WIFI,pole 06
2025-10-22T02:49:57.659823+00:00,26.673174333333332,-81.80756716666667,28:70:4e:d0:89:20,-85,2412,1,Bermuda,pole 01 S
2025-10-22T02:49:57.659823+00:00,26.673174333333332,-81.80756716666667,28:70:4e:d2:8b:2d,-88,2462,11,Bermuda,pole 02 N
2025-10-22T02:49:57.659823+00:00,26.673180333333335,-81.807539,2e:70:4e:d0:87:dc,-61,2462,11,Bermuda Guest WIFI,pole 07
2025-10-22T02:49:57.659823+00:00,26.673180333333335,-81.807539,2e:70:4e:d0:86:3f,-61,5180,37,Bermuda Guest WIFI,pole 09
2025-10-22T02:49:57.659823+00:00,26.673180333333335,-81.807539,28:70:4e:d0:86:3f,-62,5180,37,Bermuda,pole 09
2025-10-22T02:49:57.659823+00:00,26.673180333333335,-81.807539,28:70:4e:d0:88:30,-63,2412,1,Bermuda,pole 08
2025-10-22T02:49:57.659823+00:00,26.673180333333335,-81.807539,2e:70:4e:d0:88:30,-63,2412,1,Bermuda Guest WIFI,pole 08
2025-10-22T02:49:57.659823+00:00,26.673180333333335,-81.807539,28:70:4e:d0:88:31,-65,5745,150,Bermuda,pole 08
2025-10-22T02:49:57.659823+00:00,26.673180333333335,-81.807539,2e:70:4e:d0:88:31,-66,5745,150,Bermuda Guest WIFI,pole 08
2025-10-22T02:49:57.659823+00:00,26.673180333333335,-81.807539,28:70:4e:d0:87:dc,-68,2462,11,Bermuda,pole 07
2025-10-22T02:49:57.659823+00:00,26.673180333333335,-81.807539,2e:70:4e:d0:87:dd,-69,5220,45,Bermuda Guest WIFI,pole 07
2025-10-22T02:49:57.659823+00:00,26.673180333333335,-81.807539,2e:70:4e:d0:89:05,-78,2412,1,Bermuda Guest WIFI,pole 06
2025-10-22T02:49:57.659823+00:00,26.673180333333335,-81.807539,28:70:4e:d0:89:0b,-79,2412,1,Bermuda,pole 10
2025-10-22T02:49:57.659823+00:00,26.673180333333335,-81.807539,28:70:4e:d0:89:05,-79,2412,1,Bermuda,pole 06
2025-10-22T02:49:57.659823+00:00,26.673180333333335,-81.807539,2e:70:4e:d0:88:f6,-80,2437,6,Bermuda Guest WIFI,pole 02 E
2025-10-22T02:49:57.659823+00:00,26.673180333333335,-81.807539,28:70:4e:d2:8b:2d,-84,2462,11,Bermuda,pole 02 N
2025-10-22T02:51:08.367092+00:00,26.673191666666668,-81.8074445,28:70:4e:d0:86:3f,-62,5180,37,Bermuda,pole 09
2025-10-22T02:51:08.367092+00:00,26.673191666666668,-81.8074445,28:70:4e:d0:87:dd,-62,5220,45,Bermuda,pole 07
2025-10-22T02:51:08.367092+00:00,26.673191666666668,-81.8074445,28:70:4e:d0:88:30,-66,2412,1,Bermuda,pole 08
2025-10-22T02:51:08.367092+00:00,26.673191666666668,-81.8074445,2e:70:4e:d0:88:30,-66,2412,1,Bermuda Guest WIFI,pole 08
2025-10-22T02:51:08.367092+00:00,26.673191666666668,-81.8074445,28:70:4e:d0:86:3e,-69,2462,11,Bermuda,pole 09
2025-10-22T02:51:08.367092+00:00,26.673191666666668,-81.8074445,2e:70:4e:d0:86:3e,-69,2462,11,Bermuda Guest WIFI,pole 09
2025-10-22T02:51:08.367092+00:00,26.673191666666668,-81.8074445,2e:70:4e:d0:87:dc,-74,2462,11,Bermuda Guest WIFI,pole 07
2025-10-22T02:51:08.367092+00:00,26.673191666666668,-81.8074445,28:70:4e:d0:87:dc,-75,2462,11,Bermuda,pole 07
2025-10-22T02:51:08.367092+00:00,26.673191666666668,-81.8074445,28:70:4e:d0:89:05,-77,2412,1,Bermuda,pole 06
2025-10-22T02:51:08.367092+00:00,26.673278333333332,-81.8075145,28:70:4e:d0:86:3f,-62,5180,37,Bermuda,pole 09
2025-10-22T02:51:08.367092+00:00,26.673278333333332,-81.8075145,28:70:4e:d0:88:31,-64,5745,150,Bermuda,pole 08
2025-10-22T02:51:08.367092+00:00,26.673278333333332,-81.8075145,2e:70:4e:d0:88:31,-64,5745,150,Bermuda Guest WIFI,pole 08
2025-10-22T02:51:08.367092+00:00,26.673278333333332,-81.8075145,2e:70:4e:d0:87:dc,-65,2462,11,Bermuda Guest WIFI,pole 07
2025-10-22T02:51:08.367092+00:00,26.673278333333332,-81.8075145,28:70:4e:d0:87:dc,-66,2462,11,Bermuda,pole 07
2025-10-22T02:51:08.367092+00:00,26.673278333333332,-81.8075145,28:70:4e:d0:88:30,-71,2412,1,Bermuda,pole 08
2025-10-22T02:51:08.367092+00:00,26.673278333333332,-81.8075145,2e:70:4e:d0:88:30,-71,2412,1,Bermuda Guest WIFI,pole 08
2025-10-22T02:51:08.367092+00:00,26.673289333333333,-81.80758283333333,28:70:4e:d0:86:3f,-58,5180,37,Bermuda,pole 09
2025-10-22T02:51:08.367092+00:00,26.673289333333333,-81.80758283333333,2e:70:4e:d0:86:3f,-58,5180,37,Bermuda Guest WIFI,pole 09
2025-10-22T02:51:08.367092+00:00,26.673289333333333,-81.80758283333333,2e:70:4e:d0:88:30,-62,2412,1,Bermuda Guest WIFI,pole 08
2025-10-22T02:51:08.367092+00:00,26.673289333333333,-81.80758283333333,28:70:4e:d0:87:dc,-63,2462,11,Bermuda,pole 07
2025-10-22T02:51:08.367092+00:00,26.673289333333333,-81.80758283333333,28:70:4e:d0:88:30,-64,2412,1,Bermuda,pole 08
2025-10-22T02:51:08.367092+00:00,26.673289333333333,-81.80758283333333,2e:70:4e:d0:87:dc,-64,2462,11,Bermuda Guest WIFI,pole 07
2025-10-22T02:51:08.367092+00:00,26.673289333333333,-81.80758283333333,28:70:4e:d0:88:31,-66,5745,150,Bermuda,pole 08
2025-10-22T02:51:08.367092+00:00,26.673289333333333,-81.80758283333333,2e:70:4e:d0:88:31,-66,5745,150,Bermuda Guest WIFI,pole 08
2025-10-22T02:51:08.367092+00:00,26.673289333333333,-81.80758283333333,28:70:4e:d0:89:0b,-73,2412,1,Bermuda,pole 10
2025-10-22T02:51:08.367092+00:00,26.673289333333333,-81.80758283333333,2e:70:4e:d0:89:0b,-73,2412,1,Bermuda Guest WIFI,pole 10
2025-10-22T02:51:08.367092+00:00,26.673289333333333,-81.80758283333333,2e:70:4e:d0:89:05,-75,2412,1,Bermuda Guest WIFI,pole 06
2025-10-22T02:51:08.367092+00:00,26.673289333333333,-81.80758283333333,28:70:4e:d0:89:05,-76,2412,1,Bermuda,pole 06
2025-10-22T02:51:08.367092+00:00,26.673289333333333,-81.80758283333333,28:70:4e:d0:86:3e,-77,2462,11,Bermuda,pole 09
2025-10-22T02:51:08.367092+00:00,26.673289333333333,-81.80758283333333,2e:70:4e:d0:86:3e,-78,2462,11,Bermuda Guest WIFI,pole 09
2025-10-22T02:51:08.367092+00:00,26.673289333333333,-81.80758283333333,28:70:4e:d0:87:c7,-82,2437,6,Bermuda,pole 05
2025-10-22T02:51:08.367092+00:00,26.673289333333333,-81.80758283333333,2e:70:4e:d0:87:c7,-84,2437,6,Bermuda Guest WIFI,pole 05
2025-10-22T02:51:08.367092+00:00,26.673274,-81.8075725,28:70:4e:d0:86:3f,-60,5180,37,Bermuda,pole 09
2025-10-22T02:51:08.367092+00:00,26.673274,-81.8075725,2e:70:4e:d0:86:3f,-61,5180,37,Bermuda Guest WIFI,pole 09
2025-10-22T02:51:08.367092+00:00,26.673274,-81.8075725,28:70:4e:d0:87:dc,-63,2462,11,Bermuda,pole 07
2025-10-22T02:51:08.367092+00:00,26.673274,-81.8075725,28:70:4e:d0:88:30,-64,2412,1,Bermuda,pole 08
2025-10-22T02:51:08.367092+00:00,26.673274,-81.8075725,2e:70:4e:d0:87:dc,-64,2462,11,Bermuda Guest WIFI,pole 07
2025-10-22T02:51:08.367092+00:00,26.673274,-81.8075725,2e:70:4e:d0:88:30,-65,2412,1,Bermuda Guest WIFI,pole 08
2025-10-22T02:51:08.367092+00:00,26.673274,-81.8075725,28:70:4e:d0:88:31,-66,5745,150,Bermuda,pole 08
2025-10-22T02:51:08.367092+00:00,26.673274,-81.8075725,2e:70:4e:d0:88:31,-66,5745,150,Bermuda Guest WIFI,pole 08
2025-10-22T02:51:08.367092+00:00,26.673274,-81.8075725,28:70:4e:d0:89:0b,-73,2412,1,Bermuda,pole 10
2025-10-22T02:51:08.367092+00:00,26.673274,-81.8075725,2e:70:4e:d0:89:0b,-73,2412,1,Bermuda Guest WIFI,pole 10
2025-10-22T02:51:08.367092+00:00,26.673274,-81.8075725,2e:70:4e:d0:89:05,-75,2412,1,Bermuda Guest WIFI,pole 06
2025-10-22T02:51:08.367092+00:00,26.673274,-81.8075725,28:70:4e:d0:89:05,-76,2412,1,Bermuda,pole 06
2025-10-22T02:51:08.367092+00:00,26.673274,-81.8075725,28:70:4e:d0:86:3e,-77,2462,11,Bermuda,pole 09
2025-10-22T02:51:08.367092+00:00,26.673274,-81.8075725,2e:70:4e:d0:86:3e,-78,2462,11,Bermuda Guest WIFI,pole 09
2025-10-22T02:51:08.367092+00:00,26.673274,-81.8075725,28:70:4e:d0:87:c7,-82,2437,6,Bermuda,pole 05
2025-10-22T02:51:08.367092+00:00,26.673274,-81.8075725,2e:70:4e:d0:87:c7,-84,2437,6,Bermuda Guest WIFI,pole 05
2025-10-22T02:52:13.510438+00:00,26.67327866666667,-81.80758783333333,2e:70:4e:d0:87:dc,-63,2462,11,Bermuda Guest WIFI,pole 07
2025-10-22T02:52:13.510438+00:00,26.67327866666667,-81.80758783333333,28:70:4e:d0:87:dc,-65,2462,11,Bermuda,pole 07
2025-10-22T02:52:13.510438+00:00,26.67327866666667,-81.80758783333333,28:70:4e:d0:86:3f,-67,5180,37,Bermuda,pole 09
2025-10-22T02:52:13.510438+00:00,26.67327866666667,-81.80758783333333,28:70:4e:d0:86:3e,-74,2462,11,Bermuda,pole 09
2025-10-22T02:52:13.510438+00:00,26.67327866666667,-81.80758783333333,2e:70:4e:d0:86:3e,-74,2462,11,Bermuda Guest WIFI,pole 09
2025-10-22T02:52:13.510438+00:00,26.67327866666667,-81.80758783333333,28:70:4e:d0:89:0b,-75,2412,1,Bermuda,pole 10
2025-10-22T02:52:13.510438+00:00,26.67327866666667,-81.80758783333333,28:70:4e:d0:89:05,-76,2412,1,Bermuda,pole 06
2025-10-22T02:52:13.510438+00:00,26.67327866666667,-81.80758783333333,2e:70:4e:d0:89:05,-76,2412,1,Bermuda Guest WIFI,pole 06
2025-10-22T02:52:13.510438+00:00,26.673280333333334,-81.80759116666667,28:70:4e:d0:86:3f,-59,5180,37,Bermuda,pole 09
2025-10-22T02:52:13.510438+00:00,26.673280333333334,-81.80759116666667,2e:70:4e:d0:86:3f,-59,5180,37,Bermuda Guest WIFI,pole 09
2025-10-22T02:52:13.510438+00:00,26.673280333333334,-81.80759116666667,28:70:4e:d0:87:dd,-62,5220,45,Bermuda,pole 07
2025-10-22T02:52:13.510438+00:00,26.673280333333334,-81.80759116666667,2e:70:4e:d0:87:dd,-62,5220,45,Bermuda Guest WIFI,pole 07
2025-10-22T02:52:13.510438+00:00,26.673280333333334,-81.80759116666667,2e:70:4e:d0:87:dc,-63,2462,11,Bermuda Guest WIFI,pole 07
2025-10-22T02:52:13.510438+00:00,26.673280333333334,-81.80759116666667,28:70:4e:d0:87:dc,-65,2462,11,Bermuda,pole 07
2025-10-22T02:52:13.510438+00:00,26.673280333333334,-81.80759116666667,28:70:4e:d0:86:3e,-74,2462,11,Bermuda,pole 09
2025-10-22T02:52:13.510438+00:00,26.673280333333334,-81.80759116666667,2e:70:4e:d0:86:3e,-74,2462,11,Bermuda Guest WIFI,pole 09
2025-10-22T02:52:13.510438+00:00,26.673280333333334,-81.80759116666667,28:70:4e:d0:89:05,-76,2412,1,Bermuda,pole 06
2025-10-22T02:52:13.510438+00:00,26.673280333333334,-81.80759116666667,28:70:4e:d0:89:0b,-76,2412,1,Bermuda,pole 10
2025-10-22T02:52:13.510438+00:00,26.673280333333334,-81.80759116666667,2e:70:4e:d0:89:0b,-77,2412,1,Bermuda Guest WIFI,pole 10
2025-10-22T02:52:13.510438+00:00,26.673280333333334,-81.80759116666667,2e:70:4e:d0:89:05,-80,2412,1,Bermuda Guest WIFI,pole 06
20251022_030819,26.672903,-81.80775183333333,28:70:4e:d0:88:31,-58,5745,150,Bermuda,pole 08
20251022_030819,26.672903,-81.80775183333333,2e:70:4e:d0:88:31,-58,5745,150,Bermuda Guest WIFI,pole 08
20251022_030819,26.672903,-81.80775183333333,2e:70:4e:d0:87:dc,-64,2462,11,Bermuda Guest WIFI,pole 07
20251022_030819,26.672903,-81.80775183333333,28:70:4e:d0:87:dc,-65,2462,11,Bermuda,pole 07
20251022_030819,26.672903,-81.80775183333333,28:70:4e:d0:88:30,-67,2427,4,Bermuda,pole 08
20251022_030819,26.672903,-81.80775183333333,2e:70:4e:d0:88:30,-68,2427,4,Bermuda Guest WIFI,pole 08
20251022_030819,26.672903,-81.80775183333333,28:70:4e:d0:89:20,-74,2412,1,Bermuda,pole 01 S
20251022_030819,26.672903,-81.80775183333333,28:70:4e:d2:8b:2d,-75,2462,11,Bermuda,pole 02 N
20251022_030819,26.672903,-81.80775183333333,2e:70:4e:d2:8b:2d,-75,2462,11,Bermuda Guest WIFI,pole 02 N
20251022_030819,26.672988666666665,-81.80773333333333,2e:70:4e:d0:88:31,-46,5745,150,Bermuda Guest WIFI,pole 08
20251022_030819,26.672988666666665,-81.80773333333333,28:70:4e:d0:88:31,-47,5745,150,Bermuda,pole 08
20251022_030819,26.672988666666665,-81.80773333333333,28:70:4e:d0:88:30,-54,2427,4,Bermuda,pole 08
20251022_030819,26.672988666666665,-81.80773333333333,2e:70:4e:d0:88:30,-54,2427,4,Bermuda Guest WIFI,pole 08
20251022_030819,26.672988666666665,-81.80773333333333,2e:70:4e:d0:87:dc,-64,2462,11,Bermuda Guest WIFI,pole 07
20251022_030819,26.672988666666665,-81.80773333333333,28:70:4e:d0:87:dc,-65,2462,11,Bermuda,pole 07
20251022_030819,26.672988666666665,-81.80773333333333,28:70:4e:d0:86:3e,-67,2462,11,Bermuda,pole 09
20251022_030819,26.672988666666665,-81.80773333333333,2e:70:4e:d0:86:3e,-67,2462,11,Bermuda Guest WIFI,pole 09
20251022_030819,26.672988666666665,-81.80773333333333,28:70:4e:d2:8b:2d,-71,2462,11,Bermuda,pole 02 N
20251022_030819,26.672988666666665,-81.80773333333333,2e:70:4e:d2:8b:2d,-72,2462,11,Bermuda Guest WIFI,pole 02 N
20251022_030819,26.672988666666665,-81.80773333333333,28:70:4e:d0:89:20,-74,2412,1,Bermuda,pole 01 S
20251022_030819,26.672988666666665,-81.80773333333333,62:22:32:16:00:d3,-79,5240,49,Bermuda Guest WIFI,laundry2
20251022_030819,26.672988666666665,-81.80773333333333,60:22:32:16:00:d3,-80,5240,49,Bermuda,laundry2
20251022_030819,26.672988666666665,-81.80773333333333,02:fe:5d:bd:16:be,-88,2452,9,Pvt.WFR_Everest.6190,Unknown
20251022_030819,26.673034833333332,-81.80765233333334,28:70:4e:d0:88:31,-59,5745,150,Bermuda,pole 08
20251022_030819,26.673034833333332,-81.80765233333334,2e:70:4e:d0:88:31,-62,5745,150,Bermuda Guest WIFI,pole 08
20251022_030819,26.673034833333332,-81.80765233333334,2e:70:4e:d0:87:dc,-64,2462,11,Bermuda Guest WIFI,pole 07
20251022_030819,26.673034833333332,-81.80765233333334,28:70:4e:d0:87:dc,-65,2462,11,Bermuda,pole 07
20251022_030819,26.673034833333332,-81.80765233333334,28:70:4e:d0:86:3e,-67,2462,11,Bermuda,pole 09
20251022_030819,26.673034833333332,-81.80765233333334,2e:70:4e:d0:86:3e,-67,2462,11,Bermuda Guest WIFI,pole 09
20251022_030819,26.673034833333332,-81.80765233333334,28:70:4e:d0:88:30,-68,2427,4,Bermuda,pole 08
20251022_030819,26.673034833333332,-81.80765233333334,2e:70:4e:d0:88:30,-68,2427,4,Bermuda Guest WIFI,pole 08
20251022_030819,26.673034833333332,-81.80765233333334,2e:70:4e:d0:86:3f,-72,5180,37,Bermuda Guest WIFI,pole 09
20251022_030819,26.673034833333332,-81.80765233333334,28:70:4e:d0:89:20,-74,2412,1,Bermuda,pole 01 S
20251022_030819,26.673034833333332,-81.80765233333334,28:70:4e:d2:8b:2d,-74,2462,11,Bermuda,pole 02 N
20251022_030819,26.673034833333332,-81.80765233333334,2e:70:4e:d2:8b:2d,-75,2462,11,Bermuda Guest WIFI,pole 02 N
20251022_030819,26.673034833333332,-81.80765233333334,62:22:32:16:00:d3,-79,5240,49,Bermuda Guest WIFI,laundry2
20251022_030819,26.673034833333332,-81.80765233333334,60:22:32:16:00:d3,-80,5240,49,Bermuda,laundry2
20251022_030819,26.673034833333332,-81.80765233333334,02:fe:5d:bd:16:be,-88,2452,9,Pvt.WFR_Everest.6190,Unknown
20251022_030819,26.673058333333334,-81.80758816666666,28:70:4e:d0:88:31,-58,5745,150,Bermuda,pole 08
20251022_030819,26.673058333333334,-81.80758816666666,2e:70:4e:d0:88:31,-58,5745,150,Bermuda Guest WIFI,pole 08
20251022_030819,26.673058333333334,-81.80758816666666,28:70:4e:d0:88:30,-60,2427,4,Bermuda,pole 08
20251022_030819,26.673058333333334,-81.80758816666666,2e:70:4e:d0:88:30,-60,2427,4,Bermuda Guest WIFI,pole 08
20251022_030819,26.673058333333334,-81.80758816666666,2e:70:4e:d0:87:dc,-64,2462,11,Bermuda Guest WIFI,pole 07
20251022_030819,26.673058333333334,-81.80758816666666,28:70:4e:d0:86:3e,-67,2462,11,Bermuda,pole 09
20251022_030819,26.673058333333334,-81.80758816666666,2e:70:4e:d0:86:3e,-67,2462,11,Bermuda Guest WIFI,pole 09
20251022_030819,26.673058333333334,-81.80758816666666,2e:70:4e:d0:86:3f,-72,5180,37,Bermuda Guest WIFI,pole 09
20251022_030819,26.673058333333334,-81.80758816666666,28:70:4e:d2:8b:2d,-74,2462,11,Bermuda,pole 02 N
20251022_030819,26.673058333333334,-81.80758816666666,2e:70:4e:d2:8b:2d,-75,2462,11,Bermuda Guest WIFI,pole 02 N
20251022_030819,26.673058333333334,-81.80758816666666,62:22:32:16:00:d3,-79,5240,49,Bermuda Guest WIFI,laundry2
20251022_030819,26.673058333333334,-81.80758816666666,60:22:32:16:00:d3,-80,5240,49,Bermuda,laundry2
20251022_030819,26.673058333333334,-81.80758816666666,28:70:4e:d0:89:0b,-83,2412,1,Bermuda,pole 10
20251022_030819,26.673058333333334,-81.80758816666666,2e:70:4e:d0:89:0b,-83,2412,1,Bermuda Guest WIFI,pole 10
20251022_030819,26.673058333333334,-81.80758816666666,02:fe:5d:bd:16:be,-88,2452,9,Pvt.WFR_Everest.6190,Unknown
2025-10-22T03:09:25.366884+00:00,26.673087166666665,-81.80755216666667,28:70:4e:d0:88:30,-63,2427,4,Bermuda,pole 08
2025-10-22T03:09:25.366884+00:00,26.673087166666665,-81.80755216666667,2e:70:4e:d0:88:30,-63,2427,4,Bermuda Guest WIFI,pole 08
2025-10-22T03:09:25.366884+00:00,26.673087166666665,-81.80755216666667,28:70:4e:d0:88:31,-65,5745,150,Bermuda,pole 08
2025-10-22T03:09:25.366884+00:00,26.673087166666665,-81.80755216666667,28:70:4e:d0:88:a8,-89,2412,1,Bermuda,pole 04
2025-10-22T03:09:25.366884+00:00,26.6730885,-81.807548,28:70:4e:d0:88:31,-72,5745,150,Bermuda,pole 08
2025-10-22T03:09:25.366884+00:00,26.6730885,-81.807548,2e:70:4e:d0:88:30,-74,2427,4,Bermuda Guest WIFI,pole 08
2025-10-22T03:09:25.366884+00:00,26.6730885,-81.807548,28:70:4e:d0:88:30,-75,2427,4,Bermuda,pole 08
2025-10-22T03:09:25.366884+00:00,26.6730885,-81.807548,28:70:4e:d0:88:f6,-83,2437,6,Bermuda,pole 02 E
2025-10-22T03:09:25.366884+00:00,26.6730885,-81.807548,2e:70:4e:d0:88:a8,-88,2412,1,Bermuda Guest WIFI,pole 04
2025-10-22T03:09:25.366884+00:00,26.6730885,-81.807548,28:70:4e:d2:8b:2d,-88,2462,11,Bermuda,pole 02 N
2025-10-22T03:09:25.366884+00:00,26.6730885,-81.807548,28:70:4e:d0:88:a8,-89,2412,1,Bermuda,pole 04
2025-10-22T03:09:25.366884+00:00,26.6730885,-81.807548,60:22:32:16:00:d3,-89,5240,49,Bermuda,laundry2
2025-10-22T03:09:25.366884+00:00,26.6730885,-81.807548,62:22:32:16:00:d3,-89,5240,49,Bermuda Guest WIFI,laundry2
2025-10-22T03:09:25.366884+00:00,26.673079166666668,-81.807536,28:70:4e:d0:88:30,-70,2427,4,Bermuda,pole 08
2025-10-22T03:09:25.366884+00:00,26.673079166666668,-81.807536,2e:70:4e:d0:88:30,-71,2427,4,Bermuda Guest WIFI,pole 08
2025-10-22T03:09:25.366884+00:00,26.673079166666668,-81.807536,28:70:4e:d0:88:31,-72,5745,150,Bermuda,pole 08
2025-10-22T03:09:25.366884+00:00,26.673079166666668,-81.807536,28:70:4e:d0:88:f6,-83,2437,6,Bermuda,pole 02 E
2025-10-22T03:09:25.366884+00:00,26.673079166666668,-81.807536,2e:70:4e:d0:88:a8,-88,2412,1,Bermuda Guest WIFI,pole 04
2025-10-22T03:09:25.366884+00:00,26.673079166666668,-81.807536,28:70:4e:d2:8b:2d,-88,2462,11,Bermuda,pole 02 N
2025-10-22T03:09:25.366884+00:00,26.673079166666668,-81.807536,28:70:4e:d0:88:a8,-89,2412,1,Bermuda,pole 04
2025-10-22T03:09:25.366884+00:00,26.673079166666668,-81.807536,60:22:32:16:00:d3,-89,5240,49,Bermuda,laundry2
2025-10-22T03:09:25.366884+00:00,26.673079166666668,-81.807536,62:22:32:16:00:d3,-89,5240,49,Bermuda Guest WIFI,laundry2
2025-10-22T03:09:25.366884+00:00,26.673079166666668,-81.807536,28:70:4e:d0:89:20,-91,2412,1,Bermuda,pole 01 S
2025-10-22T03:09:25.366884+00:00,26.6730815,-81.8075025,28:70:4e:d0:88:31,-61,5745,150,Bermuda,pole 08
2025-10-22T03:09:25.366884+00:00,26.6730815,-81.8075025,2e:70:4e:d0:88:31,-61,5745,150,Bermuda Guest WIFI,pole 08
2025-10-22T03:09:25.366884+00:00,26.6730815,-81.8075025,2e:70:4e:d0:88:30,-67,2427,4,Bermuda Guest WIFI,pole 08
2025-10-22T03:09:25.366884+00:00,26.6730815,-81.8075025,28:70:4e:d0:88:30,-68,2427,4,Bermuda,pole 08
2025-10-22T03:09:25.366884+00:00,26.6730815,-81.8075025,28:70:4e:d0:88:f6,-82,2437,6,Bermuda,pole 02 E
2025-10-22T03:09:25.366884+00:00,26.6730815,-81.8075025,2e:70:4e:d0:88:f6,-83,2437,6,Bermuda Guest WIFI,pole 02 E
2025-10-22T03:09:25.366884+00:00,26.6730815,-81.8075025,2e:70:4e:d0:88:a8,-88,2412,1,Bermuda Guest WIFI,pole 04
2025-10-22T03:09:25.366884+00:00,26.6730815,-81.8075025,28:70:4e:d2:8b:2d,-88,2462,11,Bermuda,pole 02 N
2025-10-22T03:09:25.366884+00:00,26.6730815,-81.8075025,28:70:4e:d0:89:06,-88,5805,162,Bermuda,pole 06
2025-10-22T03:09:25.366884+00:00,26.6730815,-81.8075025,2e:70:4e:d0:89:06,-88,5805,162,Bermuda Guest WIFI,pole 06
2025-10-22T03:09:25.366884+00:00,26.6730815,-81.8075025,28:70:4e:d0:88:a8,-89,2412,1,Bermuda,pole 04
2025-10-22T03:09:25.366884+00:00,26.6730815,-81.8075025,62:22:32:16:00:d3,-90,5240,49,Bermuda Guest WIFI,laundry2
2025-10-22T03:09:25.366884+00:00,26.6730815,-81.8075025,60:22:32:16:00:d3,-91,5240,49,Bermuda,laundry2
2025-10-22T03:09:25.366884+00:00,26.6730815,-81.8075025,28:70:4e:d0:89:20,-91,2412,1,Bermuda,pole 01 S
2025-10-22T03:10:30.371538+00:00,26.673127666666666,-81.8075135,28:70:4e:d0:88:31,-66,5745,150,Bermuda,pole 08
2025-10-22T03:10:30.371538+00:00,26.673127666666666,-81.8075135,2e:70:4e:d0:87:dc,-73,2462,11,Bermuda Guest WIFI,pole 07
2025-10-22T03:10:30.371538+00:00,26.673127666666666,-81.8075135,28:70:4e:d0:86:3e,-73,2462,11,Bermuda,pole 09
2025-10-22T03:10:30.371538+00:00,26.673127666666666,-81.8075135,2e:70:4e:d0:86:3e,-73,2462,11,Bermuda Guest WIFI,pole 09
2025-10-22T03:10:30.371538+00:00,26.673127666666666,-81.8075135,2e:70:4e:d0:88:30,-76,2427,4,Bermuda Guest WIFI,pole 08
2025-10-22T03:10:30.371538+00:00,26.673127666666666,-81.8075135,28:70:4e:d0:88:30,-78,2427,4,Bermuda,pole 08
2025-10-22T03:10:30.371538+00:00,26.673127666666666,-81.8075135,28:70:4e:d0:89:0b,-80,2412,1,Bermuda,pole 10
2025-10-22T03:10:30.371538+00:00,26.673127833333332,-81.807494,28:70:4e:d0:88:30,-62,2427,4,Bermuda,pole 08
2025-10-22T03:10:30.371538+00:00,26.673127833333332,-81.807494,2e:70:4e:d0:88:30,-63,2427,4,Bermuda Guest WIFI,pole 08
2025-10-22T03:10:30.371538+00:00,26.673127833333332,-81.807494,28:70:4e:d0:88:31,-66,5745,150,Bermuda,pole 08
2025-10-22T03:10:30.371538+00:00,26.673127833333332,-81.807494,2e:70:4e:d0:87:dc,-73,2462,11,Bermuda Guest WIFI,pole 07
2025-10-22T03:10:30.371538+00:00,26.673127833333332,-81.807494,28:70:4e:d0:86:3e,-73,2462,11,Bermuda,pole 09
2025-10-22T03:10:30.371538+00:00,26.673127833333332,-81.807494,2e:70:4e:d0:86:3e,-73,2462,11,Bermuda Guest WIFI,pole 09
2025-10-22T03:10:30.371538+00:00,26.673127833333332,-81.807494,28:70:4e:d0:89:0b,-80,2412,1,Bermuda,pole 10
2025-10-22T03:10:30.371538+00:00,26.673127833333332,-81.807494,62:22:32:16:00:d3,-87,5240,49,Bermuda Guest WIFI,laundry2
2025-10-22T03:10:30.371538+00:00,26.673127833333332,-81.807494,60:22:32:16:00:d3,-90,5240,49,Bermuda,laundry2
2025-10-22T03:10:30.371538+00:00,26.673143166666666,-81.80749583333333,28:70:4e:d0:88:31,-66,5745,150,Bermuda,pole 08
2025-10-22T03:10:30.371538+00:00,26.673143166666666,-81.80749583333333,2e:70:4e:d0:88:30,-72,2427,4,Bermuda Guest WIFI,pole 08
2025-10-22T03:10:30.371538+00:00,26.673143166666666,-81.80749583333333,28:70:4e:d0:88:30,-73,2427,4,Bermuda,pole 08
2025-10-22T03:10:30.371538+00:00,26.673143166666666,-81.80749583333333,2e:70:4e:d0:87:dc,-73,2462,11,Bermuda Guest WIFI,pole 07
2025-10-22T03:10:30.371538+00:00,26.673143166666666,-81.80749583333333,28:70:4e:d0:86:3e,-73,2462,11,Bermuda,pole 09
2025-10-22T03:10:30.371538+00:00,26.673143166666666,-81.80749583333333,2e:70:4e:d0:86:3e,-73,2462,11,Bermuda Guest WIFI,pole 09
2025-10-22T03:10:30.371538+00:00,26.673143166666666,-81.80749583333333,28:70:4e:d0:89:0b,-79,2412,1,Bermuda,pole 10
2025-10-22T03:10:30.371538+00:00,26.673143166666666,-81.80749583333333,2e:70:4e:d0:89:0b,-79,2412,1,Bermuda Guest WIFI,pole 10
2025-10-22T03:10:30.371538+00:00,26.673143166666666,-81.80749583333333,62:22:32:16:00:d3,-87,5240,49,Bermuda Guest WIFI,laundry2
2025-10-22T03:10:30.371538+00:00,26.673143166666666,-81.80749583333333,60:22:32:16:00:d3,-90,5240,49,Bermuda,laundry2
2025-10-22T03:10:30.371538+00:00,26.673161666666665,-81.80750333333333,28:70:4e:d0:88:31,-65,5745,150,Bermuda,pole 08
2025-10-22T03:10:30.371538+00:00,26.673161666666665,-81.80750333333333,2e:70:4e:d0:88:30,-65,2427,4,Bermuda Guest WIFI,pole 08
2025-10-22T03:10:30.371538+00:00,26.673161666666665,-81.80750333333333,28:70:4e:d0:88:30,-66,2427,4,Bermuda,pole 08
2025-10-22T03:10:30.371538+00:00,26.673161666666665,-81.80750333333333,28:70:4e:d0:89:0b,-79,2412,1,Bermuda,pole 10
2025-10-22T03:10:30.371538+00:00,26.673161666666665,-81.80750333333333,2e:70:4e:d0:89:0b,-79,2412,1,Bermuda Guest WIFI,pole 10
2025-10-22T03:10:30.371538+00:00,26.673161666666665,-81.80750333333333,62:22:32:16:00:d3,-87,5240,49,Bermuda Guest WIFI,laundry2
2025-10-22T03:10:30.371538+00:00,26.673161666666665,-81.80750333333333,60:22:32:16:00:d3,-90,5240,49,Bermuda,laundry2
2025-10-22T03:11:36.360982+00:00,26.673168333333333,-81.80751116666667,28:70:4e:d0:88:30,-65,2427,4,Bermuda,pole 08
2025-10-22T03:11:36.360982+00:00,26.673168333333333,-81.80751116666667,2e:70:4e:d0:88:30,-65,2427,4,Bermuda Guest WIFI,pole 08
2025-10-22T03:11:36.360982+00:00,26.673168333333333,-81.80751116666667,28:70:4e:d0:88:31,-70,5745,150,Bermuda,pole 08
2025-10-22T03:11:36.360982+00:00,26.673168333333333,-81.80751116666667,2e:70:4e:d0:87:dc,-77,2462,11,Bermuda Guest WIFI,pole 07
2025-10-22T03:11:36.360982+00:00,26.673234833333332,-81.807504,28:70:4e:d0:88:30,-59,2427,4,Bermuda,pole 08
2025-10-22T03:11:36.360982+00:00,26.673234833333332,-81.807504,2e:70:4e:d0:88:30,-59,2427,4,Bermuda Guest WIFI,pole 08
2025-10-22T03:11:36.360982+00:00,26.673234833333332,-81.807504,28:70:4e:d0:88:31,-65,5745,150,Bermuda,pole 08
2025-10-22T03:11:36.360982+00:00,26.673234833333332,-81.807504,2e:70:4e:d0:87:dc,-77,2462,11,Bermuda Guest WIFI,pole 07
2025-10-22T03:11:36.360982+00:00,26.673234833333332,-81.807504,28:70:4e:d0:87:c8,-84,5785,158,Bermuda,pole 05
2025-10-22T03:11:36.360982+00:00,26.673234833333332,-81.807504,2e:70:4e:d0:87:c8,-84,5785,158,Bermuda Guest WIFI,pole 05
2025-10-22T03:11:36.360982+00:00,26.673234833333332,-81.807504,60:22:32:16:00:d3,-85,5240,49,Bermuda,laundry2
2025-10-22T03:11:36.360982+00:00,26.673234833333332,-81.807504,62:22:32:16:00:d3,-86,5240,49,Bermuda Guest WIFI,laundry2
2025-10-22T03:11:36.360982+00:00,26.673234833333332,-81.807504,28:70:4e:d0:88:a9,-88,5745,150,Bermuda,pole 04
2025-10-22T03:11:36.360982+00:00,26.673234833333332,-81.807504,2e:70:4e:d0:88:a9,-88,5745,150,Bermuda Guest WIFI,pole 04
2025-10-22T03:11:36.360982+00:00,26.6732505,-81.80750216666667,28:70:4e:d0:88:30,-62,2427,4,Bermuda,pole 08
2025-10-22T03:11:36.360982+00:00,26.6732505,-81.80750216666667,2e:70:4e:d0:88:30,-63,2427,4,Bermuda Guest WIFI,pole 08
2025-10-22T03:11:36.360982+00:00,26.6732505,-81.80750216666667,28:70:4e:d0:88:31,-65,5745,150,Bermuda,pole 08
2025-10-22T03:11:36.360982+00:00,26.6732505,-81.80750216666667,2e:70:4e:d0:87:dc,-77,2462,11,Bermuda Guest WIFI,pole 07
2025-10-22T03:11:36.360982+00:00,26.6732505,-81.80750216666667,28:70:4e:d0:87:c8,-84,5785,158,Bermuda,pole 05
2025-10-22T03:11:36.360982+00:00,26.6732505,-81.80750216666667,2e:70:4e:d0:87:c8,-84,5785,158,Bermuda Guest WIFI,pole 05
2025-10-22T03:11:36.360982+00:00,26.6732505,-81.80750216666667,60:22:32:16:00:d3,-85,5240,49,Bermuda,laundry2
2025-10-22T03:11:36.360982+00:00,26.6732505,-81.80750216666667,62:22:32:16:00:d3,-86,5240,49,Bermuda Guest WIFI,laundry2
2025-10-22T03:11:36.360982+00:00,26.6732505,-81.80750216666667,28:70:4e:d0:88:a9,-88,5745,150,Bermuda,pole 04
2025-10-22T03:11:36.360982+00:00,26.6732505,-81.80750216666667,2e:70:4e:d0:88:a9,-88,5745,150,Bermuda Guest WIFI,pole 04
20251022_031226,26.673258333333333,-81.80751416666666,28:70:4e:d0:88:30,-64,2427,4,Bermuda,pole 08
20251022_031226,26.673258333333333,-81.80751416666666,2e:70:4e:d0:88:30,-64,2427,4,Bermuda Guest WIFI,pole 08
20251022_031226,26.673258333333333,-81.80751416666666,28:70:4e:d2:8b:2d,-66,2462,11,Bermuda,pole 02 N
20251022_031226,26.673258333333333,-81.80751416666666,2e:70:4e:d2:8b:2d,-66,2462,11,Bermuda Guest WIFI,pole 02 N
20251022_031226,26.673258333333333,-81.80751416666666,2e:70:4e:d0:86:3e,-66,2462,11,Bermuda Guest WIFI,pole 09
20251022_031226,26.673258333333333,-81.80751416666666,2e:70:4e:dd:d3:1f,-66,2462,11,Bermuda Guest WIFI,pole 01 NE
20251022_031226,26.673258333333333,-81.80751416666666,28:70:4e:d0:86:3e,-67,2462,11,Bermuda,pole 09
20251022_031226,26.673258333333333,-81.80751416666666,28:70:4e:d0:87:dc,-67,2462,11,Bermuda,pole 07
20251022_031226,26.673258333333333,-81.80751416666666,2e:70:4e:d0:87:dc,-67,2462,11,Bermuda Guest WIFI,pole 07
20251022_031226,26.673258333333333,-81.80751416666666,2e:70:4e:d0:89:05,-81,2412,1,Bermuda Guest WIFI,pole 06
20251022_031226,26.673258333333333,-81.80751416666666,02:17:1a:c5:b9:29,-85,2462,11,Pvt.WFR_Denali.6464,Unknown
20251022_031226,26.673258333333333,-81.80751416666666,02:1e:57:91:f3:66,-89,2437,6,Biggie_Rolls,Unknown
20251022_031226,26.673265166666667,-81.807527,28:70:4e:d0:88:30,-64,2427,4,Bermuda,pole 08
20251022_031226,26.673265166666667,-81.807527,2e:70:4e:d0:88:30,-64,2427,4,Bermuda Guest WIFI,pole 08
20251022_031226,26.673265166666667,-81.807527,28:70:4e:d2:8b:2d,-66,2462,11,Bermuda,pole 02 N
20251022_031226,26.673265166666667,-81.807527,2e:70:4e:d2:8b:2d,-66,2462,11,Bermuda Guest WIFI,pole 02 N
20251022_031226,26.673265166666667,-81.807527,2e:70:4e:dd:d3:1f,-66,2462,11,Bermuda Guest WIFI,pole 01 NE
20251022_031226,26.673265166666667,-81.807527,28:70:4e:d0:87:dc,-67,2462,11,Bermuda,pole 07
20251022_031226,26.673265166666667,-81.807527,2e:70:4e:d0:87:dc,-67,2462,11,Bermuda Guest WIFI,pole 07
20251022_031226,26.673265166666667,-81.807527,28:70:4e:d0:86:3e,-69,2462,11,Bermuda,pole 09
20251022_031226,26.673265166666667,-81.807527,2e:70:4e:d0:86:3e,-69,2462,11,Bermuda Guest WIFI,pole 09
20251022_031226,26.673265166666667,-81.807527,62:22:32:16:00:d3,-85,5240,49,Bermuda Guest WIFI,laundry2
20251022_031226,26.673265166666667,-81.807527,02:17:1a:c5:b9:29,-86,2462,11,Pvt.WFR_Denali.6464,Unknown
20251022_031226,26.673265166666667,-81.807527,60:22:32:16:00:d3,-87,5240,49,Bermuda,laundry2
20251022_031226,26.673265166666667,-81.807527,28:70:4e:dd:d3:1f,-93,2462,11,Bermuda,pole 01 NE
20251022_031226,26.673273166666668,-81.8075485,28:70:4e:d0:88:30,-59,2427,4,Bermuda,pole 08
20251022_031226,26.673273166666668,-81.8075485,2e:70:4e:d0:88:30,-59,2427,4,Bermuda Guest WIFI,pole 08
20251022_031226,26.673273166666668,-81.8075485,28:70:4e:d0:88:31,-62,5745,150,Bermuda,pole 08
20251022_031226,26.673273166666668,-81.8075485,2e:70:4e:d0:88:31,-62,5745,150,Bermuda Guest WIFI,pole 08
20251022_031226,26.673273166666668,-81.8075485,28:70:4e:d0:86:3e,-65,2462,11,Bermuda,pole 09
20251022_031226,26.673273166666668,-81.8075485,2e:70:4e:d0:86:3e,-65,2462,11,Bermuda Guest WIFI,pole 09
20251022_031226,26.673273166666668,-81.8075485,28:70:4e:d0:87:dc,-67,2462,11,Bermuda,pole 07
20251022_031226,26.673273166666668,-81.8075485,2e:70:4e:d0:87:dc,-67,2462,11,Bermuda Guest WIFI,pole 07
20251022_031226,26.673273166666668,-81.8075485,28:70:4e:d0:89:05,-82,2412,1,Bermuda,pole 06
20251022_031226,26.673273166666668,-81.8075485,2e:70:4e:d0:89:05,-83,2412,1,Bermuda Guest WIFI,pole 06
20251022_031226,26.673273166666668,-81.8075485,62:22:32:16:00:d3,-85,5240,49,Bermuda Guest WIFI,laundry2
20251022_031226,26.673273166666668,-81.8075485,02:17:1a:c5:b9:29,-86,2462,11,Pvt.WFR_Denali.6464,Unknown
20251022_031226,26.673273166666668,-81.8075485,60:22:32:16:00:d3,-87,5240,49,Bermuda,laundry2
20251022_031226,26.673273166666668,-81.8075485,62:22:32:16:00:d2,-91,2437,6,Bermuda Guest WIFI,laundry2
20251022_031226,26.673273166666668,-81.8075485,28:70:4e:dd:d3:1f,-93,2462,11,Bermuda,pole 01 NE
20251022_031226,26.673270333333335,-81.80754783333333,28:70:4e:d0:86:3f,-60,5180,37,Bermuda,pole 09
20251022_031226,26.673270333333335,-81.80754783333333,2e:70:4e:d0:86:3f,-60,5180,37,Bermuda Guest WIFI,pole 09
20251022_031226,26.673270333333335,-81.80754783333333,28:70:4e:d0:88:31,-63,5745,150,Bermuda,pole 08
20251022_031226,26.673270333333335,-81.80754783333333,2e:70:4e:d0:88:31,-63,5745,150,Bermuda Guest WIFI,pole 08
20251022_031226,26.673270333333335,-81.80754783333333,28:70:4e:d0:86:3e,-65,2462,11,Bermuda,pole 09
20251022_031226,26.673270333333335,-81.80754783333333,2e:70:4e:d0:86:3e,-65,2462,11,Bermuda Guest WIFI,pole 09
20251022_031226,26.673270333333335,-81.80754783333333,28:70:4e:d0:88:30,-65,2427,4,Bermuda,pole 08
20251022_031226,26.673270333333335,-81.80754783333333,2e:70:4e:d0:88:30,-65,2427,4,Bermuda Guest WIFI,pole 08
20251022_031226,26.673270333333335,-81.80754783333333,28:70:4e:d0:87:dd,-66,5220,45,Bermuda,pole 07
20251022_031226,26.673270333333335,-81.80754783333333,2e:70:4e:d0:87:dd,-66,5220,45,Bermuda Guest WIFI,pole 07
20251022_031226,26.673270333333335,-81.80754783333333,2e:70:4e:d0:87:dc,-73,2462,11,Bermuda Guest WIFI,pole 07
20251022_031226,26.673270333333335,-81.80754783333333,28:70:4e:d0:89:0c,-80,5220,45,Bermuda,pole 10
20251022_031226,26.673270333333335,-81.80754783333333,2e:70:4e:d0:89:0c,-80,5220,45,Bermuda Guest WIFI,pole 10
20251022_031226,26.673270333333335,-81.80754783333333,28:70:4e:d0:89:05,-82,2412,1,Bermuda,pole 06
20251022_031226,26.673270333333335,-81.80754783333333,2e:70:4e:d0:89:05,-83,2412,1,Bermuda Guest WIFI,pole 06
20251022_031226,26.673270333333335,-81.80754783333333,62:22:32:16:00:d3,-85,5240,49,Bermuda Guest WIFI,laundry2
20251022_031226,26.673270333333335,-81.80754783333333,02:17:1a:c5:b9:29,-87,2462,11,Pvt.WFR_Denali.6464,Unknown
20251022_031226,26.673270333333335,-81.80754783333333,60:22:32:16:00:d3,-87,5240,49,Bermuda,laundry2
20251022_031226,26.673270333333335,-81.80754783333333,2e:70:4e:d0:89:20,-87,2412,1,Bermuda Guest WIFI,pole 01 S
20251022_031226,26.673270333333335,-81.80754783333333,28:70:4e:d0:89:20,-88,2412,1,Bermuda,pole 01 S
20251022_031226,26.673270333333335,-81.80754783333333,62:22:32:16:00:d2,-91,2437,6,Bermuda Guest WIFI,laundry2
20251022_031226,26.673270333333335,-81.80754783333333,28:70:4e:dd:d3:1f,-93,2462,11,Bermuda,pole 01 NE
2025-10-22T03:13:38.830039+00:00,26.6732535,-81.80754616666667,28:70:4e:d0:88:30,-59,2427,4,Bermuda,pole 08
2025-10-22T03:13:38.830039+00:00,26.6732535,-81.80754616666667,2e:70:4e:d0:88:30,-60,2427,4,Bermuda Guest WIFI,pole 08
2025-10-22T03:13:38.830039+00:00,26.6732535,-81.80754616666667,28:70:4e:d0:86:3e,-67,2462,11,Bermuda,pole 09
2025-10-22T03:13:38.830039+00:00,26.6732535,-81.80754616666667,2e:70:4e:d0:86:3e,-67,2462,11,Bermuda Guest WIFI,pole 09
2025-10-22T03:13:38.830039+00:00,26.6732535,-81.80754616666667,28:70:4e:d0:88:31,-67,5745,150,Bermuda,pole 08
2025-10-22T03:13:38.830039+00:00,26.6732535,-81.80754616666667,02:17:1a:c5:b9:29,-89,2462,11,Pvt.WFR_Denali.6464,Unknown
2025-10-22T03:13:38.830039+00:00,26.6732535,-81.80754616666667,2e:70:4e:dd:d3:1f,-91,2462,11,Bermuda Guest WIFI,pole 01 NE
2025-10-22T03:13:38.830039+00:00,26.673177333333335,-81.80754866666666,28:70:4e:d0:88:30,-59,2427,4,Bermuda,pole 08
2025-10-22T03:13:38.830039+00:00,26.673177333333335,-81.80754866666666,2e:70:4e:d0:88:30,-60,2427,4,Bermuda Guest WIFI,pole 08
2025-10-22T03:13:38.830039+00:00,26.673177333333335,-81.80754866666666,2e:70:4e:d0:86:3e,-67,2462,11,Bermuda Guest WIFI,pole 09
2025-10-22T03:13:38.830039+00:00,26.673177333333335,-81.80754866666666,28:70:4e:d0:88:31,-67,5745,150,Bermuda,pole 08
2025-10-22T03:13:38.830039+00:00,26.673177333333335,-81.80754866666666,2e:70:4e:d0:87:dc,-69,2462,11,Bermuda Guest WIFI,pole 07
2025-10-22T03:13:38.830039+00:00,26.673177333333335,-81.80754866666666,28:70:4e:d0:87:dc,-70,2462,11,Bermuda,pole 07
2025-10-22T03:13:38.830039+00:00,26.673177333333335,-81.80754866666666,28:70:4e:d0:86:3e,-73,2462,11,Bermuda,pole 09
2025-10-22T03:13:38.830039+00:00,26.673177333333335,-81.80754866666666,28:70:4e:d0:87:dd,-73,5220,45,Bermuda,pole 07
2025-10-22T03:13:38.830039+00:00,26.673177333333335,-81.80754866666666,2e:70:4e:d0:87:dd,-73,5220,45,Bermuda Guest WIFI,pole 07
2025-10-22T03:13:38.830039+00:00,26.673177333333335,-81.80754866666666,28:70:4e:d0:89:20,-83,2412,1,Bermuda,pole 01 S
2025-10-22T03:13:38.830039+00:00,26.673177333333335,-81.80754866666666,02:17:1a:c5:b9:29,-89,2462,11,Pvt.WFR_Denali.6464,Unknown
2025-10-22T03:13:38.830039+00:00,26.673177333333335,-81.80754866666666,2e:70:4e:dd:d3:1f,-91,2462,11,Bermuda Guest WIFI,pole 01 NE
2025-10-22T03:13:38.830039+00:00,26.673169333333334,-81.80757716666666,28:70:4e:d0:88:30,-62,2427,4,Bermuda,pole 08
2025-10-22T03:13:38.830039+00:00,26.673169333333334,-81.80757716666666,28:70:4e:d0:88:31,-63,5745,150,Bermuda,pole 08
2025-10-22T03:13:38.830039+00:00,26.673169333333334,-81.80757716666666,2e:70:4e:d0:88:31,-63,5745,150,Bermuda Guest WIFI,pole 08
2025-10-22T03:13:38.830039+00:00,26.673169333333334,-81.80757716666666,2e:70:4e:d0:88:30,-64,2427,4,Bermuda Guest WIFI,pole 08
2025-10-22T03:13:38.830039+00:00,26.673169333333334,-81.80757716666666,2e:70:4e:d0:86:3e,-67,2462,11,Bermuda Guest WIFI,pole 09
2025-10-22T03:13:38.830039+00:00,26.673169333333334,-81.80757716666666,28:70:4e:d0:87:dd,-67,5220,45,Bermuda,pole 07
2025-10-22T03:13:38.830039+00:00,26.673169333333334,-81.80757716666666,2e:70:4e:d0:87:dd,-67,5220,45,Bermuda Guest WIFI,pole 07
2025-10-22T03:13:38.830039+00:00,26.673169333333334,-81.80757716666666,2e:70:4e:d0:87:dc,-70,2462,11,Bermuda Guest WIFI,pole 07
2025-10-22T03:13:38.830039+00:00,26.673169333333334,-81.80757716666666,28:70:4e:d0:87:dc,-72,2462,11,Bermuda,pole 07
2025-10-22T03:13:38.830039+00:00,26.673169333333334,-81.80757716666666,28:70:4e:d0:86:3e,-73,2462,11,Bermuda,pole 09
2025-10-22T03:13:38.830039+00:00,26.673169333333334,-81.80757716666666,28:70:4e:d0:89:20,-83,2412,1,Bermuda,pole 01 S
2025-10-22T03:13:38.830039+00:00,26.673169333333334,-81.80757716666666,28:70:4e:d0:87:c7,-85,2437,6,Bermuda,pole 05
2025-10-22T03:13:38.830039+00:00,26.673169333333334,-81.80757716666666,02:17:1a:c5:b9:29,-89,2462,11,Pvt.WFR_Denali.6464,Unknown
2025-10-22T03:13:38.830039+00:00,26.673169333333334,-81.80757716666666,2e:70:4e:dd:d3:1f,-91,2462,11,Bermuda Guest WIFI,pole 01 NE
2025-10-22T03:13:38.830039+00:00,26.673174666666668,-81.80759066666667,28:70:4e:d0:88:30,-63,2427,4,Bermuda,pole 08
2025-10-22T03:13:38.830039+00:00,26.673174666666668,-81.80759066666667,2e:70:4e:d0:88:30,-63,2427,4,Bermuda Guest WIFI,pole 08
2025-10-22T03:13:38.830039+00:00,26.673174666666668,-81.80759066666667,28:70:4e:d0:88:31,-63,5745,150,Bermuda,pole 08
2025-10-22T03:13:38.830039+00:00,26.673174666666668,-81.80759066666667,2e:70:4e:d0:88:31,-63,5745,150,Bermuda Guest WIFI,pole 08
2025-10-22T03:13:38.830039+00:00,26.673174666666668,-81.80759066666667,28:70:4e:d0:86:3e,-74,2462,11,Bermuda,pole 09
2025-10-22T03:13:38.830039+00:00,26.673174666666668,-81.80759066666667,28:70:4e:d0:87:dc,-75,2462,11,Bermuda,pole 07
2025-10-22T03:13:38.830039+00:00,26.673174666666668,-81.80759066666667,28:70:4e:d0:89:0b,-82,2412,1,Bermuda,pole 10
2025-10-22T03:13:38.830039+00:00,26.673174666666668,-81.80759066666667,2e:70:4e:d0:89:0b,-82,2412,1,Bermuda Guest WIFI,pole 10
2025-10-22T03:13:38.830039+00:00,26.673174666666668,-81.80759066666667,28:70:4e:d0:89:05,-84,2412,1,Bermuda,pole 06
2025-10-22T03:13:38.830039+00:00,26.673174666666668,-81.80759066666667,2e:70:4e:d0:89:05,-86,2412,1,Bermuda Guest WIFI,pole 06
2025-10-22T03:13:38.830039+00:00,26.673174666666668,-81.80759066666667,2e:70:4e:d0:87:dc,-87,2462,11,Bermuda Guest WIFI,pole 07
2025-10-22T03:13:38.830039+00:00,26.673174666666668,-81.80759066666667,2e:70:4e:d0:89:20,-87,2412,1,Bermuda Guest WIFI,pole 01 S
2025-10-22T03:13:38.830039+00:00,26.673174666666668,-81.80759066666667,28:70:4e:d0:89:20,-88,2412,1,Bermuda,pole 01 S
2025-10-22T03:14:47.472248+00:00,26.673156,-81.80762633333333,28:70:4e:d0:88:30,-61,2427,4,Bermuda,pole 08
2025-10-22T03:14:47.472248+00:00,26.673156,-81.80762633333333,2e:70:4e:d0:88:30,-61,2427,4,Bermuda Guest WIFI,pole 08
2025-10-22T03:14:47.472248+00:00,26.673156,-81.80762633333333,28:70:4e:d0:87:dc,-80,2462,11,Bermuda,pole 07
2025-10-22T03:14:47.472248+00:00,26.673156,-81.80762633333333,2e:70:4e:d0:87:dc,-82,2462,11,Bermuda Guest WIFI,pole 07
2025-10-22T03:14:47.472248+00:00,26.673156,-81.80762633333333,2e:70:4e:d0:86:3e,-84,2462,11,Bermuda Guest WIFI,pole 09
20251022_032809,26.672915166666666,-81.80774933333333,2e:70:4e:d0:88:31,-47,5745,150,Bermuda_5g,pole 08
20251022_032809,26.672915166666666,-81.80774933333333,28:70:4e:d0:88:31,-47,5745,150,Bermuda Guest WIFI 5g,pole 08
20251022_032809,26.672915166666666,-81.80774933333333,60:22:32:16:00:d3,-86,5240,49,Bermuda,laundry2
20251022_032809,26.672915166666666,-81.80774933333333,62:22:32:16:00:d3,-86,5240,49,Bermuda Guest WIFI,laundry2
20251022_032809,26.6729075,-81.807761,2e:70:4e:d0:88:31,-44,5745,150,Bermuda_5g,pole 08
20251022_032809,26.6729075,-81.807761,28:70:4e:d0:88:31,-45,5745,150,Bermuda Guest WIFI 5g,pole 08
20251022_032809,26.6729075,-81.807761,28:70:4e:d0:87:dc,-72,2462,11,Bermuda,pole 07
20251022_032809,26.6729075,-81.807761,2e:70:4e:d0:87:dc,-72,2462,11,Bermuda Guest WIFI,pole 07
20251022_032809,26.6729075,-81.807761,60:22:32:16:00:d3,-85,5240,49,Bermuda,laundry2
20251022_032809,26.6729075,-81.807761,62:22:32:16:00:d3,-85,5240,49,Bermuda Guest WIFI,laundry2
20251022_032809,26.672898166666666,-81.80776616666667,2e:70:4e:d0:88:31,-50,5745,150,Bermuda_5g,pole 08
20251022_032809,26.672898166666666,-81.80776616666667,28:70:4e:d0:88:31,-50,5745,150,Bermuda Guest WIFI 5g,pole 08
20251022_032809,26.672898166666666,-81.80776616666667,28:70:4e:d0:87:dc,-72,2462,11,Bermuda,pole 07
20251022_032809,26.672898166666666,-81.80776616666667,2e:70:4e:d0:87:dc,-72,2462,11,Bermuda Guest WIFI,pole 07
20251022_032809,26.672898166666666,-81.80776616666667,28:70:4e:d0:88:f6,-77,2437,6,Bermuda,pole 02 E
20251022_032809,26.672898166666666,-81.80776616666667,60:22:32:16:00:d3,-85,5240,49,Bermuda,laundry2
20251022_032809,26.672898166666666,-81.80776616666667,62:22:32:16:00:d3,-85,5240,49,Bermuda Guest WIFI,laundry2
20251022_032809,26.672857,-81.80777033333334,2e:70:4e:d0:88:31,-45,5745,150,Bermuda_5g,pole 08
20251022_032809,26.672857,-81.80777033333334,28:70:4e:d0:88:31,-45,5745,150,Bermuda Guest WIFI 5g,pole 08
20251022_032809,26.672857,-81.80777033333334,28:70:4e:d0:87:dc,-72,2462,11,Bermuda,pole 07
20251022_032809,26.672857,-81.80777033333334,2e:70:4e:d0:87:dc,-72,2462,11,Bermuda Guest WIFI,pole 07
20251022_032809,26.672857,-81.80777033333334,28:70:4e:d0:88:f6,-77,2437,6,Bermuda,pole 02 E
20251022_032809,26.672857,-81.80777033333334,60:22:32:16:00:d3,-85,5240,49,Bermuda,laundry2
20251022_032809,26.672857,-81.80777033333334,62:22:32:16:00:d3,-85,5240,49,Bermuda Guest WIFI,laundry2
2025-10-22T03:29:14.302259+00:00,26.67279033333333,-81.80770833333334,2e:70:4e:d0:88:31,-60,5745,150,Bermuda_5g,pole 08
2025-10-22T03:29:14.302259+00:00,26.672790833333334,-81.8076265,2e:70:4e:d0:88:31,-59,5745,150,Bermuda_5g,pole 08
2025-10-22T03:29:14.302259+00:00,26.672790833333334,-81.8076265,28:70:4e:d0:88:31,-59,5745,150,Bermuda Guest WIFI 5g,pole 08
2025-10-22T03:29:14.302259+00:00,26.672790833333334,-81.8076265,28:70:4e:d0:87:dc,-66,2462,11,Bermuda,pole 07
2025-10-22T03:29:14.302259+00:00,26.672790833333334,-81.8076265,2e:70:4e:d0:89:0b,-82,2412,1,Bermuda Guest WIFI,pole 10
2025-10-22T03:29:14.302259+00:00,26.67279,-81.8076005,2e:70:4e:d0:88:31,-59,5745,150,Bermuda_5g,pole 08
2025-10-22T03:29:14.302259+00:00,26.67279,-81.8076005,28:70:4e:d0:88:31,-59,5745,150,Bermuda Guest WIFI 5g,pole 08
2025-10-22T03:29:14.302259+00:00,26.67279,-81.8076005,28:70:4e:d0:87:dc,-67,2462,11,Bermuda,pole 07
2025-10-22T03:29:14.302259+00:00,26.67279,-81.8076005,2e:70:4e:d0:87:dc,-67,2462,11,Bermuda Guest WIFI,pole 07
2025-10-22T03:29:14.302259+00:00,26.67279,-81.8076005,2e:70:4e:d0:88:a8,-78,2412,1,Bermuda Guest WIFI,pole 04
2025-10-22T03:29:14.302259+00:00,26.67279,-81.8076005,2e:70:4e:d0:89:0b,-82,2412,1,Bermuda Guest WIFI,pole 10
2025-10-22T03:29:14.302259+00:00,26.672788666666666,-81.80760283333333,2e:70:4e:d0:88:31,-59,5745,150,Bermuda_5g,pole 08
2025-10-22T03:29:14.302259+00:00,26.672788666666666,-81.80760283333333,28:70:4e:d0:88:31,-59,5745,150,Bermuda Guest WIFI 5g,pole 08
2025-10-22T03:29:14.302259+00:00,26.672788666666666,-81.80760283333333,28:70:4e:d0:87:dc,-67,2462,11,Bermuda,pole 07
2025-10-22T03:29:14.302259+00:00,26.672788666666666,-81.80760283333333,2e:70:4e:d0:87:dc,-67,2462,11,Bermuda Guest WIFI,pole 07
2025-10-22T03:29:14.302259+00:00,26.672788666666666,-81.80760283333333,28:70:4e:d0:87:dd,-70,5220,45,Bermuda,pole 07
2025-10-22T03:29:14.302259+00:00,26.672788666666666,-81.80760283333333,28:70:4e:dd:d3:20,-76,5785,158,Bermuda,pole 01 NE
2025-10-22T03:29:14.302259+00:00,26.672788666666666,-81.80760283333333,2e:70:4e:dd:d3:20,-76,5785,158,Bermuda Guest WIFI,pole 01 NE
2025-10-22T03:29:14.302259+00:00,26.672788666666666,-81.80760283333333,2e:70:4e:d0:88:a8,-78,2412,1,Bermuda Guest WIFI,pole 04
2025-10-22T03:29:14.302259+00:00,26.672788666666666,-81.80760283333333,2e:70:4e:d0:89:0b,-82,2412,1,Bermuda Guest WIFI,pole 10
2025-10-22T03:30:21.344188+00:00,26.672776666666667,-81.80760816666667,2e:70:4e:d0:88:31,-60,5745,150,Bermuda_5g,pole 08
2025-10-22T03:30:21.344188+00:00,26.672776666666667,-81.80760816666667,28:70:4e:d0:88:31,-62,5745,150,Bermuda Guest WIFI 5g,pole 08
2025-10-22T03:30:21.344188+00:00,26.672852,-81.80756483333333,28:70:4e:d0:88:31,-62,5745,150,Bermuda Guest WIFI 5g,pole 08
2025-10-22T03:30:21.344188+00:00,26.672852,-81.80756483333333,2e:70:4e:d0:88:31,-63,5745,150,Bermuda_5g,pole 08
2025-10-22T03:30:21.344188+00:00,26.672852,-81.80756483333333,2e:70:4e:d0:86:3e,-77,2462,11,Bermuda Guest WIFI,pole 09
2025-10-22T03:30:21.344188+00:00,26.672852,-81.80756483333333,28:70:4e:d0:86:3e,-78,2462,11,Bermuda,pole 09
2025-10-22T03:30:21.344188+00:00,26.6728575,-81.80756066666666,28:70:4e:d0:88:31,-62,5745,150,Bermuda Guest WIFI 5g,pole 08
2025-10-22T03:30:21.344188+00:00,26.6728575,-81.80756066666666,28:70:4e:d0:87:dc,-66,2462,11,Bermuda,pole 07
2025-10-22T03:30:21.344188+00:00,26.6728575,-81.80756066666666,2e:70:4e:d0:87:dc,-66,2462,11,Bermuda Guest WIFI,pole 07
2025-10-22T03:30:21.344188+00:00,26.6728575,-81.80756066666666,2e:70:4e:d0:88:31,-69,5745,150,Bermuda_5g,pole 08
2025-10-22T03:30:21.344188+00:00,26.6728575,-81.80756066666666,28:70:4e:d0:88:f6,-74,2437,6,Bermuda,pole 02 E
2025-10-22T03:30:21.344188+00:00,26.6728575,-81.80756066666666,2e:70:4e:d0:86:3e,-77,2462,11,Bermuda Guest WIFI,pole 09
2025-10-22T03:30:21.344188+00:00,26.6728575,-81.80756066666666,28:70:4e:d0:86:3e,-78,2462,11,Bermuda,pole 09
2025-10-22T03:30:21.344188+00:00,26.672856666666668,-81.80755333333333,2e:70:4e:d0:88:31,-62,5745,150,Bermuda_5g,pole 08
2025-10-22T03:30:21.344188+00:00,26.672856666666668,-81.80755333333333,28:70:4e:d0:88:31,-62,5745,150,Bermuda Guest WIFI 5g,pole 08
2025-10-22T03:30:21.344188+00:00,26.672856666666668,-81.80755333333333,28:70:4e:d0:87:dc,-71,2462,11,Bermuda,pole 07
2025-10-22T03:30:21.344188+00:00,26.672856666666668,-81.80755333333333,2e:70:4e:d0:87:dc,-72,2462,11,Bermuda Guest WIFI,pole 07
2025-10-22T03:30:21.344188+00:00,26.672856666666668,-81.80755333333333,28:70:4e:d0:88:f6,-74,2437,6,Bermuda,pole 02 E
2025-10-22T03:30:21.344188+00:00,26.672856666666668,-81.80755333333333,2e:70:4e:d0:86:3e,-77,2462,11,Bermuda Guest WIFI,pole 09
2025-10-22T03:30:21.344188+00:00,26.672856666666668,-81.80755333333333,28:70:4e:d0:86:3e,-78,2462,11,Bermuda,pole 09
2025-10-22T03:31:27.311279+00:00,26.672916,-81.807541,2e:70:4e:d0:88:31,-64,5745,150,Bermuda_5g,pole 08
2025-10-22T03:31:27.311279+00:00,26.672916,-81.807541,28:70:4e:d0:88:31,-64,5745,150,Bermuda Guest WIFI 5g,pole 08
2025-10-22T03:31:27.311279+00:00,26.672916,-81.807541,28:70:4e:d0:87:dc,-68,2462,11,Bermuda,pole 07
2025-10-22T03:31:27.311279+00:00,26.672916,-81.807541,2e:70:4e:d0:87:dc,-69,2462,11,Bermuda Guest WIFI,pole 07
2025-10-22T03:31:27.311279+00:00,26.672916,-81.807541,28:70:4e:d0:86:3e,-71,2462,11,Bermuda,pole 09
2025-10-22T03:31:27.311279+00:00,26.672916,-81.807541,2e:70:4e:d0:86:3e,-72,2462,11,Bermuda Guest WIFI,pole 09
2025-10-22T03:31:27.311279+00:00,26.672964166666667,-81.80750916666666,2e:70:4e:d0:88:31,-58,5745,150,Bermuda_5g,pole 08
2025-10-22T03:31:27.311279+00:00,26.672964166666667,-81.80750916666666,28:70:4e:d0:88:31,-58,5745,150,Bermuda Guest WIFI 5g,pole 08
2025-10-22T03:31:27.311279+00:00,26.672964166666667,-81.80750916666666,28:70:4e:d0:87:dc,-68,2462,11,Bermuda,pole 07
2025-10-22T03:31:27.311279+00:00,26.672964166666667,-81.80750916666666,2e:70:4e:d0:87:dc,-69,2462,11,Bermuda Guest WIFI,pole 07
2025-10-22T03:31:27.311279+00:00,26.672964166666667,-81.80750916666666,28:70:4e:d0:86:3e,-71,2462,11,Bermuda,pole 09
2025-10-22T03:31:27.311279+00:00,26.672964166666667,-81.80750916666666,2e:70:4e:d0:86:3e,-72,2462,11,Bermuda Guest WIFI,pole 09
2025-10-22T03:31:27.311279+00:00,26.672977166666666,-81.8075315,28:70:4e:d0:88:31,-58,5745,150,Bermuda Guest WIFI 5g,pole 08
2025-10-22T03:31:27.311279+00:00,26.672977166666666,-81.8075315,2e:70:4e:d0:88:31,-68,5745,150,Bermuda_5g,pole 08
2025-10-22T03:31:27.311279+00:00,26.672977166666666,-81.8075315,28:70:4e:d0:87:dc,-68,2462,11,Bermuda,pole 07
2025-10-22T03:31:27.311279+00:00,26.672977166666666,-81.8075315,2e:70:4e:d0:87:dc,-69,2462,11,Bermuda Guest WIFI,pole 07
2025-10-22T03:31:27.311279+00:00,26.672977166666666,-81.8075315,28:70:4e:d0:86:3e,-71,2462,11,Bermuda,pole 09
2025-10-22T03:31:27.311279+00:00,26.672977166666666,-81.8075315,2e:70:4e:d0:86:3e,-72,2462,11,Bermuda Guest WIFI,pole 09
2025-10-22T03:31:27.311279+00:00,26.672979166666668,-81.80753566666667,2e:70:4e:d0:88:31,-64,5745,150,Bermuda_5g,pole 08
2025-10-22T03:31:27.311279+00:00,26.672979166666668,-81.80753566666667,28:70:4e:d0:88:31,-64,5745,150,Bermuda Guest WIFI 5g,pole 08
2025-10-22T03:31:27.311279+00:00,26.672979166666668,-81.80753566666667,28:70:4e:d0:86:3e,-76,2462,11,Bermuda,pole 09
2025-10-22T03:31:27.311279+00:00,26.672979166666668,-81.80753566666667,2e:70:4e:d0:86:3e,-76,2462,11,Bermuda Guest WIFI,pole 09
2025-10-22T03:31:27.311279+00:00,26.672979166666668,-81.80753566666667,2e:70:4e:d0:87:dc,-76,2462,11,Bermuda Guest WIFI,pole 07
2025-10-22T03:32:32.482442+00:00,26.673021333333335,-81.807534,2e:70:4e:d0:88:31,-61,5745,150,Bermuda_5g,pole 08
2025-10-22T03:32:32.482442+00:00,26.673021333333335,-81.807534,2e:70:4e:d0:87:dc,-65,2462,11,Bermuda Guest WIFI,pole 07
2025-10-22T03:32:32.482442+00:00,26.673021333333335,-81.807534,28:70:4e:d0:87:dc,-66,2462,11,Bermuda,pole 07
2025-10-22T03:32:32.482442+00:00,26.673021333333335,-81.807534,28:70:4e:d0:88:f6,-76,2437,6,Bermuda,pole 02 E
2025-10-22T03:32:32.482442+00:00,26.673068333333333,-81.80751216666667,2e:70:4e:d0:88:31,-62,5745,150,Bermuda_5g,pole 08
2025-10-22T03:32:32.482442+00:00,26.673068333333333,-81.80751216666667,28:70:4e:d0:88:31,-62,5745,150,Bermuda Guest WIFI 5g,pole 08
2025-10-22T03:32:32.482442+00:00,26.673068333333333,-81.80751216666667,28:70:4e:d0:87:dc,-74,2462,11,Bermuda,pole 07
2025-10-22T03:32:32.482442+00:00,26.673068333333333,-81.80751216666667,2e:70:4e:d0:87:dc,-74,2462,11,Bermuda Guest WIFI,pole 07
2025-10-22T03:32:32.482442+00:00,26.673068333333333,-81.80751216666667,28:70:4e:d0:88:f6,-76,2437,6,Bermuda,pole 02 E
2025-10-22T03:32:32.482442+00:00,26.673068333333333,-81.80751216666667,28:70:4e:d0:88:a8,-82,2412,1,Bermuda,pole 04
2025-10-22T03:32:32.482442+00:00,26.673068,-81.8075145,2e:70:4e:d0:88:31,-61,5745,150,Bermuda_5g,pole 08
2025-10-22T03:32:32.482442+00:00,26.673068,-81.8075145,28:70:4e:d0:88:31,-62,5745,150,Bermuda Guest WIFI 5g,pole 08
2025-10-22T03:32:32.482442+00:00,26.673068,-81.8075145,28:70:4e:d0:87:dc,-70,2462,11,Bermuda,pole 07
2025-10-22T03:32:32.482442+00:00,26.673068,-81.8075145,2e:70:4e:d0:87:dc,-70,2462,11,Bermuda Guest WIFI,pole 07
2025-10-22T03:32:32.482442+00:00,26.673068,-81.8075145,28:70:4e:d0:87:dd,-70,5220,45,Bermuda,pole 07
2025-10-22T03:32:32.482442+00:00,26.673068,-81.8075145,2e:70:4e:d0:87:dd,-70,5220,45,Bermuda Guest WIFI,pole 07
2025-10-22T03:32:32.482442+00:00,26.673068,-81.8075145,28:70:4e:d0:86:3f,-73,5180,37,Bermuda,pole 09
2025-10-22T03:32:32.482442+00:00,26.673068,-81.8075145,2e:70:4e:d0:86:3f,-73,5180,37,Bermuda Guest WIFI,pole 09
2025-10-22T03:32:32.482442+00:00,26.673068,-81.8075145,28:70:4e:d0:88:f6,-76,2437,6,Bermuda,pole 02 E
2025-10-22T03:32:32.482442+00:00,26.673068,-81.8075145,62:22:32:16:00:d3,-76,5240,49,Bermuda Guest WIFI,laundry2
2025-10-22T03:32:32.482442+00:00,26.673068,-81.8075145,28:70:4e:d0:89:0c,-77,5220,45,Bermuda,pole 10
2025-10-22T03:32:32.482442+00:00,26.673068,-81.8075145,2e:70:4e:d0:89:0c,-77,5220,45,Bermuda Guest WIFI,pole 10
2025-10-22T03:32:32.482442+00:00,26.673068,-81.8075145,60:22:32:16:00:d3,-79,5240,49,Bermuda,laundry2
2025-10-22T03:32:32.482442+00:00,26.673068,-81.8075145,28:70:4e:d0:88:a8,-82,2412,1,Bermuda,pole 04
2025-10-22T03:32:32.482442+00:00,26.673065166666667,-81.80751033333334,2e:70:4e:d0:88:31,-55,5745,150,Bermuda_5g,pole 08
2025-10-22T03:32:32.482442+00:00,26.673065166666667,-81.80751033333334,28:70:4e:d0:88:31,-55,5745,150,Bermuda Guest WIFI 5g,pole 08
2025-10-22T03:32:32.482442+00:00,26.673065166666667,-81.80751033333334,28:70:4e:d0:87:dc,-70,2462,11,Bermuda,pole 07
2025-10-22T03:32:32.482442+00:00,26.673065166666667,-81.80751033333334,2e:70:4e:d0:87:dc,-70,2462,11,Bermuda Guest WIFI,pole 07
2025-10-22T03:32:32.482442+00:00,26.673065166666667,-81.80751033333334,2e:70:4e:d0:87:dd,-72,5220,45,Bermuda Guest WIFI,pole 07
2025-10-22T03:32:32.482442+00:00,26.673065166666667,-81.80751033333334,28:70:4e:d0:87:dd,-73,5220,45,Bermuda,pole 07
2025-10-22T03:32:32.482442+00:00,26.673065166666667,-81.80751033333334,28:70:4e:d0:86:3f,-73,5180,37,Bermuda,pole 09
2025-10-22T03:32:32.482442+00:00,26.673065166666667,-81.80751033333334,2e:70:4e:d0:86:3f,-73,5180,37,Bermuda Guest WIFI,pole 09
2025-10-22T03:32:32.482442+00:00,26.673065166666667,-81.80751033333334,62:22:32:16:00:d3,-76,5240,49,Bermuda Guest WIFI,laundry2
2025-10-22T03:32:32.482442+00:00,26.673065166666667,-81.80751033333334,28:70:4e:d0:89:0c,-77,5220,45,Bermuda,pole 10
2025-10-22T03:32:32.482442+00:00,26.673065166666667,-81.80751033333334,2e:70:4e:d0:89:0c,-77,5220,45,Bermuda Guest WIFI,pole 10
2025-10-22T03:32:32.482442+00:00,26.673065166666667,-81.80751033333334,60:22:32:16:00:d3,-79,5240,49,Bermuda,laundry2
2025-10-22T03:32:32.482442+00:00,26.673065166666667,-81.80751033333334,28:70:4e:d0:88:f6,-80,2437,6,Bermuda,pole 02 E
2025-10-22T03:32:32.482442+00:00,26.673065166666667,-81.80751033333334,2e:70:4e:d0:88:f6,-81,2437,6,Bermuda Guest WIFI,pole 02 E
2025-10-22T03:32:32.482442+00:00,26.673065166666667,-81.80751033333334,28:70:4e:d0:88:a8,-82,2412,1,Bermuda,pole 04
2025-10-22T03:33:38.320928+00:00,26.673112833333334,-81.807529,2e:70:4e:d0:88:31,-64,5745,150,Bermuda_5g,pole 08
2025-10-22T03:33:38.320928+00:00,26.673112833333334,-81.807529,28:70:4e:d0:88:31,-64,5745,150,Bermuda Guest WIFI 5g,pole 08
2025-10-22T03:33:38.320928+00:00,26.673112833333334,-81.807529,2e:70:4e:d0:87:dc,-72,2462,11,Bermuda Guest WIFI,pole 07
2025-10-22T03:33:38.320928+00:00,26.673112833333334,-81.807529,28:70:4e:d0:87:dc,-74,2462,11,Bermuda,pole 07
2025-10-22T03:33:38.320928+00:00,26.673112833333334,-81.807529,28:70:4e:d0:88:f6,-76,2437,6,Bermuda,pole 02 E
2025-10-22T03:33:38.320928+00:00,26.673112833333334,-81.807529,2e:70:4e:d0:88:f6,-76,2437,6,Bermuda Guest WIFI,pole 02 E
2025-10-22T03:33:38.320928+00:00,26.6731755,-81.8075285,28:70:4e:d0:88:31,-60,5745,150,Bermuda Guest WIFI 5g,pole 08
2025-10-22T03:33:38.320928+00:00,26.6731755,-81.8075285,2e:70:4e:d0:88:31,-61,5745,150,Bermuda_5g,pole 08
2025-10-22T03:33:38.320928+00:00,26.6731755,-81.8075285,28:70:4e:d0:87:dd,-70,5220,45,Bermuda,pole 07
2025-10-22T03:33:38.320928+00:00,26.6731755,-81.8075285,2e:70:4e:d0:87:dc,-72,2462,11,Bermuda Guest WIFI,pole 07
2025-10-22T03:33:38.320928+00:00,26.6731755,-81.8075285,28:70:4e:d0:87:dc,-74,2462,11,Bermuda,pole 07
2025-10-22T03:33:38.320928+00:00,26.6731755,-81.8075285,28:70:4e:d0:88:f6,-76,2437,6,Bermuda,pole 02 E
2025-10-22T03:33:38.320928+00:00,26.6731755,-81.8075285,2e:70:4e:d0:88:f6,-76,2437,6,Bermuda Guest WIFI,pole 02 E
2025-10-22T03:33:38.320928+00:00,26.6731755,-81.8075285,2e:70:4e:d0:89:05,-83,2412,1,Bermuda Guest WIFI,pole 06
2025-10-22T03:33:38.320928+00:00,26.673180833333333,-81.807523,28:70:4e:d0:88:31,-60,5745,150,Bermuda Guest WIFI 5g,pole 08
2025-10-22T03:33:38.320928+00:00,26.673180833333333,-81.807523,2e:70:4e:d0:88:31,-61,5745,150,Bermuda_5g,pole 08
2025-10-22T03:33:38.320928+00:00,26.673180833333333,-81.807523,28:70:4e:d0:87:dd,-70,5220,45,Bermuda,pole 07
2025-10-22T03:33:38.320928+00:00,26.673180833333333,-81.807523,2e:70:4e:d0:87:dc,-72,2462,11,Bermuda Guest WIFI,pole 07
2025-10-22T03:33:38.320928+00:00,26.673180833333333,-81.807523,28:70:4e:d0:87:dc,-74,2462,11,Bermuda,pole 07
2025-10-22T03:33:38.320928+00:00,26.673180833333333,-81.807523,28:70:4e:d0:88:f6,-76,2437,6,Bermuda,pole 02 E
2025-10-22T03:33:38.320928+00:00,26.673180833333333,-81.807523,2e:70:4e:d0:88:f6,-76,2437,6,Bermuda Guest WIFI,pole 02 E
2025-10-22T03:33:38.320928+00:00,26.673180833333333,-81.807523,2e:70:4e:d0:88:f7,-78,5240,49,Bermuda Guest WIFI,pole 02 E
2025-10-22T03:33:38.320928+00:00,26.673180833333333,-81.807523,02:17:1a:c5:b9:29,-80,2462,11,Pvt.WFR_Denali.6464,Unknown
2025-10-22T03:33:38.320928+00:00,26.673180833333333,-81.807523,2e:70:4e:d0:89:05,-83,2412,1,Bermuda Guest WIFI,pole 06
2025-10-22T03:33:38.320928+00:00,26.673182166666667,-81.80752183333334,2e:70:4e:d0:88:31,-55,5745,150,Bermuda_5g,pole 08
2025-10-22T03:33:38.320928+00:00,26.673182166666667,-81.80752183333334,28:70:4e:d0:88:31,-55,5745,150,Bermuda Guest WIFI 5g,pole 08
2025-10-22T03:33:38.320928+00:00,26.673182166666667,-81.80752183333334,28:70:4e:d0:87:dd,-70,5220,45,Bermuda,pole 07
2025-10-22T03:33:38.320928+00:00,26.673182166666667,-81.80752183333334,2e:70:4e:d0:87:dc,-72,2462,11,Bermuda Guest WIFI,pole 07
2025-10-22T03:33:38.320928+00:00,26.673182166666667,-81.80752183333334,28:70:4e:d0:87:dc,-74,2462,11,Bermuda,pole 07
2025-10-22T03:33:38.320928+00:00,26.673182166666667,-81.80752183333334,2e:70:4e:d0:88:f7,-78,5240,49,Bermuda Guest WIFI,pole 02 E
2025-10-22T03:33:38.320928+00:00,26.673182166666667,-81.80752183333334,02:17:1a:c5:b9:29,-80,2462,11,Pvt.WFR_Denali.6464,Unknown
2025-10-22T03:33:38.320928+00:00,26.673182166666667,-81.80752183333334,28:70:4e:d0:88:f6,-81,2437,6,Bermuda,pole 02 E
2025-10-22T03:33:38.320928+00:00,26.673182166666667,-81.80752183333334,2e:70:4e:d0:88:f6,-81,2437,6,Bermuda Guest WIFI,pole 02 E
2025-10-22T03:33:38.320928+00:00,26.673182166666667,-81.80752183333334,2e:70:4e:d0:89:05,-83,2412,1,Bermuda Guest WIFI,pole 06
2025-10-22T03:34:43.312962+00:00,26.673202333333332,-81.8075015,2e:70:4e:d0:88:31,-56,5745,150,Bermuda_5g,pole 08
2025-10-22T03:34:43.312962+00:00,26.673202333333332,-81.8075015,2e:70:4e:d0:87:dc,-61,2462,11,Bermuda Guest WIFI,pole 07
2025-10-22T03:34:43.312962+00:00,26.673202333333332,-81.8075015,28:70:4e:d0:87:dc,-62,2462,11,Bermuda,pole 07
2025-10-22T03:34:43.312962+00:00,26.673202333333332,-81.8075015,28:70:4e:d0:86:3e,-67,2462,11,Bermuda,pole 09
2025-10-22T03:34:43.312962+00:00,26.673202333333332,-81.8075015,2e:70:4e:d0:86:3e,-67,2462,11,Bermuda Guest WIFI,pole 09
2025-10-22T03:34:43.312962+00:00,26.673202333333332,-81.8075015,28:70:4e:d2:8b:2e,-78,5220,45,Bermuda,pole 02 N
2025-10-22T03:34:43.312962+00:00,26.673202333333332,-81.8075015,28:70:4e:dd:d3:20,-82,5785,158,Bermuda,pole 01 NE
2025-10-22T03:34:43.312962+00:00,26.673202333333332,-81.8075015,2e:70:4e:dd:d3:20,-83,5785,158,Bermuda Guest WIFI,pole 01 NE
2025-10-22T03:34:43.312962+00:00,26.673267,-81.80751583333333,2e:70:4e:d0:88:31,-57,5745,150,Bermuda_5g,pole 08
2025-10-22T03:34:43.312962+00:00,26.673267,-81.80751583333333,28:70:4e:d0:88:31,-57,5745,150,Bermuda Guest WIFI 5g,pole 08
2025-10-22T03:34:43.312962+00:00,26.673267,-81.80751583333333,28:70:4e:d0:87:dc,-68,2462,11,Bermuda,pole 07
2025-10-22T03:34:43.312962+00:00,26.673267,-81.80751583333333,2e:70:4e:d0:87:dc,-68,2462,11,Bermuda Guest WIFI,pole 07
2025-10-22T03:34:43.312962+00:00,26.673267,-81.80751583333333,2e:70:4e:d0:86:3e,-73,2462,11,Bermuda Guest WIFI,pole 09
2025-10-22T03:34:43.312962+00:00,26.673267,-81.80751583333333,28:70:4e:d0:86:3e,-74,2462,11,Bermuda,pole 09
2025-10-22T03:34:43.312962+00:00,26.673267,-81.80751583333333,28:70:4e:d2:8b:2e,-78,5220,45,Bermuda,pole 02 N
2025-10-22T03:34:43.312962+00:00,26.673267,-81.80751583333333,2e:70:4e:d0:88:f6,-78,2437,6,Bermuda Guest WIFI,pole 02 E
2025-10-22T03:34:43.312962+00:00,26.673267,-81.80751583333333,28:70:4e:dd:d3:20,-82,5785,158,Bermuda,pole 01 NE
2025-10-22T03:34:43.312962+00:00,26.673267,-81.80751583333333,2e:70:4e:dd:d3:20,-82,5785,158,Bermuda Guest WIFI,pole 01 NE
2025-10-22T03:34:43.312962+00:00,26.673267,-81.80751583333333,28:70:4e:d0:89:05,-82,2412,1,Bermuda,pole 06
2025-10-22T03:34:43.312962+00:00,26.673263,-81.807522,2e:70:4e:d0:88:31,-57,5745,150,Bermuda_5g,pole 08
2025-10-22T03:34:43.312962+00:00,26.673263,-81.807522,28:70:4e:d0:88:31,-57,5745,150,Bermuda Guest WIFI 5g,pole 08
2025-10-22T03:34:43.312962+00:00,26.673263,-81.807522,28:70:4e:d0:86:3f,-57,5180,37,Bermuda,pole 09
2025-10-22T03:34:43.312962+00:00,26.673263,-81.807522,2e:70:4e:d0:86:3f,-57,5180,37,Bermuda Guest WIFI,pole 09
2025-10-22T03:34:43.312962+00:00,26.673263,-81.807522,2e:70:4e:d0:87:dc,-63,2462,11,Bermuda Guest WIFI,pole 07
2025-10-22T03:34:43.312962+00:00,26.673263,-81.807522,28:70:4e:d0:87:dc,-65,2462,11,Bermuda,pole 07
2025-10-22T03:34:43.312962+00:00,26.673263,-81.807522,2e:70:4e:d0:86:3e,-69,2462,11,Bermuda Guest WIFI,pole 09
2025-10-22T03:34:43.312962+00:00,26.673263,-81.807522,28:70:4e:d0:86:3e,-70,2462,11,Bermuda,pole 09
2025-10-22T03:34:43.312962+00:00,26.673263,-81.807522,02:17:1a:c5:b9:29,-77,2462,11,Pvt.WFR_Denali.6464,Unknown
2025-10-22T03:34:43.312962+00:00,26.673263,-81.807522,28:70:4e:d2:8b:2e,-78,5220,45,Bermuda,pole 02 N
2025-10-22T03:34:43.312962+00:00,26.673263,-81.807522,2e:70:4e:d0:88:f6,-78,2437,6,Bermuda Guest WIFI,pole 02 E
2025-10-22T03:34:43.312962+00:00,26.673263,-81.807522,28:70:4e:dd:d3:20,-82,5785,158,Bermuda,pole 01 NE
2025-10-22T03:34:43.312962+00:00,26.673263,-81.807522,2e:70:4e:dd:d3:20,-82,5785,158,Bermuda Guest WIFI,pole 01 NE
2025-10-22T03:34:43.312962+00:00,26.673263,-81.807522,28:70:4e:d0:89:05,-82,2412,1,Bermuda,pole 06
2025-10-22T03:34:43.312962+00:00,26.673259666666667,-81.80752016666666,2e:70:4e:d0:88:31,-57,5745,150,Bermuda_5g,pole 08
2025-10-22T03:34:43.312962+00:00,26.673259666666667,-81.80752016666666,28:70:4e:d0:88:31,-57,5745,150,Bermuda Guest WIFI 5g,pole 08
2025-10-22T03:34:43.312962+00:00,26.673259666666667,-81.80752016666666,28:70:4e:d0:86:3f,-57,5180,37,Bermuda,pole 09
2025-10-22T03:34:43.312962+00:00,26.673259666666667,-81.80752016666666,2e:70:4e:d0:86:3f,-57,5180,37,Bermuda Guest WIFI,pole 09
2025-10-22T03:34:43.312962+00:00,26.673259666666667,-81.80752016666666,28:70:4e:d0:87:dc,-67,2462,11,Bermuda,pole 07
2025-10-22T03:34:43.312962+00:00,26.673259666666667,-81.80752016666666,2e:70:4e:d0:86:3e,-67,2462,11,Bermuda Guest WIFI,pole 09
2025-10-22T03:34:43.312962+00:00,26.673259666666667,-81.80752016666666,2e:70:4e:d0:87:dc,-68,2462,11,Bermuda Guest WIFI,pole 07
2025-10-22T03:34:43.312962+00:00,26.673259666666667,-81.80752016666666,28:70:4e:d0:86:3e,-68,2462,11,Bermuda,pole 09
2025-10-22T03:34:43.312962+00:00,26.673259666666667,-81.80752016666666,28:70:4e:d0:88:f6,-75,2437,6,Bermuda,pole 02 E
2025-10-22T03:34:43.312962+00:00,26.673259666666667,-81.80752016666666,02:17:1a:c5:b9:29,-77,2462,11,Pvt.WFR_Denali.6464,Unknown
2025-10-22T03:34:43.312962+00:00,26.673259666666667,-81.80752016666666,2e:70:4e:d0:88:f6,-78,2437,6,Bermuda Guest WIFI,pole 02 E
2025-10-22T03:34:43.312962+00:00,26.673259666666667,-81.80752016666666,28:70:4e:dd:d3:20,-82,5785,158,Bermuda,pole 01 NE
2025-10-22T03:34:43.312962+00:00,26.673259666666667,-81.80752016666666,2e:70:4e:dd:d3:20,-82,5785,158,Bermuda Guest WIFI,pole 01 NE
2025-10-22T03:34:43.312962+00:00,26.673259666666667,-81.80752016666666,28:70:4e:d0:89:05,-82,2412,1,Bermuda,pole 06
2025-10-22T03:34:43.312962+00:00,26.673259666666667,-81.80752016666666,28:70:4e:d0:88:a8,-82,2412,1,Bermuda,pole 04
2025-10-22T03:34:43.312962+00:00,26.673259666666667,-81.80752016666666,2e:70:4e:d0:88:a8,-83,2412,1,Bermuda Guest WIFI,pole 04
2025-10-22T03:35:54.515039+00:00,26.673263833333333,-81.80752766666667,28:70:4e:d0:86:3f,-56,5180,37,Bermuda,pole 09
2025-10-22T03:35:54.515039+00:00,26.673263833333333,-81.80752766666667,2e:70:4e:d0:86:3f,-56,5180,37,Bermuda Guest WIFI,pole 09
2025-10-22T03:35:54.515039+00:00,26.673263833333333,-81.80752766666667,28:70:4e:d0:87:dd,-66,5220,45,Bermuda,pole 07
2025-10-22T03:35:54.515039+00:00,26.673263833333333,-81.80752766666667,2e:70:4e:d0:88:31,-68,5745,150,Bermuda_5g,pole 08
2025-10-22T03:35:54.515039+00:00,26.673263833333333,-81.80752766666667,02:17:1a:c5:b9:29,-76,2462,11,Pvt.WFR_Denali.6464,Unknown
2025-10-22T03:35:54.515039+00:00,26.673263833333333,-81.80752766666667,62:22:32:16:00:d3,-78,5240,49,Bermuda Guest WIFI,laundry2
2025-10-22T03:35:54.515039+00:00,26.673263833333333,-81.80752766666667,28:70:4e:d0:88:f7,-78,5240,49,Bermuda,pole 02 E
2025-10-22T03:35:54.515039+00:00,26.673263833333333,-81.80752766666667,2e:70:4e:d0:88:f7,-78,5240,49,Bermuda Guest WIFI,pole 02 E
2025-10-22T03:35:54.515039+00:00,26.673263833333333,-81.80752766666667,60:22:32:16:00:d3,-79,5240,49,Bermuda,laundry2
2025-10-22T03:35:54.515039+00:00,26.673275166666667,-81.8076085,28:70:4e:d0:86:3f,-60,5180,37,Bermuda,pole 09
2025-10-22T03:35:54.515039+00:00,26.673275166666667,-81.8076085,2e:70:4e:d0:86:3f,-60,5180,37,Bermuda Guest WIFI,pole 09
2025-10-22T03:35:54.515039+00:00,26.673275166666667,-81.8076085,2e:70:4e:d0:88:31,-63,5745,150,Bermuda_5g,pole 08
2025-10-22T03:35:54.515039+00:00,26.673275166666667,-81.8076085,28:70:4e:d0:88:31,-63,5745,150,Bermuda Guest WIFI 5g,pole 08
2025-10-22T03:35:54.515039+00:00,26.673275166666667,-81.8076085,28:70:4e:d0:87:dd,-66,5220,45,Bermuda,pole 07
2025-10-22T03:35:54.515039+00:00,26.673275166666667,-81.8076085,28:70:4e:d0:86:3e,-71,2462,11,Bermuda,pole 09
2025-10-22T03:35:54.515039+00:00,26.673275166666667,-81.8076085,2e:70:4e:d0:86:3e,-71,2462,11,Bermuda Guest WIFI,pole 09
2025-10-22T03:35:54.515039+00:00,26.673275166666667,-81.8076085,2e:70:4e:d0:87:dc,-72,2462,11,Bermuda Guest WIFI,pole 07
2025-10-22T03:35:54.515039+00:00,26.673275166666667,-81.8076085,28:70:4e:d0:87:dc,-73,2462,11,Bermuda,pole 07
2025-10-22T03:35:54.515039+00:00,26.673275166666667,-81.8076085,02:17:1a:c5:b9:29,-76,2462,11,Pvt.WFR_Denali.6464,Unknown
2025-10-22T03:35:54.515039+00:00,26.673275166666667,-81.8076085,62:22:32:16:00:d3,-78,5240,49,Bermuda Guest WIFI,laundry2
2025-10-22T03:35:54.515039+00:00,26.673275166666667,-81.8076085,28:70:4e:d0:88:f7,-78,5240,49,Bermuda,pole 02 E
2025-10-22T03:35:54.515039+00:00,26.673275166666667,-81.8076085,2e:70:4e:d0:88:f7,-78,5240,49,Bermuda Guest WIFI,pole 02 E
2025-10-22T03:35:54.515039+00:00,26.673275166666667,-81.8076085,60:22:32:16:00:d3,-79,5240,49,Bermuda,laundry2
2025-10-22T03:35:54.515039+00:00,26.6732895,-81.807699,28:70:4e:d0:87:dd,-55,5220,45,Bermuda,pole 07
2025-10-22T03:35:54.515039+00:00,26.6732895,-81.807699,2e:70:4e:d0:87:dd,-55,5220,45,Bermuda Guest WIFI,pole 07
2025-10-22T03:35:54.515039+00:00,26.6732895,-81.807699,28:70:4e:d0:86:3f,-57,5180,37,Bermuda,pole 09
2025-10-22T03:35:54.515039+00:00,26.6732895,-81.807699,2e:70:4e:d0:86:3f,-57,5180,37,Bermuda Guest WIFI,pole 09
2025-10-22T03:35:54.515039+00:00,26.6732895,-81.807699,2e:70:4e:d0:86:3e,-60,2462,11,Bermuda Guest WIFI,pole 09
2025-10-22T03:35:54.515039+00:00,26.6732895,-81.807699,28:70:4e:d0:86:3e,-61,2462,11,Bermuda,pole 09
2025-10-22T03:35:54.515039+00:00,26.6732895,-81.807699,2e:70:4e:d0:88:31,-63,5745,150,Bermuda_5g,pole 08
2025-10-22T03:35:54.515039+00:00,26.6732895,-81.807699,28:70:4e:d0:88:31,-63,5745,150,Bermuda Guest WIFI 5g,pole 08
2025-10-22T03:35:54.515039+00:00,26.6732895,-81.807699,2e:70:4e:d0:87:dc,-66,2462,11,Bermuda Guest WIFI,pole 07
2025-10-22T03:35:54.515039+00:00,26.6732895,-81.807699,28:70:4e:d0:87:dc,-67,2462,11,Bermuda,pole 07
2025-10-22T03:35:54.515039+00:00,26.6732895,-81.807699,62:22:32:16:00:d3,-78,5240,49,Bermuda Guest WIFI,laundry2
2025-10-22T03:35:54.515039+00:00,26.6732895,-81.807699,28:70:4e:d0:88:f7,-78,5240,49,Bermuda,pole 02 E
2025-10-22T03:35:54.515039+00:00,26.6732895,-81.807699,2e:70:4e:d0:88:f7,-78,5240,49,Bermuda Guest WIFI,pole 02 E
2025-10-22T03:35:54.515039+00:00,26.6732895,-81.807699,60:22:32:16:00:d3,-79,5240,49,Bermuda,laundry2
2025-10-22T03:35:54.515039+00:00,26.6732895,-81.807699,02:17:1a:c5:b9:29,-80,2462,11,Pvt.WFR_Denali.6464,Unknown
2025-10-22T03:35:54.515039+00:00,26.6732925,-81.8077245,28:70:4e:d0:87:dd,-55,5220,45,Bermuda,pole 07
2025-10-22T03:35:54.515039+00:00,26.6732925,-81.8077245,2e:70:4e:d0:87:dd,-55,5220,45,Bermuda Guest WIFI,pole 07
2025-10-22T03:35:54.515039+00:00,26.6732925,-81.8077245,28:70:4e:d0:86:3f,-57,5180,37,Bermuda,pole 09
2025-10-22T03:35:54.515039+00:00,26.6732925,-81.8077245,2e:70:4e:d0:86:3f,-57,5180,37,Bermuda Guest WIFI,pole 09
2025-10-22T03:35:54.515039+00:00,26.6732925,-81.8077245,28:70:4e:d0:88:31,-63,5745,150,Bermuda Guest WIFI 5g,pole 08
2025-10-22T03:35:54.515039+00:00,26.6732925,-81.8077245,2e:70:4e:d0:88:31,-67,5745,150,Bermuda_5g,pole 08
2025-10-22T03:35:54.515039+00:00,26.6732925,-81.8077245,2e:70:4e:d0:89:0b,-68,2412,1,Bermuda Guest WIFI,pole 10
2025-10-22T03:35:54.515039+00:00,26.6732925,-81.8077245,2e:70:4e:d0:88:f7,-69,5240,49,Bermuda Guest WIFI,pole 02 E
2025-10-22T03:35:54.515039+00:00,26.6732925,-81.8077245,28:70:4e:d0:87:dc,-69,2462,11,Bermuda,pole 07
2025-10-22T03:35:54.515039+00:00,26.6732925,-81.8077245,2e:70:4e:d0:87:dc,-69,2462,11,Bermuda Guest WIFI,pole 07
2025-10-22T03:35:54.515039+00:00,26.6732925,-81.8077245,28:70:4e:d0:88:f7,-70,5240,49,Bermuda,pole 02 E
2025-10-22T03:35:54.515039+00:00,26.6732925,-81.8077245,28:70:4e:d0:86:3e,-71,2462,11,Bermuda,pole 09
2025-10-22T03:35:54.515039+00:00,26.6732925,-81.8077245,2e:70:4e:d0:86:3e,-71,2462,11,Bermuda Guest WIFI,pole 09
2025-10-22T03:35:54.515039+00:00,26.6732925,-81.8077245,62:22:32:16:00:d3,-75,5240,49,Bermuda Guest WIFI,laundry2
2025-10-22T03:35:54.515039+00:00,26.6732925,-81.8077245,60:22:32:16:00:d3,-79,5240,49,Bermuda,laundry2
2025-10-22T03:35:54.515039+00:00,26.6732925,-81.8077245,02:17:1a:c5:b9:29,-80,2462,11,Pvt.WFR_Denali.6464,Unknown
20251022_033651,26.673299333333333,-81.80772216666666,28:70:4e:d0:87:dd,-63,5220,45,Bermuda,pole 07
20251022_033651,26.673299333333333,-81.80772216666666,2e:70:4e:d0:87:dd,-63,5220,45,Bermuda Guest WIFI,pole 07
20251022_033651,26.673299333333333,-81.80772216666666,28:70:4e:d0:86:3e,-65,2462,11,Bermuda,pole 09
20251022_033651,26.673299333333333,-81.80772216666666,2e:70:4e:d0:86:3e,-67,2462,11,Bermuda Guest WIFI,pole 09
20251022_033651,26.673299333333333,-81.80772216666666,28:70:4e:d0:88:31,-67,5745,150,Bermuda Guest WIFI 5g,pole 08
20251022_033651,26.673299333333333,-81.80772216666666,2e:70:4e:d0:87:dc,-68,2462,11,Bermuda Guest WIFI,pole 07
20251022_033651,26.673299333333333,-81.80772216666666,2e:70:4e:d0:88:31,-68,5745,150,Bermuda_5g,pole 08
20251022_033651,26.673299333333333,-81.80772216666666,28:70:4e:d0:87:dc,-69,2462,11,Bermuda,pole 07
20251022_033651,26.673299333333333,-81.80772216666666,2e:70:4e:d0:89:20,-69,2412,1,Bermuda Guest WIFI,pole 01 S
20251022_033651,26.673299333333333,-81.80772216666666,28:70:4e:d0:88:f7,-69,5240,49,Bermuda,pole 02 E
20251022_033651,26.673299333333333,-81.80772216666666,2e:70:4e:d0:88:f7,-69,5240,49,Bermuda Guest WIFI,pole 02 E
20251022_033651,26.673299333333333,-81.80772216666666,28:70:4e:d2:8b:2e,-71,5220,45,Bermuda,pole 02 N
20251022_033651,26.673299333333333,-81.80772216666666,28:70:4e:d0:89:20,-71,2412,1,Bermuda,pole 01 S
20251022_033651,26.673299333333333,-81.80772216666666,2e:70:4e:d0:89:0b,-72,2412,1,Bermuda Guest WIFI,pole 10
20251022_033651,26.673299333333333,-81.80772216666666,28:70:4e:d0:89:21,-72,5200,41,Bermuda,pole 01 S
20251022_033651,26.673299333333333,-81.80772216666666,2e:70:4e:d0:89:21,-72,5200,41,Bermuda Guest WIFI,pole 01 S
20251022_033651,26.673299333333333,-81.80772216666666,28:70:4e:d0:86:3f,-73,5180,37,Bermuda,pole 09
20251022_033651,26.673299333333333,-81.80772216666666,2e:70:4e:d0:86:3f,-73,5180,37,Bermuda Guest WIFI,pole 09
20251022_033651,26.673299333333333,-81.80772216666666,28:70:4e:d0:89:0b,-73,2412,1,Bermuda,pole 10
20251022_033651,26.673299333333333,-81.80772216666666,62:22:32:16:00:d3,-74,5240,49,Bermuda Guest WIFI,laundry2
20251022_033651,26.673299333333333,-81.80772216666666,60:22:32:16:00:d3,-74,5240,49,Bermuda,laundry2
20251022_033651,26.673299333333333,-81.80772216666666,28:70:4e:d0:89:0c,-75,5220,45,Bermuda,pole 10
20251022_033651,26.673299333333333,-81.80772216666666,28:70:4e:d0:89:06,-75,5805,162,Bermuda,pole 06
20251022_033651,26.673299333333333,-81.80772216666666,28:70:4e:dd:d3:20,-75,5785,158,Bermuda,pole 01 NE
20251022_033651,26.673299333333333,-81.80772216666666,2e:70:4e:dd:d3:20,-75,5785,158,Bermuda Guest WIFI,pole 01 NE
20251022_033651,26.673299333333333,-81.80772216666666,2e:70:4e:d0:89:06,-75,5805,162,Bermuda Guest WIFI,pole 06
20251022_033651,26.673299333333333,-81.80772216666666,28:70:4e:d2:8b:2d,-76,2462,11,Bermuda,pole 02 N
20251022_033651,26.673299333333333,-81.80772216666666,2e:70:4e:d0:88:f6,-77,2437,6,Bermuda Guest WIFI,pole 02 E
20251022_033651,26.673299333333333,-81.80772216666666,2e:70:4e:d2:8b:2d,-77,2462,11,Bermuda Guest WIFI,pole 02 N
20251022_033651,26.673299333333333,-81.80772216666666,2e:70:4e:d0:89:0c,-77,5220,45,Bermuda Guest WIFI,pole 10
20251022_033651,26.673299333333333,-81.80772216666666,2e:70:4e:d2:8b:2e,-78,5220,45,Bermuda Guest WIFI,pole 02 N
20251022_033651,26.673299333333333,-81.80772216666666,28:70:4e:d0:88:f6,-78,2437,6,Bermuda,pole 02 E
20251022_033651,26.673299333333333,-81.80772216666666,28:70:4e:dd:d3:1f,-78,2462,11,Bermuda,pole 01 NE
20251022_033651,26.673301,-81.80772583333334,28:70:4e:d0:87:dc,-61,2462,11,Bermuda,pole 07
20251022_033651,26.673301,-81.80772583333334,28:70:4e:d0:87:dd,-62,5220,45,Bermuda,pole 07
20251022_033651,26.673301,-81.80772583333334,2e:70:4e:d0:87:dd,-63,5220,45,Bermuda Guest WIFI,pole 07
20251022_033651,26.673301,-81.80772583333334,2e:70:4e:d0:86:3e,-65,2462,11,Bermuda Guest WIFI,pole 09
20251022_033651,26.673301,-81.80772583333334,2e:70:4e:d0:87:dc,-66,2462,11,Bermuda Guest WIFI,pole 07
20251022_033651,26.673301,-81.80772583333334,28:70:4e:d0:86:3e,-66,2462,11,Bermuda,pole 09
20251022_033651,26.673301,-81.80772583333334,62:22:32:16:00:d3,-69,5240,49,Bermuda Guest WIFI,laundry2
20251022_033651,26.673301,-81.80772583333334,28:70:4e:d0:88:f7,-69,5240,49,Bermuda,pole 02 E
20251022_033651,26.673301,-81.80772583333334,2e:70:4e:d0:88:f7,-69,5240,49,Bermuda Guest WIFI,pole 02 E
20251022_033651,26.673301,-81.80772583333334,60:22:32:16:00:d3,-70,5240,49,Bermuda,laundry2
20251022_033651,26.673301,-81.80772583333334,28:70:4e:d0:88:31,-71,5745,150,Bermuda Guest WIFI 5g,pole 08
20251022_033651,26.673301,-81.80772583333334,2e:70:4e:d0:88:31,-71,5745,150,Bermuda_5g,pole 08
20251022_033651,26.673301,-81.80772583333334,28:70:4e:d0:89:21,-72,5200,41,Bermuda,pole 01 S
20251022_033651,26.673301,-81.80772583333334,2e:70:4e:d0:89:21,-72,5200,41,Bermuda Guest WIFI,pole 01 S
20251022_033651,26.673301,-81.80772583333334,28:70:4e:d0:86:3f,-73,5180,37,Bermuda,pole 09
20251022_033651,26.673301,-81.80772583333334,2e:70:4e:d0:86:3f,-73,5180,37,Bermuda Guest WIFI,pole 09
20251022_033651,26.673301,-81.80772583333334,2e:70:4e:d0:89:0b,-75,2412,1,Bermuda Guest WIFI,pole 10
20251022_033651,26.673301,-81.80772583333334,28:70:4e:d0:89:0c,-75,5220,45,Bermuda,pole 10
20251022_033651,26.673301,-81.80772583333334,28:70:4e:dd:d3:20,-75,5785,158,Bermuda,pole 01 NE
20251022_033651,26.673301,-81.80772583333334,2e:70:4e:dd:d3:20,-75,5785,158,Bermuda Guest WIFI,pole 01 NE
20251022_033651,26.673301,-81.80772583333334,2e:70:4e:d0:88:f6,-76,2437,6,Bermuda Guest WIFI,pole 02 E
20251022_033651,26.673301,-81.80772583333334,28:70:4e:d2:8b:2d,-76,2462,11,Bermuda,pole 02 N
20251022_033651,26.673301,-81.80772583333334,2e:70:4e:d2:8b:2d,-77,2462,11,Bermuda Guest WIFI,pole 02 N
20251022_033651,26.673301,-81.80772583333334,2e:70:4e:d0:89:0c,-77,5220,45,Bermuda Guest WIFI,pole 10
20251022_033651,26.673301,-81.80772583333334,2e:70:4e:d2:8b:2e,-78,5220,45,Bermuda Guest WIFI,pole 02 N
20251022_033651,26.673301,-81.80772583333334,28:70:4e:d0:88:f6,-78,2437,6,Bermuda,pole 02 E
20251022_033651,26.673301,-81.80772583333334,28:70:4e:dd:d3:1f,-78,2462,11,Bermuda,pole 01 NE
20251022_033651,26.673301,-81.80772583333334,2e:70:4e:d0:89:06,-82,5805,162,Bermuda Guest WIFI,pole 06
20251022_033651,26.673301,-81.80772583333334,28:70:4e:d0:89:06,-83,5805,162,Bermuda,pole 06
20251022_033936,26.672981166666666,-81.8077525,2e:70:4e:d0:88:31,-46,5745,150,Bermuda_5g,pole 08
20251022_033936,26.672981166666666,-81.8077525,28:70:4e:d0:88:31,-52,5745,150,Bermuda Guest WIFI 5g,pole 08
20251022_033936,26.672981166666666,-81.8077525,28:70:4e:d0:87:dc,-63,2462,11,Bermuda,pole 07
20251022_033936,26.672981166666666,-81.8077525,2e:70:4e:d0:87:dc,-65,2462,11,Bermuda Guest WIFI,pole 07
20251022_033936,26.672981166666666,-81.8077525,2e:70:4e:d0:86:3e,-71,2462,11,Bermuda Guest WIFI,pole 09
20251022_033936,26.672981166666666,-81.8077525,28:70:4e:d0:86:3e,-72,2462,11,Bermuda,pole 09
20251022_033936,26.672981166666666,-81.8077525,2e:70:4e:d0:89:0b,-72,2412,1,Bermuda Guest WIFI,pole 10
20251022_033936,26.672981166666666,-81.8077525,28:70:4e:d0:88:f7,-72,5240,49,Bermuda,pole 02 E
20251022_033936,26.672981166666666,-81.8077525,28:70:4e:d0:86:3f,-72,5180,37,Bermuda,pole 09
20251022_033936,26.672981166666666,-81.8077525,2e:70:4e:d0:86:3f,-72,5180,37,Bermuda Guest WIFI,pole 09
20251022_033936,26.672981166666666,-81.8077525,28:70:4e:d0:89:0b,-73,2412,1,Bermuda,pole 10
20251022_033936,26.672981166666666,-81.8077525,2e:70:4e:d0:89:20,-73,2412,1,Bermuda Guest WIFI,pole 01 S
20251022_033936,26.672981166666666,-81.8077525,2e:70:4e:d0:88:f7,-73,5240,49,Bermuda Guest WIFI,pole 02 E
20251022_033936,26.672981166666666,-81.8077525,28:70:4e:d0:87:dd,-74,5220,45,Bermuda,pole 07
20251022_033936,26.672981166666666,-81.8077525,2e:70:4e:d0:87:dd,-74,5220,45,Bermuda Guest WIFI,pole 07
20251022_033936,26.672981166666666,-81.8077525,28:70:4e:d0:89:20,-74,2412,1,Bermuda,pole 01 S
20251022_033936,26.672981166666666,-81.8077525,2e:70:4e:d0:88:f6,-78,2437,6,Bermuda Guest WIFI,pole 02 E
20251022_033936,26.672981166666666,-81.8077525,28:70:4e:d0:88:f6,-79,2437,6,Bermuda,pole 02 E
20251022_033936,26.672981166666666,-81.8077525,2e:70:4e:d0:89:05,-79,2412,1,Bermuda Guest WIFI,pole 06
20251022_033936,26.672981166666666,-81.8077525,28:70:4e:dd:d3:1f,-79,2462,11,Bermuda,pole 01 NE
20251022_033936,26.672981166666666,-81.8077525,2e:70:4e:dd:d3:1f,-80,2462,11,Bermuda Guest WIFI,pole 01 NE
20251022_033936,26.673056833333334,-81.80772616666667,28:70:4e:d0:88:31,-61,5745,150,Bermuda Guest WIFI 5g,pole 08
20251022_033936,26.673056833333334,-81.80772616666667,2e:70:4e:d0:88:31,-61,5745,150,Bermuda_5g,pole 08
20251022_033936,26.673056833333334,-81.80772616666667,2e:70:4e:d0:86:3f,-61,5180,37,Bermuda Guest WIFI,pole 09
20251022_033936,26.673056833333334,-81.80772616666667,28:70:4e:d0:86:3f,-62,5180,37,Bermuda,pole 09
20251022_033936,26.673056833333334,-81.80772616666667,28:70:4e:d0:88:f6,-63,2437,6,Bermuda,pole 02 E
20251022_033936,26.673056833333334,-81.80772616666667,2e:70:4e:d0:88:f6,-63,2437,6,Bermuda Guest WIFI,pole 02 E
20251022_033936,26.673056833333334,-81.80772616666667,28:70:4e:d2:8b:2d,-64,2462,11,Bermuda,pole 02 N
20251022_033936,26.673056833333334,-81.80772616666667,2e:70:4e:d2:8b:2d,-64,2462,11,Bermuda Guest WIFI,pole 02 N
20251022_033936,26.673056833333334,-81.80772616666667,28:70:4e:d0:87:dd,-66,5220,45,Bermuda,pole 07
20251022_033936,26.673056833333334,-81.80772616666667,2e:70:4e:d0:86:3e,-71,2462,11,Bermuda Guest WIFI,pole 09
20251022_033936,26.673056833333334,-81.80772616666667,28:70:4e:d0:86:3e,-72,2462,11,Bermuda,pole 09
20251022_033936,26.673056833333334,-81.80772616666667,28:70:4e:d0:88:f7,-72,5240,49,Bermuda,pole 02 E
20251022_033936,26.673056833333334,-81.80772616666667,2e:70:4e:d0:88:f7,-72,5240,49,Bermuda Guest WIFI,pole 02 E
20251022_033936,26.673056833333334,-81.80772616666667,2e:70:4e:d0:89:20,-73,2412,1,Bermuda Guest WIFI,pole 01 S
20251022_033936,26.673056833333334,-81.80772616666667,2e:70:4e:d0:87:dd,-74,5220,45,Bermuda Guest WIFI,pole 07
20251022_033936,26.673056833333334,-81.80772616666667,28:70:4e:d0:89:20,-74,2412,1,Bermuda,pole 01 S
20251022_033936,26.673056833333334,-81.80772616666667,60:22:32:16:00:d3,-76,5240,49,Bermuda,laundry2
20251022_033936,26.673056833333334,-81.80772616666667,62:22:32:16:00:d3,-77,5240,49,Bermuda Guest WIFI,laundry2
20251022_033936,26.673139,-81.80772066666667,2e:70:4e:d0:88:31,-58,5745,150,Bermuda_5g,pole 08
20251022_033936,26.673139,-81.80772066666667,28:70:4e:d0:88:31,-61,5745,150,Bermuda Guest WIFI 5g,pole 08
20251022_033936,26.673139,-81.80772066666667,2e:70:4e:d0:86:3f,-61,5180,37,Bermuda Guest WIFI,pole 09
20251022_033936,26.673139,-81.80772066666667,28:70:4e:d0:86:3f,-62,5180,37,Bermuda,pole 09
20251022_033936,26.673139,-81.80772066666667,28:70:4e:d0:88:f6,-63,2437,6,Bermuda,pole 02 E
20251022_033936,26.673139,-81.80772066666667,2e:70:4e:d0:88:f6,-63,2437,6,Bermuda Guest WIFI,pole 02 E
20251022_033936,26.673139,-81.80772066666667,28:70:4e:d2:8b:2d,-64,2462,11,Bermuda,pole 02 N
20251022_033936,26.673139,-81.80772066666667,2e:70:4e:d2:8b:2d,-64,2462,11,Bermuda Guest WIFI,pole 02 N
20251022_033936,26.673139,-81.80772066666667,28:70:4e:d0:87:dd,-66,5220,45,Bermuda,pole 07
20251022_033936,26.673139,-81.80772066666667,28:70:4e:d0:86:3e,-71,2462,11,Bermuda,pole 09
20251022_033936,26.673139,-81.80772066666667,2e:70:4e:d0:86:3e,-71,2462,11,Bermuda Guest WIFI,pole 09
20251022_033936,26.673139,-81.80772066666667,28:70:4e:d0:88:f7,-72,5240,49,Bermuda,pole 02 E
20251022_033936,26.673139,-81.80772066666667,2e:70:4e:d0:88:f7,-72,5240,49,Bermuda Guest WIFI,pole 02 E
20251022_033936,26.673139,-81.80772066666667,2e:70:4e:d0:89:20,-75,2412,1,Bermuda Guest WIFI,pole 01 S
20251022_033936,26.673139,-81.80772066666667,28:70:4e:d0:89:20,-75,2412,1,Bermuda,pole 01 S
20251022_033936,26.673139,-81.80772066666667,60:22:32:16:00:d3,-76,5240,49,Bermuda,laundry2
20251022_033936,26.673139,-81.80772066666667,62:22:32:16:00:d3,-77,5240,49,Bermuda Guest WIFI,laundry2
20251022_033936,26.673210666666666,-81.80772516666667,2e:70:4e:d0:88:31,-58,5745,150,Bermuda_5g,pole 08
20251022_033936,26.673210666666666,-81.80772516666667,28:70:4e:d0:88:31,-61,5745,150,Bermuda Guest WIFI 5g,pole 08
20251022_033936,26.673210666666666,-81.80772516666667,28:70:4e:d0:86:3f,-61,5180,37,Bermuda,pole 09
20251022_033936,26.673210666666666,-81.80772516666667,2e:70:4e:d0:86:3f,-61,5180,37,Bermuda Guest WIFI,pole 09
20251022_033936,26.673210666666666,-81.80772516666667,28:70:4e:d0:88:f6,-63,2437,6,Bermuda,pole 02 E
20251022_033936,26.673210666666666,-81.80772516666667,28:70:4e:d0:87:dd,-64,5220,45,Bermuda,pole 07
20251022_033936,26.673210666666666,-81.80772516666667,28:70:4e:d2:8b:2d,-64,2462,11,Bermuda,pole 02 N
20251022_033936,26.673210666666666,-81.80772516666667,2e:70:4e:d2:8b:2d,-64,2462,11,Bermuda Guest WIFI,pole 02 N
20251022_033936,26.673210666666666,-81.80772516666667,2e:70:4e:d0:87:dc,-69,2462,11,Bermuda Guest WIFI,pole 07
20251022_033936,26.673210666666666,-81.80772516666667,28:70:4e:d0:87:dc,-70,2462,11,Bermuda,pole 07
20251022_033936,26.673210666666666,-81.80772516666667,28:70:4e:d0:86:3e,-71,2462,11,Bermuda,pole 09
20251022_033936,26.673210666666666,-81.80772516666667,2e:70:4e:d0:86:3e,-71,2462,11,Bermuda Guest WIFI,pole 09
20251022_033936,26.673210666666666,-81.80772516666667,2e:70:4e:d0:88:f7,-72,5240,49,Bermuda Guest WIFI,pole 02 E
20251022_033936,26.673210666666666,-81.80772516666667,2e:70:4e:d0:88:f6,-74,2437,6,Bermuda Guest WIFI,pole 02 E
20251022_033936,26.673210666666666,-81.80772516666667,2e:70:4e:d0:89:20,-75,2412,1,Bermuda Guest WIFI,pole 01 S
20251022_033936,26.673210666666666,-81.80772516666667,28:70:4e:d0:89:20,-75,2412,1,Bermuda,pole 01 S
20251022_033936,26.673210666666666,-81.80772516666667,60:22:32:16:00:d3,-75,5240,49,Bermuda,laundry2
20251022_033936,26.673210666666666,-81.80772516666667,62:22:32:16:00:d3,-76,5240,49,Bermuda Guest WIFI,laundry2
20251022_033936,26.673210666666666,-81.80772516666667,28:70:4e:d0:88:f7,-78,5240,49,Bermuda,pole 02 E
20251022_035652,26.673029666666668,-81.8078935,2e:70:4e:d0:88:31,-49,5745,150,Bermuda,pole 08
20251022_035652,26.673029666666668,-81.8078935,28:70:4e:d0:88:31,-49,5745,150,Bermuda Guest WIFI,pole 08
20251022_035652,26.672951,-81.80781716666667,2e:70:4e:d0:88:31,-52,5745,150,Bermuda,pole 08
20251022_035652,26.672951,-81.80781716666667,28:70:4e:d0:88:31,-53,5745,150,Bermuda Guest WIFI,pole 08
20251022_035652,26.672951,-81.80781716666667,60:22:32:16:00:d3,-81,5240,49,Bermuda Guest WIFI,laundry2
20251022_035652,26.672951,-81.80781716666667,62:22:32:16:00:d3,-82,5240,49,Bermuda,laundry2
20251022_035652,26.672910333333334,-81.80778783333334,2e:70:4e:d0:88:31,-49,5745,150,Bermuda,pole 08
20251022_035652,26.672910333333334,-81.80778783333334,28:70:4e:d0:88:31,-49,5745,150,Bermuda Guest WIFI,pole 08
20251022_035652,26.672910333333334,-81.80778783333334,60:22:32:16:00:d3,-81,5240,49,Bermuda Guest WIFI,laundry2
20251022_035652,26.672910333333334,-81.80778783333334,62:22:32:16:00:d3,-82,5240,49,Bermuda,laundry2
20251022_035652,26.67287766666667,-81.8077515,2e:70:4e:d0:88:31,-58,5745,150,Bermuda,pole 08
20251022_035652,26.67287766666667,-81.8077515,28:70:4e:d0:88:31,-58,5745,150,Bermuda Guest WIFI,pole 08
20251022_035652,26.67287766666667,-81.8077515,60:22:32:16:00:d3,-81,5240,49,Bermuda Guest WIFI,laundry2
20251022_035652,26.67287766666667,-81.8077515,62:22:32:16:00:d3,-82,5240,49,Bermuda,laundry2
2025-10-22T03:57:57.339922+00:00,26.672912166666666,-81.80778933333333,2e:70:4e:d0:88:31,-54,5745,150,Bermuda,pole 08
2025-10-22T03:57:57.339922+00:00,26.672912166666666,-81.80778933333333,2e:70:4e:d0:86:3e,-68,2462,11,Bermuda Guest WIFI,pole 09
2025-10-22T03:57:57.339922+00:00,26.672912166666666,-81.80778933333333,28:70:4e:d0:86:3e,-69,2462,11,Bermuda,pole 09
2025-10-22T03:57:57.339922+00:00,26.672912166666666,-81.80778933333333,28:70:4e:d0:86:3f,-73,5180,37,Bermuda,pole 09
2025-10-22T03:57:57.339922+00:00,26.6728675,-81.80780466666667,28:70:4e:d0:88:31,-54,5745,150,Bermuda Guest WIFI,pole 08
2025-10-22T03:57:57.339922+00:00,26.6728675,-81.80780466666667,2e:70:4e:d0:88:31,-55,5745,150,Bermuda,pole 08
2025-10-22T03:57:57.339922+00:00,26.6728675,-81.80780466666667,2e:70:4e:d0:86:3e,-70,2462,11,Bermuda Guest WIFI,pole 09
2025-10-22T03:57:57.339922+00:00,26.6728675,-81.80780466666667,28:70:4e:d0:86:3e,-70,2462,11,Bermuda,pole 09
2025-10-22T03:57:57.339922+00:00,26.6728675,-81.80780466666667,28:70:4e:d0:86:3f,-73,5180,37,Bermuda,pole 09
2025-10-22T03:57:57.339922+00:00,26.6728675,-81.80780466666667,28:70:4e:d0:87:c8,-82,5785,158,Bermuda Guest WIFI,pole 05
2025-10-22T03:57:57.339922+00:00,26.6728675,-81.80780466666667,2e:70:4e:d0:87:c8,-83,5785,158,Bermuda,pole 05
2025-10-22T03:57:57.339922+00:00,26.672813,-81.80779716666666,2e:70:4e:d0:88:31,-52,5745,150,Bermuda,pole 08
2025-10-22T03:57:57.339922+00:00,26.672813,-81.80779716666666,28:70:4e:d0:88:31,-52,5745,150,Bermuda Guest WIFI,pole 08
2025-10-22T03:57:57.339922+00:00,26.672813,-81.80779716666666,28:70:4e:d0:86:3f,-69,5180,37,Bermuda,pole 09
2025-10-22T03:57:57.339922+00:00,26.672813,-81.80779716666666,2e:70:4e:d0:86:3e,-70,2462,11,Bermuda Guest WIFI,pole 09
2025-10-22T03:57:57.339922+00:00,26.672813,-81.80779716666666,28:70:4e:d0:86:3e,-70,2462,11,Bermuda,pole 09
2025-10-22T03:57:57.339922+00:00,26.672813,-81.80779716666666,2e:70:4e:d0:86:3f,-70,5180,37,Bermuda Guest WIFI,pole 09
2025-10-22T03:57:57.339922+00:00,26.672813,-81.80779716666666,28:70:4e:d0:87:c8,-82,5785,158,Bermuda Guest WIFI,pole 05
2025-10-22T03:57:57.339922+00:00,26.672813,-81.80779716666666,2e:70:4e:d0:87:c8,-83,5785,158,Bermuda,pole 05
2025-10-22T03:57:57.339922+00:00,26.672803333333334,-81.80778233333334,2e:70:4e:d0:88:31,-59,5745,150,Bermuda,pole 08
2025-10-22T03:57:57.339922+00:00,26.672803333333334,-81.80778233333334,28:70:4e:d0:88:31,-59,5745,150,Bermuda Guest WIFI,pole 08
2025-10-22T03:57:57.339922+00:00,26.672803333333334,-81.80778233333334,2e:70:4e:d0:86:3e,-70,2462,11,Bermuda Guest WIFI,pole 09
2025-10-22T03:57:57.339922+00:00,26.672803333333334,-81.80778233333334,28:70:4e:d0:86:3e,-70,2462,11,Bermuda,pole 09
2025-10-22T03:57:57.339922+00:00,26.672803333333334,-81.80778233333334,28:70:4e:d0:86:3f,-78,5180,37,Bermuda,pole 09
2025-10-22T03:57:57.339922+00:00,26.672803333333334,-81.80778233333334,2e:70:4e:d0:86:3f,-78,5180,37,Bermuda Guest WIFI,pole 09
2025-10-22T03:57:57.339922+00:00,26.672803333333334,-81.80778233333334,28:70:4e:d0:87:c8,-82,5785,158,Bermuda Guest WIFI,pole 05
2025-10-22T03:57:57.339922+00:00,26.672803333333334,-81.80778233333334,2e:70:4e:d0:87:c8,-83,5785,158,Bermuda,pole 05
2025-10-22T03:59:08.344636+00:00,26.67278,-81.8077195,2e:70:4e:d0:88:31,-65,5745,150,Bermuda,pole 08
2025-10-22T03:59:08.344636+00:00,26.67278,-81.8077195,28:70:4e:d0:88:31,-65,5745,150,Bermuda Guest WIFI,pole 08
2025-10-22T03:59:08.344636+00:00,26.67278,-81.8077195,28:70:4e:d0:86:3f,-69,5180,37,Bermuda,pole 09
2025-10-22T03:59:08.344636+00:00,26.67278,-81.8077195,2e:70:4e:d0:86:3f,-70,5180,37,Bermuda Guest WIFI,pole 09
2025-10-22T03:59:08.344636+00:00,26.672783666666668,-81.80761483333333,28:70:4e:d0:88:31,-65,5745,150,Bermuda Guest WIFI,pole 08
2025-10-22T03:59:08.344636+00:00,26.672783666666668,-81.80761483333333,2e:70:4e:d0:88:31,-66,5745,150,Bermuda,pole 08
2025-10-22T03:59:08.344636+00:00,26.672783666666668,-81.80761483333333,28:70:4e:d0:86:3f,-69,5180,37,Bermuda,pole 09
2025-10-22T03:59:08.344636+00:00,26.672783666666668,-81.80761483333333,2e:70:4e:d0:86:3f,-70,5180,37,Bermuda Guest WIFI,pole 09
2025-10-22T03:59:08.344636+00:00,26.672783666666668,-81.80761483333333,28:70:4e:dd:d3:20,-83,5785,158,Bermuda Guest WIFI,pole 01 NE
2025-10-22T03:59:08.344636+00:00,26.672783666666668,-81.80761483333333,2e:70:4e:dd:d3:20,-83,5785,158,Bermuda,pole 01 NE
2025-10-22T03:59:08.344636+00:00,26.672802,-81.80758866666666,28:70:4e:d0:88:31,-59,5745,150,Bermuda Guest WIFI,pole 08
2025-10-22T03:59:08.344636+00:00,26.672802,-81.80758866666666,2e:70:4e:d0:88:31,-63,5745,150,Bermuda,pole 08
2025-10-22T03:59:08.344636+00:00,26.672802,-81.80758866666666,28:70:4e:d0:86:3f,-69,5180,37,Bermuda,pole 09
2025-10-22T03:59:08.344636+00:00,26.672802,-81.80758866666666,2e:70:4e:d0:86:3f,-70,5180,37,Bermuda Guest WIFI,pole 09
2025-10-22T03:59:08.344636+00:00,26.672802,-81.80758866666666,28:70:4e:d0:86:3e,-80,2462,11,Bermuda,pole 09
2025-10-22T03:59:08.344636+00:00,26.672802,-81.80758866666666,28:70:4e:dd:d3:20,-83,5785,158,Bermuda Guest WIFI,pole 01 NE
2025-10-22T03:59:08.344636+00:00,26.672802,-81.80758866666666,2e:70:4e:dd:d3:20,-83,5785,158,Bermuda,pole 01 NE
2025-10-22T03:59:08.344636+00:00,26.672795999999998,-81.80759866666666,2e:70:4e:d0:88:31,-64,5745,150,Bermuda,pole 08
2025-10-22T03:59:08.344636+00:00,26.672795999999998,-81.80759866666666,28:70:4e:d0:88:31,-64,5745,150,Bermuda Guest WIFI,pole 08
2025-10-22T03:59:08.344636+00:00,26.672795999999998,-81.80759866666666,28:70:4e:d0:86:3e,-80,2462,11,Bermuda,pole 09
2025-10-22T04:00:24.331719+00:00,26.672813166666668,-81.80762783333333,2e:70:4e:d0:88:31,-62,5745,150,Bermuda,pole 08
2025-10-22T04:00:24.331719+00:00,26.672854666666666,-81.80758833333333,28:70:4e:d0:86:3f,-60,5180,37,Bermuda,pole 09
2025-10-22T04:00:24.331719+00:00,26.672854666666666,-81.80758833333333,2e:70:4e:d0:86:3f,-60,5180,37,Bermuda Guest WIFI,pole 09
2025-10-22T04:00:24.331719+00:00,26.672854666666666,-81.80758833333333,2e:70:4e:d0:88:31,-65,5745,150,Bermuda,pole 08
2025-10-22T04:00:24.331719+00:00,26.672854666666666,-81.80758833333333,28:70:4e:d0:86:3e,-69,2462,11,Bermuda,pole 09
2025-10-22T04:00:24.331719+00:00,26.672854666666666,-81.80758833333333,2e:70:4e:d0:86:3e,-69,2462,11,Bermuda Guest WIFI,pole 09
2025-10-22T04:00:24.331719+00:00,26.672865333333334,-81.8075755,28:70:4e:d0:86:3f,-60,5180,37,Bermuda,pole 09
2025-10-22T04:00:24.331719+00:00,26.672865333333334,-81.8075755,2e:70:4e:d0:86:3f,-60,5180,37,Bermuda Guest WIFI,pole 09
2025-10-22T04:00:24.331719+00:00,26.672865333333334,-81.8075755,2e:70:4e:d0:88:31,-61,5745,150,Bermuda,pole 08
2025-10-22T04:00:24.331719+00:00,26.672865333333334,-81.8075755,28:70:4e:d0:88:31,-61,5745,150,Bermuda Guest WIFI,pole 08
2025-10-22T04:00:24.331719+00:00,26.672865333333334,-81.8075755,28:70:4e:d0:86:3e,-69,2462,11,Bermuda,pole 09
2025-10-22T04:00:24.331719+00:00,26.672865333333334,-81.8075755,2e:70:4e:d0:86:3e,-69,2462,11,Bermuda Guest WIFI,pole 09
2025-10-22T04:00:24.331719+00:00,26.672873166666665,-81.807559,28:70:4e:d0:86:3f,-60,5180,37,Bermuda,pole 09
2025-10-22T04:00:24.331719+00:00,26.672873166666665,-81.807559,2e:70:4e:d0:86:3f,-60,5180,37,Bermuda Guest WIFI,pole 09
2025-10-22T04:00:24.331719+00:00,26.672873166666665,-81.807559,2e:70:4e:d0:88:31,-61,5745,150,Bermuda,pole 08
2025-10-22T04:00:24.331719+00:00,26.672873166666665,-81.807559,28:70:4e:d0:88:31,-61,5745,150,Bermuda Guest WIFI,pole 08
2025-10-22T04:00:24.331719+00:00,26.672873166666665,-81.807559,28:70:4e:d0:86:3e,-69,2462,11,Bermuda,pole 09
2025-10-22T04:00:24.331719+00:00,26.672873166666665,-81.807559,2e:70:4e:d0:86:3e,-69,2462,11,Bermuda Guest WIFI,pole 09
2025-10-22T04:01:34.330213+00:00,26.67287766666667,-81.80753333333334,2e:70:4e:d0:88:31,-61,5745,150,Bermuda,pole 08
2025-10-22T04:01:34.330213+00:00,26.67287766666667,-81.80753333333334,28:70:4e:d0:88:31,-61,5745,150,Bermuda Guest WIFI,pole 08
2025-10-22T04:01:34.330213+00:00,26.67287766666667,-81.80753333333334,2e:70:4e:d0:89:06,-82,5805,162,Bermuda,pole 06
2025-10-22T04:01:34.330213+00:00,26.6729595,-81.8075285,28:70:4e:d0:88:31,-61,5745,150,Bermuda Guest WIFI,pole 08
2025-10-22T04:01:34.330213+00:00,26.6729595,-81.8075285,2e:70:4e:d0:88:31,-65,5745,150,Bermuda,pole 08
2025-10-22T04:01:34.330213+00:00,26.6729595,-81.8075285,2e:70:4e:d0:86:3e,-72,2462,11,Bermuda Guest WIFI,pole 09
2025-10-22T04:01:34.330213+00:00,26.6729595,-81.8075285,2e:70:4e:d0:89:06,-82,5805,162,Bermuda,pole 06
2025-10-22T04:01:34.330213+00:00,26.672967166666666,-81.80752683333333,2e:70:4e:d0:88:31,-60,5745,150,Bermuda,pole 08
2025-10-22T04:01:34.330213+00:00,26.672967166666666,-81.80752683333333,28:70:4e:d0:88:31,-60,5745,150,Bermuda Guest WIFI,pole 08
2025-10-22T04:01:34.330213+00:00,26.672967166666666,-81.80752683333333,2e:70:4e:d0:86:3e,-72,2462,11,Bermuda Guest WIFI,pole 09
2025-10-22T04:01:34.330213+00:00,26.672967166666666,-81.80752683333333,2e:70:4e:d0:89:06,-82,5805,162,Bermuda,pole 06
2025-10-22T04:01:34.330213+00:00,26.672969333333334,-81.80754233333333,2e:70:4e:d0:88:31,-60,5745,150,Bermuda,pole 08
2025-10-22T04:01:34.330213+00:00,26.672969333333334,-81.80754233333333,28:70:4e:d0:88:31,-60,5745,150,Bermuda Guest WIFI,pole 08
2025-10-22T04:01:34.330213+00:00,26.672969333333334,-81.80754233333333,2e:70:4e:d0:86:3e,-72,2462,11,Bermuda Guest WIFI,pole 09
2025-10-22T04:01:34.330213+00:00,26.672969333333334,-81.80754233333333,2e:70:4e:d0:89:06,-82,5805,162,Bermuda,pole 06
2025-10-22T04:02:42.332065+00:00,26.673005,-81.80754683333333,2e:70:4e:d0:88:31,-61,5745,150,Bermuda,pole 08
2025-10-22T04:02:42.332065+00:00,26.673081166666666,-81.80754066666667,2e:70:4e:d0:88:31,-62,5745,150,Bermuda,pole 08
2025-10-22T04:02:42.332065+00:00,26.673081166666666,-81.80754066666667,28:70:4e:d0:89:06,-77,5805,162,Bermuda Guest WIFI,pole 06
2025-10-22T04:02:42.332065+00:00,26.673081166666666,-81.80754066666667,2e:70:4e:d0:89:06,-77,5805,162,Bermuda,pole 06
2025-10-22T04:02:42.332065+00:00,26.673094333333335,-81.80753916666667,2e:70:4e:d0:88:31,-62,5745,150,Bermuda,pole 08
2025-10-22T04:02:42.332065+00:00,26.673094333333335,-81.80753916666667,28:70:4e:d0:88:31,-62,5745,150,Bermuda Guest WIFI,pole 08
2025-10-22T04:02:42.332065+00:00,26.673094333333335,-81.80753916666667,28:70:4e:d0:89:06,-77,5805,162,Bermuda Guest WIFI,pole 06
2025-10-22T04:02:42.332065+00:00,26.673094333333335,-81.80753916666667,2e:70:4e:d0:89:06,-77,5805,162,Bermuda,pole 06
2025-10-22T04:02:42.332065+00:00,26.673091666666668,-81.80754316666666,2e:70:4e:d0:88:31,-62,5745,150,Bermuda,pole 08
2025-10-22T04:02:42.332065+00:00,26.673091666666668,-81.80754316666666,28:70:4e:d0:88:31,-62,5745,150,Bermuda Guest WIFI,pole 08
2025-10-22T04:02:42.332065+00:00,26.673091666666668,-81.80754316666666,2e:70:4e:d0:86:3f,-73,5180,37,Bermuda Guest WIFI,pole 09
2025-10-22T04:02:42.332065+00:00,26.673091666666668,-81.80754316666666,28:70:4e:d0:86:3f,-74,5180,37,Bermuda,pole 09
2025-10-22T04:02:42.332065+00:00,26.673091666666668,-81.80754316666666,28:70:4e:d0:89:06,-80,5805,162,Bermuda Guest WIFI,pole 06
2025-10-22T04:02:42.332065+00:00,26.673091666666668,-81.80754316666666,2e:70:4e:d0:89:06,-80,5805,162,Bermuda,pole 06
2025-10-22T04:03:48.394520+00:00,26.673106,-81.80754666666667,2e:70:4e:d0:88:31,-58,5745,150,Bermuda,pole 08
2025-10-22T04:03:48.394520+00:00,26.673106,-81.80754666666667,28:70:4e:d0:88:31,-58,5745,150,Bermuda Guest WIFI,pole 08
2025-10-22T04:03:48.394520+00:00,26.673167,-81.80754883333333,28:70:4e:d0:88:31,-58,5745,150,Bermuda Guest WIFI,pole 08
2025-10-22T04:03:48.394520+00:00,26.673167,-81.80754883333333,2e:70:4e:d0:88:31,-64,5745,150,Bermuda,pole 08
2025-10-22T04:03:48.394520+00:00,26.673167,-81.80754883333333,2e:70:4e:d0:88:a9,-83,5745,150,Bermuda,pole 04
2025-10-22T04:03:48.394520+00:00,26.673172,-81.80756,2e:70:4e:d0:88:31,-64,5745,150,Bermuda,pole 08
2025-10-22T04:03:48.394520+00:00,26.673172,-81.80756,28:70:4e:d0:88:31,-64,5745,150,Bermuda Guest WIFI,pole 08
2025-10-22T04:03:48.394520+00:00,26.673172,-81.80756,2e:70:4e:d0:88:a9,-83,5745,150,Bermuda,pole 04
2025-10-22T04:03:48.394520+00:00,26.673182833333332,-81.807568,2e:70:4e:d0:88:31,-64,5745,150,Bermuda,pole 08
2025-10-22T04:03:48.394520+00:00,26.673182833333332,-81.807568,28:70:4e:d0:88:31,-64,5745,150,Bermuda Guest WIFI,pole 08
2025-10-22T04:03:48.394520+00:00,26.673182833333332,-81.807568,28:70:4e:d0:86:3f,-67,5180,37,Bermuda,pole 09
2025-10-22T04:03:48.394520+00:00,26.673182833333332,-81.807568,2e:70:4e:d0:86:3f,-67,5180,37,Bermuda Guest WIFI,pole 09
2025-10-22T04:03:48.394520+00:00,26.673182833333332,-81.807568,2e:70:4e:d0:86:3e,-68,2462,11,Bermuda Guest WIFI,pole 09
2025-10-22T04:03:48.394520+00:00,26.673182833333332,-81.807568,28:70:4e:d0:86:3e,-69,2462,11,Bermuda,pole 09
2025-10-22T04:03:48.394520+00:00,26.673182833333332,-81.807568,62:22:32:16:00:d3,-76,5240,49,Bermuda,laundry2
2025-10-22T04:03:48.394520+00:00,26.673182833333332,-81.807568,60:22:32:16:00:d3,-77,5240,49,Bermuda Guest WIFI,laundry2
2025-10-22T04:03:48.394520+00:00,26.673182833333332,-81.807568,28:70:4e:d0:89:06,-78,5805,162,Bermuda Guest WIFI,pole 06
2025-10-22T04:03:48.394520+00:00,26.673182833333332,-81.807568,2e:70:4e:d0:89:06,-78,5805,162,Bermuda,pole 06
2025-10-22T04:03:48.394520+00:00,26.673182833333332,-81.807568,2e:70:4e:d0:88:a9,-83,5745,150,Bermuda,pole 04
2025-10-22T04:05:01.794109+00:00,26.6732205,-81.80754716666667,2e:70:4e:d0:86:3e,-66,2462,11,Bermuda Guest WIFI,pole 09
2025-10-22T04:05:01.794109+00:00,26.6732205,-81.80754716666667,2e:70:4e:d0:86:3f,-66,5180,37,Bermuda Guest WIFI,pole 09
2025-10-22T04:05:01.794109+00:00,26.6732205,-81.80754716666667,28:70:4e:d0:88:31,-66,5745,150,Bermuda Guest WIFI,pole 08
2025-10-22T04:05:01.794109+00:00,26.6732205,-81.80754716666667,28:70:4e:d0:86:3f,-66,5180,37,Bermuda,pole 09
2025-10-22T04:05:01.794109+00:00,26.6732205,-81.80754716666667,28:70:4e:d0:86:3e,-71,2462,11,Bermuda,pole 09
2025-10-22T04:05:01.794109+00:00,26.673268833333335,-81.80755133333334,28:70:4e:d0:86:3e,-63,2462,11,Bermuda,pole 09
2025-10-22T04:05:01.794109+00:00,26.673268833333335,-81.80755133333334,2e:70:4e:d0:86:3e,-63,2462,11,Bermuda Guest WIFI,pole 09
2025-10-22T04:05:01.794109+00:00,26.673268833333335,-81.80755133333334,28:70:4e:d0:88:31,-65,5745,150,Bermuda Guest WIFI,pole 08
2025-10-22T04:05:01.794109+00:00,26.673268833333335,-81.80755133333334,2e:70:4e:d0:88:31,-65,5745,150,Bermuda,pole 08
2025-10-22T04:05:01.794109+00:00,26.673268833333335,-81.80755133333334,2e:70:4e:d0:86:3f,-66,5180,37,Bermuda Guest WIFI,pole 09
2025-10-22T04:05:01.794109+00:00,26.673268833333335,-81.80755133333334,28:70:4e:d0:86:3f,-66,5180,37,Bermuda,pole 09
2025-10-22T04:05:01.794109+00:00,26.673267833333334,-81.807554,2e:70:4e:d0:86:3f,-61,5180,37,Bermuda Guest WIFI,pole 09
2025-10-22T04:05:01.794109+00:00,26.673267833333334,-81.807554,28:70:4e:d0:86:3f,-61,5180,37,Bermuda,pole 09
2025-10-22T04:05:01.794109+00:00,26.673267833333334,-81.807554,2e:70:4e:d0:86:3e,-65,2462,11,Bermuda Guest WIFI,pole 09
2025-10-22T04:05:01.794109+00:00,26.673267833333334,-81.807554,28:70:4e:d0:86:3e,-66,2462,11,Bermuda,pole 09
2025-10-22T04:05:01.794109+00:00,26.673267833333334,-81.807554,28:70:4e:d0:88:31,-67,5745,150,Bermuda Guest WIFI,pole 08
2025-10-22T04:05:01.794109+00:00,26.673267833333334,-81.807554,2e:70:4e:d0:88:31,-67,5745,150,Bermuda,pole 08
2025-10-22T04:05:01.794109+00:00,26.673267833333334,-81.807554,62:22:32:16:00:d3,-81,5240,49,Bermuda,laundry2
2025-10-22T04:05:01.794109+00:00,26.673267833333334,-81.807554,60:22:32:16:00:d3,-81,5240,49,Bermuda Guest WIFI,laundry2
2025-10-22T04:05:01.794109+00:00,26.673265166666667,-81.80754266666666,2e:70:4e:d0:86:3f,-61,5180,37,Bermuda Guest WIFI,pole 09
2025-10-22T04:05:01.794109+00:00,26.673265166666667,-81.80754266666666,28:70:4e:d0:86:3f,-61,5180,37,Bermuda,pole 09
2025-10-22T04:05:01.794109+00:00,26.673265166666667,-81.80754266666666,28:70:4e:d0:86:3e,-63,2462,11,Bermuda,pole 09
2025-10-22T04:05:01.794109+00:00,26.673265166666667,-81.80754266666666,2e:70:4e:d0:86:3e,-65,2462,11,Bermuda Guest WIFI,pole 09
2025-10-22T04:05:01.794109+00:00,26.673265166666667,-81.80754266666666,28:70:4e:d0:88:31,-66,5745,150,Bermuda Guest WIFI,pole 08
2025-10-22T04:05:01.794109+00:00,26.673265166666667,-81.80754266666666,2e:70:4e:d0:88:31,-66,5745,150,Bermuda,pole 08
2025-10-22T04:05:01.794109+00:00,26.673265166666667,-81.80754266666666,62:22:32:16:00:d3,-81,5240,49,Bermuda,laundry2
2025-10-22T04:05:01.794109+00:00,26.673265166666667,-81.80754266666666,60:22:32:16:00:d3,-81,5240,49,Bermuda Guest WIFI,laundry2
2025-10-22T04:06:23.403835+00:00,26.673281833333334,-81.807567,28:70:4e:d0:86:3f,-60,5180,37,Bermuda,pole 09
2025-10-22T04:06:23.403835+00:00,26.673281833333334,-81.807567,2e:70:4e:d0:86:3f,-60,5180,37,Bermuda Guest WIFI,pole 09
2025-10-22T04:06:23.403835+00:00,26.673281833333334,-81.807567,2e:70:4e:d0:88:31,-61,5745,150,Bermuda,pole 08
2025-10-22T04:06:23.403835+00:00,26.673281833333334,-81.807567,28:70:4e:d0:87:dd,-69,5220,45,Bermuda Guest WIFI,pole 07
2025-10-22T04:06:23.403835+00:00,26.673281833333334,-81.807567,2e:70:4e:d0:87:dd,-69,5220,45,Bermuda,pole 07
2025-10-22T04:06:23.403835+00:00,26.673281833333334,-81.807567,2e:70:4e:d0:88:a9,-78,5745,150,Bermuda,pole 04
2025-10-22T04:06:23.403835+00:00,26.673281833333334,-81.807567,28:70:4e:d0:89:0c,-79,5220,45,Bermuda Guest WIFI,pole 10
2025-10-22T04:06:23.403835+00:00,26.673281833333334,-81.807567,2e:70:4e:d0:89:0c,-79,5220,45,Bermuda,pole 10
2025-10-22T04:06:23.403835+00:00,26.673281833333334,-81.807567,28:70:4e:d0:86:3e,-81,2462,11,Bermuda,pole 09
2025-10-22T04:06:23.403835+00:00,26.673281833333334,-81.807567,2e:70:4e:d0:86:3e,-81,2462,11,Bermuda Guest WIFI,pole 09
2025-10-22T04:06:23.403835+00:00,26.673281833333334,-81.807567,60:22:32:16:00:d3,-83,5240,49,Bermuda Guest WIFI,laundry2
2025-10-22T04:06:23.403835+00:00,26.673281833333334,-81.807567,62:22:32:16:00:d3,-83,5240,49,Bermuda,laundry2
2025-10-22T04:06:23.403835+00:00,26.673283166666668,-81.80757233333334,2e:70:4e:d0:86:3f,-60,5180,37,Bermuda Guest WIFI,pole 09
2025-10-22T04:06:23.403835+00:00,26.673283166666668,-81.80757233333334,2e:70:4e:d0:88:31,-62,5745,150,Bermuda,pole 08
2025-10-22T04:06:23.403835+00:00,26.673283166666668,-81.80757233333334,28:70:4e:d0:88:31,-62,5745,150,Bermuda Guest WIFI,pole 08
2025-10-22T04:06:23.403835+00:00,26.673283166666668,-81.80757233333334,28:70:4e:d0:86:3f,-70,5180,37,Bermuda,pole 09
2025-10-22T04:06:23.403835+00:00,26.673283166666668,-81.80757233333334,28:70:4e:d0:87:dd,-71,5220,45,Bermuda Guest WIFI,pole 07
2025-10-22T04:06:23.403835+00:00,26.673283166666668,-81.80757233333334,2e:70:4e:d0:87:dd,-72,5220,45,Bermuda,pole 07
2025-10-22T04:06:23.403835+00:00,26.673283166666668,-81.80757233333334,28:70:4e:d0:86:3e,-76,2462,11,Bermuda,pole 09
2025-10-22T04:06:23.403835+00:00,26.673283166666668,-81.80757233333334,2e:70:4e:d0:86:3e,-76,2462,11,Bermuda Guest WIFI,pole 09
2025-10-22T04:06:23.403835+00:00,26.673283166666668,-81.80757233333334,28:70:4e:d0:89:0c,-79,5220,45,Bermuda Guest WIFI,pole 10
2025-10-22T04:06:23.403835+00:00,26.673283166666668,-81.80757233333334,2e:70:4e:d0:89:0c,-79,5220,45,Bermuda,pole 10
2025-10-22T04:06:23.403835+00:00,26.673283166666668,-81.80757233333334,60:22:32:16:00:d3,-83,5240,49,Bermuda Guest WIFI,laundry2
2025-10-22T04:06:23.403835+00:00,26.673283166666668,-81.80757233333334,62:22:32:16:00:d3,-83,5240,49,Bermuda,laundry2
2025-10-22T04:06:23.403835+00:00,26.673276666666666,-81.80756983333333,2e:70:4e:d0:88:31,-62,5745,150,Bermuda,pole 08
2025-10-22T04:06:23.403835+00:00,26.673276666666666,-81.80756983333333,28:70:4e:d0:86:3f,-62,5180,37,Bermuda,pole 09
2025-10-22T04:06:23.403835+00:00,26.673276666666666,-81.80756983333333,2e:70:4e:d0:86:3f,-62,5180,37,Bermuda Guest WIFI,pole 09
2025-10-22T04:06:23.403835+00:00,26.673276666666666,-81.80756983333333,28:70:4e:d0:88:31,-62,5745,150,Bermuda Guest WIFI,pole 08
2025-10-22T04:06:23.403835+00:00,26.673276666666666,-81.80756983333333,28:70:4e:d0:87:dd,-71,5220,45,Bermuda Guest WIFI,pole 07
2025-10-22T04:06:23.403835+00:00,26.673276666666666,-81.80756983333333,2e:70:4e:d0:87:dd,-72,5220,45,Bermuda,pole 07
2025-10-22T04:06:23.403835+00:00,26.673276666666666,-81.80756983333333,28:70:4e:d0:89:0c,-79,5220,45,Bermuda Guest WIFI,pole 10
2025-10-22T04:06:23.403835+00:00,26.673276666666666,-81.80756983333333,2e:70:4e:d0:89:0c,-79,5220,45,Bermuda,pole 10
2025-10-22T04:06:23.403835+00:00,26.673276666666666,-81.80756983333333,28:70:4e:d0:86:3e,-81,2462,11,Bermuda,pole 09
2025-10-22T04:06:23.403835+00:00,26.673276666666666,-81.80756983333333,2e:70:4e:d0:86:3e,-81,2462,11,Bermuda Guest WIFI,pole 09
2025-10-22T04:06:23.403835+00:00,26.673276666666666,-81.80756983333333,62:22:32:16:00:d3,-84,5240,49,Bermuda,laundry2
2025-10-22T04:06:23.403835+00:00,26.673276666666666,-81.80756983333333,60:22:32:16:00:d3,-85,5240,49,Bermuda Guest WIFI,laundry2
2025-10-22T04:06:23.403835+00:00,26.67327166666667,-81.8075655,2e:70:4e:d0:88:31,-62,5745,150,Bermuda,pole 08
2025-10-22T04:06:23.403835+00:00,26.67327166666667,-81.8075655,28:70:4e:d0:86:3f,-62,5180,37,Bermuda,pole 09
2025-10-22T04:06:23.403835+00:00,26.67327166666667,-81.8075655,2e:70:4e:d0:86:3f,-62,5180,37,Bermuda Guest WIFI,pole 09
2025-10-22T04:06:23.403835+00:00,26.67327166666667,-81.8075655,28:70:4e:d0:88:31,-62,5745,150,Bermuda Guest WIFI,pole 08
2025-10-22T04:06:23.403835+00:00,26.67327166666667,-81.8075655,28:70:4e:d0:87:dd,-70,5220,45,Bermuda Guest WIFI,pole 07
2025-10-22T04:06:23.403835+00:00,26.67327166666667,-81.8075655,2e:70:4e:d0:87:dd,-70,5220,45,Bermuda,pole 07
2025-10-22T04:06:23.403835+00:00,26.67327166666667,-81.8075655,2e:70:4e:d0:86:3e,-77,2462,11,Bermuda Guest WIFI,pole 09
2025-10-22T04:06:23.403835+00:00,26.67327166666667,-81.8075655,28:70:4e:d0:86:3e,-79,2462,11,Bermuda,pole 09
2025-10-22T04:06:23.403835+00:00,26.67327166666667,-81.8075655,62:22:32:16:00:d3,-84,5240,49,Bermuda,laundry2
2025-10-22T04:06:23.403835+00:00,26.67327166666667,-81.8075655,60:22:32:16:00:d3,-85,5240,49,Bermuda Guest WIFI,laundry2
2025-10-22T04:07:32.375575+00:00,26.673294833333333,-81.80760016666666,28:70:4e:d0:86:3f,-67,5180,37,Bermuda,pole 09
2025-10-22T04:07:32.375575+00:00,26.673294833333333,-81.80760016666666,2e:70:4e:d0:86:3f,-67,5180,37,Bermuda Guest WIFI,pole 09
2025-10-22T04:07:32.375575+00:00,26.673294833333333,-81.80760016666666,2e:70:4e:d0:88:31,-71,5745,150,Bermuda,pole 08
2025-10-22T04:07:32.375575+00:00,26.673294833333333,-81.80760016666666,2e:70:4e:d0:86:3e,-75,2462,11,Bermuda Guest WIFI,pole 09
2025-10-22T04:07:32.375575+00:00,26.673294833333333,-81.80760016666666,28:70:4e:d0:86:3e,-77,2462,11,Bermuda,pole 09
2025-10-22T04:07:32.375575+00:00,26.673294833333333,-81.80760016666666,60:22:32:16:00:d3,-79,5240,49,Bermuda Guest WIFI,laundry2
2025-10-22T04:07:32.375575+00:00,26.673294833333333,-81.80760016666666,62:22:32:16:00:d3,-80,5240,49,Bermuda,laundry2
2025-10-22T04:07:32.375575+00:00,26.673295666666668,-81.8076945,2e:70:4e:d0:88:31,-65,5745,150,Bermuda,pole 08
2025-10-22T04:07:32.375575+00:00,26.673295666666668,-81.8076945,28:70:4e:d0:88:31,-65,5745,150,Bermuda Guest WIFI,pole 08
2025-10-22T04:07:32.375575+00:00,26.673295666666668,-81.8076945,28:70:4e:d0:86:3f,-67,5180,37,Bermuda,pole 09
2025-10-22T04:07:32.375575+00:00,26.673295666666668,-81.8076945,2e:70:4e:d0:86:3f,-67,5180,37,Bermuda Guest WIFI,pole 09
2025-10-22T04:07:32.375575+00:00,26.673295666666668,-81.8076945,2e:70:4e:d0:86:3e,-75,2462,11,Bermuda Guest WIFI,pole 09
2025-10-22T04:07:32.375575+00:00,26.673295666666668,-81.8076945,28:70:4e:d0:86:3e,-77,2462,11,Bermuda,pole 09
2025-10-22T04:07:32.375575+00:00,26.673295666666668,-81.8076945,60:22:32:16:00:d3,-79,5240,49,Bermuda Guest WIFI,laundry2
2025-10-22T04:07:32.375575+00:00,26.673295666666668,-81.8076945,62:22:32:16:00:d3,-80,5240,49,Bermuda,laundry2
2025-10-22T04:07:32.375575+00:00,26.673364333333332,-81.80776766666666,28:70:4e:d0:86:3f,-60,5180,37,Bermuda,pole 09
2025-10-22T04:07:32.375575+00:00,26.673364333333332,-81.80776766666666,2e:70:4e:d0:86:3f,-60,5180,37,Bermuda Guest WIFI,pole 09
2025-10-22T04:07:32.375575+00:00,26.673364333333332,-81.80776766666666,2e:70:4e:d0:88:31,-62,5745,150,Bermuda,pole 08
2025-10-22T04:07:32.375575+00:00,26.673364333333332,-81.80776766666666,28:70:4e:d0:88:31,-65,5745,150,Bermuda Guest WIFI,pole 08
2025-10-22T04:07:32.375575+00:00,26.673364333333332,-81.80776766666666,2e:70:4e:d0:86:3e,-70,2462,11,Bermuda Guest WIFI,pole 09
2025-10-22T04:07:32.375575+00:00,26.673364333333332,-81.80776766666666,28:70:4e:d0:86:3e,-71,2462,11,Bermuda,pole 09
2025-10-22T04:07:32.375575+00:00,26.673364333333332,-81.80776766666666,62:22:32:16:00:d3,-77,5240,49,Bermuda,laundry2
2025-10-22T04:07:32.375575+00:00,26.673364333333332,-81.80776766666666,60:22:32:16:00:d3,-77,5240,49,Bermuda Guest WIFI,laundry2
2025-10-22T04:07:32.375575+00:00,26.673364333333332,-81.80776766666666,28:70:4e:d2:8b:2e,-78,5220,45,Bermuda Guest WIFI,pole 02 N
2025-10-22T04:07:32.375575+00:00,26.673364333333332,-81.80776766666666,2e:70:4e:d2:8b:2e,-78,5220,45,Bermuda,pole 02 N
2025-10-22T04:07:32.375575+00:00,26.6733965,-81.807848,28:70:4e:d0:87:dd,-55,5220,45,Bermuda Guest WIFI,pole 07
2025-10-22T04:07:32.375575+00:00,26.6733965,-81.807848,2e:70:4e:d0:87:dd,-56,5220,45,Bermuda,pole 07
2025-10-22T04:07:32.375575+00:00,26.6733965,-81.807848,2e:70:4e:d0:88:31,-62,5745,150,Bermuda,pole 08
2025-10-22T04:07:32.375575+00:00,26.6733965,-81.807848,28:70:4e:d0:86:3f,-64,5180,37,Bermuda,pole 09
2025-10-22T04:07:32.375575+00:00,26.6733965,-81.807848,2e:70:4e:d0:86:3f,-64,5180,37,Bermuda Guest WIFI,pole 09
2025-10-22T04:07:32.375575+00:00,26.6733965,-81.807848,28:70:4e:d0:88:31,-65,5745,150,Bermuda Guest WIFI,pole 08
2025-10-22T04:07:32.375575+00:00,26.6733965,-81.807848,62:22:32:16:00:d3,-66,5240,49,Bermuda,laundry2
2025-10-22T04:07:32.375575+00:00,26.6733965,-81.807848,60:22:32:16:00:d3,-66,5240,49,Bermuda Guest WIFI,laundry2
2025-10-22T04:07:32.375575+00:00,26.6733965,-81.807848,28:70:4e:d0:89:0c,-72,5220,45,Bermuda Guest WIFI,pole 10
2025-10-22T04:07:32.375575+00:00,26.6733965,-81.807848,2e:70:4e:d0:89:0c,-72,5220,45,Bermuda,pole 10
2025-10-22T04:07:32.375575+00:00,26.6733965,-81.807848,28:70:4e:d0:86:3e,-76,2462,11,Bermuda,pole 09
2025-10-22T04:07:32.375575+00:00,26.6733965,-81.807848,2e:70:4e:d0:86:3e,-76,2462,11,Bermuda Guest WIFI,pole 09
2025-10-22T04:07:32.375575+00:00,26.6733965,-81.807848,28:70:4e:d2:8b:2e,-78,5220,45,Bermuda Guest WIFI,pole 02 N
2025-10-22T04:07:32.375575+00:00,26.6733965,-81.807848,2e:70:4e:d2:8b:2e,-78,5220,45,Bermuda,pole 02 N
2025-10-22T04:07:32.375575+00:00,26.6733965,-81.807848,02:fe:5d:bd:16:be,-79,2452,9,Pvt.WFR_Everest.6190,Unknown
2025-10-22T04:08:40.390367+00:00,26.673424333333333,-81.80783316666667,28:70:4e:d0:87:dd,-54,5220,45,Bermuda Guest WIFI,pole 07
2025-10-22T04:08:40.390367+00:00,26.673424333333333,-81.80783316666667,2e:70:4e:d0:87:dd,-54,5220,45,Bermuda,pole 07
2025-10-22T04:08:40.390367+00:00,26.673424333333333,-81.80783316666667,62:22:32:16:00:d3,-61,5240,49,Bermuda,laundry2
2025-10-22T04:08:40.390367+00:00,26.673424333333333,-81.80783316666667,2e:70:4e:d2:8b:2e,-68,5220,45,Bermuda,pole 02 N
2025-10-22T04:08:40.390367+00:00,26.673424333333333,-81.80783316666667,2e:70:4e:d0:86:3f,-73,5180,37,Bermuda Guest WIFI,pole 09
2025-10-22T04:08:40.390367+00:00,26.673424333333333,-81.80783316666667,28:70:4e:d0:86:3f,-74,5180,37,Bermuda,pole 09
2025-10-22T04:08:40.390367+00:00,26.673424333333333,-81.80783316666667,60:22:32:16:00:d3,-75,5240,49,Bermuda Guest WIFI,laundry2
2025-10-22T04:08:40.390367+00:00,26.673424333333333,-81.80783316666667,28:70:4e:d0:89:0c,-78,5220,45,Bermuda Guest WIFI,pole 10
2025-10-22T04:08:40.390367+00:00,26.673424333333333,-81.80783316666667,2e:70:4e:d0:89:0c,-79,5220,45,Bermuda,pole 10
2025-10-22T04:08:40.390367+00:00,26.673424333333333,-81.80783316666667,2e:70:4e:d0:86:3e,-81,2462,11,Bermuda Guest WIFI,pole 09
2025-10-22T04:08:40.390367+00:00,26.673424333333333,-81.80783316666667,28:70:4e:d0:86:3e,-82,2462,11,Bermuda,pole 09
2025-10-22T04:08:40.390367+00:00,26.673477166666668,-81.80772933333333,28:70:4e:d0:87:dd,-61,5220,45,Bermuda Guest WIFI,pole 07
2025-10-22T04:08:40.390367+00:00,26.673477166666668,-81.80772933333333,2e:70:4e:d0:87:dd,-61,5220,45,Bermuda,pole 07
2025-10-22T04:08:40.390367+00:00,26.673477166666668,-81.80772933333333,60:22:32:16:00:d3,-63,5240,49,Bermuda Guest WIFI,laundry2
2025-10-22T04:08:40.390367+00:00,26.673477166666668,-81.80772933333333,62:22:32:16:00:d3,-63,5240,49,Bermuda,laundry2
2025-10-22T04:08:40.390367+00:00,26.673477166666668,-81.80772933333333,28:70:4e:d0:88:31,-68,5745,150,Bermuda Guest WIFI,pole 08
2025-10-22T04:08:40.390367+00:00,26.673477166666668,-81.80772933333333,2e:70:4e:d0:88:31,-68,5745,150,Bermuda,pole 08
2025-10-22T04:08:40.390367+00:00,26.673477166666668,-81.80772933333333,28:70:4e:d0:86:3e,-81,2462,11,Bermuda,pole 09
2025-10-22T04:08:40.390367+00:00,26.673477166666668,-81.80772933333333,2e:70:4e:d0:86:3e,-83,2462,11,Bermuda Guest WIFI,pole 09
2025-10-22T04:08:40.390367+00:00,26.673485,-81.80764016666667,28:70:4e:d0:87:dd,-57,5220,45,Bermuda Guest WIFI,pole 07
2025-10-22T04:08:40.390367+00:00,26.673485,-81.80764016666667,2e:70:4e:d0:87:dd,-57,5220,45,Bermuda,pole 07
2025-10-22T04:08:40.390367+00:00,26.673485,-81.80764016666667,60:22:32:16:00:d3,-68,5240,49,Bermuda Guest WIFI,laundry2
2025-10-22T04:08:40.390367+00:00,26.673485,-81.80764016666667,62:22:32:16:00:d3,-68,5240,49,Bermuda,laundry2
2025-10-22T04:08:40.390367+00:00,26.673485,-81.80764016666667,28:70:4e:d0:88:31,-68,5745,150,Bermuda Guest WIFI,pole 08
2025-10-22T04:08:40.390367+00:00,26.673485,-81.80764016666667,2e:70:4e:d0:88:31,-68,5745,150,Bermuda,pole 08
2025-10-22T04:08:40.390367+00:00,26.673485,-81.80764016666667,28:70:4e:d0:89:0c,-68,5220,45,Bermuda Guest WIFI,pole 10
2025-10-22T04:08:40.390367+00:00,26.673485,-81.80764016666667,2e:70:4e:d0:89:0c,-69,5220,45,Bermuda,pole 10
2025-10-22T04:08:40.390367+00:00,26.673485,-81.80764016666667,28:70:4e:d0:86:3e,-81,2462,11,Bermuda,pole 09
2025-10-22T04:08:40.390367+00:00,26.673485,-81.80764016666667,2e:70:4e:d0:86:3e,-83,2462,11,Bermuda Guest WIFI,pole 09
2025-10-22T04:08:40.390367+00:00,26.673487,-81.8076115,28:70:4e:d0:87:dd,-57,5220,45,Bermuda Guest WIFI,pole 07
2025-10-22T04:08:40.390367+00:00,26.673487,-81.8076115,2e:70:4e:d0:87:dd,-57,5220,45,Bermuda,pole 07
2025-10-22T04:08:40.390367+00:00,26.673487,-81.8076115,28:70:4e:d0:86:3f,-64,5180,37,Bermuda,pole 09
2025-10-22T04:08:40.390367+00:00,26.673487,-81.8076115,2e:70:4e:d0:86:3f,-64,5180,37,Bermuda Guest WIFI,pole 09
2025-10-22T04:08:40.390367+00:00,26.673487,-81.8076115,28:70:4e:d0:88:31,-68,5745,150,Bermuda Guest WIFI,pole 08
2025-10-22T04:08:40.390367+00:00,26.673487,-81.8076115,2e:70:4e:d0:88:31,-68,5745,150,Bermuda,pole 08
2025-10-22T04:08:40.390367+00:00,26.673487,-81.8076115,28:70:4e:d0:89:0c,-68,5220,45,Bermuda Guest WIFI,pole 10
2025-10-22T04:08:40.390367+00:00,26.673487,-81.8076115,2e:70:4e:d0:89:0c,-69,5220,45,Bermuda,pole 10
2025-10-22T04:08:40.390367+00:00,26.673487,-81.8076115,60:22:32:16:00:d3,-71,5240,49,Bermuda Guest WIFI,laundry2
2025-10-22T04:08:40.390367+00:00,26.673487,-81.8076115,62:22:32:16:00:d3,-71,5240,49,Bermuda,laundry2
2025-10-22T04:08:40.390367+00:00,26.673487,-81.8076115,28:70:4e:d0:86:3e,-81,2462,11,Bermuda,pole 09
2025-10-22T04:08:40.390367+00:00,26.673487,-81.8076115,2e:70:4e:d0:86:3e,-83,2462,11,Bermuda Guest WIFI,pole 09
2025-10-22T04:09:51.585053+00:00,26.6732015,-81.80773733333334,2e:70:4e:d0:87:dd,-70,5220,45,Bermuda,pole 07
2025-10-22T04:09:51.585053+00:00,26.6732015,-81.80773733333334,28:70:4e:d0:86:3e,-76,2462,11,Bermuda,pole 09
2025-10-22T04:09:51.585053+00:00,26.6732015,-81.80773733333334,2e:70:4e:d0:86:3e,-76,2462,11,Bermuda Guest WIFI,pole 09
2025-10-22T04:09:51.585053+00:00,26.673110666666666,-81.80773716666667,28:70:4e:d0:88:31,-61,5745,150,Bermuda Guest WIFI,pole 08
2025-10-22T04:09:51.585053+00:00,26.673110666666666,-81.80773716666667,2e:70:4e:d0:88:31,-61,5745,150,Bermuda,pole 08
2025-10-22T04:09:51.585053+00:00,26.673110666666666,-81.80773716666667,2e:70:4e:d0:87:dd,-70,5220,45,Bermuda,pole 07
2025-10-22T04:09:51.585053+00:00,26.673110666666666,-81.80773716666667,28:70:4e:d0:86:3e,-79,2462,11,Bermuda,pole 09
2025-10-22T04:09:51.585053+00:00,26.673110666666666,-81.80773716666667,2e:70:4e:d0:86:3e,-79,2462,11,Bermuda Guest WIFI,pole 09
2025-10-22T04:09:51.585053+00:00,26.673110666666666,-81.80773716666667,62:22:32:16:00:d3,-80,5240,49,Bermuda,laundry2
20251022_041330,26.672954333333333,-81.8077685,2e:70:4e:d0:88:31,-44,5745,150,Bermuda,pole 08
20251022_041330,26.672954333333333,-81.8077685,28:70:4e:d0:88:31,-44,5745,150,Bermuda Guest WIFI,pole 08
20251022_041330,26.672954333333333,-81.8077685,02:fe:5d:bd:16:be,-82,2452,9,Pvt.WFR_Everest.6190,Unknown
20251022_041330,26.672954333333333,-81.8077685,60:22:32:16:00:d3,-82,5240,49,Bermuda Guest WIFI,laundry2
20251022_041330,26.672954333333333,-81.8077685,62:22:32:16:00:d3,-83,5240,49,Bermuda,laundry2
20251022_041330,26.672991166666666,-81.80778266666667,28:70:4e:d0:88:31,-54,5745,150,Bermuda Guest WIFI,pole 08
20251022_041330,26.672991166666666,-81.80778266666667,2e:70:4e:d0:88:31,-55,5745,150,Bermuda,pole 08
20251022_041330,26.672991166666666,-81.80778266666667,28:70:4e:d0:88:f7,-72,5240,49,Bermuda Guest WIFI,pole 02 E
20251022_041330,26.672991166666666,-81.80778266666667,2e:70:4e:d0:88:f7,-73,5240,49,Bermuda,pole 02 E
20251022_041330,26.672991166666666,-81.80778266666667,28:70:4e:d0:86:3e,-77,2462,11,Bermuda,pole 09
20251022_041330,26.672991166666666,-81.80778266666667,02:fe:5d:bd:16:be,-82,2452,9,Pvt.WFR_Everest.6190,Unknown
20251022_041330,26.672991166666666,-81.80778266666667,60:22:32:16:00:d3,-82,5240,49,Bermuda Guest WIFI,laundry2
20251022_041330,26.672991166666666,-81.80778266666667,62:22:32:16:00:d3,-83,5240,49,Bermuda,laundry2
20251022_041330,26.673058333333334,-81.8077875,2e:70:4e:d0:88:31,-49,5745,150,Bermuda,pole 08
20251022_041330,26.673058333333334,-81.8077875,28:70:4e:d0:88:31,-54,5745,150,Bermuda Guest WIFI,pole 08
20251022_041330,26.673058333333334,-81.8077875,28:70:4e:d0:86:3f,-56,5180,37,Bermuda,pole 09
20251022_041330,26.673058333333334,-81.8077875,2e:70:4e:d0:86:3f,-56,5180,37,Bermuda Guest WIFI,pole 09
20251022_041330,26.673058333333334,-81.8077875,28:70:4e:d0:88:f7,-72,5240,49,Bermuda Guest WIFI,pole 02 E
20251022_041330,26.673058333333334,-81.8077875,2e:70:4e:d0:88:f7,-73,5240,49,Bermuda,pole 02 E
20251022_041330,26.673058333333334,-81.8077875,28:70:4e:d0:89:0c,-76,5220,45,Bermuda Guest WIFI,pole 10
20251022_041330,26.673058333333334,-81.8077875,28:70:4e:d0:86:3e,-77,2462,11,Bermuda,pole 09
20251022_041330,26.673058333333334,-81.8077875,2e:70:4e:d0:89:0c,-77,5220,45,Bermuda,pole 10
20251022_041330,26.673058333333334,-81.8077875,02:fe:5d:bd:16:be,-79,2452,9,Pvt.WFR_Everest.6190,Unknown
20251022_041330,26.673058333333334,-81.8077875,60:22:32:16:00:d3,-79,5240,49,Bermuda Guest WIFI,laundry2
20251022_041330,26.673058333333334,-81.8077875,62:22:32:16:00:d3,-80,5240,49,Bermuda,laundry2
20251022_041330,26.673058333333334,-81.8077875,28:70:4e:d0:89:06,-83,5805,162,Bermuda Guest WIFI,pole 06
20251022_041330,26.673058333333334,-81.8077875,2e:70:4e:d0:89:06,-83,5805,162,Bermuda,pole 06
20251022_041330,26.673094833333334,-81.80780716666666,28:70:4e:d0:88:31,-54,5745,150,Bermuda Guest WIFI,pole 08
20251022_041330,26.673094833333334,-81.80780716666666,28:70:4e:d0:86:3f,-56,5180,37,Bermuda,pole 09
20251022_041330,26.673094833333334,-81.80780716666666,2e:70:4e:d0:86:3f,-56,5180,37,Bermuda Guest WIFI,pole 09
20251022_041330,26.673094833333334,-81.80780716666666,2e:70:4e:d0:88:31,-61,5745,150,Bermuda,pole 08
20251022_041330,26.673094833333334,-81.80780716666666,2e:70:4e:d0:88:f7,-67,5240,49,Bermuda,pole 02 E
20251022_041330,26.673094833333334,-81.80780716666666,28:70:4e:d0:88:f7,-68,5240,49,Bermuda Guest WIFI,pole 02 E
20251022_041330,26.673094833333334,-81.80780716666666,28:70:4e:d0:89:0c,-76,5220,45,Bermuda Guest WIFI,pole 10
20251022_041330,26.673094833333334,-81.80780716666666,28:70:4e:d0:86:3e,-77,2462,11,Bermuda,pole 09
20251022_041330,26.673094833333334,-81.80780716666666,2e:70:4e:d0:89:0c,-77,5220,45,Bermuda,pole 10
20251022_041330,26.673094833333334,-81.80780716666666,02:fe:5d:bd:16:be,-79,2452,9,Pvt.WFR_Everest.6190,Unknown
20251022_041330,26.673094833333334,-81.80780716666666,60:22:32:16:00:d3,-79,5240,49,Bermuda Guest WIFI,laundry2
20251022_041330,26.673094833333334,-81.80780716666666,62:22:32:16:00:d3,-80,5240,49,Bermuda,laundry2
20251022_041330,26.673094833333334,-81.80780716666666,28:70:4e:d0:89:06,-83,5805,162,Bermuda Guest WIFI,pole 06
20251022_041330,26.673094833333334,-81.80780716666666,2e:70:4e:d0:89:06,-83,5805,162,Bermuda,pole 06
2025-10-22T04:14:40.444971+00:00,26.673247166666666,-81.80781316666666,2e:70:4e:d0:87:dd,-65,5220,45,Bermuda,pole 07
2025-10-22T04:14:40.444971+00:00,26.673247166666666,-81.80781316666666,28:70:4e:d0:87:dd,-68,5220,45,Bermuda Guest WIFI,pole 07
2025-10-22T04:14:40.444971+00:00,26.673247166666666,-81.80781316666666,2e:70:4e:d0:86:3f,-68,5180,37,Bermuda Guest WIFI,pole 09
2025-10-22T04:14:40.444971+00:00,26.673247166666666,-81.80781316666666,28:70:4e:d0:86:3f,-68,5180,37,Bermuda,pole 09
2025-10-22T04:14:40.444971+00:00,26.673247166666666,-81.80781316666666,2e:70:4e:d0:88:31,-71,5745,150,Bermuda,pole 08
2025-10-22T04:14:40.444971+00:00,26.673247166666666,-81.80781316666666,28:70:4e:d0:88:31,-71,5745,150,Bermuda Guest WIFI,pole 08
2025-10-22T04:14:40.444971+00:00,26.673247166666666,-81.80781316666666,2e:70:4e:d0:88:f7,-74,5240,49,Bermuda,pole 02 E
2025-10-22T04:14:40.444971+00:00,26.673247166666666,-81.80781316666666,28:70:4e:d0:86:3e,-75,2462,11,Bermuda,pole 09
2025-10-22T04:14:40.444971+00:00,26.673247166666666,-81.80781316666666,2e:70:4e:d0:86:3e,-76,2462,11,Bermuda Guest WIFI,pole 09
2025-10-22T04:14:40.444971+00:00,26.673247166666666,-81.80781316666666,62:22:32:16:00:d3,-79,5240,49,Bermuda,laundry2
2025-10-22T04:14:40.444971+00:00,26.67328,-81.80781866666666,2e:70:4e:d0:86:3f,-62,5180,37,Bermuda Guest WIFI,pole 09
2025-10-22T04:14:40.444971+00:00,26.67328,-81.80781866666666,28:70:4e:d0:86:3f,-62,5180,37,Bermuda,pole 09
2025-10-22T04:14:40.444971+00:00,26.67328,-81.80781866666666,62:22:32:16:00:d3,-64,5240,49,Bermuda,laundry2
2025-10-22T04:14:40.444971+00:00,26.67328,-81.80781866666666,60:22:32:16:00:d3,-64,5240,49,Bermuda Guest WIFI,laundry2
2025-10-22T04:14:40.444971+00:00,26.67328,-81.80781866666666,2e:70:4e:d0:87:dd,-67,5220,45,Bermuda,pole 07
2025-10-22T04:14:40.444971+00:00,26.67328,-81.80781866666666,2e:70:4e:d0:88:31,-68,5745,150,Bermuda,pole 08
2025-10-22T04:14:40.444971+00:00,26.67328,-81.80781866666666,28:70:4e:d0:87:dd,-68,5220,45,Bermuda Guest WIFI,pole 07
2025-10-22T04:14:40.444971+00:00,26.67328,-81.80781866666666,28:70:4e:d0:88:31,-69,5745,150,Bermuda Guest WIFI,pole 08
2025-10-22T04:14:40.444971+00:00,26.67328,-81.80781866666666,28:70:4e:d2:8b:2e,-73,5220,45,Bermuda Guest WIFI,pole 02 N
2025-10-22T04:14:40.444971+00:00,26.67328,-81.80781866666666,2e:70:4e:d2:8b:2e,-73,5220,45,Bermuda,pole 02 N
2025-10-22T04:14:40.444971+00:00,26.67328,-81.80781866666666,2e:70:4e:d0:88:f7,-74,5240,49,Bermuda,pole 02 E
2025-10-22T04:14:40.444971+00:00,26.67328,-81.80781866666666,28:70:4e:d0:86:3e,-75,2462,11,Bermuda,pole 09
2025-10-22T04:14:40.444971+00:00,26.67328,-81.80781866666666,2e:70:4e:d0:86:3e,-76,2462,11,Bermuda Guest WIFI,pole 09
2025-10-22T04:14:40.444971+00:00,26.673331833333332,-81.80784116666666,2e:70:4e:d0:87:dd,-61,5220,45,Bermuda,pole 07
2025-10-22T04:14:40.444971+00:00,26.673331833333332,-81.80784116666666,60:22:32:16:00:d3,-64,5240,49,Bermuda Guest WIFI,laundry2
2025-10-22T04:14:40.444971+00:00,26.673331833333332,-81.80784116666666,62:22:32:16:00:d3,-65,5240,49,Bermuda,laundry2
2025-10-22T04:14:40.444971+00:00,26.673331833333332,-81.80784116666666,2e:70:4e:d0:86:3f,-67,5180,37,Bermuda Guest WIFI,pole 09
2025-10-22T04:14:40.444971+00:00,26.673331833333332,-81.80784116666666,28:70:4e:d0:86:3f,-67,5180,37,Bermuda,pole 09
2025-10-22T04:14:40.444971+00:00,26.673331833333332,-81.80784116666666,2e:70:4e:d0:88:31,-68,5745,150,Bermuda,pole 08
2025-10-22T04:14:40.444971+00:00,26.673331833333332,-81.80784116666666,28:70:4e:d0:87:dd,-68,5220,45,Bermuda Guest WIFI,pole 07
2025-10-22T04:14:40.444971+00:00,26.673331833333332,-81.80784116666666,28:70:4e:d0:88:31,-69,5745,150,Bermuda Guest WIFI,pole 08
2025-10-22T04:14:40.444971+00:00,26.673331833333332,-81.80784116666666,28:70:4e:d0:86:3e,-70,2462,11,Bermuda,pole 09
2025-10-22T04:14:40.444971+00:00,26.673331833333332,-81.80784116666666,2e:70:4e:d0:86:3e,-71,2462,11,Bermuda Guest WIFI,pole 09
2025-10-22T04:14:40.444971+00:00,26.673331833333332,-81.80784116666666,28:70:4e:d2:8b:2e,-73,5220,45,Bermuda Guest WIFI,pole 02 N
2025-10-22T04:14:40.444971+00:00,26.673331833333332,-81.80784116666666,2e:70:4e:d2:8b:2e,-73,5220,45,Bermuda,pole 02 N
2025-10-22T04:14:40.444971+00:00,26.673325833333333,-81.8079255,2e:70:4e:d0:87:dd,-56,5220,45,Bermuda,pole 07
2025-10-22T04:14:40.444971+00:00,26.673325833333333,-81.8079255,28:70:4e:d0:87:dd,-56,5220,45,Bermuda Guest WIFI,pole 07
2025-10-22T04:14:40.444971+00:00,26.673325833333333,-81.8079255,62:22:32:16:00:d3,-61,5240,49,Bermuda,laundry2
2025-10-22T04:14:40.444971+00:00,26.673325833333333,-81.8079255,60:22:32:16:00:d3,-61,5240,49,Bermuda Guest WIFI,laundry2
2025-10-22T04:14:40.444971+00:00,26.673325833333333,-81.8079255,2e:70:4e:d0:86:3f,-67,5180,37,Bermuda Guest WIFI,pole 09
2025-10-22T04:14:40.444971+00:00,26.673325833333333,-81.8079255,28:70:4e:d0:86:3f,-67,5180,37,Bermuda,pole 09
2025-10-22T04:14:40.444971+00:00,26.673325833333333,-81.8079255,2e:70:4e:d0:88:31,-68,5745,150,Bermuda,pole 08
2025-10-22T04:14:40.444971+00:00,26.673325833333333,-81.8079255,28:70:4e:d0:88:31,-69,5745,150,Bermuda Guest WIFI,pole 08
2025-10-22T04:14:40.444971+00:00,26.673325833333333,-81.8079255,28:70:4e:d0:86:3e,-70,2462,11,Bermuda,pole 09
2025-10-22T04:14:40.444971+00:00,26.673325833333333,-81.8079255,2e:70:4e:d0:86:3e,-71,2462,11,Bermuda Guest WIFI,pole 09
2025-10-22T04:14:40.444971+00:00,26.673325833333333,-81.8079255,28:70:4e:d2:8b:2e,-73,5220,45,Bermuda Guest WIFI,pole 02 N
2025-10-22T04:14:40.444971+00:00,26.673325833333333,-81.8079255,2e:70:4e:d2:8b:2e,-73,5220,45,Bermuda,pole 02 N
2025-10-22T04:14:40.444971+00:00,26.673325833333333,-81.8079255,02:fe:5d:bd:16:be,-80,2452,9,Pvt.WFR_Everest.6190,Unknown
2025-10-22T04:15:44.340116+00:00,26.673336,-81.80797516666667,2e:70:4e:d0:87:dd,-52,5220,45,Bermuda,pole 07
2025-10-22T04:15:44.340116+00:00,26.673336,-81.80797516666667,2e:70:4e:d0:89:0c,-71,5220,45,Bermuda,pole 10
2025-10-22T04:15:44.340116+00:00,26.673336,-81.80797516666667,28:70:4e:d0:86:3e,-72,2462,11,Bermuda,pole 09
2025-10-22T04:15:44.340116+00:00,26.673336,-81.80797516666667,2e:70:4e:d0:86:3e,-72,2462,11,Bermuda Guest WIFI,pole 09
2025-10-22T04:15:44.340116+00:00,26.673336,-81.80797516666667,60:22:32:16:00:d3,-76,5240,49,Bermuda Guest WIFI,laundry2
2025-10-22T04:15:44.340116+00:00,26.673354833333335,-81.80802416666667,2e:70:4e:d0:87:dd,-53,5220,45,Bermuda,pole 07
2025-10-22T04:15:44.340116+00:00,26.673354833333335,-81.80802416666667,28:70:4e:d0:87:dd,-53,5220,45,Bermuda Guest WIFI,pole 07
2025-10-22T04:15:44.340116+00:00,26.673354833333335,-81.80802416666667,28:70:4e:d0:86:3f,-62,5180,37,Bermuda,pole 09
2025-10-22T04:15:44.340116+00:00,26.673354833333335,-81.80802416666667,2e:70:4e:d0:86:3f,-62,5180,37,Bermuda Guest WIFI,pole 09
2025-10-22T04:15:44.340116+00:00,26.673354833333335,-81.80802416666667,28:70:4e:d0:88:31,-69,5745,150,Bermuda Guest WIFI,pole 08
2025-10-22T04:15:44.340116+00:00,26.673354833333335,-81.80802416666667,2e:70:4e:d0:88:31,-69,5745,150,Bermuda,pole 08
2025-10-22T04:15:44.340116+00:00,26.673354833333335,-81.80802416666667,2e:70:4e:d0:89:0c,-71,5220,45,Bermuda,pole 10
2025-10-22T04:15:44.340116+00:00,26.673354833333335,-81.80802416666667,60:22:32:16:00:d3,-71,5240,49,Bermuda Guest WIFI,laundry2
2025-10-22T04:15:44.340116+00:00,26.673354833333335,-81.80802416666667,62:22:32:16:00:d3,-71,5240,49,Bermuda,laundry2
2025-10-22T04:15:44.340116+00:00,26.673354833333335,-81.80802416666667,28:70:4e:d0:86:3e,-73,2462,11,Bermuda,pole 09
2025-10-22T04:15:44.340116+00:00,26.673354833333335,-81.80802416666667,2e:70:4e:d0:86:3e,-74,2462,11,Bermuda Guest WIFI,pole 09
2025-10-22T04:15:44.340116+00:00,26.673354833333335,-81.80802416666667,06:5e:3c:23:32:d6,-80,2452,9,Newmar6191,Unknown
2025-10-22T04:15:44.340116+00:00,26.673354833333335,-81.80802416666667,02:5e:3c:23:32:d6,-81,2452,9,NACHO WIFI,Unknown
2025-10-22T04:15:44.340116+00:00,26.673392,-81.80805333333333,2e:70:4e:d0:87:dd,-52,5220,45,Bermuda,pole 07
2025-10-22T04:15:44.340116+00:00,26.673392,-81.80805333333333,28:70:4e:d0:87:dd,-53,5220,45,Bermuda Guest WIFI,pole 07
2025-10-22T04:15:44.340116+00:00,26.673392,-81.80805333333333,28:70:4e:d0:86:3f,-65,5180,37,Bermuda,pole 09
2025-10-22T04:15:44.340116+00:00,26.673392,-81.80805333333333,2e:70:4e:d0:86:3f,-65,5180,37,Bermuda Guest WIFI,pole 09
2025-10-22T04:15:44.340116+00:00,26.673392,-81.80805333333333,28:70:4e:d0:88:31,-69,5745,150,Bermuda Guest WIFI,pole 08
2025-10-22T04:15:44.340116+00:00,26.673392,-81.80805333333333,2e:70:4e:d0:88:31,-69,5745,150,Bermuda,pole 08
2025-10-22T04:15:44.340116+00:00,26.673392,-81.80805333333333,2e:70:4e:d0:86:3e,-71,2462,11,Bermuda Guest WIFI,pole 09
2025-10-22T04:15:44.340116+00:00,26.673392,-81.80805333333333,2e:70:4e:d0:89:0c,-71,5220,45,Bermuda,pole 10
2025-10-22T04:15:44.340116+00:00,26.673392,-81.80805333333333,60:22:32:16:00:d3,-71,5240,49,Bermuda Guest WIFI,laundry2
2025-10-22T04:15:44.340116+00:00,26.673392,-81.80805333333333,62:22:32:16:00:d3,-71,5240,49,Bermuda,laundry2
2025-10-22T04:15:44.340116+00:00,26.673392,-81.80805333333333,28:70:4e:d0:86:3e,-73,2462,11,Bermuda,pole 09
2025-10-22T04:15:44.340116+00:00,26.673392,-81.80805333333333,06:5e:3c:23:32:d6,-80,2452,9,Newmar6191,Unknown
2025-10-22T04:15:44.340116+00:00,26.673392,-81.80805333333333,02:5e:3c:23:32:d6,-81,2452,9,NACHO WIFI,Unknown
2025-10-22T04:15:44.340116+00:00,26.673409833333334,-81.80804883333333,2e:70:4e:d0:87:dd,-63,5220,45,Bermuda,pole 07
2025-10-22T04:15:44.340116+00:00,26.673409833333334,-81.80804883333333,28:70:4e:d0:87:dd,-63,5220,45,Bermuda Guest WIFI,pole 07
2025-10-22T04:15:44.340116+00:00,26.673409833333334,-81.80804883333333,28:70:4e:d0:86:3f,-65,5180,37,Bermuda,pole 09
2025-10-22T04:15:44.340116+00:00,26.673409833333334,-81.80804883333333,2e:70:4e:d0:86:3f,-65,5180,37,Bermuda Guest WIFI,pole 09
2025-10-22T04:15:44.340116+00:00,26.673409833333334,-81.80804883333333,28:70:4e:d0:88:31,-70,5745,150,Bermuda Guest WIFI,pole 08
2025-10-22T04:15:44.340116+00:00,26.673409833333334,-81.80804883333333,2e:70:4e:d0:88:31,-70,5745,150,Bermuda,pole 08
2025-10-22T04:15:44.340116+00:00,26.673409833333334,-81.80804883333333,2e:70:4e:d0:86:3e,-71,2462,11,Bermuda Guest WIFI,pole 09
2025-10-22T04:15:44.340116+00:00,26.673409833333334,-81.80804883333333,2e:70:4e:d0:89:0c,-71,5220,45,Bermuda,pole 10
2025-10-22T04:15:44.340116+00:00,26.673409833333334,-81.80804883333333,28:70:4e:d0:86:3e,-73,2462,11,Bermuda,pole 09
2025-10-22T04:15:44.340116+00:00,26.673409833333334,-81.80804883333333,60:22:32:16:00:d3,-73,5240,49,Bermuda Guest WIFI,laundry2
2025-10-22T04:15:44.340116+00:00,26.673409833333334,-81.80804883333333,62:22:32:16:00:d3,-74,5240,49,Bermuda,laundry2
2025-10-22T04:15:44.340116+00:00,26.673409833333334,-81.80804883333333,06:5e:3c:23:32:d6,-80,2452,9,Newmar6191,Unknown
2025-10-22T04:15:44.340116+00:00,26.673409833333334,-81.80804883333333,02:5e:3c:23:32:d6,-81,2452,9,NACHO WIFI,Unknown
2025-10-22T04:16:49.523265+00:00,26.673422333333335,-81.80807116666666,2e:70:4e:d0:87:dd,-63,5220,45,Bermuda,pole 07
2025-10-22T04:16:49.523265+00:00,26.673422333333335,-81.80807116666666,28:70:4e:d0:86:3f,-70,5180,37,Bermuda,pole 09
2025-10-22T04:16:49.523265+00:00,26.673422333333335,-81.80807116666666,2e:70:4e:d0:86:3f,-71,5180,37,Bermuda Guest WIFI,pole 09
2025-10-22T04:16:49.523265+00:00,26.673425,-81.8079575,28:70:4e:d0:87:dd,-60,5220,45,Bermuda Guest WIFI,pole 07
2025-10-22T04:16:49.523265+00:00,26.673425,-81.8079575,2e:70:4e:d0:87:dd,-60,5220,45,Bermuda,pole 07
2025-10-22T04:16:49.523265+00:00,26.673425,-81.8079575,28:70:4e:d0:86:3f,-64,5180,37,Bermuda,pole 09
2025-10-22T04:16:49.523265+00:00,26.673425,-81.8079575,28:70:4e:d0:89:0c,-67,5220,45,Bermuda Guest WIFI,pole 10
2025-10-22T04:16:49.523265+00:00,26.673425,-81.8079575,28:70:4e:d0:88:f7,-69,5240,49,Bermuda Guest WIFI,pole 02 E
2025-10-22T04:16:49.523265+00:00,26.673425,-81.8079575,2e:70:4e:d0:88:f7,-69,5240,49,Bermuda,pole 02 E
2025-10-22T04:16:49.523265+00:00,26.673425,-81.8079575,2e:70:4e:d0:86:3f,-72,5180,37,Bermuda Guest WIFI,pole 09
2025-10-22T04:16:49.523265+00:00,26.673425,-81.8079575,60:22:32:16:00:d3,-73,5240,49,Bermuda Guest WIFI,laundry2
2025-10-22T04:16:49.523265+00:00,26.673425,-81.8079575,62:22:32:16:00:d3,-73,5240,49,Bermuda,laundry2
2025-10-22T04:16:49.523265+00:00,26.673425,-81.8079575,28:70:4e:d0:89:06,-73,5805,162,Bermuda Guest WIFI,pole 06
2025-10-22T04:16:49.523265+00:00,26.673425,-81.8079575,2e:70:4e:d0:89:0c,-73,5220,45,Bermuda,pole 10
2025-10-22T04:16:49.523265+00:00,26.673425,-81.8079575,2e:70:4e:d0:89:06,-74,5805,162,Bermuda,pole 06
2025-10-22T04:16:49.523265+00:00,26.673425,-81.8079575,02:fe:5d:bd:16:be,-76,2452,9,Pvt.WFR_Everest.6190,Unknown
2025-10-22T04:16:49.523265+00:00,26.673425,-81.8079575,28:70:4e:dd:d3:20,-78,5785,158,Bermuda Guest WIFI,pole 01 NE
2025-10-22T04:16:49.523265+00:00,26.673425,-81.8079575,2e:70:4e:dd:d3:20,-78,5785,158,Bermuda,pole 01 NE
2025-10-22T04:16:49.523265+00:00,26.673425,-81.8079575,28:70:4e:d0:88:31,-79,5745,150,Bermuda Guest WIFI,pole 08
2025-10-22T04:16:49.523265+00:00,26.673425,-81.8079575,2e:70:4e:d0:88:31,-79,5745,150,Bermuda,pole 08
2025-10-22T04:16:49.523265+00:00,26.673425,-81.8079575,06:5e:3c:23:32:d6,-85,2452,9,Newmar6191,Unknown
2025-10-22T04:16:49.523265+00:00,26.673425,-81.8079575,02:5e:3c:23:32:d6,-86,2452,9,NACHO WIFI,Unknown
20251022_041815,26.673462666666666,-81.80784366666667,28:70:4e:d0:87:dd,-59,5220,45,Bermuda Guest WIFI,pole 07
20251022_041815,26.673462666666666,-81.80784366666667,2e:70:4e:d0:87:dd,-59,5220,45,Bermuda,pole 07
20251022_041815,26.673462666666666,-81.80784366666667,28:70:4e:d0:86:3f,-59,5180,37,Bermuda,pole 09
20251022_041815,26.673462666666666,-81.80784366666667,2e:70:4e:d0:86:3f,-59,5180,37,Bermuda Guest WIFI,pole 09
20251022_041815,26.673462666666666,-81.80784366666667,60:22:32:16:00:d3,-63,5240,49,Bermuda Guest WIFI,laundry2
20251022_041815,26.673462666666666,-81.80784366666667,62:22:32:16:00:d3,-63,5240,49,Bermuda,laundry2
20251022_041815,26.673462666666666,-81.80784366666667,28:70:4e:d0:88:f7,-67,5240,49,Bermuda Guest WIFI,pole 02 E
20251022_041815,26.673462666666666,-81.80784366666667,28:70:4e:d0:88:31,-67,5745,150,Bermuda Guest WIFI,pole 08
20251022_041815,26.673462666666666,-81.80784366666667,28:70:4e:d0:89:0c,-70,5220,45,Bermuda Guest WIFI,pole 10
20251022_041815,26.673462666666666,-81.80784366666667,2e:70:4e:d0:89:0c,-70,5220,45,Bermuda,pole 10
20251022_041815,26.673462666666666,-81.80784366666667,28:70:4e:d0:89:21,-72,5200,41,Bermuda Guest WIFI,pole 01 S
20251022_041815,26.673462666666666,-81.80784366666667,2e:70:4e:d0:89:21,-72,5200,41,Bermuda,pole 01 S
20251022_041815,26.673462666666666,-81.80784366666667,28:70:4e:dd:d3:20,-76,5785,158,Bermuda Guest WIFI,pole 01 NE
20251022_041815,26.673462666666666,-81.80784366666667,2e:70:4e:dd:d3:20,-76,5785,158,Bermuda,pole 01 NE
20251022_041815,26.673462666666666,-81.80784366666667,28:70:4e:d0:86:3e,-77,2462,11,Bermuda,pole 09
20251022_041815,26.673462666666666,-81.80784366666667,28:70:4e:d0:89:06,-77,5805,162,Bermuda Guest WIFI,pole 06
20251022_041815,26.673462666666666,-81.80784366666667,2e:70:4e:d0:89:06,-77,5805,162,Bermuda,pole 06
20251022_041815,26.673462666666666,-81.80784366666667,2e:70:4e:d0:86:3e,-78,2462,11,Bermuda Guest WIFI,pole 09
20251022_041815,26.673462666666666,-81.80784366666667,02:1e:57:91:f3:66,-82,2437,6,Biggie_Rolls,Unknown
20251022_041815,26.673462666666666,-81.80784366666667,06:1e:57:91:f3:66,-83,2437,6,Newmar6469,Unknown
20251022_041815,26.673462666666666,-81.80784366666667,2e:70:4e:d0:88:a9,-83,5745,150,Bermuda,pole 04
20251022_041815,26.673462666666666,-81.80784366666667,02:fe:5d:bd:16:be,-84,2452,9,Pvt.WFR_Everest.6190,Unknown
20251022_041815,26.673462666666666,-81.80784366666667,28:70:4e:d0:88:a9,-84,5745,150,Bermuda Guest WIFI,pole 04
20251022_041815,26.673489833333335,-81.8078635,28:70:4e:d0:87:dd,-59,5220,45,Bermuda Guest WIFI,pole 07
20251022_041815,26.673489833333335,-81.8078635,2e:70:4e:d0:87:dd,-59,5220,45,Bermuda,pole 07
20251022_041815,26.673489833333335,-81.8078635,60:22:32:16:00:d3,-64,5240,49,Bermuda Guest WIFI,laundry2
20251022_041815,26.673489833333335,-81.8078635,62:22:32:16:00:d3,-64,5240,49,Bermuda,laundry2
20251022_041815,26.673489833333335,-81.8078635,28:70:4e:d0:86:3f,-66,5180,37,Bermuda,pole 09
20251022_041815,26.673489833333335,-81.8078635,2e:70:4e:d0:86:3f,-66,5180,37,Bermuda Guest WIFI,pole 09
20251022_041815,26.673489833333335,-81.8078635,28:70:4e:d0:88:f7,-67,5240,49,Bermuda Guest WIFI,pole 02 E
20251022_041815,26.673489833333335,-81.8078635,28:70:4e:d0:88:31,-67,5745,150,Bermuda Guest WIFI,pole 08
20251022_041815,26.673489833333335,-81.8078635,28:70:4e:d0:89:21,-72,5200,41,Bermuda Guest WIFI,pole 01 S
20251022_041815,26.673489833333335,-81.8078635,2e:70:4e:d0:89:21,-72,5200,41,Bermuda,pole 01 S
20251022_041815,26.673489833333335,-81.8078635,28:70:4e:dd:d3:20,-76,5785,158,Bermuda Guest WIFI,pole 01 NE
20251022_041815,26.673489833333335,-81.8078635,2e:70:4e:dd:d3:20,-76,5785,158,Bermuda,pole 01 NE
20251022_041815,26.673489833333335,-81.8078635,28:70:4e:d0:86:3e,-77,2462,11,Bermuda,pole 09
20251022_041815,26.673489833333335,-81.8078635,28:70:4e:d0:89:06,-77,5805,162,Bermuda Guest WIFI,pole 06
20251022_041815,26.673489833333335,-81.8078635,2e:70:4e:d0:89:06,-77,5805,162,Bermuda,pole 06
20251022_041815,26.673489833333335,-81.8078635,2e:70:4e:d0:86:3e,-78,2462,11,Bermuda Guest WIFI,pole 09
20251022_041815,26.673489833333335,-81.8078635,2e:70:4e:d0:88:a9,-83,5745,150,Bermuda,pole 04
20251022_041815,26.673489833333335,-81.8078635,28:70:4e:d0:88:a9,-84,5745,150,Bermuda Guest WIFI,pole 04
20251022_041815,26.673571666666668,-81.807906,2e:70:4e:d0:87:dd,-59,5220,45,Bermuda,pole 07
20251022_041815,26.673571666666668,-81.807906,28:70:4e:d0:87:dd,-60,5220,45,Bermuda Guest WIFI,pole 07
20251022_041815,26.673571666666668,-81.807906,28:70:4e:d0:86:3f,-66,5180,37,Bermuda,pole 09
20251022_041815,26.673571666666668,-81.807906,2e:70:4e:d0:86:3f,-66,5180,37,Bermuda Guest WIFI,pole 09
20251022_041815,26.673571666666668,-81.807906,28:70:4e:d0:88:f7,-67,5240,49,Bermuda Guest WIFI,pole 02 E
20251022_041815,26.673571666666668,-81.807906,28:70:4e:d0:88:31,-67,5745,150,Bermuda Guest WIFI,pole 08
20251022_041815,26.673571666666668,-81.807906,62:22:32:16:00:d3,-71,5240,49,Bermuda,laundry2
20251022_041815,26.673571666666668,-81.807906,60:22:32:16:00:d3,-72,5240,49,Bermuda Guest WIFI,laundry2
20251022_041815,26.673571666666668,-81.807906,28:70:4e:d0:86:3e,-79,2462,11,Bermuda,pole 09
20251022_041815,26.673571666666668,-81.807906,2e:70:4e:d0:86:3e,-79,2462,11,Bermuda Guest WIFI,pole 09
20251022_041815,26.673571666666668,-81.807906,02:17:1a:c5:b9:29,-79,2462,11,Pvt.WFR_Denali.6464,Unknown
20251022_041815,26.673571666666668,-81.807906,02:fe:5d:bd:16:be,-83,2452,9,Pvt.WFR_Everest.6190,Unknown
20251022_041815,26.6736275,-81.80791283333333,28:70:4e:d0:87:dd,-51,5220,45,Bermuda Guest WIFI,pole 07
20251022_041815,26.6736275,-81.80791283333333,2e:70:4e:d0:87:dd,-51,5220,45,Bermuda,pole 07
20251022_041815,26.6736275,-81.80791283333333,28:70:4e:d0:86:3f,-66,5180,37,Bermuda,pole 09
20251022_041815,26.6736275,-81.80791283333333,2e:70:4e:d0:86:3f,-66,5180,37,Bermuda Guest WIFI,pole 09
20251022_041815,26.6736275,-81.80791283333333,02:17:1a:c5:b9:29,-69,2462,11,Pvt.WFR_Denali.6464,Unknown
20251022_041815,26.6736275,-81.80791283333333,60:22:32:16:00:d3,-72,5240,49,Bermuda Guest WIFI,laundry2
20251022_041815,26.6736275,-81.80791283333333,62:22:32:16:00:d3,-72,5240,49,Bermuda,laundry2
20251022_041815,26.6736275,-81.80791283333333,06:1e:57:91:f3:66,-72,2437,6,Newmar6469,Unknown
20251022_041815,26.6736275,-81.80791283333333,28:70:4e:d0:86:3e,-76,2462,11,Bermuda,pole 09
20251022_041815,26.6736275,-81.80791283333333,2e:70:4e:d0:86:3e,-76,2462,11,Bermuda Guest WIFI,pole 09
20251022_041815,26.6736275,-81.80791283333333,2e:70:4e:d0:89:0c,-76,5220,45,Bermuda,pole 10
20251022_041815,26.6736275,-81.80791283333333,02:fe:5d:bd:16:be,-83,2452,9,Pvt.WFR_Everest.6190,Unknown
20251022_042005,26.673847333333335,-81.8079325,28:70:4e:d0:87:dd,-63,5220,45,Bermuda Guest WIFI,pole 07
20251022_042005,26.673847333333335,-81.8079325,2e:70:4e:d0:87:dd,-63,5220,45,Bermuda,pole 07
20251022_042005,26.673847333333335,-81.8079325,02:17:1a:c5:b9:29,-68,2462,11,Pvt.WFR_Denali.6464,Unknown
20251022_042005,26.673847333333335,-81.8079325,2e:70:4e:d0:88:31,-73,5745,150,Bermuda,pole 08
20251022_042005,26.673847333333335,-81.8079325,28:70:4e:d0:88:31,-74,5745,150,Bermuda Guest WIFI,pole 08
20251022_042005,26.673847333333335,-81.8079325,28:70:4e:d0:86:3e,-77,2462,11,Bermuda,pole 09
20251022_042005,26.673847333333335,-81.8079325,d2:34:2d:29:01:f6,-78,2412,1,STARLINK,Unknown
20251022_042005,26.673847333333335,-81.8079325,02:1e:57:91:f3:66,-79,2437,6,Biggie_Rolls,Unknown
20251022_042005,26.673847333333335,-81.8079325,02:1e:57:91:f3:67,-85,5805,162,Biggie_Rolls.5GHz,Unknown
20251022_042005,26.673847333333335,-81.8079325,2e:70:4e:d0:86:c3,-85,5765,154,Bermuda,pole 12 W
20251022_042005,26.673848333333332,-81.80793066666666,28:70:4e:d0:87:dd,-63,5220,45,Bermuda Guest WIFI,pole 07
20251022_042005,26.673848333333332,-81.80793066666666,2e:70:4e:d0:87:dd,-63,5220,45,Bermuda,pole 07
20251022_042005,26.673848333333332,-81.80793066666666,2e:70:4e:d0:88:f7,-65,5240,49,Bermuda,pole 02 E
20251022_042005,26.673848333333332,-81.80793066666666,28:70:4e:d0:88:f7,-66,5240,49,Bermuda Guest WIFI,pole 02 E
20251022_042005,26.673848333333332,-81.80793066666666,2e:70:4e:d0:89:21,-70,5200,41,Bermuda,pole 01 S
20251022_042005,26.673848333333332,-81.80793066666666,2e:70:4e:d0:89:0c,-71,5220,45,Bermuda,pole 10
20251022_042005,26.673848333333332,-81.80793066666666,02:17:1a:c5:b9:29,-72,2462,11,Pvt.WFR_Denali.6464,Unknown
20251022_042005,26.673848333333332,-81.80793066666666,28:70:4e:d0:89:0c,-72,5220,45,Bermuda Guest WIFI,pole 10
20251022_042005,26.673848333333332,-81.80793066666666,2e:70:4e:d0:88:31,-73,5745,150,Bermuda,pole 08
20251022_042005,26.673848333333332,-81.80793066666666,28:70:4e:d0:88:31,-74,5745,150,Bermuda Guest WIFI,pole 08
20251022_042005,26.673848333333332,-81.80793066666666,28:70:4e:d0:86:3e,-76,2462,11,Bermuda,pole 09
20251022_042005,26.673848333333332,-81.80793066666666,d2:34:2d:29:01:f6,-78,2412,1,STARLINK,Unknown
20251022_042005,26.673848333333332,-81.80793066666666,02:1e:57:91:f3:66,-79,2437,6,Biggie_Rolls,Unknown
20251022_042005,26.673848333333332,-81.80793066666666,06:5e:3c:23:32:d6,-82,2452,9,Newmar6191,Unknown
20251022_042005,26.673848333333332,-81.80793066666666,02:fe:5d:bd:16:be,-84,2452,9,Pvt.WFR_Everest.6190,Unknown
20251022_042005,26.673848333333332,-81.80793066666666,02:5e:3c:23:32:d6,-84,2452,9,NACHO WIFI,Unknown
20251022_042005,26.673848333333332,-81.80793066666666,02:1e:57:91:f3:67,-85,5805,162,Biggie_Rolls.5GHz,Unknown
20251022_042005,26.673848333333332,-81.80793066666666,2e:70:4e:d0:86:c3,-85,5765,154,Bermuda,pole 12 W
20251022_042005,26.673848333333332,-81.80793066666666,d2:34:2d:49:01:f6,-85,5805,162,STARLINK,Unknown
20251022_042005,26.673845166666666,-81.80794716666666,28:70:4e:d0:87:dd,-63,5220,45,Bermuda Guest WIFI,pole 07
20251022_042005,26.673845166666666,-81.80794716666666,2e:70:4e:d0:87:dd,-63,5220,45,Bermuda,pole 07
20251022_042005,26.673845166666666,-81.80794716666666,2e:70:4e:d0:88:f7,-65,5240,49,Bermuda,pole 02 E
20251022_042005,26.673845166666666,-81.80794716666666,28:70:4e:d0:88:f7,-66,5240,49,Bermuda Guest WIFI,pole 02 E
20251022_042005,26.673845166666666,-81.80794716666666,2e:70:4e:d0:86:3f,-66,5180,37,Bermuda Guest WIFI,pole 09
20251022_042005,26.673845166666666,-81.80794716666666,28:70:4e:d0:86:3f,-67,5180,37,Bermuda,pole 09
20251022_042005,26.673845166666666,-81.80794716666666,28:70:4e:d0:89:0c,-70,5220,45,Bermuda Guest WIFI,pole 10
20251022_042005,26.673845166666666,-81.80794716666666,2e:70:4e:d0:89:0c,-70,5220,45,Bermuda,pole 10
20251022_042005,26.673845166666666,-81.80794716666666,2e:70:4e:d0:89:21,-70,5200,41,Bermuda,pole 01 S
20251022_042005,26.673845166666666,-81.80794716666666,02:17:1a:c5:b9:29,-74,2462,11,Pvt.WFR_Denali.6464,Unknown
20251022_042005,26.673845166666666,-81.80794716666666,02:1e:57:91:f3:66,-75,2437,6,Biggie_Rolls,Unknown
20251022_042005,26.673845166666666,-81.80794716666666,d2:34:2d:29:01:f6,-76,2412,1,STARLINK,Unknown
20251022_042005,26.673845166666666,-81.80794716666666,06:1e:57:91:f3:66,-76,2437,6,Newmar6469,Unknown
20251022_042005,26.673845166666666,-81.80794716666666,28:70:4e:d0:86:3e,-77,2462,11,Bermuda,pole 09
20251022_042005,26.673845166666666,-81.80794716666666,06:5e:3c:23:32:d6,-82,2452,9,Newmar6191,Unknown
20251022_042005,26.673845166666666,-81.80794716666666,02:fe:5d:bd:16:be,-84,2452,9,Pvt.WFR_Everest.6190,Unknown
20251022_042005,26.673845166666666,-81.80794716666666,02:5e:3c:23:32:d6,-84,2452,9,NACHO WIFI,Unknown
20251022_042005,26.673845166666666,-81.80794716666666,d2:34:2d:49:01:f6,-85,5805,162,STARLINK,Unknown
20251022_042005,26.6738585,-81.807936,28:70:4e:d0:87:dd,-63,5220,45,Bermuda Guest WIFI,pole 07
20251022_042005,26.6738585,-81.807936,2e:70:4e:d0:87:dd,-63,5220,45,Bermuda,pole 07
20251022_042005,26.6738585,-81.807936,2e:70:4e:d0:88:f7,-65,5240,49,Bermuda,pole 02 E
20251022_042005,26.6738585,-81.807936,28:70:4e:d0:88:f7,-66,5240,49,Bermuda Guest WIFI,pole 02 E
20251022_042005,26.6738585,-81.807936,2e:70:4e:d0:86:3f,-66,5180,37,Bermuda Guest WIFI,pole 09
20251022_042005,26.6738585,-81.807936,28:70:4e:d0:86:3f,-67,5180,37,Bermuda,pole 09
20251022_042005,26.6738585,-81.807936,28:70:4e:d0:89:0c,-70,5220,45,Bermuda Guest WIFI,pole 10
20251022_042005,26.6738585,-81.807936,2e:70:4e:d0:89:21,-70,5200,41,Bermuda,pole 01 S
20251022_042005,26.6738585,-81.807936,02:17:1a:c5:b9:29,-73,2462,11,Pvt.WFR_Denali.6464,Unknown
20251022_042005,26.6738585,-81.807936,2e:70:4e:d0:89:0c,-73,5220,45,Bermuda,pole 10
20251022_042005,26.6738585,-81.807936,02:1e:57:91:f3:66,-75,2437,6,Biggie_Rolls,Unknown
20251022_042005,26.6738585,-81.807936,28:70:4e:d0:86:3e,-76,2462,11,Bermuda,pole 09
20251022_042005,26.6738585,-81.807936,06:1e:57:91:f3:66,-76,2437,6,Newmar6469,Unknown
20251022_042005,26.6738585,-81.807936,d2:34:2d:29:01:f6,-77,2412,1,STARLINK,Unknown
20251022_042005,26.6738585,-81.807936,28:70:4e:d0:88:a9,-84,5745,150,Bermuda Guest WIFI,pole 04
20251022_042005,26.6738585,-81.807936,2e:70:4e:d0:88:a9,-84,5745,150,Bermuda,pole 04
20251022_042005,26.6738585,-81.807936,d2:34:2d:49:01:f6,-89,5805,162,STARLINK,Unknown
20251022_042323,26.674380666666668,-81.80792766666667,2e:70:4e:d0:88:f7,-57,5240,49,Bermuda,pole 02 E
20251022_042323,26.674380666666668,-81.80792766666667,28:70:4e:d0:88:f7,-65,5240,49,Bermuda Guest WIFI,pole 02 E
20251022_042323,26.674380666666668,-81.80792766666667,28:70:4e:d2:8b:2e,-67,5220,45,Bermuda Guest WIFI,pole 02 N
20251022_042323,26.674380666666668,-81.80792766666667,2e:70:4e:d2:8b:2e,-67,5220,45,Bermuda,pole 02 N
20251022_042323,26.674380666666668,-81.80792766666667,2e:70:4e:d0:89:0c,-72,5220,45,Bermuda,pole 10
20251022_042323,26.674380666666668,-81.80792766666667,28:70:4e:d0:89:21,-72,5200,41,Bermuda Guest WIFI,pole 01 S
20251022_042323,26.674380666666668,-81.80792766666667,2e:70:4e:d0:89:21,-72,5200,41,Bermuda,pole 01 S
20251022_042323,26.674380666666668,-81.80792766666667,02:17:1a:c5:b9:29,-73,2462,11,Pvt.WFR_Denali.6464,Unknown
20251022_042323,26.674380666666668,-81.80792766666667,28:70:4e:dd:d3:20,-73,5785,158,Bermuda Guest WIFI,pole 01 NE
20251022_042323,26.674380666666668,-81.80792766666667,2e:70:4e:dd:d3:20,-73,5785,158,Bermuda,pole 01 NE
20251022_042323,26.674380666666668,-81.80792766666667,28:70:4e:d0:89:0c,-73,5220,45,Bermuda Guest WIFI,pole 10
20251022_042323,26.674380666666668,-81.80792766666667,28:70:4e:d0:87:62,-74,5240,49,Bermuda Guest WIFI,pole 22 NW
20251022_042323,26.674380666666668,-81.80792766666667,2e:70:4e:d0:87:62,-75,5240,49,Bermuda,pole 22 NW
20251022_042323,26.674380666666668,-81.80792766666667,28:70:4e:d0:88:fa,-77,5765,154,Bermuda Guest WIFI,pole 11
20251022_042323,26.674380666666668,-81.80792766666667,2e:70:4e:d0:88:fa,-77,5765,154,Bermuda,pole 11
20251022_042323,26.674380666666668,-81.80792766666667,2e:70:4e:d0:89:06,-78,5805,162,Bermuda,pole 06
20251022_042323,26.674380666666668,-81.80792766666667,2e:70:4e:d0:88:a9,-78,5745,150,Bermuda,pole 04
20251022_042323,26.674380666666668,-81.80792766666667,28:70:4e:d0:89:06,-79,5805,162,Bermuda Guest WIFI,pole 06
20251022_042323,26.674380666666668,-81.80792766666667,28:70:4e:d0:88:a9,-79,5745,150,Bermuda Guest WIFI,pole 04
20251022_042323,26.674380666666668,-81.80792766666667,06:1e:57:91:f3:66,-80,2437,6,Newmar6469,Unknown
20251022_042323,26.674380666666668,-81.80792766666667,02:1e:57:91:f3:66,-81,2437,6,Biggie_Rolls,Unknown
20251022_042323,26.674380666666668,-81.80792766666667,2e:70:4e:d0:88:31,-81,5745,150,Bermuda,pole 08
20251022_042323,26.674380666666668,-81.80792766666667,2e:70:4e:d3:d3:89,-81,5785,158,Bermuda,pole 22 SW
20251022_042323,26.674380666666668,-81.80792766666667,28:70:4e:d0:8d:35,-81,5180,37,Bermuda Guest WIFI,pole 20
20251022_042323,26.674380666666668,-81.80792766666667,28:70:4e:d0:88:31,-82,5745,150,Bermuda Guest WIFI,pole 08
20251022_042323,26.674380666666668,-81.80792766666667,d2:34:2d:29:01:f6,-82,2412,1,STARLINK,Unknown
20251022_042323,26.674380666666668,-81.80792766666667,28:70:4e:d3:d3:89,-82,5785,158,Bermuda Guest WIFI,pole 22 SW
20251022_042323,26.674380666666668,-81.80792766666667,02:1e:57:91:f3:67,-83,5805,162,Biggie_Rolls.5GHz,Unknown
20251022_042323,26.674380666666668,-81.80792766666667,02:5e:3c:23:32:d6,-83,2452,9,NACHO WIFI,Unknown
20251022_042323,26.674380666666668,-81.80792766666667,06:5e:3c:23:32:d6,-85,2452,9,Newmar6191,Unknown
20251022_042323,26.674380666666668,-81.80792766666667,28:70:4e:d2:92:ab,-85,5745,150,Bermuda Guest WIFI,pole 12 N
20251022_042323,26.674380666666668,-81.80792766666667,2e:70:4e:d2:92:ab,-85,5745,150,Bermuda,pole 12 N
20251022_042323,26.674380666666668,-81.80792766666667,28:70:4e:d0:86:c3,-85,5765,154,Bermuda Guest WIFI,pole 12 W
20251022_042323,26.674413666666666,-81.80794233333333,28:70:4e:d0:88:f7,-65,5240,49,Bermuda Guest WIFI,pole 02 E
20251022_042323,26.674413666666666,-81.80794233333333,2e:70:4e:d0:88:f7,-65,5240,49,Bermuda,pole 02 E
20251022_042323,26.674413666666666,-81.80794233333333,28:70:4e:d2:8b:2e,-67,5220,45,Bermuda Guest WIFI,pole 02 N
20251022_042323,26.674413666666666,-81.80794233333333,2e:70:4e:d2:8b:2e,-67,5220,45,Bermuda,pole 02 N
20251022_042323,26.674413666666666,-81.80794233333333,2e:70:4e:d0:89:0c,-72,5220,45,Bermuda,pole 10
20251022_042323,26.674413666666666,-81.80794233333333,28:70:4e:d0:89:21,-72,5200,41,Bermuda Guest WIFI,pole 01 S
20251022_042323,26.674413666666666,-81.80794233333333,2e:70:4e:d0:89:21,-72,5200,41,Bermuda,pole 01 S
20251022_042323,26.674413666666666,-81.80794233333333,02:17:1a:c5:b9:29,-73,2462,11,Pvt.WFR_Denali.6464,Unknown
20251022_042323,26.674413666666666,-81.80794233333333,28:70:4e:d0:89:0c,-73,5220,45,Bermuda Guest WIFI,pole 10
20251022_042323,26.674413666666666,-81.80794233333333,28:70:4e:d0:87:62,-74,5240,49,Bermuda Guest WIFI,pole 22 NW
20251022_042323,26.674413666666666,-81.80794233333333,d2:34:2d:29:01:f6,-75,2412,1,STARLINK,Unknown
20251022_042323,26.674413666666666,-81.80794233333333,2e:70:4e:d0:87:62,-75,5240,49,Bermuda,pole 22 NW
20251022_042323,26.674413666666666,-81.80794233333333,28:70:4e:d0:88:fa,-77,5765,154,Bermuda Guest WIFI,pole 11
20251022_042323,26.674413666666666,-81.80794233333333,2e:70:4e:d0:88:fa,-77,5765,154,Bermuda,pole 11
20251022_042323,26.674413666666666,-81.80794233333333,2e:70:4e:d0:89:06,-78,5805,162,Bermuda,pole 06
20251022_042323,26.674413666666666,-81.80794233333333,2e:70:4e:d0:88:a9,-78,5745,150,Bermuda,pole 04
20251022_042323,26.674413666666666,-81.80794233333333,02:5e:3c:23:32:d6,-79,2452,9,NACHO WIFI,Unknown
20251022_042323,26.674413666666666,-81.80794233333333,06:5e:3c:23:32:d6,-79,2452,9,Newmar6191,Unknown
20251022_042323,26.674413666666666,-81.80794233333333,28:70:4e:d0:89:06,-79,5805,162,Bermuda Guest WIFI,pole 06
20251022_042323,26.674413666666666,-81.80794233333333,28:70:4e:d0:88:a9,-79,5745,150,Bermuda Guest WIFI,pole 04
20251022_042323,26.674413666666666,-81.80794233333333,06:1e:57:91:f3:66,-80,2437,6,Newmar6469,Unknown
20251022_042323,26.674413666666666,-81.80794233333333,02:1e:57:91:f3:66,-81,2437,6,Biggie_Rolls,Unknown
20251022_042323,26.674413666666666,-81.80794233333333,2e:70:4e:d0:88:31,-81,5745,150,Bermuda,pole 08
20251022_042323,26.674413666666666,-81.80794233333333,2e:70:4e:d3:d3:89,-81,5785,158,Bermuda,pole 22 SW
20251022_042323,26.674413666666666,-81.80794233333333,28:70:4e:dd:d3:20,-81,5785,158,Bermuda Guest WIFI,pole 01 NE
20251022_042323,26.674413666666666,-81.80794233333333,2e:70:4e:dd:d3:20,-81,5785,158,Bermuda,pole 01 NE
20251022_042323,26.674413666666666,-81.80794233333333,28:70:4e:d0:8d:35,-81,5180,37,Bermuda Guest WIFI,pole 20
20251022_042323,26.674413666666666,-81.80794233333333,02:fe:5d:bd:16:be,-81,2452,9,Pvt.WFR_Everest.6190,Unknown
20251022_042323,26.674413666666666,-81.80794233333333,28:70:4e:d0:88:31,-82,5745,150,Bermuda Guest WIFI,pole 08
20251022_042323,26.674413666666666,-81.80794233333333,02:1e:57:91:f3:67,-83,5805,162,Biggie_Rolls.5GHz,Unknown
20251022_042323,26.674413666666666,-81.80794233333333,28:70:4e:d2:92:ab,-85,5745,150,Bermuda Guest WIFI,pole 12 N
20251022_042323,26.674413666666666,-81.80794233333333,2e:70:4e:d2:92:ab,-85,5745,150,Bermuda,pole 12 N
20251022_042323,26.674413666666666,-81.80794233333333,28:70:4e:d3:d3:89,-85,5785,158,Bermuda Guest WIFI,pole 22 SW
20251022_042323,26.674413666666666,-81.80794233333333,28:70:4e:d0:86:c3,-85,5765,154,Bermuda Guest WIFI,pole 12 W
20251022_042323,26.674413666666666,-81.80794233333333,d2:34:2d:49:01:f6,-85,5805,162,STARLINK,Unknown
20251022_042323,26.674380833333334,-81.80791166666667,28:70:4e:d0:88:f7,-65,5240,49,Bermuda Guest WIFI,pole 02 E
20251022_042323,26.674380833333334,-81.80791166666667,2e:70:4e:d0:88:f7,-65,5240,49,Bermuda,pole 02 E
20251022_042323,26.674380833333334,-81.80791166666667,02:17:1a:c5:b9:29,-76,2462,11,Pvt.WFR_Denali.6464,Unknown
20251022_042323,26.674380833333334,-81.80791166666667,d2:34:2d:29:01:f6,-76,2412,1,STARLINK,Unknown
20251022_042323,26.674380833333334,-81.80791166666667,2e:70:4e:d0:88:a9,-78,5745,150,Bermuda,pole 04
20251022_042323,26.674380833333334,-81.80791166666667,02:5e:3c:23:32:d6,-79,2452,9,NACHO WIFI,Unknown
20251022_042323,26.674380833333334,-81.80791166666667,06:5e:3c:23:32:d6,-79,2452,9,Newmar6191,Unknown
20251022_042323,26.674380833333334,-81.80791166666667,28:70:4e:d0:88:a9,-79,5745,150,Bermuda Guest WIFI,pole 04
20251022_042323,26.674380833333334,-81.80791166666667,2e:70:4e:d0:88:31,-81,5745,150,Bermuda,pole 08
20251022_042323,26.674380833333334,-81.80791166666667,02:fe:5d:bd:16:be,-81,2452,9,Pvt.WFR_Everest.6190,Unknown
20251022_042323,26.674380833333334,-81.80791166666667,28:70:4e:d0:88:31,-82,5745,150,Bermuda Guest WIFI,pole 08
20251022_042323,26.674380833333334,-81.80791166666667,28:70:4e:dd:d3:20,-82,5785,158,Bermuda Guest WIFI,pole 01 NE
20251022_042323,26.674380833333334,-81.80791166666667,2e:70:4e:dd:d3:20,-82,5785,158,Bermuda,pole 01 NE
20251022_042323,26.674380833333334,-81.80791166666667,02:1e:57:91:f3:67,-83,5805,162,Biggie_Rolls.5GHz,Unknown
20251022_042323,26.674380833333334,-81.80791166666667,28:70:4e:d3:d3:89,-85,5785,158,Bermuda Guest WIFI,pole 22 SW
20251022_042323,26.674380833333334,-81.80791166666667,d2:34:2d:49:01:f6,-85,5805,162,STARLINK,Unknown
20251022_042323,26.6743645,-81.8079045,28:70:4e:d0:88:f7,-64,5240,49,Bermuda Guest WIFI,pole 02 E
20251022_042323,26.6743645,-81.8079045,2e:70:4e:d0:88:f7,-64,5240,49,Bermuda,pole 02 E
20251022_042323,26.6743645,-81.8079045,28:70:4e:d0:87:62,-73,5240,49,Bermuda Guest WIFI,pole 22 NW
20251022_042323,26.6743645,-81.8079045,2e:70:4e:d0:87:62,-74,5240,49,Bermuda,pole 22 NW
20251022_042323,26.6743645,-81.8079045,02:17:1a:c5:b9:29,-76,2462,11,Pvt.WFR_Denali.6464,Unknown
20251022_042323,26.6743645,-81.8079045,d2:34:2d:29:01:f6,-76,2412,1,STARLINK,Unknown
20251022_042323,26.6743645,-81.8079045,06:5e:3c:23:32:d6,-76,2452,9,Newmar6191,Unknown
20251022_042323,26.6743645,-81.8079045,02:fe:5d:bd:16:be,-77,2452,9,Pvt.WFR_Everest.6190,Unknown
20251022_042323,26.6743645,-81.8079045,02:5e:3c:23:32:d6,-79,2452,9,NACHO WIFI,Unknown
20251022_042323,26.6743645,-81.8079045,28:70:4e:dd:d3:20,-82,5785,158,Bermuda Guest WIFI,pole 01 NE
20251022_042323,26.6743645,-81.8079045,2e:70:4e:dd:d3:20,-82,5785,158,Bermuda,pole 01 NE
20251022_042323,26.6743645,-81.8079045,02:17:1a:c6:76:f1,-82,2462,11,Pvt.WFR_Denali.6740,Unknown
20251022_042323,26.6743645,-81.8079045,28:70:4e:d0:89:06,-82,5805,162,Bermuda Guest WIFI,pole 06
20251022_042323,26.6743645,-81.8079045,2e:70:4e:d0:89:06,-82,5805,162,Bermuda,pole 06
20251022_042323,26.6743645,-81.8079045,28:70:4e:d0:88:fa,-82,5765,154,Bermuda Guest WIFI,pole 11
20251022_042323,26.6743645,-81.8079045,2e:70:4e:d0:88:fa,-83,5765,154,Bermuda,pole 11
20251022_042323,26.6743645,-81.8079045,28:70:4e:d3:d3:89,-85,5785,158,Bermuda Guest WIFI,pole 22 SW
20251022_042323,26.6743645,-81.8079045,d2:34:2d:49:01:f6,-85,5805,162,STARLINK,Unknown
2025-10-22T04:24:30.443132+00:00,26.674432166666666,-81.807968,2e:70:4e:d0:88:f7,-62,5240,49,Bermuda,pole 02 E
2025-10-22T04:24:30.443132+00:00,26.674432166666666,-81.807968,28:70:4e:d0:88:f7,-62,5240,49,Bermuda Guest WIFI,pole 02 E
2025-10-22T04:24:30.443132+00:00,26.674432166666666,-81.807968,02:17:1a:c5:b9:29,-72,2462,11,Pvt.WFR_Denali.6464,Unknown
2025-10-22T04:24:30.443132+00:00,26.674432166666666,-81.807968,d2:34:2d:29:01:f6,-79,2412,1,STARLINK,Unknown
2025-10-22T04:24:30.443132+00:00,26.674432166666666,-81.807968,02:1e:57:91:f3:66,-79,2437,6,Biggie_Rolls,Unknown
2025-10-22T04:24:30.443132+00:00,26.674432166666666,-81.807968,06:1e:57:91:f3:66,-81,2437,6,Newmar6469,Unknown
2025-10-22T04:24:30.443132+00:00,26.674432166666666,-81.807968,02:17:1a:c5:b9:28,-82,5745,150,Pvt.WFR_Denali.5GHz.6464,Unknown
2025-10-22T04:24:30.443132+00:00,26.674432166666666,-81.807968,28:70:4e:d3:d3:89,-83,5785,158,Bermuda Guest WIFI,pole 22 SW
2025-10-22T04:24:30.443132+00:00,26.674432166666666,-81.807968,2e:70:4e:d3:d3:89,-83,5785,158,Bermuda,pole 22 SW
2025-10-22T04:24:30.443132+00:00,26.674432166666666,-81.807968,02:1e:57:91:f3:67,-84,5805,162,Biggie_Rolls.5GHz,Unknown
2025-10-22T04:24:30.443132+00:00,26.674507666666667,-81.8079885,28:70:4e:d0:88:f7,-54,5240,49,Bermuda Guest WIFI,pole 02 E
2025-10-22T04:24:30.443132+00:00,26.674507666666667,-81.8079885,2e:70:4e:d0:88:f7,-58,5240,49,Bermuda,pole 02 E
2025-10-22T04:24:30.443132+00:00,26.674507666666667,-81.8079885,02:fe:5d:bd:16:be,-72,2452,9,Pvt.WFR_Everest.6190,Unknown
2025-10-22T04:24:30.443132+00:00,26.674507666666667,-81.8079885,06:5e:3c:23:32:d6,-73,2452,9,Newmar6191,Unknown
2025-10-22T04:24:30.443132+00:00,26.674507666666667,-81.8079885,02:5e:3c:23:32:d6,-76,2452,9,NACHO WIFI,Unknown
2025-10-22T04:24:30.443132+00:00,26.674507666666667,-81.8079885,28:70:4e:dd:d3:20,-76,5785,158,Bermuda Guest WIFI,pole 01 NE
2025-10-22T04:24:30.443132+00:00,26.674507666666667,-81.8079885,2e:70:4e:dd:d3:20,-76,5785,158,Bermuda,pole 01 NE
2025-10-22T04:24:30.443132+00:00,26.674507666666667,-81.8079885,02:1e:57:91:f3:66,-77,2437,6,Biggie_Rolls,Unknown
2025-10-22T04:24:30.443132+00:00,26.674507666666667,-81.8079885,06:1e:57:91:f3:66,-78,2437,6,Newmar6469,Unknown
2025-10-22T04:24:30.443132+00:00,26.674507666666667,-81.8079885,d2:34:2d:29:01:f6,-79,2412,1,STARLINK,Unknown
2025-10-22T04:24:30.443132+00:00,26.674507666666667,-81.8079885,02:1e:57:91:f3:67,-79,5805,162,Biggie_Rolls.5GHz,Unknown
2025-10-22T04:24:30.443132+00:00,26.674507666666667,-81.8079885,02:17:1a:c5:b9:29,-80,2462,11,Pvt.WFR_Denali.6464,Unknown
2025-10-22T04:24:30.443132+00:00,26.674507666666667,-81.8079885,02:17:1a:c5:b9:28,-82,5745,150,Pvt.WFR_Denali.5GHz.6464,Unknown
2025-10-22T04:24:30.443132+00:00,26.674507666666667,-81.8079885,28:70:4e:d3:d3:89,-83,5785,158,Bermuda Guest WIFI,pole 22 SW
2025-10-22T04:24:30.443132+00:00,26.674507666666667,-81.8079885,2e:70:4e:d3:d3:89,-83,5785,158,Bermuda,pole 22 SW
2025-10-22T04:24:30.443132+00:00,26.674507666666667,-81.8079885,28:70:4e:d2:92:ab,-84,5745,150,Bermuda Guest WIFI,pole 12 N
2025-10-22T04:24:30.443132+00:00,26.674507666666667,-81.8079885,2e:70:4e:d2:92:ab,-86,5745,150,Bermuda,pole 12 N
2025-10-22T04:24:30.443132+00:00,26.674586666666666,-81.807998,28:70:4e:d0:88:f7,-54,5240,49,Bermuda Guest WIFI,pole 02 E
2025-10-22T04:24:30.443132+00:00,26.674586666666666,-81.807998,2e:70:4e:d0:88:f7,-56,5240,49,Bermuda,pole 02 E
2025-10-22T04:24:30.443132+00:00,26.674586666666666,-81.807998,02:fe:5d:bd:16:be,-72,2452,9,Pvt.WFR_Everest.6190,Unknown
2025-10-22T04:24:30.443132+00:00,26.674586666666666,-81.807998,06:5e:3c:23:32:d6,-73,2452,9,Newmar6191,Unknown
2025-10-22T04:24:30.443132+00:00,26.674586666666666,-81.807998,2e:70:4e:d0:89:0c,-75,5220,45,Bermuda,pole 10
2025-10-22T04:24:30.443132+00:00,26.674586666666666,-81.807998,02:5e:3c:23:32:d6,-76,2452,9,NACHO WIFI,Unknown
2025-10-22T04:24:30.443132+00:00,26.674586666666666,-81.807998,28:70:4e:dd:d3:20,-76,5785,158,Bermuda Guest WIFI,pole 01 NE
2025-10-22T04:24:30.443132+00:00,26.674586666666666,-81.807998,2e:70:4e:dd:d3:20,-76,5785,158,Bermuda,pole 01 NE
2025-10-22T04:24:30.443132+00:00,26.674586666666666,-81.807998,02:1e:57:91:f3:66,-77,2437,6,Biggie_Rolls,Unknown
2025-10-22T04:24:30.443132+00:00,26.674586666666666,-81.807998,06:1e:57:91:f3:66,-78,2437,6,Newmar6469,Unknown
2025-10-22T04:24:30.443132+00:00,26.674586666666666,-81.807998,02:17:1a:c5:b9:29,-80,2462,11,Pvt.WFR_Denali.6464,Unknown
2025-10-22T04:24:30.443132+00:00,26.674586666666666,-81.807998,02:1e:57:91:f3:67,-80,5805,162,Biggie_Rolls.5GHz,Unknown
2025-10-22T04:24:30.443132+00:00,26.674586666666666,-81.807998,d2:34:2d:29:01:f6,-82,2412,1,STARLINK,Unknown
2025-10-22T04:24:30.443132+00:00,26.674586666666666,-81.807998,02:17:1a:c5:b9:28,-82,5745,150,Pvt.WFR_Denali.5GHz.6464,Unknown
2025-10-22T04:24:30.443132+00:00,26.674586666666666,-81.807998,28:70:4e:d3:d3:89,-83,5785,158,Bermuda Guest WIFI,pole 22 SW
2025-10-22T04:24:30.443132+00:00,26.674586666666666,-81.807998,2e:70:4e:d3:d3:89,-83,5785,158,Bermuda,pole 22 SW
2025-10-22T04:24:30.443132+00:00,26.674586666666666,-81.807998,28:70:4e:d2:92:ab,-84,5745,150,Bermuda Guest WIFI,pole 12 N
2025-10-22T04:24:30.443132+00:00,26.674586666666666,-81.807998,2e:70:4e:d2:92:ab,-86,5745,150,Bermuda,pole 12 N
2025-10-22T04:24:30.443132+00:00,26.674618,-81.80798933333334,28:70:4e:d0:88:f7,-54,5240,49,Bermuda Guest WIFI,pole 02 E
2025-10-22T04:24:30.443132+00:00,26.674618,-81.80798933333334,28:70:4e:d2:8b:2e,-54,5220,45,Bermuda Guest WIFI,pole 02 N
2025-10-22T04:24:30.443132+00:00,26.674618,-81.80798933333334,2e:70:4e:d2:8b:2e,-54,5220,45,Bermuda,pole 02 N
2025-10-22T04:24:30.443132+00:00,26.674618,-81.80798933333334,2e:70:4e:d0:88:f7,-56,5240,49,Bermuda,pole 02 E
2025-10-22T04:24:30.443132+00:00,26.674618,-81.80798933333334,28:70:4e:d0:89:21,-65,5200,41,Bermuda Guest WIFI,pole 01 S
2025-10-22T04:24:30.443132+00:00,26.674618,-81.80798933333334,2e:70:4e:d0:89:21,-65,5200,41,Bermuda,pole 01 S
2025-10-22T04:24:30.443132+00:00,26.674618,-81.80798933333334,06:5e:3c:23:32:d6,-73,2452,9,Newmar6191,Unknown
2025-10-22T04:24:30.443132+00:00,26.674618,-81.80798933333334,2e:70:4e:d0:89:0c,-75,5220,45,Bermuda,pole 10
2025-10-22T04:24:30.443132+00:00,26.674618,-81.80798933333334,02:5e:3c:23:32:d6,-76,2452,9,NACHO WIFI,Unknown
2025-10-22T04:24:30.443132+00:00,26.674618,-81.80798933333334,28:70:4e:dd:d3:20,-76,5785,158,Bermuda Guest WIFI,pole 01 NE
2025-10-22T04:24:30.443132+00:00,26.674618,-81.80798933333334,2e:70:4e:dd:d3:20,-76,5785,158,Bermuda,pole 01 NE
2025-10-22T04:24:30.443132+00:00,26.674618,-81.80798933333334,02:1e:57:91:f3:66,-77,2437,6,Biggie_Rolls,Unknown
2025-10-22T04:24:30.443132+00:00,26.674618,-81.80798933333334,06:1e:57:91:f3:66,-78,2437,6,Newmar6469,Unknown
2025-10-22T04:24:30.443132+00:00,26.674618,-81.80798933333334,02:fe:5d:bd:16:be,-78,2452,9,Pvt.WFR_Everest.6190,Unknown
2025-10-22T04:24:30.443132+00:00,26.674618,-81.80798933333334,02:17:1a:c5:b9:29,-80,2462,11,Pvt.WFR_Denali.6464,Unknown
2025-10-22T04:24:30.443132+00:00,26.674618,-81.80798933333334,d2:34:2d:29:01:f6,-82,2412,1,STARLINK,Unknown
2025-10-22T04:24:30.443132+00:00,26.674618,-81.80798933333334,02:17:1a:c5:b9:28,-82,5745,150,Pvt.WFR_Denali.5GHz.6464,Unknown
2025-10-22T04:24:30.443132+00:00,26.674618,-81.80798933333334,28:70:4e:d3:d3:89,-83,5785,158,Bermuda Guest WIFI,pole 22 SW
2025-10-22T04:24:30.443132+00:00,26.674618,-81.80798933333334,2e:70:4e:d3:d3:89,-83,5785,158,Bermuda,pole 22 SW
2025-10-22T04:24:30.443132+00:00,26.674618,-81.80798933333334,28:70:4e:d2:92:ab,-84,5745,150,Bermuda Guest WIFI,pole 12 N
2025-10-22T04:24:30.443132+00:00,26.674618,-81.80798933333334,02:1e:57:91:f3:67,-85,5805,162,Biggie_Rolls.5GHz,Unknown
2025-10-22T04:24:30.443132+00:00,26.674618,-81.80798933333334,2e:70:4e:d2:92:ab,-86,5745,150,Bermuda,pole 12 N
2025-10-22T04:25:36.442274+00:00,26.674690333333334,-81.807983,28:70:4e:d2:8b:2e,-42,5220,45,Bermuda Guest WIFI,pole 02 N
2025-10-22T04:25:36.442274+00:00,26.674690333333334,-81.807983,2e:70:4e:d2:8b:2e,-42,5220,45,Bermuda,pole 02 N
2025-10-22T04:25:36.442274+00:00,26.674690333333334,-81.807983,28:70:4e:d0:89:21,-67,5200,41,Bermuda Guest WIFI,pole 01 S
2025-10-22T04:25:36.442274+00:00,26.674690333333334,-81.807983,2e:70:4e:d0:89:21,-67,5200,41,Bermuda,pole 01 S
2025-10-22T04:25:36.442274+00:00,26.674690333333334,-81.807983,2e:70:4e:d0:88:f7,-69,5240,49,Bermuda,pole 02 E
2025-10-22T04:25:36.442274+00:00,26.674690333333334,-81.807983,28:70:4e:d0:88:31,-77,5745,150,Bermuda Guest WIFI,pole 08
2025-10-22T04:25:36.442274+00:00,26.674690333333334,-81.807983,2e:70:4e:d0:88:31,-77,5745,150,Bermuda,pole 08
2025-10-22T04:25:36.442274+00:00,26.674724833333332,-81.80795233333333,28:70:4e:d2:8b:2e,-42,5220,45,Bermuda Guest WIFI,pole 02 N
2025-10-22T04:25:36.442274+00:00,26.674724833333332,-81.80795233333333,2e:70:4e:d2:8b:2e,-42,5220,45,Bermuda,pole 02 N
2025-10-22T04:25:36.442274+00:00,26.674724833333332,-81.80795233333333,2e:70:4e:d0:88:f7,-55,5240,49,Bermuda,pole 02 E
2025-10-22T04:25:36.442274+00:00,26.674724833333332,-81.80795233333333,28:70:4e:d0:88:f7,-55,5240,49,Bermuda Guest WIFI,pole 02 E
2025-10-22T04:25:36.442274+00:00,26.674724833333332,-81.80795233333333,28:70:4e:d0:89:21,-67,5200,41,Bermuda Guest WIFI,pole 01 S
2025-10-22T04:25:36.442274+00:00,26.674724833333332,-81.80795233333333,2e:70:4e:d0:89:21,-67,5200,41,Bermuda,pole 01 S
2025-10-22T04:25:36.442274+00:00,26.674724833333332,-81.80795233333333,02:fe:5d:bd:16:be,-76,2452,9,Pvt.WFR_Everest.6190,Unknown
2025-10-22T04:25:36.442274+00:00,26.674724833333332,-81.80795233333333,28:70:4e:d0:88:31,-77,5745,150,Bermuda Guest WIFI,pole 08
2025-10-22T04:25:36.442274+00:00,26.674724833333332,-81.80795233333333,2e:70:4e:d0:88:31,-77,5745,150,Bermuda,pole 08
2025-10-22T04:25:36.442274+00:00,26.674724833333332,-81.80795233333333,02:17:1a:c5:b9:29,-81,2462,11,Pvt.WFR_Denali.6464,Unknown
2025-10-22T04:25:36.442274+00:00,26.674724833333332,-81.80795233333333,28:70:4e:d0:89:06,-81,5805,162,Bermuda Guest WIFI,pole 06
2025-10-22T04:25:36.442274+00:00,26.674724833333332,-81.80795233333333,2e:70:4e:d0:89:06,-81,5805,162,Bermuda,pole 06
2025-10-22T04:25:36.442274+00:00,26.674724833333332,-81.80795233333333,28:70:4e:d0:87:c8,-81,5785,158,Bermuda Guest WIFI,pole 05
2025-10-22T04:25:36.442274+00:00,26.674724833333332,-81.80795233333333,2e:70:4e:d0:87:c8,-81,5785,158,Bermuda,pole 05
2025-10-22T04:25:36.442274+00:00,26.674724833333332,-81.80795233333333,d2:34:2d:29:01:f6,-83,2412,1,STARLINK,Unknown
2025-10-22T04:25:36.442274+00:00,26.674724833333332,-81.80795233333333,02:17:1a:c5:b9:28,-84,5745,150,Pvt.WFR_Denali.5GHz.6464,Unknown
2025-10-22T04:25:36.442274+00:00,26.674794,-81.80793733333333,28:70:4e:d2:8b:2e,-42,5220,45,Bermuda Guest WIFI,pole 02 N
2025-10-22T04:25:36.442274+00:00,26.674794,-81.80793733333333,2e:70:4e:d2:8b:2e,-42,5220,45,Bermuda,pole 02 N
2025-10-22T04:25:36.442274+00:00,26.674794,-81.80793733333333,28:70:4e:d0:88:f7,-55,5240,49,Bermuda Guest WIFI,pole 02 E
2025-10-22T04:25:36.442274+00:00,26.674794,-81.80793733333333,2e:70:4e:d0:88:f7,-59,5240,49,Bermuda,pole 02 E
2025-10-22T04:25:36.442274+00:00,26.674794,-81.80793733333333,28:70:4e:d0:89:21,-67,5200,41,Bermuda Guest WIFI,pole 01 S
2025-10-22T04:25:36.442274+00:00,26.674794,-81.80793733333333,2e:70:4e:d0:89:21,-67,5200,41,Bermuda,pole 01 S
2025-10-22T04:25:36.442274+00:00,26.674794,-81.80793733333333,28:70:4e:dd:d3:20,-75,5785,158,Bermuda Guest WIFI,pole 01 NE
2025-10-22T04:25:36.442274+00:00,26.674794,-81.80793733333333,2e:70:4e:dd:d3:20,-75,5785,158,Bermuda,pole 01 NE
2025-10-22T04:25:36.442274+00:00,26.674794,-81.80793733333333,02:fe:5d:bd:16:be,-76,2452,9,Pvt.WFR_Everest.6190,Unknown
2025-10-22T04:25:36.442274+00:00,26.674794,-81.80793733333333,28:70:4e:d0:88:31,-77,5745,150,Bermuda Guest WIFI,pole 08
2025-10-22T04:25:36.442274+00:00,26.674794,-81.80793733333333,2e:70:4e:d0:88:31,-77,5745,150,Bermuda,pole 08
2025-10-22T04:25:36.442274+00:00,26.674794,-81.80793733333333,2e:70:4e:d3:d3:89,-80,5785,158,Bermuda,pole 22 SW
2025-10-22T04:25:36.442274+00:00,26.674794,-81.80793733333333,02:17:1a:c5:b9:29,-81,2462,11,Pvt.WFR_Denali.6464,Unknown
2025-10-22T04:25:36.442274+00:00,26.674794,-81.80793733333333,28:70:4e:d0:89:06,-81,5805,162,Bermuda Guest WIFI,pole 06
2025-10-22T04:25:36.442274+00:00,26.674794,-81.80793733333333,2e:70:4e:d0:89:06,-81,5805,162,Bermuda,pole 06
2025-10-22T04:25:36.442274+00:00,26.674794,-81.80793733333333,28:70:4e:d0:87:c8,-81,5785,158,Bermuda Guest WIFI,pole 05
2025-10-22T04:25:36.442274+00:00,26.674794,-81.80793733333333,2e:70:4e:d0:87:c8,-81,5785,158,Bermuda,pole 05
2025-10-22T04:25:36.442274+00:00,26.674794,-81.80793733333333,28:70:4e:d3:d3:89,-81,5785,158,Bermuda Guest WIFI,pole 22 SW
2025-10-22T04:25:36.442274+00:00,26.674794,-81.80793733333333,d2:34:2d:29:01:f6,-83,2412,1,STARLINK,Unknown
2025-10-22T04:25:36.442274+00:00,26.674794,-81.80793733333333,02:17:1a:c5:b9:28,-84,5745,150,Pvt.WFR_Denali.5GHz.6464,Unknown
2025-10-22T04:25:36.442274+00:00,26.674877833333333,-81.80794316666666,28:70:4e:d0:88:f7,-55,5240,49,Bermuda Guest WIFI,pole 02 E
2025-10-22T04:25:36.442274+00:00,26.674877833333333,-81.80794316666666,2e:70:4e:d0:88:f7,-65,5240,49,Bermuda,pole 02 E
2025-10-22T04:25:36.442274+00:00,26.674877833333333,-81.80794316666666,28:70:4e:d0:87:62,-71,5240,49,Bermuda Guest WIFI,pole 22 NW
2025-10-22T04:25:36.442274+00:00,26.674877833333333,-81.80794316666666,2e:70:4e:d0:87:62,-72,5240,49,Bermuda,pole 22 NW
2025-10-22T04:25:36.442274+00:00,26.674877833333333,-81.80794316666666,28:70:4e:dd:d3:20,-75,5785,158,Bermuda Guest WIFI,pole 01 NE
2025-10-22T04:25:36.442274+00:00,26.674877833333333,-81.80794316666666,2e:70:4e:dd:d3:20,-75,5785,158,Bermuda,pole 01 NE
2025-10-22T04:25:36.442274+00:00,26.674877833333333,-81.80794316666666,02:fe:5d:bd:16:be,-78,2452,9,Pvt.WFR_Everest.6190,Unknown
2025-10-22T04:25:36.442274+00:00,26.674877833333333,-81.80794316666666,d2:34:2d:29:01:f6,-79,2412,1,STARLINK,Unknown
2025-10-22T04:25:36.442274+00:00,26.674877833333333,-81.80794316666666,2e:70:4e:d3:d3:89,-80,5785,158,Bermuda,pole 22 SW
2025-10-22T04:25:36.442274+00:00,26.674877833333333,-81.80794316666666,02:17:1a:c5:b9:29,-81,2462,11,Pvt.WFR_Denali.6464,Unknown
2025-10-22T04:25:36.442274+00:00,26.674877833333333,-81.80794316666666,28:70:4e:d0:89:06,-81,5805,162,Bermuda Guest WIFI,pole 06
2025-10-22T04:25:36.442274+00:00,26.674877833333333,-81.80794316666666,2e:70:4e:d0:89:06,-81,5805,162,Bermuda,pole 06
2025-10-22T04:25:36.442274+00:00,26.674877833333333,-81.80794316666666,28:70:4e:d0:87:c8,-81,5785,158,Bermuda Guest WIFI,pole 05
2025-10-22T04:25:36.442274+00:00,26.674877833333333,-81.80794316666666,2e:70:4e:d0:87:c8,-81,5785,158,Bermuda,pole 05
2025-10-22T04:25:36.442274+00:00,26.674877833333333,-81.80794316666666,28:70:4e:d3:d3:89,-81,5785,158,Bermuda Guest WIFI,pole 22 SW
2025-10-22T04:25:36.442274+00:00,26.674877833333333,-81.80794316666666,06:5e:3c:23:32:d6,-81,2452,9,Newmar6191,Unknown
2025-10-22T04:25:36.442274+00:00,26.674877833333333,-81.80794316666666,02:5e:3c:23:32:d6,-82,2452,9,NACHO WIFI,Unknown
2025-10-22T04:25:36.442274+00:00,26.674877833333333,-81.80794316666666,02:17:1a:c5:b9:28,-84,5745,150,Pvt.WFR_Denali.5GHz.6464,Unknown
2025-10-22T04:26:43.423049+00:00,26.6749385,-81.80793033333333,28:70:4e:d2:8b:2e,-60,5220,45,Bermuda Guest WIFI,pole 02 N
2025-10-22T04:26:43.423049+00:00,26.6749385,-81.80793033333333,2e:70:4e:d2:8b:2e,-60,5220,45,Bermuda,pole 02 N
2025-10-22T04:26:43.423049+00:00,26.6749385,-81.80793033333333,2e:70:4e:d0:88:f7,-63,5240,49,Bermuda,pole 02 E
2025-10-22T04:26:43.423049+00:00,26.6749385,-81.80793033333333,02:fe:5d:bd:16:be,-76,2452,9,Pvt.WFR_Everest.6190,Unknown
2025-10-22T04:26:43.423049+00:00,26.6749385,-81.80793033333333,06:5e:3c:23:32:d6,-77,2452,9,Newmar6191,Unknown
2025-10-22T04:26:43.423049+00:00,26.6749385,-81.80793033333333,02:5e:3c:23:32:d6,-78,2452,9,NACHO WIFI,Unknown
2025-10-22T04:26:43.423049+00:00,26.6749385,-81.80793033333333,d2:34:2d:29:01:f6,-82,2412,1,STARLINK,Unknown
2025-10-22T04:26:43.423049+00:00,26.675002833333334,-81.80794866666666,28:70:4e:d2:8b:2e,-60,5220,45,Bermuda Guest WIFI,pole 02 N
2025-10-22T04:26:43.423049+00:00,26.675002833333334,-81.80794866666666,2e:70:4e:d2:8b:2e,-60,5220,45,Bermuda,pole 02 N
2025-10-22T04:26:43.423049+00:00,26.675002833333334,-81.80794866666666,2e:70:4e:d0:88:f7,-63,5240,49,Bermuda,pole 02 E
2025-10-22T04:26:43.423049+00:00,26.675002833333334,-81.80794866666666,28:70:4e:dd:d3:20,-64,5785,158,Bermuda Guest WIFI,pole 01 NE
2025-10-22T04:26:43.423049+00:00,26.675002833333334,-81.80794866666666,2e:70:4e:dd:d3:20,-64,5785,158,Bermuda,pole 01 NE
2025-10-22T04:26:43.423049+00:00,26.675002833333334,-81.80794866666666,02:5e:3c:23:32:d6,-75,2452,9,NACHO WIFI,Unknown
2025-10-22T04:26:43.423049+00:00,26.675002833333334,-81.80794866666666,06:5e:3c:23:32:d6,-75,2452,9,Newmar6191,Unknown
2025-10-22T04:26:43.423049+00:00,26.675002833333334,-81.80794866666666,d2:34:2d:29:01:f6,-77,2412,1,STARLINK,Unknown
2025-10-22T04:26:43.423049+00:00,26.675002833333334,-81.80794866666666,02:fe:5d:bd:16:be,-78,2452,9,Pvt.WFR_Everest.6190,Unknown
2025-10-22T04:26:43.423049+00:00,26.675002833333334,-81.80794866666666,28:70:4e:d0:88:fa,-85,5765,154,Bermuda Guest WIFI,pole 11
2025-10-22T04:26:43.423049+00:00,26.675002833333334,-81.80794866666666,2e:70:4e:d0:88:fa,-85,5765,154,Bermuda,pole 11
2025-10-22T04:26:43.423049+00:00,26.675054333333332,-81.80796333333333,28:70:4e:d0:89:21,-57,5200,41,Bermuda Guest WIFI,pole 01 S
2025-10-22T04:26:43.423049+00:00,26.675054333333332,-81.80796333333333,2e:70:4e:d0:89:21,-57,5200,41,Bermuda,pole 01 S
2025-10-22T04:26:43.423049+00:00,26.675054333333332,-81.80796333333333,28:70:4e:d2:8b:2e,-60,5220,45,Bermuda Guest WIFI,pole 02 N
2025-10-22T04:26:43.423049+00:00,26.675054333333332,-81.80796333333333,2e:70:4e:d2:8b:2e,-60,5220,45,Bermuda,pole 02 N
2025-10-22T04:26:43.423049+00:00,26.675054333333332,-81.80796333333333,2e:70:4e:d0:88:f7,-63,5240,49,Bermuda,pole 02 E
2025-10-22T04:26:43.423049+00:00,26.675054333333332,-81.80796333333333,28:70:4e:dd:d3:20,-64,5785,158,Bermuda Guest WIFI,pole 01 NE
2025-10-22T04:26:43.423049+00:00,26.675054333333332,-81.80796333333333,2e:70:4e:dd:d3:20,-64,5785,158,Bermuda,pole 01 NE
2025-10-22T04:26:43.423049+00:00,26.675054333333332,-81.80796333333333,02:5e:3c:23:32:d6,-75,2452,9,NACHO WIFI,Unknown
2025-10-22T04:26:43.423049+00:00,26.675054333333332,-81.80796333333333,06:5e:3c:23:32:d6,-75,2452,9,Newmar6191,Unknown
2025-10-22T04:26:43.423049+00:00,26.675054333333332,-81.80796333333333,d2:34:2d:29:01:f6,-77,2412,1,STARLINK,Unknown
2025-10-22T04:26:43.423049+00:00,26.675054333333332,-81.80796333333333,02:fe:5d:bd:16:be,-77,2452,9,Pvt.WFR_Everest.6190,Unknown
2025-10-22T04:26:43.423049+00:00,26.675054333333332,-81.80796333333333,28:70:4e:d0:88:fa,-85,5765,154,Bermuda Guest WIFI,pole 11
2025-10-22T04:26:43.423049+00:00,26.675054333333332,-81.80796333333333,2e:70:4e:d0:88:fa,-85,5765,154,Bermuda,pole 11
2025-10-22T04:26:43.423049+00:00,26.675139,-81.8079595,28:70:4e:d0:89:21,-57,5200,41,Bermuda Guest WIFI,pole 01 S
2025-10-22T04:26:43.423049+00:00,26.675139,-81.8079595,2e:70:4e:d0:89:21,-57,5200,41,Bermuda,pole 01 S
2025-10-22T04:26:43.423049+00:00,26.675139,-81.8079595,28:70:4e:d2:8b:2e,-60,5220,45,Bermuda Guest WIFI,pole 02 N
2025-10-22T04:26:43.423049+00:00,26.675139,-81.8079595,2e:70:4e:d2:8b:2e,-60,5220,45,Bermuda,pole 02 N
2025-10-22T04:26:43.423049+00:00,26.675139,-81.8079595,2e:70:4e:d0:88:f7,-63,5240,49,Bermuda,pole 02 E
2025-10-22T04:26:43.423049+00:00,26.675139,-81.8079595,28:70:4e:dd:d3:20,-64,5785,158,Bermuda Guest WIFI,pole 01 NE
2025-10-22T04:26:43.423049+00:00,26.675139,-81.8079595,2e:70:4e:dd:d3:20,-64,5785,158,Bermuda,pole 01 NE
2025-10-22T04:26:43.423049+00:00,26.675139,-81.8079595,02:5e:3c:23:32:d6,-72,2452,9,NACHO WIFI,Unknown
2025-10-22T04:26:43.423049+00:00,26.675139,-81.8079595,06:5e:3c:23:32:d6,-72,2452,9,Newmar6191,Unknown
2025-10-22T04:26:43.423049+00:00,26.675139,-81.8079595,d2:34:2d:29:01:f6,-74,2412,1,STARLINK,Unknown
2025-10-22T04:26:43.423049+00:00,26.675139,-81.8079595,02:fe:5d:bd:16:be,-74,2452,9,Pvt.WFR_Everest.6190,Unknown
2025-10-22T04:26:43.423049+00:00,26.675139,-81.8079595,28:70:4e:d0:86:3f,-80,5180,37,Bermuda,pole 09
2025-10-22T04:26:43.423049+00:00,26.675139,-81.8079595,28:70:4e:d0:88:fa,-85,5765,154,Bermuda Guest WIFI,pole 11
2025-10-22T04:26:43.423049+00:00,26.675139,-81.8079595,2e:70:4e:d0:88:fa,-85,5765,154,Bermuda,pole 11
20251022_042729,26.67517266666667,-81.80791433333333,28:70:4e:d0:88:f7,-60,5240,49,Bermuda Guest WIFI,pole 02 E
20251022_042729,26.67517266666667,-81.80791433333333,2e:70:4e:d0:88:f7,-61,5240,49,Bermuda,pole 02 E
20251022_042729,26.67517266666667,-81.80791433333333,28:70:4e:dd:d3:20,-64,5785,158,Bermuda Guest WIFI,pole 01 NE
20251022_042729,26.67517266666667,-81.80791433333333,2e:70:4e:dd:d3:20,-64,5785,158,Bermuda,pole 01 NE
20251022_042729,26.67517266666667,-81.80791433333333,28:70:4e:d0:87:62,-76,5240,49,Bermuda Guest WIFI,pole 22 NW
20251022_042729,26.67517266666667,-81.80791433333333,d2:34:2d:29:01:f6,-79,2412,1,STARLINK,Unknown
20251022_042729,26.67517266666667,-81.80791433333333,02:fe:5d:bd:16:bf,-84,5825,166,Pvt.WFR_Everest.5GHz.6190,Unknown
20251022_042729,26.6752105,-81.807962,28:70:4e:d0:89:21,-51,5200,41,Bermuda Guest WIFI,pole 01 S
20251022_042729,26.6752105,-81.807962,2e:70:4e:d0:89:21,-52,5200,41,Bermuda,pole 01 S
20251022_042729,26.6752105,-81.807962,28:70:4e:d0:88:f7,-60,5240,49,Bermuda Guest WIFI,pole 02 E
20251022_042729,26.6752105,-81.807962,28:70:4e:dd:d3:20,-64,5785,158,Bermuda Guest WIFI,pole 01 NE
20251022_042729,26.6752105,-81.807962,2e:70:4e:dd:d3:20,-64,5785,158,Bermuda,pole 01 NE
20251022_042729,26.6752105,-81.807962,06:5e:3c:23:32:d6,-71,2452,9,Newmar6191,Unknown
20251022_042729,26.6752105,-81.807962,2e:70:4e:d0:88:f7,-72,5240,49,Bermuda,pole 02 E
20251022_042729,26.6752105,-81.807962,02:5e:3c:23:32:d6,-72,2452,9,NACHO WIFI,Unknown
20251022_042729,26.6752105,-81.807962,02:fe:5d:bd:16:be,-73,2452,9,Pvt.WFR_Everest.6190,Unknown
20251022_042729,26.6752105,-81.807962,28:70:4e:d0:87:62,-76,5240,49,Bermuda Guest WIFI,pole 22 NW
20251022_042729,26.6752105,-81.807962,28:70:4e:d0:86:3f,-78,5180,37,Bermuda,pole 09
20251022_042729,26.6752105,-81.807962,2e:70:4e:d0:86:3f,-78,5180,37,Bermuda Guest WIFI,pole 09
20251022_042729,26.6752105,-81.807962,d2:34:2d:29:01:f6,-82,2412,1,STARLINK,Unknown
20251022_042729,26.6752105,-81.807962,02:fe:5d:bd:16:bf,-84,5825,166,Pvt.WFR_Everest.5GHz.6190,Unknown
20251022_042729,26.675326333333334,-81.80801133333334,28:70:4e:d0:89:21,-51,5200,41,Bermuda Guest WIFI,pole 01 S
20251022_042729,26.675326333333334,-81.80801133333334,2e:70:4e:d0:89:21,-52,5200,41,Bermuda,pole 01 S
20251022_042729,26.675326333333334,-81.80801133333334,28:70:4e:dd:d3:20,-63,5785,158,Bermuda Guest WIFI,pole 01 NE
20251022_042729,26.675326333333334,-81.80801133333334,2e:70:4e:dd:d3:20,-63,5785,158,Bermuda,pole 01 NE
20251022_042729,26.675326333333334,-81.80801133333334,2e:70:4e:d0:88:f7,-76,5240,49,Bermuda,pole 02 E
20251022_042729,26.675326333333334,-81.80801133333334,28:70:4e:d0:89:15,-76,5180,37,Bermuda Guest WIFI,pole 21
20251022_042729,26.675326333333334,-81.80801133333334,02:fe:5d:bd:16:be,-77,2452,9,Pvt.WFR_Everest.6190,Unknown
20251022_042729,26.675326333333334,-81.80801133333334,2e:70:4e:d0:89:15,-77,5180,37,Bermuda,pole 21
20251022_042729,26.675326333333334,-81.80801133333334,28:70:4e:d0:86:3f,-78,5180,37,Bermuda,pole 09
20251022_042729,26.675326333333334,-81.80801133333334,2e:70:4e:d0:86:3f,-78,5180,37,Bermuda Guest WIFI,pole 09
20251022_042729,26.675326333333334,-81.80801133333334,02:5e:3c:23:32:d6,-79,2452,9,NACHO WIFI,Unknown
20251022_042729,26.675326333333334,-81.80801133333334,06:5e:3c:23:32:d6,-80,2452,9,Newmar6191,Unknown
20251022_042729,26.675326333333334,-81.80801133333334,02:5e:3c:23:32:d7,-81,5825,166,NACHO WIFI 5G,Unknown
20251022_042729,26.675326333333334,-81.80801133333334,d2:34:2d:29:01:f6,-82,2412,1,STARLINK,Unknown
20251022_042729,26.675326333333334,-81.80801133333334,02:fe:5d:bd:16:bf,-88,5825,166,Pvt.WFR_Everest.5GHz.6190,Unknown
2025-10-22T04:28:39.305478+00:00,26.67535833333333,-81.80814683333334,2e:70:4e:dd:d3:20,-59,5785,158,Bermuda,pole 01 NE
2025-10-22T04:28:39.305478+00:00,26.67535833333333,-81.80814683333334,28:70:4e:dd:d3:20,-59,5785,158,Bermuda Guest WIFI,pole 01 NE
2025-10-22T04:28:39.305478+00:00,26.67535833333333,-81.80814683333334,28:70:4e:d0:89:21,-60,5200,41,Bermuda Guest WIFI,pole 01 S
2025-10-22T04:28:39.305478+00:00,26.67535833333333,-81.80814683333334,2e:70:4e:d0:89:21,-60,5200,41,Bermuda,pole 01 S
2025-10-22T04:28:39.305478+00:00,26.67535833333333,-81.80814683333334,02:fe:5d:bd:16:be,-66,2452,9,Pvt.WFR_Everest.6190,Unknown
2025-10-22T04:28:39.305478+00:00,26.67535833333333,-81.80814683333334,28:70:4e:d0:88:f7,-69,5240,49,Bermuda Guest WIFI,pole 02 E
2025-10-22T04:28:39.305478+00:00,26.67535833333333,-81.80814683333334,2e:70:4e:d0:88:f7,-69,5240,49,Bermuda,pole 02 E
2025-10-22T04:28:39.305478+00:00,26.67535833333333,-81.80814683333334,02:5e:3c:23:32:d6,-78,2452,9,NACHO WIFI,Unknown
2025-10-22T04:28:39.305478+00:00,26.67535833333333,-81.80814683333334,06:5e:3c:23:32:d6,-78,2452,9,Newmar6191,Unknown
2025-10-22T04:28:39.305478+00:00,26.67535833333333,-81.80814683333334,02:5e:3c:23:32:d7,-83,5825,166,NACHO WIFI 5G,Unknown
2025-10-22T04:28:39.305478+00:00,26.67535833333333,-81.80814683333334,02:fe:5d:bd:16:bf,-83,5825,166,Pvt.WFR_Everest.5GHz.6190,Unknown
2025-10-22T04:28:39.305478+00:00,26.675271833333333,-81.8081095,2e:70:4e:dd:d3:20,-52,5785,158,Bermuda,pole 01 NE
2025-10-22T04:28:39.305478+00:00,26.675271833333333,-81.8081095,28:70:4e:dd:d3:20,-54,5785,158,Bermuda Guest WIFI,pole 01 NE
2025-10-22T04:28:39.305478+00:00,26.675271833333333,-81.8081095,28:70:4e:d0:89:21,-60,5200,41,Bermuda Guest WIFI,pole 01 S
2025-10-22T04:28:39.305478+00:00,26.675271833333333,-81.8081095,2e:70:4e:d0:89:21,-60,5200,41,Bermuda,pole 01 S
2025-10-22T04:28:39.305478+00:00,26.675271833333333,-81.8081095,28:70:4e:d0:88:f7,-69,5240,49,Bermuda Guest WIFI,pole 02 E
2025-10-22T04:28:39.305478+00:00,26.675271833333333,-81.8081095,2e:70:4e:d0:88:f7,-69,5240,49,Bermuda,pole 02 E
2025-10-22T04:28:39.305478+00:00,26.675271833333333,-81.8081095,06:5e:3c:23:32:d6,-70,2452,9,Newmar6191,Unknown
2025-10-22T04:28:39.305478+00:00,26.675271833333333,-81.8081095,02:5e:3c:23:32:d6,-71,2452,9,NACHO WIFI,Unknown
2025-10-22T04:28:39.305478+00:00,26.675271833333333,-81.8081095,02:fe:5d:bd:16:be,-78,2452,9,Pvt.WFR_Everest.6190,Unknown
2025-10-22T04:28:39.305478+00:00,26.675271833333333,-81.8081095,28:70:4e:d3:d3:89,-80,5785,158,Bermuda Guest WIFI,pole 22 SW
2025-10-22T04:28:39.305478+00:00,26.675271833333333,-81.8081095,2e:70:4e:d3:d3:89,-80,5785,158,Bermuda,pole 22 SW
2025-10-22T04:28:39.305478+00:00,26.675271833333333,-81.8081095,02:5e:3c:23:32:d7,-82,5825,166,NACHO WIFI 5G,Unknown
2025-10-22T04:28:39.305478+00:00,26.675271833333333,-81.8081095,02:fe:5d:bd:16:bf,-83,5825,166,Pvt.WFR_Everest.5GHz.6190,Unknown
2025-10-22T04:28:39.305478+00:00,26.675271833333333,-81.8081095,d2:34:2d:29:01:f6,-83,2412,1,STARLINK,Unknown
2025-10-22T04:28:39.305478+00:00,26.675197,-81.80807866666666,2e:70:4e:dd:d3:20,-55,5785,158,Bermuda,pole 01 NE
2025-10-22T04:28:39.305478+00:00,26.675197,-81.80807866666666,28:70:4e:dd:d3:20,-59,5785,158,Bermuda Guest WIFI,pole 01 NE
2025-10-22T04:28:39.305478+00:00,26.675197,-81.80807866666666,28:70:4e:d0:89:21,-60,5200,41,Bermuda Guest WIFI,pole 01 S
2025-10-22T04:28:39.305478+00:00,26.675197,-81.80807866666666,2e:70:4e:d0:89:21,-60,5200,41,Bermuda,pole 01 S
2025-10-22T04:28:39.305478+00:00,26.675197,-81.80807866666666,28:70:4e:d0:88:f7,-65,5240,49,Bermuda Guest WIFI,pole 02 E
2025-10-22T04:28:39.305478+00:00,26.675197,-81.80807866666666,2e:70:4e:d0:88:f7,-65,5240,49,Bermuda,pole 02 E
2025-10-22T04:28:39.305478+00:00,26.675197,-81.80807866666666,02:5e:3c:23:32:d6,-72,2452,9,NACHO WIFI,Unknown
2025-10-22T04:28:39.305478+00:00,26.675197,-81.80807866666666,02:fe:5d:bd:16:be,-73,2452,9,Pvt.WFR_Everest.6190,Unknown
2025-10-22T04:28:39.305478+00:00,26.675197,-81.80807866666666,06:5e:3c:23:32:d6,-75,2452,9,Newmar6191,Unknown
2025-10-22T04:28:39.305478+00:00,26.675197,-81.80807866666666,28:70:4e:d3:d3:89,-80,5785,158,Bermuda Guest WIFI,pole 22 SW
2025-10-22T04:28:39.305478+00:00,26.675197,-81.80807866666666,2e:70:4e:d3:d3:89,-80,5785,158,Bermuda,pole 22 SW
2025-10-22T04:28:39.305478+00:00,26.675197,-81.80807866666666,02:5e:3c:23:32:d7,-82,5825,166,NACHO WIFI 5G,Unknown
2025-10-22T04:28:39.305478+00:00,26.675197,-81.80807866666666,02:fe:5d:bd:16:bf,-83,5825,166,Pvt.WFR_Everest.5GHz.6190,Unknown
2025-10-22T04:28:39.305478+00:00,26.675197,-81.80807866666666,d2:34:2d:29:01:f6,-83,2412,1,STARLINK,Unknown
2025-10-22T04:28:39.305478+00:00,26.6751295,-81.8080965,28:70:4e:d0:89:21,-51,5200,41,Bermuda Guest WIFI,pole 01 S
2025-10-22T04:28:39.305478+00:00,26.6751295,-81.8080965,2e:70:4e:d0:89:21,-52,5200,41,Bermuda,pole 01 S
2025-10-22T04:28:39.305478+00:00,26.6751295,-81.8080965,2e:70:4e:dd:d3:20,-59,5785,158,Bermuda,pole 01 NE
2025-10-22T04:28:39.305478+00:00,26.6751295,-81.8080965,28:70:4e:dd:d3:20,-60,5785,158,Bermuda Guest WIFI,pole 01 NE
2025-10-22T04:28:39.305478+00:00,26.6751295,-81.8080965,28:70:4e:d0:88:f7,-65,5240,49,Bermuda Guest WIFI,pole 02 E
2025-10-22T04:28:39.305478+00:00,26.6751295,-81.8080965,2e:70:4e:d0:88:f7,-65,5240,49,Bermuda,pole 02 E
2025-10-22T04:28:39.305478+00:00,26.6751295,-81.8080965,02:5e:3c:23:32:d6,-72,2452,9,NACHO WIFI,Unknown
2025-10-22T04:28:39.305478+00:00,26.6751295,-81.8080965,02:fe:5d:bd:16:be,-73,2452,9,Pvt.WFR_Everest.6190,Unknown
2025-10-22T04:28:39.305478+00:00,26.6751295,-81.8080965,06:5e:3c:23:32:d6,-75,2452,9,Newmar6191,Unknown
2025-10-22T04:28:39.305478+00:00,26.6751295,-81.8080965,28:70:4e:d0:87:dd,-75,5220,45,Bermuda Guest WIFI,pole 07
2025-10-22T04:28:39.305478+00:00,26.6751295,-81.8080965,28:70:4e:d0:89:0c,-76,5220,45,Bermuda Guest WIFI,pole 10
2025-10-22T04:28:39.305478+00:00,26.6751295,-81.8080965,2e:70:4e:d0:89:0c,-77,5220,45,Bermuda,pole 10
2025-10-22T04:28:39.305478+00:00,26.6751295,-81.8080965,28:70:4e:d3:d3:89,-80,5785,158,Bermuda Guest WIFI,pole 22 SW
2025-10-22T04:28:39.305478+00:00,26.6751295,-81.8080965,2e:70:4e:d3:d3:89,-80,5785,158,Bermuda,pole 22 SW
2025-10-22T04:28:39.305478+00:00,26.6751295,-81.8080965,02:5e:3c:23:32:d7,-82,5825,166,NACHO WIFI 5G,Unknown
2025-10-22T04:28:39.305478+00:00,26.6751295,-81.8080965,d2:34:2d:29:01:f6,-83,2412,1,STARLINK,Unknown
2025-10-22T04:29:49.340307+00:00,26.675089333333332,-81.8081445,28:70:4e:d0:89:21,-50,5200,41,Bermuda Guest WIFI,pole 01 S
2025-10-22T04:29:49.340307+00:00,26.675089333333332,-81.8081445,2e:70:4e:d0:89:21,-50,5200,41,Bermuda,pole 01 S
2025-10-22T04:29:49.340307+00:00,26.675089333333332,-81.8081445,2e:70:4e:dd:d3:20,-57,5785,158,Bermuda,pole 01 NE
2025-10-22T04:29:49.340307+00:00,26.675089333333332,-81.8081445,28:70:4e:d2:8b:2e,-72,5220,45,Bermuda Guest WIFI,pole 02 N
2025-10-22T04:29:49.340307+00:00,26.675089333333332,-81.8081445,2e:70:4e:d2:8b:2e,-73,5220,45,Bermuda,pole 02 N
2025-10-22T04:29:49.340307+00:00,26.675089333333332,-81.8081445,06:5e:3c:23:32:d6,-77,2452,9,Newmar6191,Unknown
2025-10-22T04:29:49.340307+00:00,26.675089333333332,-81.8081445,02:5e:3c:23:32:d6,-78,2452,9,NACHO WIFI,Unknown
2025-10-22T04:29:49.340307+00:00,26.675089333333332,-81.8081445,02:fe:5d:bd:16:be,-81,2452,9,Pvt.WFR_Everest.6190,Unknown
2025-10-22T04:29:49.340307+00:00,26.675089333333332,-81.8081445,28:70:4e:d0:88:a9,-85,5745,150,Bermuda Guest WIFI,pole 04
2025-10-22T04:29:49.340307+00:00,26.675089333333332,-81.8081445,2e:70:4e:d0:88:a9,-85,5745,150,Bermuda,pole 04
2025-10-22T04:29:49.340307+00:00,26.675097833333332,-81.808205,2e:70:4e:dd:d3:20,-62,5785,158,Bermuda,pole 01 NE
2025-10-22T04:29:49.340307+00:00,26.675097833333332,-81.808205,28:70:4e:d0:89:21,-62,5200,41,Bermuda Guest WIFI,pole 01 S
2025-10-22T04:29:49.340307+00:00,26.675097833333332,-81.808205,2e:70:4e:d0:89:21,-62,5200,41,Bermuda,pole 01 S
2025-10-22T04:29:49.340307+00:00,26.675097833333332,-81.808205,28:70:4e:dd:d3:20,-62,5785,158,Bermuda Guest WIFI,pole 01 NE
2025-10-22T04:29:49.340307+00:00,26.675097833333332,-81.808205,28:70:4e:d2:8b:2e,-68,5220,45,Bermuda Guest WIFI,pole 02 N
2025-10-22T04:29:49.340307+00:00,26.675097833333332,-81.808205,2e:70:4e:d2:8b:2e,-68,5220,45,Bermuda,pole 02 N
2025-10-22T04:29:49.340307+00:00,26.675097833333332,-81.808205,02:5e:3c:23:32:d6,-78,2452,9,NACHO WIFI,Unknown
2025-10-22T04:29:49.340307+00:00,26.675097833333332,-81.808205,06:5e:3c:23:32:d6,-80,2452,9,Newmar6191,Unknown
2025-10-22T04:29:49.340307+00:00,26.675097833333332,-81.808205,02:fe:5d:bd:16:be,-81,2452,9,Pvt.WFR_Everest.6190,Unknown
2025-10-22T04:29:49.340307+00:00,26.675097833333332,-81.808205,28:70:4e:d0:88:a9,-85,5745,150,Bermuda Guest WIFI,pole 04
2025-10-22T04:29:49.340307+00:00,26.675097833333332,-81.808205,2e:70:4e:d0:88:a9,-85,5745,150,Bermuda,pole 04
2025-10-22T04:29:49.340307+00:00,26.675002666666668,-81.8082145,28:70:4e:d0:89:21,-62,5200,41,Bermuda Guest WIFI,pole 01 S
2025-10-22T04:29:49.340307+00:00,26.675002666666668,-81.8082145,2e:70:4e:d0:89:21,-62,5200,41,Bermuda,pole 01 S
2025-10-22T04:29:49.340307+00:00,26.675002666666668,-81.8082145,28:70:4e:dd:d3:20,-62,5785,158,Bermuda Guest WIFI,pole 01 NE
2025-10-22T04:29:49.340307+00:00,26.675002666666668,-81.8082145,28:70:4e:d2:8b:2e,-68,5220,45,Bermuda Guest WIFI,pole 02 N
2025-10-22T04:29:49.340307+00:00,26.675002666666668,-81.8082145,2e:70:4e:d2:8b:2e,-68,5220,45,Bermuda,pole 02 N
2025-10-22T04:29:49.340307+00:00,26.675002666666668,-81.8082145,2e:70:4e:dd:d3:20,-71,5785,158,Bermuda,pole 01 NE
2025-10-22T04:29:49.340307+00:00,26.675002666666668,-81.8082145,d2:34:2d:29:01:f6,-76,2412,1,STARLINK,Unknown
2025-10-22T04:29:49.340307+00:00,26.675002666666668,-81.8082145,2e:70:4e:d2:c9:b1,-77,5220,45,Bermuda,pole 15 NW
2025-10-22T04:29:49.340307+00:00,26.675002666666668,-81.8082145,02:5e:3c:23:32:d6,-78,2452,9,NACHO WIFI,Unknown
2025-10-22T04:29:49.340307+00:00,26.675002666666668,-81.8082145,28:70:4e:d2:c9:b1,-78,5220,45,Bermuda Guest WIFI,pole 15 NW
2025-10-22T04:29:49.340307+00:00,26.675002666666668,-81.8082145,02:fe:5d:bd:16:be,-80,2452,9,Pvt.WFR_Everest.6190,Unknown
2025-10-22T04:29:49.340307+00:00,26.675002666666668,-81.8082145,06:5e:3c:23:32:d6,-80,2452,9,Newmar6191,Unknown
2025-10-22T04:29:49.340307+00:00,26.675002666666668,-81.8082145,28:70:4e:d0:88:a9,-85,5745,150,Bermuda Guest WIFI,pole 04
2025-10-22T04:29:49.340307+00:00,26.675002666666668,-81.8082145,2e:70:4e:d0:88:a9,-85,5745,150,Bermuda,pole 04
2025-10-22T04:29:49.340307+00:00,26.674940666666668,-81.808229,28:70:4e:d0:89:21,-62,5200,41,Bermuda Guest WIFI,pole 01 S
2025-10-22T04:29:49.340307+00:00,26.674940666666668,-81.808229,2e:70:4e:d0:89:21,-62,5200,41,Bermuda,pole 01 S
2025-10-22T04:29:49.340307+00:00,26.674940666666668,-81.808229,28:70:4e:dd:d3:20,-62,5785,158,Bermuda Guest WIFI,pole 01 NE
2025-10-22T04:29:49.340307+00:00,26.674940666666668,-81.808229,28:70:4e:d2:8b:2e,-68,5220,45,Bermuda Guest WIFI,pole 02 N
2025-10-22T04:29:49.340307+00:00,26.674940666666668,-81.808229,2e:70:4e:d2:8b:2e,-68,5220,45,Bermuda,pole 02 N
2025-10-22T04:29:49.340307+00:00,26.674940666666668,-81.808229,2e:70:4e:dd:d3:20,-71,5785,158,Bermuda,pole 01 NE
2025-10-22T04:29:49.340307+00:00,26.674940666666668,-81.808229,2e:70:4e:d0:87:dd,-75,5220,45,Bermuda,pole 07
2025-10-22T04:29:49.340307+00:00,26.674940666666668,-81.808229,28:70:4e:d0:86:3f,-75,5180,37,Bermuda,pole 09
2025-10-22T04:29:49.340307+00:00,26.674940666666668,-81.808229,2e:70:4e:d0:86:3f,-75,5180,37,Bermuda Guest WIFI,pole 09
2025-10-22T04:29:49.340307+00:00,26.674940666666668,-81.808229,02:5e:3c:23:32:d6,-76,2452,9,NACHO WIFI,Unknown
2025-10-22T04:29:49.340307+00:00,26.674940666666668,-81.808229,28:70:4e:d0:88:f7,-76,5240,49,Bermuda Guest WIFI,pole 02 E
2025-10-22T04:29:49.340307+00:00,26.674940666666668,-81.808229,2e:70:4e:d0:88:f7,-76,5240,49,Bermuda,pole 02 E
2025-10-22T04:29:49.340307+00:00,26.674940666666668,-81.808229,06:5e:3c:23:32:d6,-77,2452,9,Newmar6191,Unknown
2025-10-22T04:29:49.340307+00:00,26.674940666666668,-81.808229,2e:70:4e:d2:c9:b1,-77,5220,45,Bermuda,pole 15 NW
2025-10-22T04:29:49.340307+00:00,26.674940666666668,-81.808229,02:fe:5d:bd:16:be,-78,2452,9,Pvt.WFR_Everest.6190,Unknown
2025-10-22T04:29:49.340307+00:00,26.674940666666668,-81.808229,d2:34:2d:29:01:f6,-78,2412,1,STARLINK,Unknown
2025-10-22T04:29:49.340307+00:00,26.674940666666668,-81.808229,28:70:4e:d2:c9:b1,-78,5220,45,Bermuda Guest WIFI,pole 15 NW
20251022_043139,26.674878666666668,-81.80814883333333,2e:70:4e:d2:8b:2e,-55,5220,45,Bermuda,pole 02 N
20251022_043139,26.674878666666668,-81.80814883333333,28:70:4e:d2:8b:2e,-58,5220,45,Bermuda Guest WIFI,pole 02 N
20251022_043139,26.674878666666668,-81.80814883333333,28:70:4e:d0:89:21,-64,5200,41,Bermuda Guest WIFI,pole 01 S
20251022_043139,26.674878666666668,-81.80814883333333,2e:70:4e:d0:88:f7,-64,5240,49,Bermuda,pole 02 E
20251022_043139,26.674878666666668,-81.80814883333333,2e:70:4e:d0:89:21,-64,5200,41,Bermuda,pole 01 S
20251022_043139,26.674878666666668,-81.80814883333333,28:70:4e:d0:88:f7,-65,5240,49,Bermuda Guest WIFI,pole 02 E
20251022_043139,26.674878666666668,-81.80814883333333,2e:70:4e:d0:87:dd,-70,5220,45,Bermuda,pole 07
20251022_043139,26.674878666666668,-81.80814883333333,28:70:4e:d0:89:0c,-70,5220,45,Bermuda Guest WIFI,pole 10
20251022_043139,26.674878666666668,-81.80814883333333,28:70:4e:d0:87:dd,-70,5220,45,Bermuda Guest WIFI,pole 07
20251022_043139,26.674878666666668,-81.80814883333333,28:70:4e:d3:d3:89,-70,5785,158,Bermuda Guest WIFI,pole 22 SW
20251022_043139,26.674878666666668,-81.80814883333333,28:70:4e:dd:d3:20,-70,5785,158,Bermuda Guest WIFI,pole 01 NE
20251022_043139,26.674878666666668,-81.80814883333333,2e:70:4e:d3:d3:89,-70,5785,158,Bermuda,pole 22 SW
20251022_043139,26.674878666666668,-81.80814883333333,28:70:4e:d0:89:06,-70,5805,162,Bermuda Guest WIFI,pole 06
20251022_043139,26.674878666666668,-81.80814883333333,2e:70:4e:d0:89:06,-70,5805,162,Bermuda,pole 06
20251022_043139,26.674878666666668,-81.80814883333333,28:70:4e:d2:c9:b1,-70,5220,45,Bermuda Guest WIFI,pole 15 NW
20251022_043139,26.674878666666668,-81.80814883333333,2e:70:4e:dd:d3:20,-70,5785,158,Bermuda,pole 01 NE
20251022_043139,26.674878666666668,-81.80814883333333,2e:70:4e:d0:89:0c,-70,5220,45,Bermuda,pole 10
20251022_043139,26.674878666666668,-81.80814883333333,2e:70:4e:d2:c9:b1,-70,5220,45,Bermuda,pole 15 NW
20251022_043139,26.674878666666668,-81.80814883333333,2e:70:4e:d0:86:3f,-75,5180,37,Bermuda Guest WIFI,pole 09
20251022_043139,26.674878666666668,-81.80814883333333,d2:34:2d:29:01:f6,-77,2412,1,STARLINK,Unknown
20251022_043139,26.674878666666668,-81.80814883333333,28:70:4e:d0:86:3f,-78,5180,37,Bermuda,pole 09
20251022_043139,26.674878666666668,-81.80814883333333,28:70:4e:d0:88:a9,-78,5745,150,Bermuda Guest WIFI,pole 04
20251022_043139,26.674878666666668,-81.80814883333333,2e:70:4e:d0:88:a9,-78,5745,150,Bermuda,pole 04
20251022_043139,26.674878666666668,-81.80814883333333,28:70:4e:d0:88:fa,-79,5765,154,Bermuda Guest WIFI,pole 11
20251022_043139,26.674878666666668,-81.80814883333333,02:5e:3c:23:32:d6,-80,2452,9,NACHO WIFI,Unknown
20251022_043139,26.674878666666668,-81.80814883333333,28:70:4e:d0:88:31,-80,5745,150,Bermuda Guest WIFI,pole 08
20251022_043139,26.674878666666668,-81.80814883333333,2e:70:4e:d0:88:fa,-80,5765,154,Bermuda,pole 11
20251022_043139,26.674878666666668,-81.80814883333333,2e:70:4e:d0:88:31,-80,5745,150,Bermuda,pole 08
20251022_043139,26.674878666666668,-81.80814883333333,28:70:4e:d0:86:c3,-84,5765,154,Bermuda Guest WIFI,pole 12 W
20251022_043139,26.674878666666668,-81.80814883333333,2e:70:4e:d0:86:c3,-84,5765,154,Bermuda,pole 12 W
20251022_043139,26.674878666666668,-81.80814883333333,2e:70:4e:d2:92:ab,-85,5745,150,Bermuda,pole 12 N
20251022_043139,26.674878666666668,-81.80814883333333,28:70:4e:d2:92:ab,-85,5745,150,Bermuda Guest WIFI,pole 12 N
20251022_043139,26.674878666666668,-81.80814883333333,28:70:4e:d0:87:c8,-86,5785,158,Bermuda Guest WIFI,pole 05
20251022_043139,26.674878666666668,-81.80814883333333,02:17:1a:c5:b9:28,-86,5745,150,Pvt.WFR_Denali.5GHz.6464,Unknown
20251022_043139,26.674871,-81.80812983333334,28:70:4e:d2:8b:2e,-61,5220,45,Bermuda Guest WIFI,pole 02 N
20251022_043139,26.674871,-81.80812983333334,2e:70:4e:d2:8b:2e,-61,5220,45,Bermuda,pole 02 N
20251022_043139,26.674871,-81.80812983333334,2e:70:4e:dd:d3:20,-62,5785,158,Bermuda,pole 01 NE
20251022_043139,26.674871,-81.80812983333334,28:70:4e:dd:d3:20,-63,5785,158,Bermuda Guest WIFI,pole 01 NE
20251022_043139,26.674871,-81.80812983333334,28:70:4e:d0:89:21,-64,5200,41,Bermuda Guest WIFI,pole 01 S
20251022_043139,26.674871,-81.80812983333334,2e:70:4e:d0:88:f7,-64,5240,49,Bermuda,pole 02 E
20251022_043139,26.674871,-81.80812983333334,2e:70:4e:d0:89:21,-64,5200,41,Bermuda,pole 01 S
20251022_043139,26.674871,-81.80812983333334,28:70:4e:d0:88:f7,-65,5240,49,Bermuda Guest WIFI,pole 02 E
20251022_043139,26.674871,-81.80812983333334,2e:70:4e:d0:87:dd,-70,5220,45,Bermuda,pole 07
20251022_043139,26.674871,-81.80812983333334,28:70:4e:d0:89:0c,-70,5220,45,Bermuda Guest WIFI,pole 10
20251022_043139,26.674871,-81.80812983333334,28:70:4e:d0:87:dd,-70,5220,45,Bermuda Guest WIFI,pole 07
20251022_043139,26.674871,-81.80812983333334,28:70:4e:d3:d3:89,-70,5785,158,Bermuda Guest WIFI,pole 22 SW
20251022_043139,26.674871,-81.80812983333334,2e:70:4e:d3:d3:89,-70,5785,158,Bermuda,pole 22 SW
20251022_043139,26.674871,-81.80812983333334,28:70:4e:d0:89:06,-70,5805,162,Bermuda Guest WIFI,pole 06
20251022_043139,26.674871,-81.80812983333334,2e:70:4e:d0:89:06,-70,5805,162,Bermuda,pole 06
20251022_043139,26.674871,-81.80812983333334,28:70:4e:d2:c9:b1,-70,5220,45,Bermuda Guest WIFI,pole 15 NW
20251022_043139,26.674871,-81.80812983333334,2e:70:4e:d0:89:0c,-70,5220,45,Bermuda,pole 10
20251022_043139,26.674871,-81.80812983333334,2e:70:4e:d2:c9:b1,-70,5220,45,Bermuda,pole 15 NW
20251022_043139,26.674871,-81.80812983333334,2e:70:4e:d0:86:3f,-75,5180,37,Bermuda Guest WIFI,pole 09
20251022_043139,26.674871,-81.80812983333334,d2:34:2d:29:01:f6,-77,2412,1,STARLINK,Unknown
20251022_043139,26.674871,-81.80812983333334,28:70:4e:d0:86:3f,-78,5180,37,Bermuda,pole 09
20251022_043139,26.674871,-81.80812983333334,28:70:4e:d0:88:a9,-78,5745,150,Bermuda Guest WIFI,pole 04
20251022_043139,26.674871,-81.80812983333334,2e:70:4e:d0:88:a9,-78,5745,150,Bermuda,pole 04
20251022_043139,26.674871,-81.80812983333334,28:70:4e:d0:88:fa,-79,5765,154,Bermuda Guest WIFI,pole 11
20251022_043139,26.674871,-81.80812983333334,02:5e:3c:23:32:d6,-80,2452,9,NACHO WIFI,Unknown
20251022_043139,26.674871,-81.80812983333334,28:70:4e:d0:88:31,-80,5745,150,Bermuda Guest WIFI,pole 08
20251022_043139,26.674871,-81.80812983333334,2e:70:4e:d0:88:fa,-80,5765,154,Bermuda,pole 11
20251022_043139,26.674871,-81.80812983333334,2e:70:4e:d0:88:31,-80,5745,150,Bermuda,pole 08
20251022_043139,26.674871,-81.80812983333334,02:fe:5d:bd:16:be,-81,2452,9,Pvt.WFR_Everest.6190,Unknown
20251022_043139,26.674871,-81.80812983333334,28:70:4e:d0:86:c3,-84,5765,154,Bermuda Guest WIFI,pole 12 W
20251022_043139,26.674871,-81.80812983333334,2e:70:4e:d0:86:c3,-84,5765,154,Bermuda,pole 12 W
20251022_043139,26.674871,-81.80812983333334,2e:70:4e:d2:92:ab,-85,5745,150,Bermuda,pole 12 N
20251022_043139,26.674871,-81.80812983333334,28:70:4e:d2:92:ab,-85,5745,150,Bermuda Guest WIFI,pole 12 N
20251022_043139,26.674871,-81.80812983333334,28:70:4e:d0:87:c8,-86,5785,158,Bermuda Guest WIFI,pole 05
20251022_043139,26.674871,-81.80812983333334,02:17:1a:c5:b9:28,-86,5745,150,Pvt.WFR_Denali.5GHz.6464,Unknown
20251022_043139,26.674856666666667,-81.80813066666667,28:70:4e:d2:8b:2e,-59,5220,45,Bermuda Guest WIFI,pole 02 N
20251022_043139,26.674856666666667,-81.80813066666667,2e:70:4e:d2:8b:2e,-59,5220,45,Bermuda,pole 02 N
20251022_043139,26.674856666666667,-81.80813066666667,28:70:4e:d0:89:21,-63,5200,41,Bermuda Guest WIFI,pole 01 S
20251022_043139,26.674856666666667,-81.80813066666667,2e:70:4e:d0:89:21,-63,5200,41,Bermuda,pole 01 S
20251022_043139,26.674856666666667,-81.80813066666667,2e:70:4e:d0:88:f7,-64,5240,49,Bermuda,pole 02 E
20251022_043139,26.674856666666667,-81.80813066666667,28:70:4e:d0:88:f7,-65,5240,49,Bermuda Guest WIFI,pole 02 E
20251022_043139,26.674856666666667,-81.80813066666667,2e:70:4e:d0:87:dd,-70,5220,45,Bermuda,pole 07
20251022_043139,26.674856666666667,-81.80813066666667,28:70:4e:d0:89:0c,-70,5220,45,Bermuda Guest WIFI,pole 10
20251022_043139,26.674856666666667,-81.80813066666667,28:70:4e:d0:87:dd,-70,5220,45,Bermuda Guest WIFI,pole 07
20251022_043139,26.674856666666667,-81.80813066666667,28:70:4e:dd:d3:20,-70,5785,158,Bermuda Guest WIFI,pole 01 NE
20251022_043139,26.674856666666667,-81.80813066666667,28:70:4e:d0:89:06,-70,5805,162,Bermuda Guest WIFI,pole 06
20251022_043139,26.674856666666667,-81.80813066666667,2e:70:4e:d0:89:06,-70,5805,162,Bermuda,pole 06
20251022_043139,26.674856666666667,-81.80813066666667,28:70:4e:d2:c9:b1,-70,5220,45,Bermuda Guest WIFI,pole 15 NW
20251022_043139,26.674856666666667,-81.80813066666667,2e:70:4e:dd:d3:20,-70,5785,158,Bermuda,pole 01 NE
20251022_043139,26.674856666666667,-81.80813066666667,2e:70:4e:d0:89:0c,-70,5220,45,Bermuda,pole 10
20251022_043139,26.674856666666667,-81.80813066666667,2e:70:4e:d2:c9:b1,-70,5220,45,Bermuda,pole 15 NW
20251022_043139,26.674856666666667,-81.80813066666667,d2:34:2d:29:01:f6,-76,2412,1,STARLINK,Unknown
20251022_043139,26.674856666666667,-81.80813066666667,28:70:4e:d0:86:3f,-77,5180,37,Bermuda,pole 09
20251022_043139,26.674856666666667,-81.80813066666667,28:70:4e:d0:88:31,-78,5745,150,Bermuda Guest WIFI,pole 08
20251022_043139,26.674856666666667,-81.80813066666667,2e:70:4e:d0:88:31,-79,5745,150,Bermuda,pole 08
20251022_043139,26.674856666666667,-81.80813066666667,28:70:4e:d3:d3:89,-81,5785,158,Bermuda Guest WIFI,pole 22 SW
20251022_043139,26.674856666666667,-81.80813066666667,02:fe:5d:bd:16:be,-81,2452,9,Pvt.WFR_Everest.6190,Unknown
20251022_043139,26.674856666666667,-81.80813066666667,2e:70:4e:d3:d3:89,-82,5785,158,Bermuda,pole 22 SW
2025-10-22T04:32:41.371470+00:00,26.674896833333335,-81.80813633333334,2e:70:4e:d2:8b:2e,-63,5220,45,Bermuda,pole 02 N
2025-10-22T04:32:41.371470+00:00,26.674896833333335,-81.80813633333334,28:70:4e:dd:d3:20,-65,5785,158,Bermuda Guest WIFI,pole 01 NE
2025-10-22T04:32:41.371470+00:00,26.674896833333335,-81.80813633333334,2e:70:4e:dd:d3:20,-65,5785,158,Bermuda,pole 01 NE
2025-10-22T04:32:41.371470+00:00,26.674896833333335,-81.80813633333334,02:fe:5d:bd:16:be,-75,2452,9,Pvt.WFR_Everest.6190,Unknown
2025-10-22T04:32:41.371470+00:00,26.674896833333335,-81.80813633333334,02:5e:3c:23:32:d6,-77,2452,9,NACHO WIFI,Unknown
2025-10-22T04:32:41.371470+00:00,26.674896833333335,-81.80813633333334,06:5e:3c:23:32:d6,-79,2452,9,Newmar6191,Unknown
2025-10-22T04:32:41.371470+00:00,26.674908333333335,-81.80808233333333,28:70:4e:d0:88:f7,-57,5240,49,Bermuda Guest WIFI,pole 02 E
2025-10-22T04:32:41.371470+00:00,26.674908333333335,-81.80808233333333,2e:70:4e:d2:8b:2e,-58,5220,45,Bermuda,pole 02 N
2025-10-22T04:32:41.371470+00:00,26.674908333333335,-81.80808233333333,2e:70:4e:d0:88:f7,-58,5240,49,Bermuda,pole 02 E
2025-10-22T04:32:41.371470+00:00,26.674908333333335,-81.80808233333333,28:70:4e:d2:8b:2e,-59,5220,45,Bermuda Guest WIFI,pole 02 N
2025-10-22T04:32:41.371470+00:00,26.674908333333335,-81.80808233333333,28:70:4e:dd:d3:20,-65,5785,158,Bermuda Guest WIFI,pole 01 NE
2025-10-22T04:32:41.371470+00:00,26.674908333333335,-81.80808233333333,2e:70:4e:dd:d3:20,-65,5785,158,Bermuda,pole 01 NE
2025-10-22T04:32:41.371470+00:00,26.674908333333335,-81.80808233333333,06:5e:3c:23:32:d6,-76,2452,9,Newmar6191,Unknown
2025-10-22T04:32:41.371470+00:00,26.674908333333335,-81.80808233333333,d2:34:2d:29:01:f6,-76,2412,1,STARLINK,Unknown
2025-10-22T04:32:41.371470+00:00,26.674908333333335,-81.80808233333333,02:5e:3c:23:32:d6,-78,2452,9,NACHO WIFI,Unknown
2025-10-22T04:32:41.371470+00:00,26.674908333333335,-81.80808233333333,02:fe:5d:bd:16:be,-79,2452,9,Pvt.WFR_Everest.6190,Unknown
2025-10-22T04:32:41.371470+00:00,26.674908333333335,-81.80808233333333,28:70:4e:d0:88:fa,-85,5765,154,Bermuda Guest WIFI,pole 11
2025-10-22T04:32:41.371470+00:00,26.674908333333335,-81.80808233333333,02:17:1a:c5:b9:28,-85,5745,150,Pvt.WFR_Denali.5GHz.6464,Unknown
2025-10-22T04:32:41.371470+00:00,26.67488983333333,-81.808056,28:70:4e:d0:88:f7,-57,5240,49,Bermuda Guest WIFI,pole 02 E
2025-10-22T04:32:41.371470+00:00,26.67488983333333,-81.808056,2e:70:4e:d0:88:f7,-58,5240,49,Bermuda,pole 02 E
2025-10-22T04:32:41.371470+00:00,26.67488983333333,-81.808056,28:70:4e:d2:8b:2e,-59,5220,45,Bermuda Guest WIFI,pole 02 N
2025-10-22T04:32:41.371470+00:00,26.67488983333333,-81.808056,2e:70:4e:d2:8b:2e,-65,5220,45,Bermuda,pole 02 N
2025-10-22T04:32:41.371470+00:00,26.67488983333333,-81.808056,28:70:4e:dd:d3:20,-65,5785,158,Bermuda Guest WIFI,pole 01 NE
2025-10-22T04:32:41.371470+00:00,26.67488983333333,-81.808056,2e:70:4e:dd:d3:20,-65,5785,158,Bermuda,pole 01 NE
2025-10-22T04:32:41.371470+00:00,26.67488983333333,-81.808056,02:5e:3c:23:32:d6,-78,2452,9,NACHO WIFI,Unknown
2025-10-22T04:32:41.371470+00:00,26.67488983333333,-81.808056,06:5e:3c:23:32:d6,-78,2452,9,Newmar6191,Unknown
2025-10-22T04:32:41.371470+00:00,26.67488983333333,-81.808056,d2:34:2d:29:01:f6,-78,2412,1,STARLINK,Unknown
2025-10-22T04:32:41.371470+00:00,26.67488983333333,-81.808056,02:fe:5d:bd:16:be,-79,2452,9,Pvt.WFR_Everest.6190,Unknown
2025-10-22T04:32:41.371470+00:00,26.67488983333333,-81.808056,28:70:4e:d0:88:fa,-85,5765,154,Bermuda Guest WIFI,pole 11
2025-10-22T04:32:41.371470+00:00,26.67488983333333,-81.808056,02:17:1a:c5:b9:28,-85,5745,150,Pvt.WFR_Denali.5GHz.6464,Unknown
2025-10-22T04:32:41.371470+00:00,26.674857,-81.808037,2e:70:4e:d2:8b:2e,-57,5220,45,Bermuda,pole 02 N
2025-10-22T04:32:41.371470+00:00,26.674857,-81.808037,28:70:4e:d2:8b:2e,-57,5220,45,Bermuda Guest WIFI,pole 02 N
2025-10-22T04:32:41.371470+00:00,26.674857,-81.808037,28:70:4e:d0:88:f7,-62,5240,49,Bermuda Guest WIFI,pole 02 E
2025-10-22T04:32:41.371470+00:00,26.674857,-81.808037,2e:70:4e:d0:88:f7,-62,5240,49,Bermuda,pole 02 E
2025-10-22T04:32:41.371470+00:00,26.674857,-81.808037,2e:70:4e:d0:89:21,-69,5200,41,Bermuda,pole 01 S
2025-10-22T04:32:41.371470+00:00,26.674857,-81.808037,28:70:4e:d0:89:21,-70,5200,41,Bermuda Guest WIFI,pole 01 S
2025-10-22T04:32:41.371470+00:00,26.674857,-81.808037,02:5e:3c:23:32:d6,-78,2452,9,NACHO WIFI,Unknown
2025-10-22T04:32:41.371470+00:00,26.674857,-81.808037,06:5e:3c:23:32:d6,-78,2452,9,Newmar6191,Unknown
2025-10-22T04:32:41.371470+00:00,26.674857,-81.808037,d2:34:2d:29:01:f6,-78,2412,1,STARLINK,Unknown
2025-10-22T04:32:41.371470+00:00,26.674857,-81.808037,02:fe:5d:bd:16:be,-79,2452,9,Pvt.WFR_Everest.6190,Unknown
2025-10-22T04:32:41.371470+00:00,26.674857,-81.808037,02:1e:57:91:f3:66,-83,2437,6,Biggie_Rolls,Unknown
2025-10-22T04:32:41.371470+00:00,26.674857,-81.808037,28:70:4e:d0:88:fa,-85,5765,154,Bermuda Guest WIFI,pole 11
2025-10-22T04:32:41.371470+00:00,26.674857,-81.808037,02:17:1a:c5:b9:28,-85,5745,150,Pvt.WFR_Denali.5GHz.6464,Unknown
20251022_043742,26.673646,-81.8077055,60:22:32:16:00:d3,-33,5240,49,Bermuda Guest WIFI,laundry2
20251022_043742,26.673646,-81.8077055,62:22:32:16:00:d3,-33,5240,49,Bermuda,laundry2
20251022_043742,26.673646,-81.8077055,28:70:4e:d0:86:3f,-76,5180,37,Bermuda,pole 09
20251022_043742,26.673646,-81.8077055,2e:70:4e:d0:86:3f,-77,5180,37,Bermuda Guest WIFI,pole 09
20251022_043742,26.673646,-81.8077055,28:70:4e:d0:88:31,-83,5745,150,Bermuda Guest WIFI,pole 08
20251022_043742,26.673646,-81.8077055,2e:70:4e:d0:88:31,-83,5745,150,Bermuda,pole 08
20251022_043742,26.673666166666667,-81.807728,60:22:32:16:00:d3,-35,5240,49,Bermuda Guest WIFI,laundry2
20251022_043742,26.673666166666667,-81.807728,62:22:32:16:00:d3,-35,5240,49,Bermuda,laundry2
20251022_043742,26.673666166666667,-81.807728,28:70:4e:d0:86:3f,-76,5180,37,Bermuda,pole 09
20251022_043742,26.673666166666667,-81.807728,2e:70:4e:d0:86:3f,-77,5180,37,Bermuda Guest WIFI,pole 09
20251022_043742,26.673666166666667,-81.807728,28:70:4e:d0:88:31,-83,5745,150,Bermuda Guest WIFI,pole 08
20251022_043742,26.673666166666667,-81.807728,2e:70:4e:d0:88:31,-83,5745,150,Bermuda,pole 08
20251022_043742,26.673666166666667,-81.807728,28:70:4e:dd:d3:20,-89,5785,158,Bermuda Guest WIFI,pole 01 NE
20251022_043742,26.673666166666667,-81.807728,2e:70:4e:dd:d3:20,-89,5785,158,Bermuda,pole 01 NE
20251022_043742,26.673723666666667,-81.8078015,60:22:32:16:00:d3,-33,5240,49,Bermuda Guest WIFI,laundry2
20251022_043742,26.673723666666667,-81.8078015,62:22:32:16:00:d3,-33,5240,49,Bermuda,laundry2
20251022_043742,26.673723666666667,-81.8078015,28:70:4e:d0:86:3f,-75,5180,37,Bermuda,pole 09
20251022_043742,26.673723666666667,-81.8078015,2e:70:4e:d0:86:3f,-75,5180,37,Bermuda Guest WIFI,pole 09
20251022_043742,26.673723666666667,-81.8078015,28:70:4e:d0:88:31,-80,5745,150,Bermuda Guest WIFI,pole 08
20251022_043742,26.673723666666667,-81.8078015,2e:70:4e:d0:88:31,-81,5745,150,Bermuda,pole 08
20251022_043742,26.673723666666667,-81.8078015,28:70:4e:d2:8b:2e,-83,5220,45,Bermuda Guest WIFI,pole 02 N
20251022_043742,26.673723666666667,-81.8078015,2e:70:4e:d2:8b:2e,-83,5220,45,Bermuda,pole 02 N
20251022_043742,26.673723666666667,-81.8078015,28:70:4e:dd:d3:20,-89,5785,158,Bermuda Guest WIFI,pole 01 NE
20251022_043742,26.673723666666667,-81.8078015,2e:70:4e:dd:d3:20,-89,5785,158,Bermuda,pole 01 NE
20251022_043742,26.673727333333332,-81.80779983333333,60:22:32:16:00:d3,-34,5240,49,Bermuda Guest WIFI,laundry2
20251022_043742,26.673727333333332,-81.80779983333333,62:22:32:16:00:d3,-34,5240,49,Bermuda,laundry2
20251022_043742,26.673727333333332,-81.80779983333333,28:70:4e:d0:86:3f,-75,5180,37,Bermuda,pole 09
20251022_043742,26.673727333333332,-81.80779983333333,2e:70:4e:d0:86:3f,-75,5180,37,Bermuda Guest WIFI,pole 09
20251022_043742,26.673727333333332,-81.80779983333333,28:70:4e:d0:87:dd,-76,5220,45,Bermuda Guest WIFI,pole 07
20251022_043742,26.673727333333332,-81.80779983333333,2e:70:4e:d0:87:dd,-76,5220,45,Bermuda,pole 07
20251022_043742,26.673727333333332,-81.80779983333333,28:70:4e:d0:88:31,-80,5745,150,Bermuda Guest WIFI,pole 08
20251022_043742,26.673727333333332,-81.80779983333333,2e:70:4e:d0:88:31,-81,5745,150,Bermuda,pole 08
20251022_043742,26.673727333333332,-81.80779983333333,28:70:4e:d2:8b:2e,-83,5220,45,Bermuda Guest WIFI,pole 02 N
20251022_043742,26.673727333333332,-81.80779983333333,2e:70:4e:d2:8b:2e,-83,5220,45,Bermuda,pole 02 N
20251022_043742,26.673727333333332,-81.80779983333333,28:70:4e:dd:d3:20,-89,5785,158,Bermuda Guest WIFI,pole 01 NE
20251022_043742,26.673727333333332,-81.80779983333333,2e:70:4e:dd:d3:20,-89,5785,158,Bermuda,pole 01 NE
2025-10-22T04:38:45.238414+00:00,26.673672833333335,-81.80772966666666,62:22:32:16:00:d3,-33,5240,49,Bermuda,laundry2
2025-10-22T04:38:45.238414+00:00,26.673672833333335,-81.80772966666666,60:22:32:16:00:d3,-33,5240,49,Bermuda Guest WIFI,laundry2
2025-10-22T04:38:45.238414+00:00,26.673672833333335,-81.80772966666666,28:70:4e:d2:8b:2e,-82,5220,45,Bermuda Guest WIFI,pole 02 N
2025-10-22T04:38:45.238414+00:00,26.673672833333335,-81.80772966666666,2e:70:4e:d2:8b:2e,-83,5220,45,Bermuda,pole 02 N
2025-10-22T04:38:45.238414+00:00,26.673672833333335,-81.80772966666666,02:fe:5d:bd:16:be,-90,2452,9,Pvt.WFR_Everest.6190,Unknown
2025-10-22T04:38:45.238414+00:00,26.673667000000002,-81.80772133333333,62:22:32:16:00:d3,-36,5240,49,Bermuda,laundry2
2025-10-22T04:38:45.238414+00:00,26.673667000000002,-81.80772133333333,60:22:32:16:00:d3,-36,5240,49,Bermuda Guest WIFI,laundry2
2025-10-22T04:38:45.238414+00:00,26.673667000000002,-81.80772133333333,28:70:4e:d2:8b:2e,-82,5220,45,Bermuda Guest WIFI,pole 02 N
2025-10-22T04:38:45.238414+00:00,26.673667000000002,-81.80772133333333,2e:70:4e:d2:8b:2e,-83,5220,45,Bermuda,pole 02 N
2025-10-22T04:38:45.238414+00:00,26.673667000000002,-81.80772133333333,2e:70:4e:dd:d3:20,-86,5785,158,Bermuda,pole 01 NE
2025-10-22T04:38:45.238414+00:00,26.673667000000002,-81.80772133333333,28:70:4e:dd:d3:20,-87,5785,158,Bermuda Guest WIFI,pole 01 NE
2025-10-22T04:38:45.238414+00:00,26.673667000000002,-81.80772133333333,02:fe:5d:bd:16:be,-90,2452,9,Pvt.WFR_Everest.6190,Unknown
2025-10-22T04:38:45.238414+00:00,26.673661833333334,-81.80770966666667,62:22:32:16:00:d3,-33,5240,49,Bermuda,laundry2
2025-10-22T04:38:45.238414+00:00,26.673661833333334,-81.80770966666667,60:22:32:16:00:d3,-33,5240,49,Bermuda Guest WIFI,laundry2
2025-10-22T04:38:45.238414+00:00,26.673661833333334,-81.80770966666667,28:70:4e:d2:8b:2e,-82,5220,45,Bermuda Guest WIFI,pole 02 N
2025-10-22T04:38:45.238414+00:00,26.673661833333334,-81.80770966666667,2e:70:4e:d2:8b:2e,-83,5220,45,Bermuda,pole 02 N
2025-10-22T04:38:45.238414+00:00,26.673661833333334,-81.80770966666667,28:70:4e:dd:d3:20,-85,5785,158,Bermuda Guest WIFI,pole 01 NE
2025-10-22T04:38:45.238414+00:00,26.673661833333334,-81.80770966666667,2e:70:4e:dd:d3:20,-85,5785,158,Bermuda,pole 01 NE
2025-10-22T04:38:45.238414+00:00,26.673661833333334,-81.80770966666667,02:fe:5d:bd:16:be,-90,2452,9,Pvt.WFR_Everest.6190,Unknown
2025-10-22T04:38:45.238414+00:00,26.673652,-81.80769066666667,62:22:32:16:00:d3,-37,5240,49,Bermuda,laundry2
2025-10-22T04:38:45.238414+00:00,26.673652,-81.80769066666667,60:22:32:16:00:d3,-37,5240,49,Bermuda Guest WIFI,laundry2
2025-10-22T04:38:45.238414+00:00,26.673652,-81.80769066666667,2e:70:4e:dd:d3:20,-86,5785,158,Bermuda,pole 01 NE
2025-10-22T04:38:45.238414+00:00,26.673652,-81.80769066666667,28:70:4e:dd:d3:20,-87,5785,158,Bermuda Guest WIFI,pole 01 NE
2025-10-22T04:38:45.238414+00:00,26.673652,-81.80769066666667,02:fe:5d:bd:16:be,-90,2452,9,Pvt.WFR_Everest.6190,Unknown
