timestamp,lat,long,bssid,signal_dbm,frequency,channel,ssid,devicename
2025-10-09T15:31:47.531980+00:00,,,60:22:32:16:00:d2,-45,2437,6,Bermuda,laundry2
2025-10-09T15:31:47.531980+00:00,,,28:70:4e:d0:88:30,-80,2412,1,Bermuda,pole 08
2025-10-09T15:31:47.531980+00:00,,,62:22:32:16:00:d2,-44,2437,6,Bermuda Guest WIFI,laundry2
2025-10-09T15:31:47.531980+00:00,,,28:70:4e:d0:87:dc,-76,2462,11,Bermuda,pole 07
2025-10-09T15:31:47.531980+00:00,,,2e:70:4e:d0:87:dc,-76,2462,11,Bermuda Guest WIFI,pole 07
2025-10-09T15:31:47.531980+00:00,,,60:22:32:16:00:d3,-32,5240,49,Bermuda,laundry2
2025-10-09T15:31:47.531980+00:00,,,62:22:32:16:00:d3,-33,5240,49,Bermuda Guest WIFI,laundry2
2025-10-09T15:31:47.531980+00:00,,,28:70:4e:d0:87:dd,-69,5220,45,Bermuda,pole 07
2025-10-09T15:31:47.531980+00:00,,,2e:70:4e:d0:87:dd,-69,5220,45,Bermuda Guest WIFI,pole 07
2025-10-09T15:32:32.385767+00:00,,,60:22:32:16:00:d2,-46,2437,6,Bermuda,laundry2
2025-10-09T15:32:32.385767+00:00,,,62:22:32:16:00:d2,-46,2437,6,Bermuda Guest WIFI,laundry2
2025-10-09T15:32:32.385767+00:00,,,28:70:4e:d0:87:dc,-76,2462,11,Bermuda,pole 07
2025-10-09T15:32:32.385767+00:00,,,2e:70:4e:d0:87:dc,-78,2462,11,Bermuda Guest WIFI,pole 07
2025-10-09T15:32:32.385767+00:00,,,2e:70:4e:d2:8b:2d,-86,2462,11,Bermuda Guest WIFI,pole 02 N
2025-10-09T15:32:32.385767+00:00,,,60:22:32:16:00:d3,-31,5240,49,Bermuda,laundry2
2025-10-09T15:32:32.385767+00:00,,,62:22:32:16:00:d3,-31,5240,49,Bermuda Guest WIFI,laundry2
2025-10-09T15:33:17.760942+00:00,,,60:22:32:16:00:d2,-43,2437,6,Bermuda,laundry2
2025-10-09T15:33:17.760942+00:00,,,62:22:32:16:00:d2,-44,2437,6,Bermuda Guest WIFI,laundry2
2025-10-09T15:33:17.760942+00:00,,,28:70:4e:d0:87:dc,-76,2462,11,Bermuda,pole 07
2025-10-09T15:33:17.760942+00:00,,,2e:70:4e:d0:87:dc,-75,2462,11,Bermuda Guest WIFI,pole 07
2025-10-09T15:33:17.760942+00:00,,,62:22:32:16:00:d3,-31,5240,49,Bermuda Guest WIFI,laundry2
2025-10-09T15:33:17.760942+00:00,,,60:22:32:16:00:d3,-30,5240,49,Bermuda,laundry2
2025-10-09T15:33:17.760942+00:00,,,28:70:4e:d0:87:dd,-78,5220,45,Bermuda,pole 07
2025-10-09T15:33:17.760942+00:00,,,2e:70:4e:d0:87:dd,-79,5220,45,Bermuda Guest WIFI,pole 07
2025-10-09T16:24:13.132685+00:00,,,28:70:4e:d0:88:f9,-56,2412,1,Bermuda,pole 11
2025-10-09T16:24:13.132685+00:00,,,2e:70:4e:d0:88:f9,-58,2412,1,Bermuda Guest WIFI,pole 11
2025-10-09T16:24:13.132685+00:00,,,28:70:4e:d0:88:21,-80,2412,1,Bermuda,pole 14
2025-10-09T16:24:13.132685+00:00,,,28:70:4e:d0:89:0b,-79,2412,1,Bermuda,pole 10
2025-10-09T16:24:13.132685+00:00,,,2e:70:4e:d0:89:0b,-77,2412,1,Bermuda Guest WIFI,pole 10
2025-10-09T16:24:13.132685+00:00,,,2e:70:4e:d2:92:aa,-75,2437,6,Bermuda Guest WIFI,pole 12 N
2025-10-09T16:24:13.132685+00:00,,,28:70:4e:d0:86:c2,-71,2437,6,Bermuda,pole 12 W
2025-10-09T16:24:13.132685+00:00,,,2e:70:4e:d0:86:c2,-71,2437,6,Bermuda Guest WIFI,pole 12 W
2025-10-09T16:24:13.132685+00:00,,,28:70:4e:d2:92:aa,-75,2437,6,Bermuda,pole 12 N
2025-10-09T16:24:13.132685+00:00,,,2e:70:4e:d0:87:4f,-72,2462,11,Bermuda Guest WIFI,pole 13 E
2025-10-09T16:24:13.132685+00:00,,,28:70:4e:d0:87:4f,-71,2462,11,Bermuda,pole 13 E
2025-10-09T16:24:13.132685+00:00,,,28:70:4e:d0:88:fa,-65,5765,154,Bermuda,pole 11
2025-10-09T16:24:13.132685+00:00,,,2e:70:4e:d0:88:fa,-65,5765,154,Bermuda Guest WIFI,pole 11
2025-10-09T16:24:13.132685+00:00,,,28:70:4e:dd:d0:4a,-81,5240,49,Bermuda,pole 13 SW
2025-10-09T16:24:13.132685+00:00,,,2e:70:4e:dd:d0:4a,-80,5240,49,Bermuda Guest WIFI,pole 13 SW
2025-10-09T16:24:57.866975+00:00,26.673345333333334,-81.80606583333334,28:70:4e:d0:88:f9,-64,2412,1,Bermuda,pole 11
2025-10-09T16:24:57.866975+00:00,26.673345333333334,-81.80606583333334,2e:70:4e:d0:88:f9,-63,2412,1,Bermuda Guest WIFI,pole 11
2025-10-09T16:24:57.866975+00:00,26.673345333333334,-81.80606583333334,28:70:4e:d0:89:0b,-79,2412,1,Bermuda,pole 10
2025-10-09T16:24:57.866975+00:00,26.673345333333334,-81.80606583333334,2e:70:4e:d2:92:aa,-76,2437,6,Bermuda Guest WIFI,pole 12 N
2025-10-09T16:24:57.866975+00:00,26.673345333333334,-81.80606583333334,28:70:4e:dd:d0:49,-83,2437,6,Bermuda,pole 13 SW
2025-10-09T16:24:57.866975+00:00,26.673345333333334,-81.80606583333334,2e:70:4e:dd:d0:49,-83,2437,6,Bermuda Guest WIFI,pole 13 SW
2025-10-09T16:24:57.866975+00:00,26.673345333333334,-81.80606583333334,28:70:4e:d0:86:c2,-72,2437,6,Bermuda,pole 12 W
2025-10-09T16:24:57.866975+00:00,26.673345333333334,-81.80606583333334,2e:70:4e:d0:86:c2,-73,2437,6,Bermuda Guest WIFI,pole 12 W
2025-10-09T16:24:57.866975+00:00,26.673345333333334,-81.80606583333334,28:70:4e:d0:88:f6,-77,2437,6,Bermuda,Unknown
2025-10-09T16:24:57.866975+00:00,26.673345333333334,-81.80606583333334,28:70:4e:d2:92:aa,-76,2437,6,Bermuda,pole 12 N
2025-10-09T16:24:57.866975+00:00,26.673345333333334,-81.80606583333334,28:70:4e:dd:d3:1f,-86,2462,11,Bermuda,pole 01 NE
2025-10-09T16:24:57.866975+00:00,26.673345333333334,-81.80606583333334,28:70:4e:d0:87:4f,-72,2462,11,Bermuda,pole 13 E
2025-10-09T16:24:57.866975+00:00,26.673345333333334,-81.80606583333334,2e:70:4e:d0:87:4f,-74,2462,11,Bermuda Guest WIFI,pole 13 E
2025-10-09T16:24:57.866975+00:00,26.673345333333334,-81.80606583333334,28:70:4e:d2:8b:2d,-88,2462,11,Bermuda,pole 02 N
2025-10-09T16:24:57.866975+00:00,26.673345333333334,-81.80606583333334,2e:70:4e:d2:8b:2d,-88,2462,11,Bermuda Guest WIFI,pole 02 N
2025-10-09T16:24:57.866975+00:00,26.673345333333334,-81.80606583333334,28:70:4e:d0:87:5e,-83,2462,11,Bermuda,pole 15 S
2025-10-09T16:24:57.866975+00:00,26.673345333333334,-81.80606583333334,2e:70:4e:d0:87:5e,-85,2462,11,Bermuda Guest WIFI,pole 15 S
2025-10-09T16:24:57.866975+00:00,26.673345333333334,-81.80606583333334,28:70:4e:d0:86:3e,-90,2462,11,Bermuda,pole 09
2025-10-09T16:24:57.866975+00:00,26.673345333333334,-81.80606583333334,28:70:4e:d0:88:fa,-63,5765,154,Bermuda,pole 11
2025-10-09T16:24:57.866975+00:00,26.673345333333334,-81.80606583333334,2e:70:4e:d0:88:fa,-64,5765,154,Bermuda Guest WIFI,pole 11
2025-10-09T16:25:40.490760+00:00,,,28:70:4e:d0:88:f9,-63,2412,1,Bermuda,pole 11
2025-10-09T16:25:40.490760+00:00,,,2e:70:4e:d0:88:f9,-62,2412,1,Bermuda Guest WIFI,pole 11
2025-10-09T16:25:40.490760+00:00,,,28:70:4e:d0:88:21,-81,2412,1,Bermuda,pole 14
2025-10-09T16:25:40.490760+00:00,,,28:70:4e:dd:d0:49,-82,2437,6,Bermuda,pole 13 SW
2025-10-09T16:25:40.490760+00:00,,,28:70:4e:d0:86:c2,-73,2437,6,Bermuda,pole 12 W
2025-10-09T16:25:40.490760+00:00,,,2e:70:4e:dd:d0:49,-76,2437,6,Bermuda Guest WIFI,pole 13 SW
2025-10-09T16:25:40.490760+00:00,,,2e:70:4e:d0:86:c2,-71,2437,6,Bermuda Guest WIFI,pole 12 W
2025-10-09T16:25:40.490760+00:00,,,0a:93:f7:22:d4:aa,-78,2437,6,STARLINK,Unknown
2025-10-09T16:25:40.490760+00:00,,,28:70:4e:d2:c9:b0,-82,2437,6,Bermuda,pole 15 NW
2025-10-09T16:25:40.490760+00:00,,,9c:05:d6:e9:77:a5,-74,2437,6,Bermuda,Unknown
2025-10-09T16:25:40.490760+00:00,,,02:5e:3c:ee:06:9a,-75,2462,11,REVRV_7943,Unknown
2025-10-09T16:25:40.490760+00:00,,,28:70:4e:d0:87:4f,-70,2462,11,Bermuda,pole 13 E
2025-10-09T16:25:40.490760+00:00,,,2e:70:4e:d0:87:4f,-70,2462,11,Bermuda Guest WIFI,pole 13 E
2025-10-09T16:26:27.166096+00:00,,,28:70:4e:d0:88:f9,-55,2412,1,Bermuda,pole 11
2025-10-09T16:26:27.166096+00:00,,,2e:70:4e:d0:88:f9,-55,2412,1,Bermuda Guest WIFI,pole 11
2025-10-09T16:26:27.166096+00:00,,,28:70:4e:d0:89:0b,-72,2412,1,Bermuda,pole 10
2025-10-09T16:26:27.166096+00:00,,,02:17:1a:c6:09:49,-85,2422,3,REVRV_7157,Unknown
2025-10-09T16:26:27.166096+00:00,,,28:70:4e:dd:d0:49,-80,2437,6,Bermuda,pole 13 SW
2025-10-09T16:26:27.166096+00:00,,,28:70:4e:d0:86:c2,-67,2437,6,Bermuda,pole 12 W
2025-10-09T16:26:27.166096+00:00,,,2e:70:4e:d0:86:c2,-66,2437,6,Bermuda Guest WIFI,pole 12 W
2025-10-09T16:26:27.166096+00:00,,,0a:93:f7:22:d4:aa,-82,2437,6,STARLINK,Unknown
2025-10-09T16:26:27.166096+00:00,,,28:70:4e:d2:c9:b0,-78,2437,6,Bermuda,pole 15 NW
2025-10-09T16:26:27.166096+00:00,,,02:5e:3c:ee:06:9a,-79,2462,11,REVRV_7943,Unknown
2025-10-09T16:26:27.166096+00:00,,,28:70:4e:d0:87:4f,-78,2462,11,Bermuda,pole 13 E
2025-10-09T16:26:27.166096+00:00,,,2e:70:4e:d0:87:4f,-79,2462,11,Bermuda Guest WIFI,pole 13 E
2025-10-09T16:26:27.166096+00:00,,,0a:93:f7:42:d4:aa,-84,5805,162,STARLINK,Unknown
2025-10-09T16:26:27.166096+00:00,,,d0:c3:5a:03:a6:93,-81,5785,158,HotspotZ5ms,Unknown
2025-10-09T16:26:27.166096+00:00,,,2a:38:5c:02:2d:2d,-84,5745,150,PROJ022d2d,Unknown
2025-10-09T16:26:27.166096+00:00,,,28:70:4e:dd:d0:4a,-77,5240,49,Bermuda,pole 13 SW
2025-10-09T16:26:27.166096+00:00,,,2e:70:4e:dd:d0:4a,-76,5240,49,Bermuda Guest WIFI,pole 13 SW
2025-10-09T16:27:13.704811+00:00,,,28:70:4e:d0:88:f9,-56,2412,1,Bermuda,pole 11
2025-10-09T16:27:13.704811+00:00,,,2e:70:4e:dd:d0:49,-77,2437,6,Bermuda Guest WIFI,pole 13 SW
2025-10-09T16:27:13.704811+00:00,,,28:70:4e:d0:86:c2,-72,2437,6,Bermuda,pole 12 W
2025-10-09T16:27:13.704811+00:00,,,2e:70:4e:d0:86:c2,-73,2437,6,Bermuda Guest WIFI,pole 12 W
2025-10-09T16:27:13.704811+00:00,,,02:fe:5d:b4:12:4e,-78,2437,6,Pvt.WFR_Denali.2489,Unknown
2025-10-09T16:27:13.704811+00:00,,,02:5e:3c:ee:06:9a,-82,2462,11,REVRV_7943,Unknown
2025-10-09T16:27:13.704811+00:00,,,28:70:4e:d0:87:4f,-81,2462,11,Bermuda,pole 13 E
2025-10-09T16:27:59.783648+00:00,,,28:70:4e:d0:88:f9,-55,2412,1,Bermuda,pole 11
2025-10-09T16:27:59.783648+00:00,,,28:6b:b4:cb:5a:1a,-90,2412,1,[fridge]_E30AJT5133810Z,Unknown
2025-10-09T16:27:59.783648+00:00,,,2e:70:4e:dd:d0:49,-70,2437,6,Bermuda Guest WIFI,pole 13 SW
2025-10-09T16:27:59.783648+00:00,,,28:70:4e:d0:86:c2,-75,2437,6,Bermuda,pole 12 W
2025-10-09T16:27:59.783648+00:00,,,0a:93:f7:22:d4:aa,-79,2437,6,STARLINK,Unknown
2025-10-09T16:27:59.783648+00:00,,,02:5e:3c:ee:06:9a,-84,2437,6,REVRV_7943,Unknown
2025-10-09T16:27:59.783648+00:00,,,2e:70:4e:d2:c9:b0,-89,2437,6,Bermuda Guest WIFI,pole 15 NW
2025-10-09T16:27:59.783648+00:00,,,02:55:31:30:b7:72,-83,2452,9,Moore_RV,Unknown
2025-10-09T16:27:59.783648+00:00,,,06:55:31:30:b7:72,-82,2452,9,Newmar2674,Unknown
2025-10-09T16:27:59.783648+00:00,,,28:70:4e:dd:d0:4a,-74,5240,49,Bermuda,pole 13 SW
2025-10-09T16:27:59.783648+00:00,,,2e:70:4e:dd:d0:4a,-74,5240,49,Bermuda Guest WIFI,pole 13 SW
2025-10-09T16:28:45.149557+00:00,,,28:70:4e:d0:88:f9,-70,2412,1,Bermuda,pole 11
2025-10-09T16:28:45.149557+00:00,,,2e:70:4e:d0:88:f9,-70,2412,1,Bermuda Guest WIFI,pole 11
2025-10-09T16:28:45.149557+00:00,,,28:70:4e:d0:89:0b,-71,2412,1,Bermuda,pole 10
2025-10-09T16:28:45.149557+00:00,,,02:5e:3c:ee:06:9a,-77,2437,6,REVRV_7943,Unknown
2025-10-09T16:28:45.149557+00:00,,,28:70:4e:d2:92:aa,-69,2437,6,Bermuda,pole 12 N
2025-10-09T16:28:45.149557+00:00,,,28:70:4e:d0:88:f6,-76,2437,6,Bermuda,Unknown
2025-10-09T16:28:45.149557+00:00,,,2e:70:4e:d2:92:aa,-68,2437,6,Bermuda Guest WIFI,pole 12 N
2025-10-09T16:28:45.149557+00:00,,,2e:70:4e:d0:88:f6,-78,2437,6,Bermuda Guest WIFI,Unknown
2025-10-09T16:28:45.149557+00:00,,,02:55:31:30:b7:72,-72,2452,9,Moore_RV,Unknown
2025-10-09T16:28:45.149557+00:00,,,06:55:31:30:b7:72,-78,2452,9,Newmar2674,Unknown
2025-10-09T16:28:45.149557+00:00,,,28:70:4e:d0:87:4f,-67,2462,11,Bermuda,pole 13 E
2025-10-09T16:28:45.149557+00:00,,,2e:70:4e:d0:87:4f,-66,2462,11,Bermuda Guest WIFI,pole 13 E
2025-10-09T16:28:45.149557+00:00,,,28:70:4e:d0:88:fa,-65,5765,154,Bermuda,pole 11
2025-10-09T16:28:45.149557+00:00,,,2e:70:4e:d0:88:fa,-65,5765,154,Bermuda Guest WIFI,pole 11
2025-10-09T16:32:31.273546+00:00,26.673261833333335,-81.80612183333334,28:70:4e:d0:88:f9,-55,2412,1,Bermuda,pole 11
2025-10-09T16:32:31.273546+00:00,26.673261833333335,-81.80612183333334,2e:70:4e:d0:88:f9,-56,2412,1,Bermuda Guest WIFI,pole 11
2025-10-09T16:32:31.273546+00:00,26.673261833333335,-81.80612183333334,02:5e:3c:ee:06:9a,-82,2437,6,REVRV_7943,Unknown
2025-10-09T16:32:31.273546+00:00,26.673261833333335,-81.80612183333334,28:70:4e:d2:92:aa,-71,2437,6,Bermuda,pole 12 N
2025-10-09T16:32:31.273546+00:00,26.673261833333335,-81.80612183333334,2e:70:4e:d2:92:aa,-73,2437,6,Bermuda Guest WIFI,pole 12 N
2025-10-09T16:32:31.273546+00:00,26.673261833333335,-81.80612183333334,28:70:4e:d0:87:dc,-87,2462,11,Bermuda,pole 07
2025-10-09T16:32:31.273546+00:00,26.673261833333335,-81.80612183333334,2e:70:4e:d0:87:4f,-81,2462,11,Bermuda Guest WIFI,pole 13 E
2025-10-09T16:32:31.273546+00:00,26.673261833333335,-81.80612183333334,28:70:4e:d0:88:fa,-60,5765,154,Bermuda,pole 11
2025-10-09T16:32:31.273546+00:00,26.673261833333335,-81.80612183333334,2e:70:4e:d0:88:fa,-60,5765,154,Bermuda Guest WIFI,pole 11
2025-10-09T16:32:31.273546+00:00,26.673261833333335,-81.80612183333334,28:70:4e:d0:88:22,-83,5765,154,Bermuda,pole 14
2025-10-09T16:32:31.273546+00:00,26.673261833333335,-81.80612183333334,2e:70:4e:d0:88:22,-81,5765,154,Bermuda Guest WIFI,pole 14
2025-10-09T16:32:31.273546+00:00,26.673261833333335,-81.80612183333334,28:70:4e:d0:87:50,-75,5745,150,Bermuda,pole 13 E
2025-10-09T16:32:31.273546+00:00,26.673261833333335,-81.80612183333334,2e:70:4e:d0:87:50,-75,5745,150,Bermuda Guest WIFI,pole 13 E
2025-10-09T16:32:31.273546+00:00,26.673261833333335,-81.80612183333334,28:70:4e:dd:d0:4a,-66,5240,49,Bermuda,pole 13 SW
2025-10-09T16:32:31.273546+00:00,26.673261833333335,-81.80612183333334,2e:70:4e:dd:d0:4a,-65,5240,49,Bermuda Guest WIFI,pole 13 SW
2025-10-09T16:33:16.774280+00:00,26.673236833333334,-81.805983,28:70:4e:d0:88:f9,-60,2412,1,Bermuda,pole 11
2025-10-09T16:33:16.774280+00:00,26.673236833333334,-81.805983,02:17:1a:c6:09:49,-78,2422,3,REVRV_7157,Unknown
2025-10-09T16:33:16.774280+00:00,26.673236833333334,-81.805983,28:70:4e:d0:86:c2,-67,2437,6,Bermuda,pole 12 W
2025-10-09T16:33:16.774280+00:00,26.673236833333334,-81.805983,2e:70:4e:d0:86:c2,-68,2437,6,Bermuda Guest WIFI,pole 12 W
2025-10-09T16:33:16.774280+00:00,26.673236833333334,-81.805983,0a:93:f7:22:d4:aa,-82,2437,6,STARLINK,Unknown
2025-10-09T16:33:16.774280+00:00,26.673236833333334,-81.805983,28:70:4e:d0:87:4f,-71,2462,11,Bermuda,pole 13 E
2025-10-09T16:33:16.774280+00:00,26.673236833333334,-81.805983,2e:70:4e:d0:87:4f,-72,2462,11,Bermuda Guest WIFI,pole 13 E
2025-10-09T16:33:16.774280+00:00,26.673236833333334,-81.805983,28:70:4e:d0:88:fa,-62,5765,154,Bermuda,pole 11
2025-10-09T16:33:16.774280+00:00,26.673236833333334,-81.805983,2e:70:4e:d0:88:fa,-62,5765,154,Bermuda Guest WIFI,pole 11
2025-10-09T16:33:16.774280+00:00,26.673236833333334,-81.805983,28:70:4e:d2:92:ab,-68,5745,150,Bermuda,pole 12 N
2025-10-09T16:33:16.774280+00:00,26.673236833333334,-81.805983,2e:70:4e:d2:92:ab,-68,5745,150,Bermuda Guest WIFI,pole 12 N
2025-10-09T16:34:00.927415+00:00,26.673224833333332,-81.80586483333333,28:70:4e:d0:88:f9,-64,2412,1,Bermuda,pole 11
2025-10-09T16:34:00.927415+00:00,26.673224833333332,-81.80586483333333,02:17:1a:c6:09:49,-83,2422,3,REVRV_7157,Unknown
2025-10-09T16:34:00.927415+00:00,26.673224833333332,-81.80586483333333,02:fe:5d:b4:12:4e,-81,2437,6,Pvt.WFR_Denali.2489,Unknown
2025-10-09T16:34:00.927415+00:00,26.673224833333332,-81.80586483333333,28:70:4e:d0:86:c2,-59,2437,6,Bermuda,pole 12 W
2025-10-09T16:34:00.927415+00:00,26.673224833333332,-81.80586483333333,2e:70:4e:d0:86:c2,-65,2437,6,Bermuda Guest WIFI,pole 12 W
2025-10-09T16:34:00.927415+00:00,26.673224833333332,-81.80586483333333,28:70:4e:d2:92:aa,-69,2437,6,Bermuda,pole 12 N
2025-10-09T16:34:00.927415+00:00,26.673224833333332,-81.80586483333333,28:70:4e:d0:87:dc,-83,2462,11,Bermuda,pole 07
2025-10-09T16:34:00.927415+00:00,26.673224833333332,-81.80586483333333,28:70:4e:dd:d3:1f,-82,2462,11,Bermuda,pole 01 NE
2025-10-09T16:34:00.927415+00:00,26.673224833333332,-81.80586483333333,28:70:4e:d0:87:4f,-81,2462,11,Bermuda,pole 13 E
2025-10-09T16:34:00.927415+00:00,26.673224833333332,-81.80586483333333,28:70:4e:d0:88:22,-84,5765,154,Bermuda,pole 14
2025-10-09T16:34:00.927415+00:00,26.673224833333332,-81.80586483333333,2e:70:4e:d0:88:22,-84,5765,154,Bermuda Guest WIFI,pole 14
2025-10-09T16:34:00.927415+00:00,26.673224833333332,-81.80586483333333,28:70:4e:dd:d0:4a,-82,5240,49,Bermuda,pole 13 SW
2025-10-09T16:34:00.927415+00:00,26.673224833333332,-81.80586483333333,2e:70:4e:dd:d0:4a,-82,5240,49,Bermuda Guest WIFI,pole 13 SW
2025-10-09T16:34:00.927415+00:00,26.673224833333332,-81.80586483333333,28:70:4e:d0:86:c3,-79,5180,37,Bermuda,pole 12 W
2025-10-09T16:34:44.651466+00:00,26.673162333333334,-81.80576783333333,28:70:4e:d0:88:f9,-55,2412,1,Bermuda,pole 11
2025-10-09T16:34:44.651466+00:00,26.673162333333334,-81.80576783333333,28:70:4e:d0:89:0b,-67,2412,1,Bermuda,pole 10
2025-10-09T16:34:44.651466+00:00,26.673162333333334,-81.80576783333333,28:70:4e:d0:88:21,-67,2412,1,Bermuda,pole 14
2025-10-09T16:34:44.651466+00:00,26.673162333333334,-81.80576783333333,2e:70:4e:d0:88:21,-66,2412,1,Bermuda Guest WIFI,pole 14
2025-10-09T16:34:44.651466+00:00,26.673162333333334,-81.80576783333333,28:70:4e:d0:86:c2,-68,2437,6,Bermuda,pole 12 W
2025-10-09T16:34:44.651466+00:00,26.673162333333334,-81.80576783333333,28:70:4e:dd:d0:49,-67,2437,6,Bermuda,pole 13 SW
2025-10-09T16:34:44.651466+00:00,26.673162333333334,-81.80576783333333,28:70:4e:d2:92:aa,-67,2437,6,Bermuda,pole 12 N
2025-10-09T16:34:44.651466+00:00,26.673162333333334,-81.80576783333333,2e:70:4e:d2:92:aa,-67,2437,6,Bermuda Guest WIFI,pole 12 N
2025-10-09T16:34:44.651466+00:00,26.673162333333334,-81.80576783333333,06:55:31:30:b7:72,-79,2452,9,Newmar2674,Unknown
2025-10-09T16:34:44.651466+00:00,26.673162333333334,-81.80576783333333,02:55:31:30:b7:72,-80,2452,9,Moore_RV,Unknown
2025-10-09T16:34:44.651466+00:00,26.673162333333334,-81.80576783333333,28:70:4e:d0:87:4f,-69,2462,11,Bermuda,pole 13 E
2025-10-09T16:34:44.651466+00:00,26.673162333333334,-81.80576783333333,2e:70:4e:d0:87:4f,-69,2462,11,Bermuda Guest WIFI,pole 13 E
2025-10-09T16:34:44.651466+00:00,26.673162333333334,-81.80576783333333,2e:70:4e:d0:88:22,-88,5765,154,Bermuda Guest WIFI,pole 14
2025-10-09T16:35:28.876261+00:00,26.673107833333333,-81.805676,28:70:4e:d0:88:f9,-69,2412,1,Bermuda,pole 11
2025-10-09T16:35:28.876261+00:00,26.673107833333333,-81.805676,28:70:4e:d0:88:21,-63,2412,1,Bermuda,pole 14
2025-10-09T16:35:28.876261+00:00,26.673107833333333,-81.805676,2e:70:4e:d0:88:21,-57,2412,1,Bermuda Guest WIFI,pole 14
2025-10-09T16:35:28.876261+00:00,26.673107833333333,-81.805676,2e:70:4e:d0:88:f9,-68,2412,1,Bermuda Guest WIFI,pole 11
2025-10-09T16:35:28.876261+00:00,26.673107833333333,-81.805676,28:70:4e:d0:89:0b,-67,2412,1,Bermuda,pole 10
2025-10-09T16:35:28.876261+00:00,26.673107833333333,-81.805676,28:70:4e:d0:89:20,-75,2412,1,Bermuda,pole 01 S
2025-10-09T16:35:28.876261+00:00,26.673107833333333,-81.805676,28:70:4e:d2:92:aa,-67,2437,6,Bermuda,pole 12 N
2025-10-09T16:35:28.876261+00:00,26.673107833333333,-81.805676,28:70:4e:dd:d0:49,-64,2437,6,Bermuda,pole 13 SW
2025-10-09T16:35:28.876261+00:00,26.673107833333333,-81.805676,28:70:4e:d0:86:c2,-63,2437,6,Bermuda,pole 12 W
2025-10-09T16:35:28.876261+00:00,26.673107833333333,-81.805676,2e:70:4e:d0:86:c2,-62,2437,6,Bermuda Guest WIFI,pole 12 W
2025-10-09T16:35:28.876261+00:00,26.673107833333333,-81.805676,2e:70:4e:d2:92:aa,-66,2437,6,Bermuda Guest WIFI,pole 12 N
2025-10-09T16:35:28.876261+00:00,26.673107833333333,-81.805676,2e:70:4e:dd:d0:49,-64,2437,6,Bermuda Guest WIFI,pole 13 SW
2025-10-09T16:35:28.876261+00:00,26.673107833333333,-81.805676,02:55:31:30:b7:72,-79,2452,9,Moore_RV,Unknown
2025-10-09T16:35:28.876261+00:00,26.673107833333333,-81.805676,06:55:31:30:b7:72,-79,2452,9,Newmar2674,Unknown
2025-10-09T16:35:28.876261+00:00,26.673107833333333,-81.805676,2e:70:4e:dd:d3:1f,-81,2462,11,Bermuda Guest WIFI,Unknown
2025-10-09T16:35:28.876261+00:00,26.673107833333333,-81.805676,2e:70:4e:d0:87:4f,-57,2462,11,Bermuda Guest WIFI,pole 13 E
2025-10-09T16:35:28.876261+00:00,26.673107833333333,-81.805676,28:70:4e:d0:87:4f,-58,2462,11,Bermuda,pole 13 E
2025-10-09T16:35:28.876261+00:00,26.673107833333333,-81.805676,28:70:4e:d0:88:22,-65,5765,154,Bermuda,pole 14
2025-10-09T16:35:28.876261+00:00,26.673107833333333,-81.805676,2e:70:4e:d0:88:22,-65,5765,154,Bermuda Guest WIFI,pole 14
2025-10-09T16:35:28.876261+00:00,26.673107833333333,-81.805676,60:22:32:16:1e:33,-90,5805,162,Bermuda,laundry1
2025-10-09T16:35:28.876261+00:00,26.673107833333333,-81.805676,62:22:32:16:1e:33,-90,5805,162,Bermuda Guest WIFI,laundry1
2025-10-09T16:35:28.876261+00:00,26.673107833333333,-81.805676,28:70:4e:d0:87:50,-66,5745,150,Bermuda,pole 13 E
2025-10-09T16:35:28.876261+00:00,26.673107833333333,-81.805676,2e:70:4e:d0:87:50,-66,5745,150,Bermuda Guest WIFI,pole 13 E
2025-10-09T16:35:28.876261+00:00,26.673107833333333,-81.805676,28:70:4e:dd:d0:4a,-68,5240,49,Bermuda,pole 13 SW
2025-10-09T16:35:28.876261+00:00,26.673107833333333,-81.805676,2e:70:4e:dd:d0:4a,-69,5240,49,Bermuda Guest WIFI,pole 13 SW
2025-10-09T16:35:28.876261+00:00,26.673107833333333,-81.805676,28:70:4e:d0:86:c3,-59,5180,37,Bermuda,pole 12 W
2025-10-09T16:35:28.876261+00:00,26.673107833333333,-81.805676,2e:70:4e:d0:86:c3,-59,5180,37,Bermuda Guest WIFI,pole 12 W
2025-10-09T16:36:12.031580+00:00,26.673079,-81.80559133333334,28:70:4e:d0:88:f9,-77,2412,1,Bermuda,pole 11
2025-10-09T16:36:12.031580+00:00,26.673079,-81.80559133333334,2e:70:4e:d0:88:f9,-75,2412,1,Bermuda Guest WIFI,pole 11
2025-10-09T16:36:12.031580+00:00,26.673079,-81.80559133333334,28:70:4e:d0:88:21,-79,2412,1,Bermuda,pole 14
2025-10-09T16:36:12.031580+00:00,26.673079,-81.80559133333334,02:fe:5d:b4:12:4e,-79,2437,6,Pvt.WFR_Denali.2489,Unknown
2025-10-09T16:36:12.031580+00:00,26.673079,-81.80559133333334,9c:05:d6:e9:77:a5,-80,2437,6,Bermuda,Unknown
2025-10-09T16:36:12.031580+00:00,26.673079,-81.80559133333334,a2:05:d6:e9:77:a5,-83,2437,6,Bermuda Guest WIFI,Unknown
2025-10-09T16:36:12.031580+00:00,26.673079,-81.80559133333334,28:70:4e:d2:c9:b0,-86,2437,6,Bermuda,pole 15 NW
2025-10-09T16:36:12.031580+00:00,26.673079,-81.80559133333334,2e:70:4e:d2:c9:b0,-87,2437,6,Bermuda Guest WIFI,pole 15 NW
2025-10-09T16:36:12.031580+00:00,26.673079,-81.80559133333334,02:55:31:30:b7:72,-76,2452,9,Moore_RV,Unknown
2025-10-09T16:36:12.031580+00:00,26.673079,-81.80559133333334,06:55:31:30:b7:72,-76,2452,9,Newmar2674,Unknown
2025-10-09T16:36:12.031580+00:00,26.673079,-81.80559133333334,2e:70:4e:d0:87:50,-75,5745,150,Bermuda Guest WIFI,pole 13 E
2025-10-09T16:36:44.736193+00:00,26.6730375,-81.80555066666666,28:70:4e:d0:88:f9,-72,2412,1,Bermuda,pole 11
2025-10-09T16:36:44.736193+00:00,26.6730375,-81.80555066666666,2e:70:4e:d0:88:f9,-67,2412,1,Bermuda Guest WIFI,pole 11
2025-10-09T16:36:44.736193+00:00,26.6730375,-81.80555066666666,9c:05:d6:e9:77:a5,-79,2437,6,Bermuda,Unknown
2025-10-09T16:36:44.736193+00:00,26.6730375,-81.80555066666666,2e:70:4e:d2:c9:b0,-85,2437,6,Bermuda Guest WIFI,pole 15 NW
2025-10-09T16:36:44.736193+00:00,26.6730375,-81.80555066666666,2e:70:4e:d0:88:21,-68,2412,1,Bermuda Guest WIFI,pole 14
2025-10-09T16:36:44.736193+00:00,26.6730375,-81.80555066666666,28:70:4e:d0:86:c2,-67,2437,6,Bermuda,pole 12 W
2025-10-09T16:36:44.736193+00:00,26.6730375,-81.80555066666666,28:70:4e:d2:92:aa,-61,2437,6,Bermuda,pole 12 N
2025-10-09T16:36:44.736193+00:00,26.6730375,-81.80555066666666,2e:70:4e:d0:86:c2,-67,2437,6,Bermuda Guest WIFI,pole 12 W
2025-10-09T16:36:44.736193+00:00,26.6730375,-81.80555066666666,28:70:4e:d0:86:c3,-60,5180,37,Bermuda,pole 12 W
2025-10-09T16:36:44.736193+00:00,26.6730375,-81.80555066666666,28:70:4e:d0:89:0b,-79,2412,1,Bermuda,pole 10
2025-10-09T16:36:44.736193+00:00,26.6730375,-81.80555066666666,28:70:4e:d0:88:21,-66,2412,1,Bermuda,pole 14
2025-10-09T16:36:44.736193+00:00,26.6730375,-81.80555066666666,2e:70:4e:d2:92:aa,-62,2437,6,Bermuda Guest WIFI,pole 12 N
2025-10-09T16:36:44.736193+00:00,26.6730375,-81.80555066666666,28:70:4e:d0:87:4f,-62,2462,11,Bermuda,pole 13 E
2025-10-09T16:36:44.736193+00:00,26.6730375,-81.80555066666666,2e:70:4e:d0:87:4f,-61,2462,11,Bermuda Guest WIFI,pole 13 E
2025-10-09T16:36:44.736193+00:00,26.6730375,-81.80555066666666,28:70:4e:dd:d3:1f,-81,2462,11,Bermuda,pole 01 NE
2025-10-09T16:36:44.736193+00:00,26.6730375,-81.80555066666666,9c:05:d6:d6:11:ff,-88,5805,162,Bermuda,inside3
2025-10-09T16:36:44.736193+00:00,26.6730375,-81.80555066666666,9e:05:d6:96:11:ff,-88,5805,162,Bermuda Guest WIFI,inside3
2025-10-09T16:36:44.736193+00:00,26.6730375,-81.80555066666666,28:70:4e:d0:88:22,-69,5765,154,Bermuda,pole 14
2025-10-09T16:36:44.736193+00:00,26.6730375,-81.80555066666666,2e:70:4e:d0:88:22,-69,5765,154,Bermuda Guest WIFI,pole 14
2025-10-09T16:36:44.736193+00:00,26.6730375,-81.80555066666666,28:70:4e:dd:d0:4a,-59,5240,49,Bermuda,pole 13 SW
2025-10-09T16:36:44.736193+00:00,26.6730375,-81.80555066666666,2e:70:4e:dd:d0:4a,-59,5240,49,Bermuda Guest WIFI,pole 13 SW
2025-10-09T16:36:44.736193+00:00,26.6730375,-81.80555066666666,2e:70:4e:d0:89:0c,-77,5220,45,Bermuda Guest WIFI,pole 10
2025-10-09T16:36:44.736193+00:00,26.6730375,-81.80555066666666,9c:05:d6:e9:77:a6,-76,5200,41,Bermuda,Unknown
2025-10-09T16:36:44.736193+00:00,26.6730375,-81.80555066666666,a2:05:d6:e9:77:a6,-76,5200,41,Bermuda Guest WIFI,Unknown
2025-10-09T16:37:27.948618+00:00,26.672998,-81.80540133333334,28:70:4e:d0:86:c3,-54,5180,37,Bermuda,pole 12 W
2025-10-09T16:37:27.948618+00:00,26.672998,-81.80540133333334,28:70:4e:d0:89:0b,-74,2412,1,Bermuda,pole 10
2025-10-09T16:37:27.948618+00:00,26.672998,-81.80540133333334,28:70:4e:d0:88:f9,-70,2412,1,Bermuda,pole 11
2025-10-09T16:37:27.948618+00:00,26.672998,-81.80540133333334,2e:70:4e:d0:88:f9,-70,2412,1,Bermuda Guest WIFI,pole 11
2025-10-09T16:37:27.948618+00:00,26.672998,-81.80540133333334,2e:70:4e:d0:89:0b,-74,2412,1,Bermuda Guest WIFI,pole 10
2025-10-09T16:37:27.948618+00:00,26.672998,-81.80540133333334,28:70:4e:d2:92:aa,-66,2437,6,Bermuda,pole 12 N
2025-10-09T16:37:27.948618+00:00,26.672998,-81.80540133333334,28:70:4e:d0:86:c2,-53,2437,6,Bermuda,pole 12 W
2025-10-09T16:37:27.948618+00:00,26.672998,-81.80540133333334,2e:70:4e:d0:86:c2,-52,2437,6,Bermuda Guest WIFI,pole 12 W
2025-10-09T16:37:27.948618+00:00,26.672998,-81.80540133333334,2e:70:4e:d2:92:aa,-66,2437,6,Bermuda Guest WIFI,pole 12 N
2025-10-09T16:37:27.948618+00:00,26.672998,-81.80540133333334,02:55:31:30:b7:72,-75,2452,9,Moore_RV,Unknown
2025-10-09T16:37:27.948618+00:00,26.672998,-81.80540133333334,06:55:31:30:b7:72,-75,2452,9,Newmar2674,Unknown
2025-10-09T16:37:27.948618+00:00,26.672998,-81.80540133333334,9c:05:d6:d6:11:fe,-94,2462,11,Bermuda,Unknown
2025-10-09T16:37:27.948618+00:00,26.672998,-81.80540133333334,28:70:4e:d2:8b:2d,-81,2462,11,Bermuda,pole 02 N
2025-10-09T16:37:27.948618+00:00,26.672998,-81.80540133333334,2e:70:4e:d2:8b:2d,-81,2462,11,Bermuda Guest WIFI,pole 02 N
2025-10-09T16:37:27.948618+00:00,26.672998,-81.80540133333334,2e:70:4e:d0:86:c3,-54,5180,37,Bermuda Guest WIFI,pole 12 W
2025-10-09T16:37:27.948618+00:00,26.672998,-81.80540133333334,9c:05:d6:d6:11:ff,-84,5805,162,Bermuda,inside3
2025-10-09T16:37:27.948618+00:00,26.672998,-81.80540133333334,9e:05:d6:96:11:ff,-85,5805,162,Bermuda Guest WIFI,inside3
2025-10-09T16:37:27.948618+00:00,26.672998,-81.80540133333334,28:70:4e:dd:d0:4a,-60,5240,49,Bermuda,pole 13 SW
2025-10-09T16:37:27.948618+00:00,26.672998,-81.80540133333334,2e:70:4e:dd:d0:4a,-60,5240,49,Bermuda Guest WIFI,pole 13 SW
2025-10-09T16:37:27.948618+00:00,26.672998,-81.80540133333334,2e:70:4e:d0:88:f7,-86,5240,49,Bermuda Guest WIFI,Unknown
2025-10-09T16:37:27.948618+00:00,26.672998,-81.80540133333334,9c:05:d6:e9:77:a6,-71,5200,41,Bermuda,Unknown
2025-10-09T16:37:27.948618+00:00,26.672998,-81.80540133333334,a2:05:d6:e9:77:a6,-71,5200,41,Bermuda Guest WIFI,Unknown
2025-10-09T16:37:27.948618+00:00,26.672998,-81.80540133333334,28:70:4e:d2:92:ab,-60,5745,150,Bermuda,pole 12 N
2025-10-09T16:37:27.948618+00:00,26.672998,-81.80540133333334,2e:70:4e:d2:92:ab,-60,5745,150,Bermuda Guest WIFI,pole 12 N
2025-10-09T16:38:11.536970+00:00,26.672938666666667,-81.80530266666666,28:70:4e:d0:86:c3,-55,5180,37,Bermuda,pole 12 W
2025-10-09T16:38:11.536970+00:00,26.672938666666667,-81.80530266666666,28:70:4e:d0:88:21,-65,2412,1,Bermuda,pole 14
2025-10-09T16:38:11.536970+00:00,26.672938666666667,-81.80530266666666,28:70:4e:d0:88:f9,-68,2412,1,Bermuda,pole 11
2025-10-09T16:38:11.536970+00:00,26.672938666666667,-81.80530266666666,2e:70:4e:d0:88:f9,-68,2412,1,Bermuda Guest WIFI,pole 11
2025-10-09T16:38:11.536970+00:00,26.672938666666667,-81.80530266666666,2e:70:4e:d0:88:21,-63,2412,1,Bermuda Guest WIFI,pole 14
2025-10-09T16:38:11.536970+00:00,26.672938666666667,-81.80530266666666,9c:05:d6:e9:77:a5,-74,2437,6,Bermuda,Unknown
2025-10-09T16:38:11.536970+00:00,26.672938666666667,-81.80530266666666,28:70:4e:d0:86:c2,-66,2437,6,Bermuda,pole 12 W
2025-10-09T16:38:11.536970+00:00,26.672938666666667,-81.80530266666666,2e:70:4e:d0:86:c2,-67,2437,6,Bermuda Guest WIFI,pole 12 W
2025-10-09T16:38:11.536970+00:00,26.672938666666667,-81.80530266666666,02:55:31:30:b7:72,-78,2452,9,Moore_RV,Unknown
2025-10-09T16:38:11.536970+00:00,26.672938666666667,-81.80530266666666,06:55:31:30:b7:72,-80,2452,9,Newmar2674,Unknown
2025-10-09T16:38:11.536970+00:00,26.672938666666667,-81.80530266666666,28:70:4e:d0:87:50,-71,5745,150,Bermuda,pole 13 E
2025-10-09T16:38:11.536970+00:00,26.672938666666667,-81.80530266666666,2e:70:4e:d0:87:50,-71,5745,150,Bermuda Guest WIFI,pole 13 E
2025-10-09T16:38:11.536970+00:00,26.672938666666667,-81.80530266666666,28:70:4e:d0:88:22,-62,5765,154,Bermuda,pole 14
2025-10-09T16:38:11.536970+00:00,26.672938666666667,-81.80530266666666,2e:70:4e:d0:88:22,-62,5765,154,Bermuda Guest WIFI,pole 14
2025-10-09T16:38:54.957339+00:00,26.67292966666667,-81.80521283333333,28:70:4e:d0:86:c3,-52,5180,37,Bermuda,pole 12 W
2025-10-09T16:38:54.957339+00:00,26.67292966666667,-81.80521283333333,28:70:4e:d0:88:f9,-69,2412,1,Bermuda,pole 11
2025-10-09T16:38:54.957339+00:00,26.67292966666667,-81.80521283333333,28:70:4e:d0:89:0b,-75,2412,1,Bermuda,pole 10
2025-10-09T16:38:54.957339+00:00,26.67292966666667,-81.80521283333333,2e:70:4e:d0:89:0b,-76,2412,1,Bermuda Guest WIFI,pole 10
2025-10-09T16:38:54.957339+00:00,26.67292966666667,-81.80521283333333,2e:70:4e:d0:88:f9,-68,2412,1,Bermuda Guest WIFI,pole 11
2025-10-09T16:38:54.957339+00:00,26.67292966666667,-81.80521283333333,28:70:4e:d2:c9:b0,-77,2437,6,Bermuda,pole 15 NW
2025-10-09T16:38:54.957339+00:00,26.67292966666667,-81.80521283333333,28:70:4e:d2:92:aa,-58,2437,6,Bermuda,pole 12 N
2025-10-09T16:38:54.957339+00:00,26.67292966666667,-81.80521283333333,2e:70:4e:d2:c9:b0,-74,2437,6,Bermuda Guest WIFI,pole 15 NW
2025-10-09T16:38:54.957339+00:00,26.67292966666667,-81.80521283333333,2e:70:4e:d2:92:aa,-54,2437,6,Bermuda Guest WIFI,pole 12 N
2025-10-09T16:38:54.957339+00:00,26.67292966666667,-81.80521283333333,28:70:4e:dd:d0:49,-73,2437,6,Bermuda,pole 13 SW
2025-10-09T16:38:54.957339+00:00,26.67292966666667,-81.80521283333333,2e:70:4e:d0:88:f6,-76,2437,6,Bermuda Guest WIFI,Unknown
2025-10-09T16:38:54.957339+00:00,26.67292966666667,-81.80521283333333,28:70:4e:d0:86:c2,-60,2437,6,Bermuda,pole 12 W
2025-10-09T16:38:54.957339+00:00,26.67292966666667,-81.80521283333333,2e:70:4e:d0:86:c2,-60,2437,6,Bermuda Guest WIFI,pole 12 W
2025-10-09T16:38:54.957339+00:00,26.67292966666667,-81.80521283333333,02:55:31:30:b7:72,-76,2452,9,Moore_RV,Unknown
2025-10-09T16:38:54.957339+00:00,26.67292966666667,-81.80521283333333,06:55:31:30:b7:72,-76,2452,9,Newmar2674,Unknown
2025-10-09T16:38:54.957339+00:00,26.67292966666667,-81.80521283333333,28:70:4e:d0:87:4f,-72,2462,11,Bermuda,pole 13 E
2025-10-09T16:38:54.957339+00:00,26.67292966666667,-81.80521283333333,28:70:4e:dd:d3:1f,-84,2462,11,Bermuda,pole 01 NE
2025-10-09T16:38:54.957339+00:00,26.67292966666667,-81.80521283333333,2e:70:4e:d0:86:c3,-52,5180,37,Bermuda Guest WIFI,pole 12 W
2025-10-09T16:38:54.957339+00:00,26.67292966666667,-81.80521283333333,02:55:31:30:b7:73,-82,5180,37,Moore_Rv5GHz,Unknown
2025-10-09T16:38:54.957339+00:00,26.67292966666667,-81.80521283333333,28:70:4e:d0:88:22,-62,5765,154,Bermuda,pole 14
2025-10-09T16:38:54.957339+00:00,26.67292966666667,-81.80521283333333,2e:70:4e:d0:88:22,-62,5765,154,Bermuda Guest WIFI,pole 14
2025-10-09T16:38:54.957339+00:00,26.67292966666667,-81.80521283333333,28:70:4e:d2:92:ab,-51,5745,150,Bermuda,pole 12 N
2025-10-09T16:38:54.957339+00:00,26.67292966666667,-81.80521283333333,2e:70:4e:d2:92:ab,-51,5745,150,Bermuda Guest WIFI,pole 12 N
2025-10-09T16:38:54.957339+00:00,26.67292966666667,-81.80521283333333,28:70:4e:d0:88:f7,-88,5240,49,Bermuda,Unknown
2025-10-09T16:38:54.957339+00:00,26.67292966666667,-81.80521283333333,2e:70:4e:d0:88:f7,-88,5240,49,Bermuda Guest WIFI,Unknown
2025-10-09T16:38:54.957339+00:00,26.67292966666667,-81.80521283333333,9c:05:d6:e9:77:a6,-76,5200,41,Bermuda,Unknown
2025-10-09T16:38:54.957339+00:00,26.67292966666667,-81.80521283333333,a2:05:d6:e9:77:a6,-75,5200,41,Bermuda Guest WIFI,Unknown
2025-10-09T16:39:38.787483+00:00,26.672935166666665,-81.80507666666666,28:70:4e:d0:86:c3,-57,5180,37,Bermuda,pole 12 W
2025-10-09T16:39:38.787483+00:00,26.672935166666665,-81.80507666666666,28:70:4e:d0:88:f9,-69,2412,1,Bermuda,pole 11
2025-10-09T16:39:38.787483+00:00,26.672935166666665,-81.80507666666666,2e:70:4e:d0:88:f9,-70,2412,1,Bermuda Guest WIFI,pole 11
2025-10-09T16:39:38.787483+00:00,26.672935166666665,-81.80507666666666,28:70:4e:d0:86:c2,-60,2437,6,Bermuda,pole 12 W
2025-10-09T16:39:38.787483+00:00,26.672935166666665,-81.80507666666666,9c:05:d6:e9:77:a5,-74,2437,6,Bermuda,Unknown
2025-10-09T16:39:38.787483+00:00,26.672935166666665,-81.80507666666666,a2:05:d6:e9:77:a5,-74,2437,6,Bermuda Guest WIFI,Unknown
2025-10-09T16:39:38.787483+00:00,26.672935166666665,-81.80507666666666,28:70:4e:d2:92:aa,-66,2437,6,Bermuda,pole 12 N
2025-10-09T16:39:38.787483+00:00,26.672935166666665,-81.80507666666666,2e:70:4e:d2:92:aa,-63,2437,6,Bermuda Guest WIFI,pole 12 N
2025-10-09T16:39:38.787483+00:00,26.672935166666665,-81.80507666666666,2e:70:4e:d0:86:c2,-60,2437,6,Bermuda Guest WIFI,pole 12 W
2025-10-09T16:39:38.787483+00:00,26.672935166666665,-81.80507666666666,02:fe:5d:b4:12:4e,-79,2437,6,Pvt.WFR_Denali.2489,Unknown
2025-10-09T16:39:38.787483+00:00,26.672935166666665,-81.80507666666666,28:70:4e:dd:d0:49,-71,2437,6,Bermuda,pole 13 SW
2025-10-09T16:39:38.787483+00:00,26.672935166666665,-81.80507666666666,28:70:4e:d0:88:22,-64,5765,154,Bermuda,pole 14
2025-10-09T16:39:38.787483+00:00,26.672935166666665,-81.80507666666666,2e:70:4e:d0:88:22,-64,5765,154,Bermuda Guest WIFI,pole 14
2025-10-09T16:39:38.787483+00:00,26.672935166666665,-81.80507666666666,28:70:4e:d2:92:ab,-57,5745,150,Bermuda,pole 12 N
2025-10-09T16:39:38.787483+00:00,26.672935166666665,-81.80507666666666,2e:70:4e:d2:92:ab,-57,5745,150,Bermuda Guest WIFI,pole 12 N
2025-10-09T16:39:38.787483+00:00,26.672935166666665,-81.80507666666666,9c:05:d6:e9:77:a6,-79,5200,41,Bermuda,Unknown
2025-10-09T16:39:38.787483+00:00,26.672935166666665,-81.80507666666666,a2:05:d6:e9:77:a6,-76,5200,41,Bermuda Guest WIFI,Unknown
2025-10-09T16:39:38.787483+00:00,26.672935166666665,-81.80507666666666,2e:70:4e:d2:c9:b1,-77,5220,45,Bermuda Guest WIFI,pole 15 NW
2025-10-09T16:40:21.371733+00:00,26.673004666666667,-81.805066,28:70:4e:d0:86:c3,-56,5180,37,Bermuda,pole 12 W
2025-10-09T16:40:21.371733+00:00,26.673004666666667,-81.805066,28:70:4e:d0:89:0b,-71,2412,1,Bermuda,pole 10
2025-10-09T16:40:21.371733+00:00,26.673004666666667,-81.805066,2e:70:4e:d0:89:0b,-70,2412,1,Bermuda Guest WIFI,pole 10
2025-10-09T16:40:21.371733+00:00,26.673004666666667,-81.805066,28:70:4e:d0:88:f9,-66,2412,1,Bermuda,pole 11
2025-10-09T16:40:21.371733+00:00,26.673004666666667,-81.805066,2e:70:4e:d0:88:f9,-68,2412,1,Bermuda Guest WIFI,pole 11
2025-10-09T16:40:21.371733+00:00,26.673004666666667,-81.805066,28:70:4e:d0:88:21,-60,2412,1,Bermuda,pole 14
2025-10-09T16:40:21.371733+00:00,26.673004666666667,-81.805066,2e:70:4e:d0:88:21,-60,2412,1,Bermuda Guest WIFI,pole 14
2025-10-09T16:40:21.371733+00:00,26.673004666666667,-81.805066,28:70:4e:d2:92:aa,-58,2437,6,Bermuda,pole 12 N
2025-10-09T16:40:21.371733+00:00,26.673004666666667,-81.805066,28:70:4e:dd:d0:49,-56,2437,6,Bermuda,pole 13 SW
2025-10-09T16:40:21.371733+00:00,26.673004666666667,-81.805066,2e:70:4e:d2:92:aa,-58,2437,6,Bermuda Guest WIFI,pole 12 N
2025-10-09T16:40:21.371733+00:00,26.673004666666667,-81.805066,2e:70:4e:dd:d0:49,-57,2437,6,Bermuda Guest WIFI,pole 13 SW
2025-10-09T16:40:21.371733+00:00,26.673004666666667,-81.805066,28:70:4e:d0:86:c2,-49,2437,6,Bermuda,pole 12 W
2025-10-09T16:40:21.371733+00:00,26.673004666666667,-81.805066,02:fe:5d:b4:12:4e,-71,2437,6,Pvt.WFR_Denali.2489,Unknown
2025-10-09T16:40:21.371733+00:00,26.673004666666667,-81.805066,2e:70:4e:d0:86:c2,-48,2437,6,Bermuda Guest WIFI,pole 12 W
2025-10-09T16:40:21.371733+00:00,26.673004666666667,-81.805066,02:55:31:30:b7:72,-67,2452,9,Moore_RV,Unknown
2025-10-09T16:40:21.371733+00:00,26.673004666666667,-81.805066,06:55:31:30:b7:72,-68,2452,9,Newmar2674,Unknown
2025-10-09T16:40:21.371733+00:00,26.673004666666667,-81.805066,2e:70:4e:d0:86:c3,-56,5180,37,Bermuda Guest WIFI,pole 12 W
2025-10-09T16:40:21.371733+00:00,26.673004666666667,-81.805066,28:70:4e:d2:92:ab,-53,5745,150,Bermuda,pole 12 N
2025-10-09T16:40:21.371733+00:00,26.673004666666667,-81.805066,2e:70:4e:d2:92:ab,-53,5745,150,Bermuda Guest WIFI,pole 12 N
2025-10-09T16:40:21.371733+00:00,26.673004666666667,-81.805066,9c:05:d6:e9:77:a6,-70,5200,41,Bermuda,Unknown
2025-10-09T16:40:21.371733+00:00,26.673004666666667,-81.805066,a2:05:d6:e9:77:a6,-70,5200,41,Bermuda Guest WIFI,Unknown
2025-10-09T16:40:21.371733+00:00,26.673004666666667,-81.805066,9e:05:d6:96:11:ff,-89,5805,162,Bermuda Guest WIFI,inside3
2025-10-09T16:40:21.371733+00:00,26.673004666666667,-81.805066,28:70:4e:d0:88:f7,-81,5240,49,Bermuda,Unknown
2025-10-09T16:40:21.371733+00:00,26.673004666666667,-81.805066,2e:70:4e:d0:88:f7,-81,5240,49,Bermuda Guest WIFI,Unknown
2025-10-09T16:41:04.506891+00:00,26.673113,-81.80497783333334,28:70:4e:d0:86:c3,-73,5180,37,Bermuda,pole 12 W
2025-10-09T16:41:04.506891+00:00,26.673113,-81.80497783333334,28:70:4e:d0:88:21,-71,2412,1,Bermuda,pole 14
2025-10-09T16:41:04.506891+00:00,26.673113,-81.80497783333334,28:70:4e:d0:88:f9,-67,2412,1,Bermuda,pole 11
2025-10-09T16:41:04.506891+00:00,26.673113,-81.80497783333334,2e:70:4e:d0:88:f9,-68,2412,1,Bermuda Guest WIFI,pole 11
2025-10-09T16:41:04.506891+00:00,26.673113,-81.80497783333334,28:70:4e:d0:89:0b,-75,2412,1,Bermuda,pole 10
2025-10-09T16:41:04.506891+00:00,26.673113,-81.80497783333334,2e:70:4e:d0:89:0b,-75,2412,1,Bermuda Guest WIFI,pole 10
2025-10-09T16:41:04.506891+00:00,26.673113,-81.80497783333334,2e:70:4e:d2:c9:b0,-84,2437,6,Bermuda Guest WIFI,pole 15 NW
2025-10-09T16:41:04.506891+00:00,26.673113,-81.80497783333334,02:fe:5d:b4:12:4e,-69,2437,6,Pvt.WFR_Denali.2489,Unknown
2025-10-09T16:41:04.506891+00:00,26.673113,-81.80497783333334,28:70:4e:d2:92:aa,-66,2437,6,Bermuda,pole 12 N
2025-10-09T16:41:04.506891+00:00,26.673113,-81.80497783333334,9c:05:d6:e9:77:a5,-79,2437,6,Bermuda,Unknown
2025-10-09T16:41:04.506891+00:00,26.673113,-81.80497783333334,2e:70:4e:d2:92:aa,-65,2437,6,Bermuda Guest WIFI,pole 12 N
2025-10-09T16:41:04.506891+00:00,26.673113,-81.80497783333334,a2:05:d6:e9:77:a5,-81,2437,6,Bermuda Guest WIFI,Unknown
2025-10-09T16:41:04.506891+00:00,26.673113,-81.80497783333334,60:22:32:16:1e:33,-82,5805,162,Bermuda,laundry1
2025-10-09T16:41:04.506891+00:00,26.673113,-81.80497783333334,62:22:32:16:1e:33,-82,5805,162,Bermuda Guest WIFI,laundry1
2025-10-09T16:41:04.506891+00:00,26.673113,-81.80497783333334,28:70:4e:d0:87:50,-67,5745,150,Bermuda,pole 13 E
2025-10-09T16:41:04.506891+00:00,26.673113,-81.80497783333334,2e:70:4e:d0:87:50,-67,5745,150,Bermuda Guest WIFI,pole 13 E
2025-10-09T16:41:04.506891+00:00,26.673113,-81.80497783333334,28:70:4e:d0:88:22,-65,5765,154,Bermuda,pole 14
2025-10-09T16:41:04.506891+00:00,26.673113,-81.80497783333334,2e:70:4e:d0:88:22,-65,5765,154,Bermuda Guest WIFI,pole 14
2025-10-09T16:41:27.357562+00:00,26.673137166666667,-81.80496183333334,28:70:4e:d0:86:c3,-73,5180,37,Bermuda,pole 12 W
2025-10-09T16:41:27.357562+00:00,26.673137166666667,-81.80496183333334,28:70:4e:d0:88:22,-58,5765,154,Bermuda,pole 14
2025-10-09T16:41:27.357562+00:00,26.673137166666667,-81.80496183333334,28:70:4e:dd:d0:4a,-76,5240,49,Bermuda,pole 13 SW
2025-10-09T16:41:27.357562+00:00,26.673137166666667,-81.80496183333334,2e:70:4e:dd:d0:4a,-75,5240,49,Bermuda Guest WIFI,pole 13 SW
2025-10-09T16:41:27.357562+00:00,26.673137166666667,-81.80496183333334,28:70:4e:d0:89:03,-72,5765,154,Bermuda,pole 17
2025-10-09T16:41:27.357562+00:00,26.673137166666667,-81.80496183333334,2e:70:4e:d0:89:03,-72,5765,154,Bermuda Guest WIFI,pole 17
2025-10-09T16:41:27.357562+00:00,26.673137166666667,-81.80496183333334,28:70:4e:d0:88:fa,-72,5765,154,Bermuda,pole 11
2025-10-09T16:41:27.357562+00:00,26.673137166666667,-81.80496183333334,2e:70:4e:d0:88:fa,-72,5765,154,Bermuda Guest WIFI,pole 11
2025-10-09T16:41:27.357562+00:00,26.673137166666667,-81.80496183333334,28:70:4e:d0:87:73,-81,2412,1,Bermuda,pole 18 N
2025-10-09T16:41:27.357562+00:00,26.673137166666667,-81.80496183333334,28:70:4e:d0:88:21,-58,2412,1,Bermuda,pole 14
2025-10-09T16:41:27.357562+00:00,26.673137166666667,-81.80496183333334,2e:70:4e:d0:88:21,-58,2412,1,Bermuda Guest WIFI,pole 14
2025-10-09T16:41:27.357562+00:00,26.673137166666667,-81.80496183333334,28:70:4e:d2:92:aa,-65,2437,6,Bermuda,pole 12 N
2025-10-09T16:41:27.357562+00:00,26.673137166666667,-81.80496183333334,2e:70:4e:d2:92:aa,-65,2437,6,Bermuda Guest WIFI,pole 12 N
2025-10-09T16:41:27.357562+00:00,26.673137166666667,-81.80496183333334,28:70:4e:d2:c9:b0,-81,2437,6,Bermuda,pole 15 NW
2025-10-09T16:41:27.357562+00:00,26.673137166666667,-81.80496183333334,2e:70:4e:d2:c9:b0,-82,2437,6,Bermuda Guest WIFI,pole 15 NW
2025-10-09T16:41:27.357562+00:00,26.673137166666667,-81.80496183333334,02:fe:5d:b4:12:4e,-74,2437,6,Pvt.WFR_Denali.2489,Unknown
2025-10-09T16:41:27.357562+00:00,26.673137166666667,-81.80496183333334,2e:70:4e:d0:88:f6,-87,2437,6,Bermuda Guest WIFI,Unknown
2025-10-09T16:41:27.357562+00:00,26.673137166666667,-81.80496183333334,02:55:31:30:b7:72,-80,2452,9,Moore_RV,Unknown
2025-10-09T16:41:27.357562+00:00,26.673137166666667,-81.80496183333334,06:55:31:30:b7:72,-82,2452,9,Newmar2674,Unknown
2025-10-09T16:41:27.357562+00:00,26.673137166666667,-81.80496183333334,2e:70:4e:d0:88:22,-58,5765,154,Bermuda Guest WIFI,pole 14
2025-10-09T16:41:27.357562+00:00,26.673137166666667,-81.80496183333334,28:70:4e:d2:92:ab,-65,5745,150,Bermuda,pole 12 N
2025-10-09T16:41:27.357562+00:00,26.673137166666667,-81.80496183333334,28:70:4e:d0:87:50,-62,5745,150,Bermuda,pole 13 E
2025-10-09T16:41:27.357562+00:00,26.673137166666667,-81.80496183333334,2e:70:4e:d2:92:ab,-65,5745,150,Bermuda Guest WIFI,pole 12 N
2025-10-09T16:41:27.357562+00:00,26.673137166666667,-81.80496183333334,2e:70:4e:d0:87:50,-61,5745,150,Bermuda Guest WIFI,pole 13 E
2025-10-09T16:41:27.357562+00:00,26.673137166666667,-81.80496183333334,28:70:4e:d0:87:74,-80,5220,45,Bermuda,pole 18 N
2025-10-09T16:41:27.357562+00:00,26.673137166666667,-81.80496183333334,2e:70:4e:d0:87:74,-80,5220,45,Bermuda Guest WIFI,pole 18 N
2025-10-09T16:42:09.417010+00:00,26.673171,-81.80484483333333,28:70:4e:d0:88:22,-63,5765,154,Bermuda,pole 14
2025-10-09T16:42:09.417010+00:00,26.673171,-81.80484483333333,28:70:4e:d0:88:21,-69,2412,1,Bermuda,pole 14
2025-10-09T16:42:09.417010+00:00,26.673171,-81.80484483333333,2e:70:4e:d0:88:21,-69,2412,1,Bermuda Guest WIFI,pole 14
2025-10-09T16:42:09.417010+00:00,26.673171,-81.80484483333333,2e:70:4e:d0:87:73,-85,2412,1,Bermuda Guest WIFI,pole 18 N
2025-10-09T16:42:09.417010+00:00,26.673171,-81.80484483333333,62:22:32:16:1e:32,-85,2437,6,Bermuda Guest WIFI,laundry1
2025-10-09T16:42:09.417010+00:00,26.673171,-81.80484483333333,9c:05:d6:e9:77:a5,-76,2437,6,Bermuda,Unknown
2025-10-09T16:42:09.417010+00:00,26.673171,-81.80484483333333,28:70:4e:dd:d0:49,-68,2437,6,Bermuda,pole 13 SW
2025-10-09T16:42:09.417010+00:00,26.673171,-81.80484483333333,a2:05:d6:e9:77:a5,-75,2437,6,Bermuda Guest WIFI,Unknown
2025-10-09T16:42:09.417010+00:00,26.673171,-81.80484483333333,2e:70:4e:dd:d0:49,-69,2437,6,Bermuda Guest WIFI,pole 13 SW
2025-10-09T16:42:09.417010+00:00,26.673171,-81.80484483333333,2e:70:4e:d0:86:c2,-83,2437,6,Bermuda Guest WIFI,pole 12 W
2025-10-09T16:42:09.417010+00:00,26.673171,-81.80484483333333,60:22:32:16:1e:32,-85,2437,6,Bermuda,laundry1
2025-10-09T16:42:09.417010+00:00,26.673171,-81.80484483333333,02:55:31:30:b7:72,-78,2452,9,Moore_RV,Unknown
2025-10-09T16:42:09.417010+00:00,26.673171,-81.80484483333333,06:55:31:30:b7:72,-78,2452,9,Newmar2674,Unknown
2025-10-09T16:42:09.417010+00:00,26.673171,-81.80484483333333,2e:70:4e:d0:88:22,-62,5765,154,Bermuda Guest WIFI,pole 14
2025-10-09T16:42:09.417010+00:00,26.673171,-81.80484483333333,28:70:4e:d0:89:0c,-81,5220,45,Bermuda,pole 10
2025-10-09T16:42:09.417010+00:00,26.673171,-81.80484483333333,2e:70:4e:d0:89:0c,-82,5220,45,Bermuda Guest WIFI,pole 10
2025-10-09T16:42:09.417010+00:00,26.673171,-81.80484483333333,60:22:32:16:1e:33,-75,5805,162,Bermuda,laundry1
2025-10-09T16:42:09.417010+00:00,26.673171,-81.80484483333333,9c:05:d6:e9:77:a6,-68,5200,41,Bermuda,Unknown
2025-10-09T16:42:09.417010+00:00,26.673171,-81.80484483333333,a2:05:d6:e9:77:a6,-68,5200,41,Bermuda Guest WIFI,Unknown
2025-10-09T16:42:52.266970+00:00,26.673258,-81.804789,28:70:4e:d0:88:22,-68,5765,154,Bermuda,pole 14
2025-10-09T16:42:52.266970+00:00,26.673258,-81.804789,28:70:4e:d0:88:21,-56,2412,1,Bermuda,pole 14
2025-10-09T16:42:52.266970+00:00,26.673258,-81.804789,2e:70:4e:d0:88:21,-56,2412,1,Bermuda Guest WIFI,pole 14
2025-10-09T16:42:52.266970+00:00,26.673258,-81.804789,02:fe:5d:b4:12:4e,-72,2437,6,Pvt.WFR_Denali.2489,Unknown
2025-10-09T16:42:52.266970+00:00,26.673258,-81.804789,60:22:32:16:1e:32,-87,2437,6,Bermuda,laundry1
2025-10-09T16:42:52.266970+00:00,26.673258,-81.804789,28:70:4e:d2:c9:b0,-81,2437,6,Bermuda,pole 15 NW
2025-10-09T16:42:52.266970+00:00,26.673258,-81.804789,2e:70:4e:d2:c9:b0,-82,2437,6,Bermuda Guest WIFI,pole 15 NW
2025-10-09T16:42:52.266970+00:00,26.673258,-81.804789,02:55:31:30:b7:72,-75,2452,9,Moore_RV,Unknown
2025-10-09T16:42:52.266970+00:00,26.673258,-81.804789,06:55:31:30:b7:72,-75,2452,9,Newmar2674,Unknown
2025-10-09T16:42:52.266970+00:00,26.673258,-81.804789,2e:70:4e:d0:87:5e,-81,2462,11,Bermuda Guest WIFI,pole 15 S
2025-10-09T16:43:36.014026+00:00,26.673354333333332,-81.80475383333334,28:70:4e:d0:88:22,-59,5765,154,Bermuda,pole 14
2025-10-09T16:43:36.014026+00:00,26.673354333333332,-81.80475383333334,28:70:4e:d0:88:21,-65,2412,1,Bermuda,pole 14
2025-10-09T16:43:36.014026+00:00,26.673354333333332,-81.80475383333334,2e:70:4e:d0:88:21,-64,2412,1,Bermuda Guest WIFI,pole 14
2025-10-09T16:43:36.014026+00:00,26.673354333333332,-81.80475383333334,28:70:4e:d0:87:73,-77,2412,1,Bermuda,pole 18 N
2025-10-09T16:43:36.014026+00:00,26.673354333333332,-81.80475383333334,02:fe:5d:b4:12:4e,-61,2437,6,Pvt.WFR_Denali.2489,Unknown
2025-10-09T16:43:36.014026+00:00,26.673354333333332,-81.80475383333334,9c:05:d6:e9:77:a5,-75,2437,6,Bermuda,Unknown
2025-10-09T16:43:36.014026+00:00,26.673354333333332,-81.80475383333334,28:70:4e:d2:c9:b0,-73,2437,6,Bermuda,pole 15 NW
2025-10-09T16:43:36.014026+00:00,26.673354333333332,-81.80475383333334,a2:05:d6:e9:77:a5,-72,2437,6,Bermuda Guest WIFI,Unknown
2025-10-09T16:43:36.014026+00:00,26.673354333333332,-81.80475383333334,02:55:31:30:b7:72,-67,2452,9,Moore_RV,Unknown
2025-10-09T16:43:36.014026+00:00,26.673354333333332,-81.80475383333334,06:55:31:30:b7:72,-67,2452,9,Newmar2674,Unknown
2025-10-09T16:43:36.014026+00:00,26.673354333333332,-81.80475383333334,28:70:4e:d0:89:02,-83,2462,11,Bermuda,pole 17
2025-10-09T16:43:36.014026+00:00,26.673354333333332,-81.80475383333334,2e:70:4e:d0:87:5e,-71,2462,11,Bermuda Guest WIFI,pole 15 S
2025-10-09T16:43:36.014026+00:00,26.673354333333332,-81.80475383333334,2e:70:4e:d0:89:02,-80,2462,11,Bermuda Guest WIFI,pole 17
2025-10-09T16:43:36.014026+00:00,26.673354333333332,-81.80475383333334,2e:70:4e:d0:88:22,-59,5765,154,Bermuda Guest WIFI,pole 14
2025-10-09T16:43:36.014026+00:00,26.673354333333332,-81.80475383333334,9e:05:d6:96:11:ff,-82,5805,162,Bermuda Guest WIFI,inside3
2025-10-09T16:43:36.014026+00:00,26.673354333333332,-81.80475383333334,9c:05:d6:d6:11:ff,-80,5805,162,Bermuda,inside3
2025-10-09T16:43:36.014026+00:00,26.673354333333332,-81.80475383333334,9c:05:d6:d6:20:6f,-88,5745,150,Bermuda,inside1
2025-10-09T16:43:36.014026+00:00,26.673354333333332,-81.80475383333334,28:70:4e:d0:87:62,-77,5240,49,Bermuda,pole 22 NW
2025-10-09T16:43:36.014026+00:00,26.673354333333332,-81.80475383333334,2e:70:4e:d0:87:62,-77,5240,49,Bermuda Guest WIFI,pole 22 NW
2025-10-09T16:43:36.014026+00:00,26.673354333333332,-81.80475383333334,28:70:4e:d2:c9:b1,-76,5220,45,Bermuda,pole 15 NW
2025-10-09T16:43:36.014026+00:00,26.673354333333332,-81.80475383333334,2e:70:4e:d2:c9:b1,-76,5220,45,Bermuda Guest WIFI,pole 15 NW
2025-10-09T16:43:36.014026+00:00,26.673354333333332,-81.80475383333334,28:70:4e:d0:89:0c,-74,5220,45,Bermuda,pole 10
2025-10-09T16:43:36.014026+00:00,26.673354333333332,-81.80475383333334,2e:70:4e:d0:89:0c,-74,5220,45,Bermuda Guest WIFI,pole 10
2025-10-09T16:43:36.014026+00:00,26.673354333333332,-81.80475383333334,9c:05:d6:e9:77:a6,-75,5200,41,Bermuda,Unknown
2025-10-09T16:43:36.014026+00:00,26.673354333333332,-81.80475383333334,a2:05:d6:e9:77:a6,-75,5200,41,Bermuda Guest WIFI,Unknown
2025-10-09T16:43:36.014026+00:00,26.673354333333332,-81.80475383333334,02:55:31:30:b7:73,-83,5180,37,Moore_Rv5GHz,Unknown
2025-10-09T16:44:18.370935+00:00,26.67343766666667,-81.80470533333333,28:70:4e:d0:88:22,-51,5765,154,Bermuda,pole 14
2025-10-09T16:44:18.370935+00:00,26.67343766666667,-81.80470533333333,28:70:4e:d0:88:21,-54,2412,1,Bermuda,pole 14
2025-10-09T16:44:18.370935+00:00,26.67343766666667,-81.80470533333333,2e:70:4e:d0:88:21,-55,2412,1,Bermuda Guest WIFI,pole 14
2025-10-09T16:44:18.370935+00:00,26.67343766666667,-81.80470533333333,28:70:4e:d0:87:73,-79,2412,1,Bermuda,pole 18 N
2025-10-09T16:44:18.370935+00:00,26.67343766666667,-81.80470533333333,2e:70:4e:d0:87:73,-80,2412,1,Bermuda Guest WIFI,pole 18 N
2025-10-09T16:44:18.370935+00:00,26.67343766666667,-81.80470533333333,02:fe:5d:b4:12:4e,-73,2437,6,Pvt.WFR_Denali.2489,Unknown
2025-10-09T16:44:18.370935+00:00,26.67343766666667,-81.80470533333333,a2:05:d6:e9:77:a5,-82,2437,6,Bermuda Guest WIFI,Unknown
2025-10-09T16:44:18.370935+00:00,26.67343766666667,-81.80470533333333,2e:70:4e:d0:89:14,-82,2437,6,Bermuda Guest WIFI,pole 21
2025-10-09T16:44:18.370935+00:00,26.67343766666667,-81.80470533333333,9c:05:d6:e9:77:a5,-81,2437,6,Bermuda,Unknown
2025-10-09T16:44:18.370935+00:00,26.67343766666667,-81.80470533333333,28:70:4e:dd:d0:49,-71,2437,6,Bermuda,pole 13 SW
2025-10-09T16:44:18.370935+00:00,26.67343766666667,-81.80470533333333,2e:70:4e:dd:d0:49,-72,2437,6,Bermuda Guest WIFI,pole 13 SW
2025-10-09T16:44:18.370935+00:00,26.67343766666667,-81.80470533333333,02:55:31:30:b7:72,-65,2452,9,Moore_RV,Unknown
2025-10-09T16:44:18.370935+00:00,26.67343766666667,-81.80470533333333,06:55:31:30:b7:72,-65,2452,9,Newmar2674,Unknown
2025-10-09T16:44:18.370935+00:00,26.67343766666667,-81.80470533333333,2e:70:4e:d0:88:22,-56,5765,154,Bermuda Guest WIFI,pole 14
2025-10-09T16:44:18.370935+00:00,26.67343766666667,-81.80470533333333,9c:05:d6:e9:77:a6,-73,5200,41,Bermuda,Unknown
2025-10-09T16:44:18.370935+00:00,26.67343766666667,-81.80470533333333,a2:05:d6:e9:77:a6,-73,5200,41,Bermuda Guest WIFI,Unknown
2025-10-09T16:44:18.370935+00:00,26.67343766666667,-81.80470533333333,02:55:31:30:b7:73,-78,5180,37,Moore_Rv5GHz,Unknown
2025-10-09T16:45:01.586466+00:00,26.673555166666667,-81.804634,28:70:4e:d0:88:22,-60,5765,154,Bermuda,pole 14
2025-10-09T16:45:01.586466+00:00,26.673555166666667,-81.804634,28:70:4e:d0:89:0b,-79,2412,1,Bermuda,pole 10
2025-10-09T16:45:01.586466+00:00,26.673555166666667,-81.804634,28:70:4e:d0:88:21,-73,2412,1,Bermuda,pole 14
2025-10-09T16:45:01.586466+00:00,26.673555166666667,-81.804634,28:70:4e:d0:88:f9,-79,2412,1,Bermuda,pole 11
2025-10-09T16:45:01.586466+00:00,26.673555166666667,-81.804634,2e:70:4e:d0:88:21,-74,2412,1,Bermuda Guest WIFI,pole 14
2025-10-09T16:45:01.586466+00:00,26.673555166666667,-81.804634,2e:70:4e:d0:88:f9,-75,2412,1,Bermuda Guest WIFI,pole 11
2025-10-09T16:45:01.586466+00:00,26.673555166666667,-81.804634,2e:70:4e:dd:d0:49,-69,2437,6,Bermuda Guest WIFI,pole 13 SW
2025-10-09T16:45:01.586466+00:00,26.673555166666667,-81.804634,9c:05:d6:e9:77:a5,-81,2437,6,Bermuda,Unknown
2025-10-09T16:45:01.586466+00:00,26.673555166666667,-81.804634,a2:05:d6:e9:77:a5,-82,2437,6,Bermuda Guest WIFI,Unknown
2025-10-09T16:45:01.586466+00:00,26.673555166666667,-81.804634,2e:70:4e:d0:89:14,-76,2437,6,Bermuda Guest WIFI,pole 21
2025-10-09T16:45:01.586466+00:00,26.673555166666667,-81.804634,2e:70:4e:d2:92:aa,-76,2437,6,Bermuda Guest WIFI,pole 12 N
2025-10-09T16:45:01.586466+00:00,26.673555166666667,-81.804634,02:55:31:30:b7:72,-81,2452,9,Moore_RV,Unknown
2025-10-09T16:45:01.586466+00:00,26.673555166666667,-81.804634,06:55:31:30:b7:72,-78,2452,9,Newmar2674,Unknown
2025-10-09T16:45:01.586466+00:00,26.673555166666667,-81.804634,28:70:4e:d0:87:4f,-78,2462,11,Bermuda,pole 13 E
2025-10-09T16:45:01.586466+00:00,26.673555166666667,-81.804634,2e:70:4e:d0:87:4f,-77,2462,11,Bermuda Guest WIFI,pole 13 E
2025-10-09T16:45:01.586466+00:00,26.673555166666667,-81.804634,9c:05:d6:e9:77:a6,-71,5200,41,Bermuda,Unknown
2025-10-09T16:45:01.586466+00:00,26.673555166666667,-81.804634,a2:05:d6:e9:77:a6,-71,5200,41,Bermuda Guest WIFI,Unknown
2025-10-09T16:45:01.586466+00:00,26.673555166666667,-81.804634,02:55:31:30:b7:73,-84,5180,37,Moore_Rv5GHz,Unknown
2025-10-09T16:45:01.586466+00:00,26.673555166666667,-81.804634,60:22:32:16:1e:33,-83,5805,162,Bermuda,laundry1
2025-10-09T16:45:01.586466+00:00,26.673555166666667,-81.804634,9c:05:d6:d6:11:ff,-86,5805,162,Bermuda,inside3
2025-10-09T16:45:01.586466+00:00,26.673555166666667,-81.804634,28:70:4e:dd:d0:4a,-63,5240,49,Bermuda,pole 13 SW
2025-10-09T16:45:01.586466+00:00,26.673555166666667,-81.804634,2e:70:4e:dd:d0:4a,-63,5240,49,Bermuda Guest WIFI,pole 13 SW
2025-10-09T16:45:01.586466+00:00,26.673555166666667,-81.804634,2e:70:4e:d0:87:dd,-84,5220,45,Bermuda Guest WIFI,pole 07
2025-10-09T16:45:45.362067+00:00,26.673651333333332,-81.804585,28:70:4e:d0:88:22,-70,5765,154,Bermuda,pole 14
2025-10-09T16:45:45.362067+00:00,26.673651333333332,-81.804585,28:70:4e:d0:88:21,-63,2412,1,Bermuda,pole 14
2025-10-09T16:45:45.362067+00:00,26.673651333333332,-81.804585,2e:70:4e:d0:88:21,-64,2412,1,Bermuda Guest WIFI,pole 14
2025-10-09T16:45:45.362067+00:00,26.673651333333332,-81.804585,9c:05:d6:d6:20:6e,-87,2437,6,Bermuda,inside1
2025-10-09T16:45:45.362067+00:00,26.673651333333332,-81.804585,9e:05:d6:96:20:6e,-84,2437,6,Bermuda Guest WIFI,inside1
2025-10-09T16:45:45.362067+00:00,26.673651333333332,-81.804585,a2:05:d6:e9:77:a5,-86,2437,6,Bermuda Guest WIFI,Unknown
2025-10-09T16:45:45.362067+00:00,26.673651333333332,-81.804585,28:70:4e:dd:d0:49,-62,2437,6,Bermuda,pole 13 SW
2025-10-09T16:45:45.362067+00:00,26.673651333333332,-81.804585,2e:70:4e:dd:d0:49,-63,2437,6,Bermuda Guest WIFI,pole 13 SW
2025-10-09T16:45:45.362067+00:00,26.673651333333332,-81.804585,28:70:4e:d2:92:aa,-68,2437,6,Bermuda,pole 12 N
2025-10-09T16:45:45.362067+00:00,26.673651333333332,-81.804585,02:55:31:30:b7:72,-75,2452,9,Moore_RV,Unknown
2025-10-09T16:45:45.362067+00:00,26.673651333333332,-81.804585,06:55:31:30:b7:72,-75,2452,9,Newmar2674,Unknown
2025-10-09T16:45:45.362067+00:00,26.673651333333332,-81.804585,28:70:4e:d0:89:02,-81,2462,11,Bermuda,pole 17
2025-10-09T16:45:45.362067+00:00,26.673651333333332,-81.804585,2e:70:4e:d0:87:5e,-82,2462,11,Bermuda Guest WIFI,pole 15 S
2025-10-09T16:45:45.362067+00:00,26.673651333333332,-81.804585,2e:70:4e:d0:89:02,-80,2462,11,Bermuda Guest WIFI,pole 17
2025-10-09T16:45:45.362067+00:00,26.673651333333332,-81.804585,28:70:4e:d0:88:fa,-81,5765,154,Bermuda,pole 11
2025-10-09T16:45:45.362067+00:00,26.673651333333332,-81.804585,2e:70:4e:d0:88:fa,-81,5765,154,Bermuda Guest WIFI,pole 11
2025-10-09T16:45:45.362067+00:00,26.673651333333332,-81.804585,a2:05:d6:e9:77:a6,-73,5200,41,Bermuda Guest WIFI,Unknown
2025-10-09T16:46:28.569067+00:00,26.673716666666667,-81.8047515,28:70:4e:d0:88:22,-66,5765,154,Bermuda,pole 14
2025-10-09T16:46:28.569067+00:00,26.673716666666667,-81.8047515,28:70:4e:d0:88:21,-61,2412,1,Bermuda,pole 14
2025-10-09T16:46:28.569067+00:00,26.673716666666667,-81.8047515,2e:70:4e:d0:88:21,-61,2412,1,Bermuda Guest WIFI,pole 14
2025-10-09T16:46:28.569067+00:00,26.673716666666667,-81.8047515,28:70:4e:d0:87:73,-83,2412,1,Bermuda,pole 18 N
2025-10-09T16:46:28.569067+00:00,26.673716666666667,-81.8047515,2e:70:4e:d0:87:73,-85,2412,1,Bermuda Guest WIFI,pole 18 N
2025-10-09T16:46:28.569067+00:00,26.673716666666667,-81.8047515,9e:05:d6:96:20:6e,-85,2437,6,Bermuda Guest WIFI,inside1
2025-10-09T16:46:28.569067+00:00,26.673716666666667,-81.8047515,28:70:4e:d2:92:aa,-65,2437,6,Bermuda,pole 12 N
2025-10-09T16:46:28.569067+00:00,26.673716666666667,-81.8047515,28:70:4e:dd:d0:49,-70,2437,6,Bermuda,pole 13 SW
2025-10-09T16:46:28.569067+00:00,26.673716666666667,-81.8047515,2e:70:4e:d2:92:aa,-63,2437,6,Bermuda Guest WIFI,pole 12 N
2025-10-09T16:46:28.569067+00:00,26.673716666666667,-81.8047515,28:70:4e:d0:86:c2,-73,2437,6,Bermuda,pole 12 W
2025-10-09T16:46:28.569067+00:00,26.673716666666667,-81.8047515,9c:05:d6:e9:77:a5,-74,2437,6,Bermuda,Unknown
2025-10-09T16:46:28.569067+00:00,26.673716666666667,-81.8047515,a2:05:d6:e9:77:a5,-79,2437,6,Bermuda Guest WIFI,Unknown
2025-10-09T16:46:28.569067+00:00,26.673716666666667,-81.8047515,02:fe:5d:b4:12:4e,-69,2437,6,Pvt.WFR_Denali.2489,Unknown
2025-10-09T16:46:28.569067+00:00,26.673716666666667,-81.8047515,02:55:31:30:b7:72,-73,2452,9,Moore_RV,Unknown
2025-10-09T16:46:28.569067+00:00,26.673716666666667,-81.8047515,06:55:31:30:b7:72,-72,2452,9,Newmar2674,Unknown
2025-10-09T16:46:28.569067+00:00,26.673716666666667,-81.8047515,2e:70:4e:d0:87:5e,-78,2462,11,Bermuda Guest WIFI,pole 15 S
2025-10-09T16:46:28.569067+00:00,26.673716666666667,-81.8047515,28:70:4e:d0:88:fa,-70,5765,154,Bermuda,pole 11
2025-10-09T16:46:28.569067+00:00,26.673716666666667,-81.8047515,2e:70:4e:d0:88:fa,-70,5765,154,Bermuda Guest WIFI,pole 11
2025-10-09T16:46:28.569067+00:00,26.673716666666667,-81.8047515,9c:05:d6:e9:77:a6,-68,5200,41,Bermuda,Unknown
2025-10-09T16:46:28.569067+00:00,26.673716666666667,-81.8047515,a2:05:d6:e9:77:a6,-68,5200,41,Bermuda Guest WIFI,Unknown
2025-10-09T16:46:28.569067+00:00,26.673716666666667,-81.8047515,9e:05:d6:96:11:ff,-84,5805,162,Bermuda Guest WIFI,inside3
2025-10-09T16:46:28.569067+00:00,26.673716666666667,-81.8047515,9c:05:d6:d6:11:ff,-84,5805,162,Bermuda,inside3
2025-10-09T16:46:28.569067+00:00,26.673716666666667,-81.8047515,9c:05:d6:d6:22:af,-88,5805,162,Bermuda,inside5
2025-10-09T16:46:28.569067+00:00,26.673716666666667,-81.8047515,9e:05:d6:96:20:6f,-88,5745,150,Bermuda Guest WIFI,inside1
2025-10-09T16:46:28.569067+00:00,26.673716666666667,-81.8047515,9e:05:d6:a6:20:6f,-89,5745,150,Private WIFI,Unknown
2025-10-09T16:46:28.569067+00:00,26.673716666666667,-81.8047515,9c:05:d6:d6:20:6f,-88,5745,150,Bermuda,inside1
2025-10-09T16:46:28.569067+00:00,26.673716666666667,-81.8047515,28:70:4e:d0:87:5f,-81,5240,49,Bermuda,pole 15 S
2025-10-09T16:46:28.569067+00:00,26.673716666666667,-81.8047515,2e:70:4e:d0:87:5f,-82,5240,49,Bermuda Guest WIFI,pole 15 S
2025-10-09T16:46:28.569067+00:00,26.673716666666667,-81.8047515,28:70:4e:d2:c9:b1,-80,5220,45,Bermuda,pole 15 NW
2025-10-09T16:46:28.569067+00:00,26.673716666666667,-81.8047515,2e:70:4e:d2:c9:b1,-80,5220,45,Bermuda Guest WIFI,pole 15 NW
2025-10-09T16:46:28.569067+00:00,26.673716666666667,-81.8047515,02:55:31:30:b7:73,-81,5180,37,Moore_Rv5GHz,Unknown
2025-10-09T16:47:10.243256+00:00,26.673650333333335,-81.80488083333333,28:70:4e:d0:88:22,-61,5765,154,Bermuda,pole 14
2025-10-09T16:47:10.243256+00:00,26.673650333333335,-81.80488083333333,28:70:4e:d0:88:21,-55,2412,1,Bermuda,pole 14
2025-10-09T16:47:10.243256+00:00,26.673650333333335,-81.80488083333333,2e:70:4e:d0:88:21,-54,2412,1,Bermuda Guest WIFI,pole 14
2025-10-09T16:47:10.243256+00:00,26.673650333333335,-81.80488083333333,28:70:4e:d0:88:f9,-67,2412,1,Bermuda,pole 11
2025-10-09T16:47:10.243256+00:00,26.673650333333335,-81.80488083333333,2e:70:4e:d0:88:f9,-67,2412,1,Bermuda Guest WIFI,pole 11
2025-10-09T16:47:10.243256+00:00,26.673650333333335,-81.80488083333333,28:70:4e:d2:c9:b0,-77,2437,6,Bermuda,pole 15 NW
2025-10-09T16:47:10.243256+00:00,26.673650333333335,-81.80488083333333,2e:70:4e:d2:c9:b0,-77,2437,6,Bermuda Guest WIFI,pole 15 NW
2025-10-09T16:47:10.243256+00:00,26.673650333333335,-81.80488083333333,9c:05:d6:e9:77:a5,-77,2437,6,Bermuda,Unknown
2025-10-09T16:47:10.243256+00:00,26.673650333333335,-81.80488083333333,62:22:32:16:1e:32,-93,2437,6,Bermuda Guest WIFI,laundry1
2025-10-09T16:47:10.243256+00:00,26.673650333333335,-81.80488083333333,02:fe:5d:b4:12:4e,-68,2437,6,Pvt.WFR_Denali.2489,Unknown
2025-10-09T16:47:10.243256+00:00,26.673650333333335,-81.80488083333333,a2:05:d6:e9:77:a5,-77,2437,6,Bermuda Guest WIFI,Unknown
2025-10-09T16:47:10.243256+00:00,26.673650333333335,-81.80488083333333,60:22:32:16:1e:32,-90,2437,6,Bermuda,laundry1
2025-10-09T16:47:10.243256+00:00,26.673650333333335,-81.80488083333333,02:55:31:30:b7:72,-72,2452,9,Moore_RV,Unknown
2025-10-09T16:47:10.243256+00:00,26.673650333333335,-81.80488083333333,06:55:31:30:b7:72,-71,2452,9,Newmar2674,Unknown
2025-10-09T16:47:10.243256+00:00,26.673650333333335,-81.80488083333333,28:70:4e:d0:89:02,-84,2462,11,Bermuda,pole 17
2025-10-09T16:47:10.243256+00:00,26.673650333333335,-81.80488083333333,2e:70:4e:d0:87:5e,-79,2462,11,Bermuda Guest WIFI,pole 15 S
2025-10-09T16:47:10.243256+00:00,26.673650333333335,-81.80488083333333,2e:70:4e:d0:89:02,-81,2462,11,Bermuda Guest WIFI,pole 17
2025-10-09T16:47:10.243256+00:00,26.673650333333335,-81.80488083333333,2e:70:4e:d0:88:22,-61,5765,154,Bermuda Guest WIFI,pole 14
2025-10-09T16:47:10.243256+00:00,26.673650333333335,-81.80488083333333,9c:05:d6:d6:11:ff,-84,5805,162,Bermuda,inside3
2025-10-09T16:47:10.243256+00:00,26.673650333333335,-81.80488083333333,9e:05:d6:96:22:af,-82,5805,162,Bermuda Guest WIFI,inside5
2025-10-09T16:47:10.243256+00:00,26.673650333333335,-81.80488083333333,9e:05:d6:a6:20:6f,-90,5745,150,Private WIFI,Unknown
2025-10-09T16:47:10.243256+00:00,26.673650333333335,-81.80488083333333,28:70:4e:d0:87:50,-62,5745,150,Bermuda,pole 13 E
2025-10-09T16:47:10.243256+00:00,26.673650333333335,-81.80488083333333,2e:70:4e:d0:87:50,-62,5745,150,Bermuda Guest WIFI,pole 13 E
2025-10-09T16:47:10.243256+00:00,26.673650333333335,-81.80488083333333,9c:05:d6:d6:20:6f,-89,5745,150,Bermuda,inside1
2025-10-09T16:47:10.243256+00:00,26.673650333333335,-81.80488083333333,9e:05:d6:96:25:73,-81,5220,45,Bermuda Guest WIFI,inside4
2025-10-09T16:47:53.510846+00:00,26.673540666666668,-81.80494733333333,28:70:4e:d0:88:22,-64,5765,154,Bermuda,pole 14
2025-10-09T16:47:53.510846+00:00,26.673540666666668,-81.80494733333333,28:70:4e:d0:88:f9,-63,2412,1,Bermuda,pole 11
2025-10-09T16:47:53.510846+00:00,26.673540666666668,-81.80494733333333,28:70:4e:d0:89:0b,-64,2412,1,Bermuda,pole 10
2025-10-09T16:47:53.510846+00:00,26.673540666666668,-81.80494733333333,28:70:4e:d0:88:21,-60,2412,1,Bermuda,pole 14
2025-10-09T16:47:53.510846+00:00,26.673540666666668,-81.80494733333333,2e:70:4e:d0:88:21,-60,2412,1,Bermuda Guest WIFI,pole 14
2025-10-09T16:47:53.510846+00:00,26.673540666666668,-81.80494733333333,2e:70:4e:d0:88:f9,-63,2412,1,Bermuda Guest WIFI,pole 11
2025-10-09T16:47:53.510846+00:00,26.673540666666668,-81.80494733333333,2e:70:4e:d0:89:0b,-65,2412,1,Bermuda Guest WIFI,pole 10
2025-10-09T16:47:53.510846+00:00,26.673540666666668,-81.80494733333333,2e:70:4e:dd:d0:49,-69,2437,6,Bermuda Guest WIFI,pole 13 SW
2025-10-09T16:47:53.510846+00:00,26.673540666666668,-81.80494733333333,62:22:32:16:1e:32,-85,2437,6,Bermuda Guest WIFI,laundry1
2025-10-09T16:47:53.510846+00:00,26.673540666666668,-81.80494733333333,02:fe:5d:b4:12:4e,-66,2437,6,Pvt.WFR_Denali.2489,Unknown
2025-10-09T16:47:53.510846+00:00,26.673540666666668,-81.80494733333333,28:70:4e:dd:d0:49,-69,2437,6,Bermuda,pole 13 SW
2025-10-09T16:47:53.510846+00:00,26.673540666666668,-81.80494733333333,9c:05:d6:e9:77:a5,-67,2437,6,Bermuda,Unknown
2025-10-09T16:47:53.510846+00:00,26.673540666666668,-81.80494733333333,a2:05:d6:e9:77:a5,-67,2437,6,Bermuda Guest WIFI,Unknown
2025-10-09T16:47:53.510846+00:00,26.673540666666668,-81.80494733333333,02:55:31:30:b7:72,-66,2452,9,Moore_RV,Unknown
2025-10-09T16:47:53.510846+00:00,26.673540666666668,-81.80494733333333,06:55:31:30:b7:72,-66,2452,9,Newmar2674,Unknown
2025-10-09T16:47:53.510846+00:00,26.673540666666668,-81.80494733333333,28:70:4e:d0:89:02,-85,2462,11,Bermuda,pole 17
2025-10-09T16:47:53.510846+00:00,26.673540666666668,-81.80494733333333,2e:70:4e:d0:87:5e,-82,2462,11,Bermuda Guest WIFI,pole 15 S
2025-10-09T16:47:53.510846+00:00,26.673540666666668,-81.80494733333333,2e:70:4e:d0:89:02,-85,2462,11,Bermuda Guest WIFI,pole 17
2025-10-09T16:47:53.510846+00:00,26.673540666666668,-81.80494733333333,28:70:4e:d0:87:4f,-63,2462,11,Bermuda,pole 13 E
2025-10-09T16:47:53.510846+00:00,26.673540666666668,-81.80494733333333,2e:70:4e:d0:87:4f,-63,2462,11,Bermuda Guest WIFI,pole 13 E
2025-10-09T16:47:53.510846+00:00,26.673540666666668,-81.80494733333333,2e:70:4e:d0:88:22,-64,5765,154,Bermuda Guest WIFI,pole 14
2025-10-09T16:47:53.510846+00:00,26.673540666666668,-81.80494733333333,62:22:32:16:1e:33,-88,5805,162,Bermuda Guest WIFI,laundry1
2025-10-09T16:47:53.510846+00:00,26.673540666666668,-81.80494733333333,60:22:32:16:1e:33,-88,5805,162,Bermuda,laundry1
2025-10-09T16:47:53.510846+00:00,26.673540666666668,-81.80494733333333,9e:05:d6:96:25:73,-78,5220,45,Bermuda Guest WIFI,inside4
2025-10-09T16:47:53.510846+00:00,26.673540666666668,-81.80494733333333,9c:05:d6:d6:25:73,-79,5220,45,Bermuda,inside4
2025-10-09T16:47:53.510846+00:00,26.673540666666668,-81.80494733333333,28:70:4e:d2:c9:b1,-80,5220,45,Bermuda,pole 15 NW
2025-10-09T16:47:53.510846+00:00,26.673540666666668,-81.80494733333333,2e:70:4e:d2:c9:b1,-80,5220,45,Bermuda Guest WIFI,pole 15 NW
2025-10-09T16:47:53.510846+00:00,26.673540666666668,-81.80494733333333,2e:70:4e:d0:87:c8,-86,5785,158,Bermuda Guest WIFI,pole 05
2025-10-09T16:47:53.510846+00:00,26.673540666666668,-81.80494733333333,28:70:4e:dd:d0:4a,-61,5240,49,Bermuda,pole 13 SW
2025-10-09T16:47:53.510846+00:00,26.673540666666668,-81.80494733333333,2e:70:4e:dd:d0:4a,-61,5240,49,Bermuda Guest WIFI,pole 13 SW
2025-10-09T16:47:53.510846+00:00,26.673540666666668,-81.80494733333333,28:70:4e:d0:87:5f,-83,5240,49,Bermuda,pole 15 S
2025-10-09T16:47:53.510846+00:00,26.673540666666668,-81.80494733333333,2e:70:4e:d0:87:5f,-83,5240,49,Bermuda Guest WIFI,pole 15 S
2025-10-09T16:47:53.510846+00:00,26.673540666666668,-81.80494733333333,9c:05:d6:e9:77:a6,-65,5200,41,Bermuda,Unknown
2025-10-09T16:47:53.510846+00:00,26.673540666666668,-81.80494733333333,a2:05:d6:e9:77:a6,-66,5200,41,Bermuda Guest WIFI,Unknown
2025-10-09T16:48:36.492834+00:00,26.673457166666665,-81.80501083333333,28:70:4e:d0:88:22,-77,5765,154,Bermuda,pole 14
2025-10-09T16:48:36.492834+00:00,26.673457166666665,-81.80501083333333,28:70:4e:d0:88:f9,-84,2412,1,Bermuda,pole 11
2025-10-09T16:48:36.492834+00:00,26.673457166666665,-81.80501083333333,28:70:4e:dd:d0:49,-66,2437,6,Bermuda,pole 13 SW
2025-10-09T16:48:36.492834+00:00,26.673457166666665,-81.80501083333333,2e:70:4e:d2:c9:b0,-90,2437,6,Bermuda Guest WIFI,pole 15 NW
2025-10-09T16:48:36.492834+00:00,26.673457166666665,-81.80501083333333,9c:05:d6:e9:77:a5,-80,2437,6,Bermuda,Unknown
2025-10-09T16:48:36.492834+00:00,26.673457166666665,-81.80501083333333,2e:70:4e:dd:d0:49,-64,2437,6,Bermuda Guest WIFI,pole 13 SW
2025-10-09T16:48:36.492834+00:00,26.673457166666665,-81.80501083333333,a2:05:d6:e9:77:a5,-79,2437,6,Bermuda Guest WIFI,Unknown
2025-10-09T16:48:36.492834+00:00,26.673457166666665,-81.80501083333333,28:70:4e:d2:92:aa,-77,2437,6,Bermuda,pole 12 N
2025-10-09T16:48:36.492834+00:00,26.673457166666665,-81.80501083333333,02:55:31:30:b7:72,-73,2452,9,Moore_RV,Unknown
2025-10-09T16:48:36.492834+00:00,26.673457166666665,-81.80501083333333,06:55:31:30:b7:72,-72,2452,9,Newmar2674,Unknown
2025-10-09T16:48:36.492834+00:00,26.673457166666665,-81.80501083333333,28:70:4e:d0:87:4f,-74,2462,11,Bermuda,pole 13 E
2025-10-09T16:48:36.492834+00:00,26.673457166666665,-81.80501083333333,2e:70:4e:d0:87:4f,-76,2462,11,Bermuda Guest WIFI,pole 13 E
2025-10-09T16:48:36.492834+00:00,26.673457166666665,-81.80501083333333,28:70:4e:dd:d0:4a,-55,5240,49,Bermuda,pole 13 SW
2025-10-09T16:48:36.492834+00:00,26.673457166666665,-81.80501083333333,2e:70:4e:dd:d0:4a,-55,5240,49,Bermuda Guest WIFI,pole 13 SW
2025-10-09T16:48:36.492834+00:00,26.673457166666665,-81.80501083333333,9c:05:d6:e9:77:a6,-72,5200,41,Bermuda,Unknown
2025-10-09T16:48:36.492834+00:00,26.673457166666665,-81.80501083333333,a2:05:d6:e9:77:a6,-72,5200,41,Bermuda Guest WIFI,Unknown
2025-10-09T16:48:36.492834+00:00,26.673457166666665,-81.80501083333333,02:55:31:30:b7:73,-74,5180,37,Moore_Rv5GHz,Unknown
2025-10-09T16:49:18.715914+00:00,26.673367,-81.8050215,28:70:4e:dd:d0:49,-65,2437,6,Bermuda,pole 13 SW
2025-10-09T16:49:18.715914+00:00,26.673367,-81.8050215,9c:05:d6:e9:77:a5,-82,2437,6,Bermuda,Unknown
2025-10-09T16:49:18.715914+00:00,26.673367,-81.8050215,2e:70:4e:dd:d0:49,-64,2437,6,Bermuda Guest WIFI,pole 13 SW
2025-10-09T16:49:18.715914+00:00,26.673367,-81.8050215,a2:05:d6:e9:77:a5,-74,2437,6,Bermuda Guest WIFI,Unknown
2025-10-09T16:49:18.715914+00:00,26.673367,-81.8050215,28:70:4e:dd:d0:4a,-69,5240,49,Bermuda,pole 13 SW
2025-10-09T16:49:18.715914+00:00,26.673367,-81.8050215,2e:70:4e:dd:d0:4a,-61,5240,49,Bermuda Guest WIFI,pole 13 SW
2025-10-09T16:49:18.715914+00:00,26.673367,-81.8050215,02:55:31:30:b7:73,-83,5180,37,Moore_Rv5GHz,Unknown
2025-10-09T16:49:18.715914+00:00,26.673367,-81.8050215,2e:70:4e:d0:88:a8,-85,2412,1,Bermuda Guest WIFI,pole 04
2025-10-09T16:49:18.715914+00:00,26.673367,-81.8050215,28:70:4e:d0:88:21,-74,2412,1,Bermuda,pole 14
2025-10-09T16:49:18.715914+00:00,26.673367,-81.8050215,2e:70:4e:d0:88:21,-75,2412,1,Bermuda Guest WIFI,pole 14
2025-10-09T16:49:18.715914+00:00,26.673367,-81.8050215,02:fe:5d:b4:12:4e,-73,2437,6,Pvt.WFR_Denali.2489,Unknown
2025-10-09T16:49:18.715914+00:00,26.673367,-81.8050215,28:70:4e:d0:89:14,-79,2437,6,Bermuda,pole 21
2025-10-09T16:49:18.715914+00:00,26.673367,-81.8050215,28:70:4e:d0:89:15,-83,5180,37,Bermuda,pole 21
2025-10-09T16:49:18.715914+00:00,26.673367,-81.8050215,28:70:4e:d0:86:c3,-78,5180,37,Bermuda,pole 12 W
2025-10-09T16:49:18.715914+00:00,26.673367,-81.8050215,60:22:32:16:1e:32,-84,2437,6,Bermuda,laundry1
2025-10-09T16:49:18.715914+00:00,26.673367,-81.8050215,28:70:4e:d2:92:aa,-72,2437,6,Bermuda,pole 12 N
2025-10-09T16:49:18.715914+00:00,26.673367,-81.8050215,2e:70:4e:d2:92:aa,-71,2437,6,Bermuda Guest WIFI,pole 12 N
2025-10-09T16:49:18.715914+00:00,26.673367,-81.8050215,62:22:32:16:1e:32,-82,2437,6,Bermuda Guest WIFI,laundry1
2025-10-09T16:49:18.715914+00:00,26.673367,-81.8050215,02:55:31:30:b7:72,-80,2452,9,Moore_RV,Unknown
2025-10-09T16:49:18.715914+00:00,26.673367,-81.8050215,06:55:31:30:b7:72,-79,2452,9,Newmar2674,Unknown
2025-10-09T16:49:18.715914+00:00,26.673367,-81.8050215,28:70:4e:d0:87:4f,-74,2462,11,Bermuda,pole 13 E
2025-10-09T16:49:18.715914+00:00,26.673367,-81.8050215,2e:70:4e:d0:87:4f,-75,2462,11,Bermuda Guest WIFI,pole 13 E
2025-10-09T16:50:01.112892+00:00,26.673242166666668,-81.80510383333333,28:70:4e:dd:d0:4a,-61,5240,49,Bermuda,pole 13 SW
2025-10-09T16:50:01.112892+00:00,26.673242166666668,-81.80510383333333,2e:70:4e:d0:89:0b,-84,2412,1,Bermuda Guest WIFI,pole 10
2025-10-09T16:50:01.112892+00:00,26.673242166666668,-81.80510383333333,2e:70:4e:d0:88:f9,-73,2412,1,Bermuda Guest WIFI,pole 11
2025-10-09T16:50:01.112892+00:00,26.673242166666668,-81.80510383333333,02:fe:5d:b4:12:4e,-84,2412,1,Pvt.WFR_Denali.2489,Unknown
2025-10-09T16:50:01.112892+00:00,26.673242166666668,-81.80510383333333,28:70:4e:dd:d0:49,-59,2437,6,Bermuda,pole 13 SW
2025-10-09T16:50:01.112892+00:00,26.673242166666668,-81.80510383333333,9c:05:d6:e9:77:a5,-72,2437,6,Bermuda,Unknown
2025-10-09T16:50:01.112892+00:00,26.673242166666668,-81.80510383333333,2e:70:4e:dd:d0:49,-58,2437,6,Bermuda Guest WIFI,pole 13 SW
2025-10-09T16:50:01.112892+00:00,26.673242166666668,-81.80510383333333,a2:05:d6:e9:77:a5,-72,2437,6,Bermuda Guest WIFI,Unknown
2025-10-09T16:50:01.112892+00:00,26.673242166666668,-81.80510383333333,02:55:31:30:b7:72,-69,2452,9,Moore_RV,Unknown
2025-10-09T16:50:01.112892+00:00,26.673242166666668,-81.80510383333333,06:55:31:30:b7:72,-69,2452,9,Newmar2674,Unknown
2025-10-09T16:50:01.112892+00:00,26.673242166666668,-81.80510383333333,60:22:32:16:1e:33,-86,5805,162,Bermuda,laundry1
2025-10-09T16:50:01.112892+00:00,26.673242166666668,-81.80510383333333,62:22:32:16:1e:33,-86,5805,162,Bermuda Guest WIFI,laundry1
2025-10-09T16:50:01.112892+00:00,26.673242166666668,-81.80510383333333,28:70:4e:d0:87:50,-65,5745,150,Bermuda,pole 13 E
2025-10-09T16:50:01.112892+00:00,26.673242166666668,-81.80510383333333,2e:70:4e:d0:87:50,-65,5745,150,Bermuda Guest WIFI,pole 13 E
2025-10-09T16:50:01.112892+00:00,26.673242166666668,-81.80510383333333,28:70:4e:d0:89:0c,-81,5220,45,Bermuda,pole 10
2025-10-09T16:50:01.112892+00:00,26.673242166666668,-81.80510383333333,2e:70:4e:d0:89:0c,-80,5220,45,Bermuda Guest WIFI,pole 10
2025-10-09T16:50:01.112892+00:00,26.673242166666668,-81.80510383333333,9c:05:d6:e9:77:a6,-72,5200,41,Bermuda,Unknown
2025-10-09T16:50:01.112892+00:00,26.673242166666668,-81.80510383333333,a2:05:d6:e9:77:a6,-72,5200,41,Bermuda Guest WIFI,Unknown
2025-10-09T16:50:01.112892+00:00,26.673242166666668,-81.80510383333333,02:55:31:30:b7:73,-81,5180,37,Moore_Rv5GHz,Unknown
2025-10-09T16:50:43.363433+00:00,26.6732865,-81.80526683333333,28:70:4e:dd:d0:4a,-53,5240,49,Bermuda,pole 13 SW
2025-10-09T16:50:43.363433+00:00,26.6732865,-81.80526683333333,2e:70:4e:d0:89:0b,-73,2412,1,Bermuda Guest WIFI,pole 10
2025-10-09T16:50:43.363433+00:00,26.6732865,-81.80526683333333,9c:05:d6:e9:77:a5,-80,2437,6,Bermuda,Unknown
2025-10-09T16:50:43.363433+00:00,26.6732865,-81.80526683333333,28:70:4e:dd:d0:49,-67,2437,6,Bermuda,pole 13 SW
2025-10-09T16:50:43.363433+00:00,26.6732865,-81.80526683333333,a2:05:d6:e9:77:a5,-69,2437,6,Bermuda Guest WIFI,Unknown
2025-10-09T16:50:43.363433+00:00,26.6732865,-81.80526683333333,2e:70:4e:dd:d0:49,-68,2437,6,Bermuda Guest WIFI,pole 13 SW
2025-10-09T16:50:43.363433+00:00,26.6732865,-81.80526683333333,28:70:4e:d0:86:c2,-67,2437,6,Bermuda,pole 12 W
2025-10-09T16:50:43.363433+00:00,26.6732865,-81.80526683333333,28:70:4e:d2:92:aa,-62,2437,6,Bermuda,pole 12 N
2025-10-09T16:50:43.363433+00:00,26.6732865,-81.80526683333333,2e:70:4e:d2:92:aa,-67,2437,6,Bermuda Guest WIFI,pole 12 N
2025-10-09T16:50:43.363433+00:00,26.6732865,-81.80526683333333,2e:70:4e:d0:86:c2,-68,2437,6,Bermuda Guest WIFI,pole 12 W
2025-10-09T16:50:43.363433+00:00,26.6732865,-81.80526683333333,02:55:31:30:b7:72,-78,2452,9,Moore_RV,Unknown
2025-10-09T16:50:43.363433+00:00,26.6732865,-81.80526683333333,28:70:4e:d0:87:4f,-76,2462,11,Bermuda,pole 13 E
2025-10-09T16:50:43.363433+00:00,26.6732865,-81.80526683333333,2e:70:4e:d0:87:4f,-77,2462,11,Bermuda Guest WIFI,pole 13 E
2025-10-09T16:50:43.363433+00:00,26.6732865,-81.80526683333333,2e:70:4e:dd:d0:4a,-53,5240,49,Bermuda Guest WIFI,pole 13 SW
2025-10-09T16:50:43.363433+00:00,26.6732865,-81.80526683333333,28:70:4e:d2:92:ab,-63,5745,150,Bermuda,pole 12 N
2025-10-09T16:50:43.363433+00:00,26.6732865,-81.80526683333333,2e:70:4e:d2:92:ab,-63,5745,150,Bermuda Guest WIFI,pole 12 N
2025-10-09T16:50:43.363433+00:00,26.6732865,-81.80526683333333,28:70:4e:d0:88:22,-74,5765,154,Bermuda,pole 14
2025-10-09T16:50:43.363433+00:00,26.6732865,-81.80526683333333,2e:70:4e:d0:88:22,-74,5765,154,Bermuda Guest WIFI,pole 14
2025-10-09T16:51:26.671181+00:00,26.673433166666666,-81.80527333333333,28:70:4e:dd:d0:4a,-54,5240,49,Bermuda,pole 13 SW
2025-10-09T16:51:26.671181+00:00,26.673433166666666,-81.80527333333333,9c:05:d6:e9:77:a5,-67,2437,6,Bermuda,Unknown
2025-10-09T16:51:26.671181+00:00,26.673433166666666,-81.80527333333333,28:70:4e:dd:d0:49,-54,2437,6,Bermuda,pole 13 SW
2025-10-09T16:51:26.671181+00:00,26.673433166666666,-81.80527333333333,a2:05:d6:e9:77:a5,-67,2437,6,Bermuda Guest WIFI,Unknown
2025-10-09T16:51:26.671181+00:00,26.673433166666666,-81.80527333333333,2e:70:4e:dd:d0:49,-54,2437,6,Bermuda Guest WIFI,pole 13 SW
2025-10-09T16:51:26.671181+00:00,26.673433166666666,-81.80527333333333,28:70:4e:d2:92:aa,-75,2437,6,Bermuda,pole 12 N
2025-10-09T16:51:26.671181+00:00,26.673433166666666,-81.80527333333333,02:fe:5d:b4:12:4e,-80,2437,6,Pvt.WFR_Denali.2489,Unknown
2025-10-09T16:51:26.671181+00:00,26.673433166666666,-81.80527333333333,02:55:31:30:b7:72,-67,2452,9,Moore_RV,Unknown
2025-10-09T16:51:26.671181+00:00,26.673433166666666,-81.80527333333333,06:55:31:30:b7:72,-67,2452,9,Newmar2674,Unknown
2025-10-09T16:51:26.671181+00:00,26.673433166666666,-81.80527333333333,28:70:4e:d0:87:4f,-53,2462,11,Bermuda,pole 13 E
2025-10-09T16:51:26.671181+00:00,26.673433166666666,-81.80527333333333,2e:70:4e:d0:87:4f,-53,2462,11,Bermuda Guest WIFI,pole 13 E
2025-10-09T16:51:26.671181+00:00,26.673433166666666,-81.80527333333333,2e:70:4e:dd:d0:4a,-54,5240,49,Bermuda Guest WIFI,pole 13 SW
2025-10-09T16:51:26.671181+00:00,26.673433166666666,-81.80527333333333,28:70:4e:d0:87:50,-52,5745,150,Bermuda,pole 13 E
2025-10-09T16:51:26.671181+00:00,26.673433166666666,-81.80527333333333,2e:70:4e:d0:87:50,-52,5745,150,Bermuda Guest WIFI,pole 13 E
2025-10-09T16:51:26.671181+00:00,26.673433166666666,-81.80527333333333,28:70:4e:d2:92:ab,-74,5745,150,Bermuda,pole 12 N
2025-10-09T16:51:26.671181+00:00,26.673433166666666,-81.80527333333333,2e:70:4e:d2:92:ab,-74,5745,150,Bermuda Guest WIFI,pole 12 N
2025-10-09T16:51:26.671181+00:00,26.673433166666666,-81.80527333333333,9e:05:d6:96:11:ff,-90,5805,162,Bermuda Guest WIFI,inside3
2025-10-09T16:51:26.671181+00:00,26.673433166666666,-81.80527333333333,9c:05:d6:d6:11:ff,-89,5805,162,Bermuda,inside3
2025-10-09T16:51:26.671181+00:00,26.673433166666666,-81.80527333333333,9c:05:d6:e9:77:a6,-71,5200,41,Bermuda,Unknown
2025-10-09T16:51:26.671181+00:00,26.673433166666666,-81.80527333333333,a2:05:d6:e9:77:a6,-72,5200,41,Bermuda Guest WIFI,Unknown
2025-10-09T16:52:09.776514+00:00,26.673588,-81.80525766666666,28:70:4e:dd:d0:4a,-59,5240,49,Bermuda,pole 13 SW
2025-10-09T16:52:09.776514+00:00,26.673588,-81.80525766666666,2e:70:4e:d0:88:f9,-62,2412,1,Bermuda Guest WIFI,pole 11
2025-10-09T16:52:09.776514+00:00,26.673588,-81.80525766666666,28:70:4e:d0:88:f9,-62,2412,1,Bermuda,pole 11
2025-10-09T16:52:09.776514+00:00,26.673588,-81.80525766666666,02:fe:5d:b4:12:4e,-72,2437,6,Pvt.WFR_Denali.2489,Unknown
2025-10-09T16:52:09.776514+00:00,26.673588,-81.80525766666666,9c:05:d6:e9:77:a5,-82,2437,6,Bermuda,Unknown
2025-10-09T16:52:09.776514+00:00,26.673588,-81.80525766666666,a2:05:d6:e9:77:a5,-81,2437,6,Bermuda Guest WIFI,Unknown
2025-10-09T16:52:09.776514+00:00,26.673588,-81.80525766666666,2e:70:4e:d2:92:aa,-80,2437,6,Bermuda Guest WIFI,pole 12 N
2025-10-09T16:52:09.776514+00:00,26.673588,-81.80525766666666,28:70:4e:dd:d0:49,-70,2437,6,Bermuda,pole 13 SW
2025-10-09T16:52:09.776514+00:00,26.673588,-81.80525766666666,2e:70:4e:dd:d0:49,-72,2437,6,Bermuda Guest WIFI,pole 13 SW
2025-10-09T16:52:09.776514+00:00,26.673588,-81.80525766666666,02:55:31:30:b7:72,-69,2452,9,Moore_RV,Unknown
2025-10-09T16:52:09.776514+00:00,26.673588,-81.80525766666666,06:55:31:30:b7:72,-70,2452,9,Newmar2674,Unknown
2025-10-09T16:52:09.776514+00:00,26.673588,-81.80525766666666,2e:70:4e:d0:87:4f,-62,2462,11,Bermuda Guest WIFI,pole 13 E
2025-10-09T16:52:09.776514+00:00,26.673588,-81.80525766666666,28:70:4e:d0:87:4f,-61,2462,11,Bermuda,pole 13 E
2025-10-09T16:52:52.724332+00:00,26.673679333333332,-81.80518783333333,28:70:4e:dd:d0:4a,-60,5240,49,Bermuda,pole 13 SW
2025-10-09T16:52:52.724332+00:00,26.673679333333332,-81.80518783333333,2e:70:4e:d0:88:f9,-72,2412,1,Bermuda Guest WIFI,pole 11
2025-10-09T16:52:52.724332+00:00,26.673679333333332,-81.80518783333333,28:70:4e:d0:86:c2,-66,2437,6,Bermuda,pole 12 W
2025-10-09T16:52:52.724332+00:00,26.673679333333332,-81.80518783333333,02:fe:5d:b4:12:4e,-78,2437,6,Pvt.WFR_Denali.2489,Unknown
2025-10-09T16:52:52.724332+00:00,26.673679333333332,-81.80518783333333,9c:05:d6:e9:77:a5,-77,2437,6,Bermuda,Unknown
2025-10-09T16:52:52.724332+00:00,26.673679333333332,-81.80518783333333,28:70:4e:d2:92:aa,-68,2437,6,Bermuda,pole 12 N
2025-10-09T16:52:52.724332+00:00,26.673679333333332,-81.80518783333333,2e:70:4e:d0:86:c2,-66,2437,6,Bermuda Guest WIFI,pole 12 W
2025-10-09T16:52:52.724332+00:00,26.673679333333332,-81.80518783333333,2e:70:4e:d2:92:aa,-67,2437,6,Bermuda Guest WIFI,pole 12 N
2025-10-09T16:52:52.724332+00:00,26.673679333333332,-81.80518783333333,a2:05:d6:e9:77:a5,-81,2437,6,Bermuda Guest WIFI,Unknown
2025-10-09T16:52:52.724332+00:00,26.673679333333332,-81.80518783333333,28:70:4e:dd:d0:49,-70,2437,6,Bermuda,pole 13 SW
2025-10-09T16:52:52.724332+00:00,26.673679333333332,-81.80518783333333,2e:70:4e:dd:d0:49,-62,2437,6,Bermuda Guest WIFI,pole 13 SW
2025-10-09T16:52:52.724332+00:00,26.673679333333332,-81.80518783333333,02:55:31:30:b7:72,-73,2452,9,Moore_RV,Unknown
2025-10-09T16:52:52.724332+00:00,26.673679333333332,-81.80518783333333,06:55:31:30:b7:72,-74,2452,9,Newmar2674,Unknown
2025-10-09T16:52:52.724332+00:00,26.673679333333332,-81.80518783333333,28:70:4e:d0:87:4f,-62,2462,11,Bermuda,pole 13 E
2025-10-09T16:52:52.724332+00:00,26.673679333333332,-81.80518783333333,2e:70:4e:d0:87:4f,-61,2462,11,Bermuda Guest WIFI,pole 13 E
2025-10-09T16:52:52.724332+00:00,26.673679333333332,-81.80518783333333,28:70:4e:d0:89:02,-86,2462,11,Bermuda,pole 17
2025-10-09T16:52:52.724332+00:00,26.673679333333332,-81.80518783333333,2e:70:4e:dd:d0:4a,-60,5240,49,Bermuda Guest WIFI,pole 13 SW
2025-10-09T16:52:52.724332+00:00,26.673679333333332,-81.80518783333333,28:70:4e:d0:89:03,-86,5765,154,Bermuda,pole 17
2025-10-09T16:52:52.724332+00:00,26.673679333333332,-81.80518783333333,2e:70:4e:d0:89:03,-86,5765,154,Bermuda Guest WIFI,pole 17
2025-10-09T16:52:52.724332+00:00,26.673679333333332,-81.80518783333333,28:70:4e:d0:87:50,-61,5745,150,Bermuda,pole 13 E
2025-10-09T16:52:52.724332+00:00,26.673679333333332,-81.80518783333333,2e:70:4e:d0:87:50,-61,5745,150,Bermuda Guest WIFI,pole 13 E
2025-10-09T16:52:52.724332+00:00,26.673679333333332,-81.80518783333333,9c:05:d6:e9:77:a6,-80,5200,41,Bermuda,Unknown
2025-10-09T16:52:52.724332+00:00,26.673679333333332,-81.80518783333333,a2:05:d6:e9:77:a6,-80,5200,41,Bermuda Guest WIFI,Unknown
2025-10-09T16:52:52.724332+00:00,26.673679333333332,-81.80518783333333,02:55:31:30:b7:73,-80,5180,37,Moore_Rv5GHz,Unknown
2025-10-09T16:53:35.844149+00:00,26.673712666666667,-81.80508883333333,28:70:4e:dd:d0:4a,-61,5240,49,Bermuda,pole 13 SW
2025-10-09T16:53:35.844149+00:00,26.673712666666667,-81.80508883333333,28:70:4e:d0:88:f9,-81,2412,1,Bermuda,pole 11
2025-10-09T16:53:35.844149+00:00,26.673712666666667,-81.80508883333333,28:70:4e:dd:d0:49,-60,2437,6,Bermuda,pole 13 SW
2025-10-09T16:53:35.844149+00:00,26.673712666666667,-81.80508883333333,9c:05:d6:e9:77:a5,-77,2437,6,Bermuda,Unknown
2025-10-09T16:53:35.844149+00:00,26.673712666666667,-81.80508883333333,2e:70:4e:dd:d0:49,-59,2437,6,Bermuda Guest WIFI,pole 13 SW
2025-10-09T16:53:35.844149+00:00,26.673712666666667,-81.80508883333333,a2:05:d6:e9:77:a5,-79,2437,6,Bermuda Guest WIFI,Unknown
2025-10-09T16:53:35.844149+00:00,26.673712666666667,-81.80508883333333,28:70:4e:d2:92:aa,-81,2437,6,Bermuda,pole 12 N
2025-10-09T16:53:35.844149+00:00,26.673712666666667,-81.80508883333333,2e:70:4e:d2:92:aa,-81,2437,6,Bermuda Guest WIFI,pole 12 N
2025-10-09T16:53:35.844149+00:00,26.673712666666667,-81.80508883333333,02:55:31:30:b7:72,-59,2452,9,Moore_RV,Unknown
2025-10-09T16:53:35.844149+00:00,26.673712666666667,-81.80508883333333,06:55:31:30:b7:72,-60,2452,9,Newmar2674,Unknown
2025-10-09T16:53:35.844149+00:00,26.673712666666667,-81.80508883333333,28:70:4e:d0:87:4f,-70,2462,11,Bermuda,pole 13 E
2025-10-09T16:53:35.844149+00:00,26.673712666666667,-81.80508883333333,2e:70:4e:d0:87:4f,-72,2462,11,Bermuda Guest WIFI,pole 13 E
2025-10-09T16:53:35.844149+00:00,26.673712666666667,-81.80508883333333,2e:70:4e:dd:d0:4a,-57,5240,49,Bermuda Guest WIFI,pole 13 SW
2025-10-09T16:53:35.844149+00:00,26.673712666666667,-81.80508883333333,2e:70:4e:d0:88:22,-76,5765,154,Bermuda Guest WIFI,pole 14
2025-10-09T16:53:35.844149+00:00,26.673712666666667,-81.80508883333333,28:70:4e:d2:92:ab,-72,5745,150,Bermuda,pole 12 N
2025-10-09T16:53:35.844149+00:00,26.673712666666667,-81.80508883333333,2e:70:4e:d2:92:ab,-72,5745,150,Bermuda Guest WIFI,pole 12 N
2025-10-09T16:53:35.844149+00:00,26.673712666666667,-81.80508883333333,02:55:31:30:b7:73,-66,5180,37,Moore_Rv5GHz,Unknown
2025-10-09T16:54:18.676889+00:00,26.673583666666666,-81.80514366666667,28:70:4e:dd:d0:4a,-52,5240,49,Bermuda,pole 13 SW
2025-10-09T16:54:18.676889+00:00,26.673583666666666,-81.80514366666667,2e:70:4e:d0:88:21,-76,2412,1,Bermuda Guest WIFI,pole 14
2025-10-09T16:54:18.676889+00:00,26.673583666666666,-81.80514366666667,28:70:4e:d2:c9:b0,-83,2437,6,Bermuda,pole 15 NW
2025-10-09T16:54:18.676889+00:00,26.673583666666666,-81.80514366666667,2e:70:4e:d2:c9:b0,-83,2437,6,Bermuda Guest WIFI,pole 15 NW
2025-10-09T16:54:18.676889+00:00,26.673583666666666,-81.80514366666667,28:70:4e:d2:92:aa,-75,2437,6,Bermuda,pole 12 N
2025-10-09T16:54:18.676889+00:00,26.673583666666666,-81.80514366666667,28:70:4e:dd:d0:49,-68,2437,6,Bermuda,pole 13 SW
2025-10-09T16:54:18.676889+00:00,26.673583666666666,-81.80514366666667,02:55:31:30:b7:72,-64,2452,9,Moore_RV,Unknown
2025-10-09T16:54:18.676889+00:00,26.673583666666666,-81.80514366666667,06:55:31:30:b7:72,-63,2452,9,Newmar2674,Unknown
2025-10-09T16:54:18.676889+00:00,26.673583666666666,-81.80514366666667,28:70:4e:d0:87:4f,-58,2462,11,Bermuda,pole 13 E
2025-10-09T16:54:18.676889+00:00,26.673583666666666,-81.80514366666667,2e:70:4e:d0:87:4f,-58,2462,11,Bermuda Guest WIFI,pole 13 E
2025-10-09T16:54:18.676889+00:00,26.673583666666666,-81.80514366666667,2e:70:4e:dd:d0:4a,-52,5240,49,Bermuda Guest WIFI,pole 13 SW
2025-10-09T16:54:18.676889+00:00,26.673583666666666,-81.80514366666667,28:70:4e:d0:87:50,-62,5745,150,Bermuda,pole 13 E
2025-10-09T16:54:18.676889+00:00,26.673583666666666,-81.80514366666667,2e:70:4e:d0:87:50,-62,5745,150,Bermuda Guest WIFI,pole 13 E
2025-10-09T16:54:18.676889+00:00,26.673583666666666,-81.80514366666667,2e:70:4e:d0:86:c3,-78,5180,37,Bermuda Guest WIFI,pole 12 W
2025-10-09T16:54:18.676889+00:00,26.673583666666666,-81.80514366666667,2e:70:4e:d0:89:0c,-67,5220,45,Bermuda Guest WIFI,pole 10
2025-10-09T16:55:02.081460+00:00,26.6734665,-81.80521066666667,28:70:4e:dd:d0:4a,-45,5240,49,Bermuda,pole 13 SW
2025-10-09T16:55:02.081460+00:00,26.6734665,-81.80521066666667,28:70:4e:d0:88:21,-75,2412,1,Bermuda,pole 14
2025-10-09T16:55:02.081460+00:00,26.6734665,-81.80521066666667,2e:70:4e:d0:88:21,-76,2412,1,Bermuda Guest WIFI,pole 14
2025-10-09T16:55:02.081460+00:00,26.6734665,-81.80521066666667,28:70:4e:d3:d6:28,-80,2412,1,Bermuda,pole 18 W
2025-10-09T16:55:02.081460+00:00,26.6734665,-81.80521066666667,2e:70:4e:d3:d6:28,-80,2412,1,Bermuda Guest WIFI,pole 18 W
2025-10-09T16:55:02.081460+00:00,26.6734665,-81.80521066666667,28:70:4e:d0:86:c2,-68,2437,6,Bermuda,pole 12 W
2025-10-09T16:55:02.081460+00:00,26.6734665,-81.80521066666667,28:70:4e:dd:d0:49,-62,2437,6,Bermuda,pole 13 SW
2025-10-09T16:55:02.081460+00:00,26.6734665,-81.80521066666667,2e:70:4e:dd:d0:49,-62,2437,6,Bermuda Guest WIFI,pole 13 SW
2025-10-09T16:55:02.081460+00:00,26.6734665,-81.80521066666667,2e:70:4e:d0:86:c2,-68,2437,6,Bermuda Guest WIFI,pole 12 W
2025-10-09T16:55:02.081460+00:00,26.6734665,-81.80521066666667,28:70:4e:d2:c9:b0,-83,2437,6,Bermuda,pole 15 NW
2025-10-09T16:55:02.081460+00:00,26.6734665,-81.80521066666667,2e:70:4e:d2:c9:b0,-83,2437,6,Bermuda Guest WIFI,pole 15 NW
2025-10-09T16:55:02.081460+00:00,26.6734665,-81.80521066666667,02:55:31:30:b7:72,-80,2452,9,Moore_RV,Unknown
2025-10-09T16:55:02.081460+00:00,26.6734665,-81.80521066666667,06:55:31:30:b7:72,-79,2452,9,Newmar2674,Unknown
2025-10-09T16:55:02.081460+00:00,26.6734665,-81.80521066666667,28:70:4e:d0:87:4f,-57,2462,11,Bermuda,pole 13 E
2025-10-09T16:55:02.081460+00:00,26.6734665,-81.80521066666667,2e:70:4e:d0:87:4f,-56,2462,11,Bermuda Guest WIFI,pole 13 E
2025-10-09T16:55:02.081460+00:00,26.6734665,-81.80521066666667,2e:70:4e:dd:d0:4a,-45,5240,49,Bermuda Guest WIFI,pole 13 SW
2025-10-09T16:55:02.081460+00:00,26.6734665,-81.80521066666667,28:70:4e:d0:87:50,-57,5745,150,Bermuda,pole 13 E
2025-10-09T16:55:02.081460+00:00,26.6734665,-81.80521066666667,2e:70:4e:d0:87:50,-57,5745,150,Bermuda Guest WIFI,pole 13 E
2025-10-09T16:55:02.081460+00:00,26.6734665,-81.80521066666667,28:70:4e:d0:88:fa,-78,5765,154,Bermuda,pole 11
2025-10-09T16:55:02.081460+00:00,26.6734665,-81.80521066666667,2e:70:4e:d0:88:fa,-78,5765,154,Bermuda Guest WIFI,pole 11
2025-10-09T16:55:44.720774+00:00,26.673332666666667,-81.80528866666667,28:70:4e:dd:d0:4a,-55,5240,49,Bermuda,pole 13 SW
2025-10-09T16:55:44.720774+00:00,26.673332666666667,-81.80528866666667,28:70:4e:d0:88:21,-81,2412,1,Bermuda,pole 14
2025-10-09T16:55:44.720774+00:00,26.673332666666667,-81.80528866666667,28:70:4e:d3:d6:28,-82,2412,1,Bermuda,pole 18 W
2025-10-09T16:55:44.720774+00:00,26.673332666666667,-81.80528866666667,2e:70:4e:d3:d6:28,-81,2412,1,Bermuda Guest WIFI,pole 18 W
2025-10-09T16:55:44.720774+00:00,26.673332666666667,-81.80528866666667,9c:05:d6:e9:77:a5,-83,2437,6,Bermuda,Unknown
2025-10-09T16:55:44.720774+00:00,26.673332666666667,-81.80528866666667,28:70:4e:d0:86:c2,-62,2437,6,Bermuda,pole 12 W
2025-10-09T16:55:44.720774+00:00,26.673332666666667,-81.80528866666667,28:70:4e:dd:d0:49,-67,2437,6,Bermuda,pole 13 SW
2025-10-09T16:55:44.720774+00:00,26.673332666666667,-81.80528866666667,a2:05:d6:e9:77:a5,-82,2437,6,Bermuda Guest WIFI,Unknown
2025-10-09T16:55:44.720774+00:00,26.673332666666667,-81.80528866666667,2e:70:4e:dd:d0:49,-65,2437,6,Bermuda Guest WIFI,pole 13 SW
2025-10-09T16:55:44.720774+00:00,26.673332666666667,-81.80528866666667,2e:70:4e:d2:92:aa,-64,2437,6,Bermuda Guest WIFI,pole 12 N
2025-10-09T16:55:44.720774+00:00,26.673332666666667,-81.80528866666667,2e:70:4e:d0:86:c2,-62,2437,6,Bermuda Guest WIFI,pole 12 W
2025-10-09T16:55:44.720774+00:00,26.673332666666667,-81.80528866666667,28:70:4e:d2:92:aa,-65,2437,6,Bermuda,pole 12 N
2025-10-09T16:55:44.720774+00:00,26.673332666666667,-81.80528866666667,02:55:31:30:b7:72,-81,2452,9,Moore_RV,Unknown
2025-10-09T16:55:44.720774+00:00,26.673332666666667,-81.80528866666667,28:70:4e:d0:87:4f,-60,2462,11,Bermuda,pole 13 E
2025-10-09T16:55:44.720774+00:00,26.673332666666667,-81.80528866666667,2e:70:4e:d0:87:4f,-59,2462,11,Bermuda Guest WIFI,pole 13 E
2025-10-09T16:55:44.720774+00:00,26.673332666666667,-81.80528866666667,2e:70:4e:dd:d0:4a,-55,5240,49,Bermuda Guest WIFI,pole 13 SW
2025-10-09T16:55:44.720774+00:00,26.673332666666667,-81.80528866666667,28:70:4e:d0:88:fa,-71,5765,154,Bermuda,pole 11
2025-10-09T16:55:44.720774+00:00,26.673332666666667,-81.80528866666667,2e:70:4e:d0:88:fa,-71,5765,154,Bermuda Guest WIFI,pole 11
2025-10-09T16:55:44.720774+00:00,26.673332666666667,-81.80528866666667,28:70:4e:d0:88:22,-75,5765,154,Bermuda,pole 14
2025-10-09T16:55:44.720774+00:00,26.673332666666667,-81.80528866666667,2e:70:4e:d0:88:22,-75,5765,154,Bermuda Guest WIFI,pole 14
2025-10-09T16:55:44.720774+00:00,26.673332666666667,-81.80528866666667,28:70:4e:d0:87:50,-65,5745,150,Bermuda,pole 13 E
2025-10-09T16:55:44.720774+00:00,26.673332666666667,-81.80528866666667,2e:70:4e:d0:87:50,-64,5745,150,Bermuda Guest WIFI,pole 13 E
2025-10-09T16:55:44.720774+00:00,26.673332666666667,-81.80528866666667,28:70:4e:d2:92:ab,-70,5745,150,Bermuda,pole 12 N
2025-10-09T16:55:44.720774+00:00,26.673332666666667,-81.80528866666667,2e:70:4e:d2:92:ab,-70,5745,150,Bermuda Guest WIFI,pole 12 N
2025-10-09T16:55:44.720774+00:00,26.673332666666667,-81.80528866666667,9c:05:d6:e9:77:a6,-71,5200,41,Bermuda,Unknown
2025-10-09T16:55:44.720774+00:00,26.673332666666667,-81.80528866666667,a2:05:d6:e9:77:a6,-71,5200,41,Bermuda Guest WIFI,Unknown
2025-10-09T16:55:44.720774+00:00,26.673332666666667,-81.80528866666667,02:55:31:30:b7:73,-82,5180,37,Moore_Rv5GHz,Unknown
2025-10-09T16:56:27.981108+00:00,26.673405166666665,-81.80543383333334,28:70:4e:dd:d0:4a,-56,5240,49,Bermuda,pole 13 SW
2025-10-09T16:56:27.981108+00:00,26.673405166666665,-81.80543383333334,28:70:4e:d0:88:f9,-69,2412,1,Bermuda,pole 11
2025-10-09T16:56:27.981108+00:00,26.673405166666665,-81.80543383333334,2e:70:4e:d0:88:f9,-69,2412,1,Bermuda Guest WIFI,pole 11
2025-10-09T16:56:27.981108+00:00,26.673405166666665,-81.80543383333334,28:70:4e:d0:89:0b,-75,2412,1,Bermuda,pole 10
2025-10-09T16:56:27.981108+00:00,26.673405166666665,-81.80543383333334,9c:05:d6:e9:77:a5,-82,2437,6,Bermuda,Unknown
2025-10-09T16:56:27.981108+00:00,26.673405166666665,-81.80543383333334,02:fe:5d:b4:12:4e,-78,2437,6,Pvt.WFR_Denali.2489,Unknown
2025-10-09T16:56:27.981108+00:00,26.673405166666665,-81.80543383333334,a2:05:d6:e9:77:a5,-85,2437,6,Bermuda Guest WIFI,Unknown
2025-10-09T16:56:27.981108+00:00,26.673405166666665,-81.80543383333334,28:70:4e:d2:92:aa,-75,2437,6,Bermuda,pole 12 N
2025-10-09T16:56:27.981108+00:00,26.673405166666665,-81.80543383333334,2e:70:4e:d2:92:aa,-75,2437,6,Bermuda Guest WIFI,pole 12 N
2025-10-09T16:56:27.981108+00:00,26.673405166666665,-81.80543383333334,28:70:4e:dd:d0:49,-75,2437,6,Bermuda,pole 13 SW
2025-10-09T16:56:27.981108+00:00,26.673405166666665,-81.80543383333334,2e:70:4e:dd:d0:49,-76,2437,6,Bermuda Guest WIFI,pole 13 SW
2025-10-09T16:56:27.981108+00:00,26.673405166666665,-81.80543383333334,28:70:4e:d0:87:4f,-73,2462,11,Bermuda,pole 13 E
2025-10-09T16:56:27.981108+00:00,26.673405166666665,-81.80543383333334,2e:70:4e:d0:87:4f,-73,2462,11,Bermuda Guest WIFI,pole 13 E
2025-10-09T16:56:27.981108+00:00,26.673405166666665,-81.80543383333334,28:70:4e:d0:87:50,-72,5745,150,Bermuda,pole 13 E
2025-10-09T16:56:27.981108+00:00,26.673405166666665,-81.80543383333334,2e:70:4e:d0:87:50,-72,5745,150,Bermuda Guest WIFI,pole 13 E
2025-10-09T16:57:12.135097+00:00,26.6734205,-81.805542,28:70:4e:dd:d0:4a,-69,5240,49,Bermuda,pole 13 SW
2025-10-09T16:57:12.135097+00:00,26.6734205,-81.805542,28:70:4e:d0:88:f9,-68,2412,1,Bermuda,pole 11
2025-10-09T16:57:12.135097+00:00,26.6734205,-81.805542,2e:70:4e:d0:88:f9,-67,2412,1,Bermuda Guest WIFI,pole 11
2025-10-09T16:57:12.135097+00:00,26.6734205,-81.805542,02:fe:5d:b4:12:4e,-82,2437,6,Pvt.WFR_Denali.2489,Unknown
2025-10-09T16:57:12.135097+00:00,26.6734205,-81.805542,28:70:4e:d2:92:aa,-76,2437,6,Bermuda,pole 12 N
2025-10-09T16:57:12.135097+00:00,26.6734205,-81.805542,2e:70:4e:d2:92:aa,-76,2437,6,Bermuda Guest WIFI,pole 12 N
2025-10-09T16:57:12.135097+00:00,26.6734205,-81.805542,28:70:4e:d0:87:4f,-62,2462,11,Bermuda,pole 13 E
2025-10-09T16:57:12.135097+00:00,26.6734205,-81.805542,2e:70:4e:d0:87:4f,-61,2462,11,Bermuda Guest WIFI,pole 13 E
2025-10-09T16:57:12.135097+00:00,26.6734205,-81.805542,28:70:4e:d0:87:50,-66,5745,150,Bermuda,pole 13 E
2025-10-09T16:57:12.135097+00:00,26.6734205,-81.805542,2e:70:4e:d0:87:50,-62,5745,150,Bermuda Guest WIFI,pole 13 E
2025-10-09T16:57:12.135097+00:00,26.6734205,-81.805542,28:70:4e:d2:c9:b0,-84,2437,6,Bermuda,pole 15 NW
2025-10-09T16:57:12.135097+00:00,26.6734205,-81.805542,2e:70:4e:d0:88:f6,-90,2437,6,Bermuda Guest WIFI,Unknown
2025-10-09T16:57:12.135097+00:00,26.6734205,-81.805542,2e:70:4e:dd:d0:4a,-69,5240,49,Bermuda Guest WIFI,pole 13 SW
2025-10-09T16:57:12.135097+00:00,26.6734205,-81.805542,28:70:4e:d2:92:ab,-76,5745,150,Bermuda,pole 12 N
2025-10-09T16:57:12.135097+00:00,26.6734205,-81.805542,2e:70:4e:d2:92:ab,-77,5745,150,Bermuda Guest WIFI,pole 12 N
2025-10-09T16:57:12.135097+00:00,26.6734205,-81.805542,2e:70:4e:d2:c9:b0,-84,2437,6,Bermuda Guest WIFI,pole 15 NW
2025-10-09T16:57:12.135097+00:00,26.6734205,-81.805542,02:55:31:30:b7:72,-79,2452,9,Moore_RV,Unknown
2025-10-09T16:57:12.135097+00:00,26.6734205,-81.805542,06:55:31:30:b7:72,-80,2452,9,Newmar2674,Unknown
2025-10-09T16:57:56.620706+00:00,26.673379166666667,-81.805657,28:70:4e:d0:87:50,-68,5745,150,Bermuda,pole 13 E
2025-10-09T16:57:56.620706+00:00,26.673379166666667,-81.805657,28:70:4e:d0:88:f9,-63,2412,1,Bermuda,pole 11
2025-10-09T16:57:56.620706+00:00,26.673379166666667,-81.805657,2e:70:4e:d0:88:f9,-64,2412,1,Bermuda Guest WIFI,pole 11
2025-10-09T16:57:56.620706+00:00,26.673379166666667,-81.805657,28:70:4e:d0:86:c2,-74,2437,6,Bermuda,pole 12 W
2025-10-09T16:57:56.620706+00:00,26.673379166666667,-81.805657,2e:70:4e:d0:86:c2,-74,2437,6,Bermuda Guest WIFI,pole 12 W
2025-10-09T16:57:56.620706+00:00,26.673379166666667,-81.805657,06:55:31:30:b7:72,-86,2452,9,Newmar2674,Unknown
2025-10-09T16:57:56.620706+00:00,26.673379166666667,-81.805657,28:70:4e:d2:c9:b1,-79,5220,45,Bermuda,pole 15 NW
2025-10-09T16:57:56.620706+00:00,26.673379166666667,-81.805657,2e:70:4e:d2:c9:b1,-80,5220,45,Bermuda Guest WIFI,pole 15 NW
2025-10-09T16:57:56.620706+00:00,26.673379166666667,-81.805657,28:70:4e:d0:89:0c,-75,5220,45,Bermuda,pole 10
2025-10-09T16:57:56.620706+00:00,26.673379166666667,-81.805657,2e:70:4e:d0:89:0c,-75,5220,45,Bermuda Guest WIFI,pole 10
2025-10-09T16:58:39.967728+00:00,26.6733245,-81.80605383333334,28:70:4e:d0:88:fa,-66,5765,154,Bermuda,pole 11
2025-10-09T16:58:39.967728+00:00,26.6733245,-81.80605383333334,28:70:4e:d0:88:f9,-68,2412,1,Bermuda,pole 11
2025-10-09T16:58:39.967728+00:00,26.6733245,-81.80605383333334,2e:70:4e:d0:88:f9,-67,2412,1,Bermuda Guest WIFI,pole 11
2025-10-09T16:58:39.967728+00:00,26.6733245,-81.80605383333334,28:70:4e:d0:88:f6,-83,2437,6,Bermuda,Unknown
2025-10-09T16:58:39.967728+00:00,26.6733245,-81.80605383333334,2e:70:4e:d0:88:fa,-66,5765,154,Bermuda Guest WIFI,pole 11
2025-10-09T16:59:23.203494+00:00,26.673295,-81.806035,28:70:4e:d0:88:fa,-70,5765,154,Bermuda,pole 11
2025-10-09T16:59:23.203494+00:00,26.673295,-81.806035,28:70:4e:d0:88:f9,-68,2412,1,Bermuda,pole 11
2025-10-09T16:59:23.203494+00:00,26.673295,-81.806035,2e:70:4e:d0:88:f9,-68,2412,1,Bermuda Guest WIFI,pole 11
2025-10-09T17:00:06.968714+00:00,26.673243833333334,-81.8055015,28:70:4e:d0:88:fa,-62,5765,154,Bermuda,pole 11
2025-10-09T17:00:06.968714+00:00,26.673243833333334,-81.8055015,02:55:31:30:b7:72,-78,2452,9,Moore_RV,Unknown
2025-10-09T17:00:06.968714+00:00,26.673243833333334,-81.8055015,06:55:31:30:b7:72,-79,2452,9,Newmar2674,Unknown
2025-10-09T17:00:06.968714+00:00,26.673243833333334,-81.8055015,2e:70:4e:d0:87:5e,-82,2462,11,Bermuda Guest WIFI,pole 15 S
2025-10-09T17:00:06.968714+00:00,26.673243833333334,-81.8055015,28:70:4e:d0:86:c3,-70,5180,37,Bermuda,pole 12 W
2025-10-09T17:00:06.968714+00:00,26.673243833333334,-81.8055015,2e:70:4e:d0:86:c3,-70,5180,37,Bermuda Guest WIFI,pole 12 W
2025-10-09T17:09:11.173399+00:00,26.673029833333334,-81.80513483333333,28:70:4e:d0:86:c3,-60,5180,37,Bermuda,pole 12 W
2025-10-09T17:09:11.173399+00:00,26.673029833333334,-81.80513483333333,28:70:4e:d3:d6:28,-79,2412,1,Bermuda,pole 18 W
2025-10-09T17:09:11.173399+00:00,26.673029833333334,-81.80513483333333,2e:70:4e:d3:d6:28,-81,2412,1,Bermuda Guest WIFI,pole 18 W
2025-10-09T17:09:11.173399+00:00,26.673029833333334,-81.80513483333333,2e:70:4e:d0:89:0b,-79,2412,1,Bermuda Guest WIFI,pole 10
2025-10-09T17:09:11.173399+00:00,26.673029833333334,-81.80513483333333,28:70:4e:d0:88:f9,-65,2412,1,Bermuda,pole 11
2025-10-09T17:09:11.173399+00:00,26.673029833333334,-81.80513483333333,2e:70:4e:d0:88:f9,-66,2412,1,Bermuda Guest WIFI,pole 11
2025-10-09T17:09:11.173399+00:00,26.673029833333334,-81.80513483333333,2e:70:4e:d2:92:aa,-50,2437,6,Bermuda Guest WIFI,pole 12 N
2025-10-09T17:09:11.173399+00:00,26.673029833333334,-81.80513483333333,9c:05:d6:e9:77:a5,-84,2437,6,Bermuda,Unknown
2025-10-09T17:09:11.173399+00:00,26.673029833333334,-81.80513483333333,02:fe:5d:b4:12:4e,-76,2437,6,Pvt.WFR_Denali.2489,Unknown
2025-10-09T17:09:11.173399+00:00,26.673029833333334,-81.80513483333333,28:70:4e:d2:92:aa,-49,2437,6,Bermuda,pole 12 N
2025-10-09T17:09:11.173399+00:00,26.673029833333334,-81.80513483333333,28:70:4e:d0:86:c2,-59,2437,6,Bermuda,pole 12 W
2025-10-09T17:09:11.173399+00:00,26.673029833333334,-81.80513483333333,28:70:4e:d2:c9:b0,-78,2437,6,Bermuda,pole 15 NW
2025-10-09T17:09:11.173399+00:00,26.673029833333334,-81.80513483333333,a2:05:d6:e9:77:a5,-85,2437,6,Bermuda Guest WIFI,Unknown
2025-10-09T17:09:11.173399+00:00,26.673029833333334,-81.80513483333333,2e:70:4e:d2:c9:b0,-79,2437,6,Bermuda Guest WIFI,pole 15 NW
2025-10-09T17:09:11.173399+00:00,26.673029833333334,-81.80513483333333,2e:70:4e:d0:86:c2,-59,2437,6,Bermuda Guest WIFI,pole 12 W
2025-10-09T17:09:11.173399+00:00,26.673029833333334,-81.80513483333333,28:70:4e:d0:88:f6,-86,2437,6,Bermuda,Unknown
2025-10-09T17:09:11.173399+00:00,26.673029833333334,-81.80513483333333,2e:70:4e:d0:88:f6,-85,2437,6,Bermuda Guest WIFI,Unknown
2025-10-09T17:09:11.173399+00:00,26.673029833333334,-81.80513483333333,28:70:4e:dd:d0:49,-66,2437,6,Bermuda,pole 13 SW
2025-10-09T17:09:11.173399+00:00,26.673029833333334,-81.80513483333333,2e:70:4e:dd:d0:49,-67,2437,6,Bermuda Guest WIFI,pole 13 SW
2025-10-09T17:09:11.173399+00:00,26.673029833333334,-81.80513483333333,02:55:31:30:b7:72,-75,2452,9,Moore_RV,Unknown
2025-10-09T17:09:11.173399+00:00,26.673029833333334,-81.80513483333333,06:55:31:30:b7:72,-75,2452,9,Newmar2674,Unknown
2025-10-09T17:09:11.173399+00:00,26.673029833333334,-81.80513483333333,28:70:4e:d2:8b:2d,-80,2462,11,Bermuda,pole 02 N
2025-10-09T17:09:11.173399+00:00,26.673029833333334,-81.80513483333333,28:70:4e:d0:87:5e,-83,2462,11,Bermuda,pole 15 S
2025-10-09T17:09:11.173399+00:00,26.673029833333334,-81.80513483333333,2e:70:4e:d0:87:5e,-80,2462,11,Bermuda Guest WIFI,pole 15 S
2025-10-09T17:09:11.173399+00:00,26.673029833333334,-81.80513483333333,28:70:4e:d0:89:02,-83,2462,11,Bermuda,pole 17
2025-10-09T17:09:11.173399+00:00,26.673029833333334,-81.80513483333333,28:70:4e:d0:87:4f,-77,2462,11,Bermuda,pole 13 E
2025-10-09T17:09:11.173399+00:00,26.673029833333334,-81.80513483333333,2e:70:4e:d0:87:4f,-76,2462,11,Bermuda Guest WIFI,pole 13 E
2025-10-09T17:09:11.173399+00:00,26.673029833333334,-81.80513483333333,2e:70:4e:d0:86:c3,-60,5180,37,Bermuda Guest WIFI,pole 12 W
2025-10-09T17:09:11.173399+00:00,26.673029833333334,-81.80513483333333,02:55:31:30:b7:73,-79,5180,37,Moore_Rv5GHz,Unknown
2025-10-09T17:09:11.173399+00:00,26.673029833333334,-81.80513483333333,28:70:4e:d2:92:ab,-60,5745,150,Bermuda,pole 12 N
2025-10-09T17:09:11.173399+00:00,26.673029833333334,-81.80513483333333,2e:70:4e:d2:92:ab,-60,5745,150,Bermuda Guest WIFI,pole 12 N
2025-10-09T17:09:11.173399+00:00,26.673029833333334,-81.80513483333333,9c:05:d6:e9:77:a6,-80,5200,41,Bermuda,Unknown
2025-10-09T17:09:11.173399+00:00,26.673029833333334,-81.80513483333333,a2:05:d6:e9:77:a6,-79,5200,41,Bermuda Guest WIFI,Unknown
2025-10-09T17:09:55.801669+00:00,26.673056833333334,-81.80512033333333,28:70:4e:d0:86:c3,-52,5180,37,Bermuda,pole 12 W
2025-10-09T17:09:55.801669+00:00,26.673056833333334,-81.80512033333333,28:70:4e:d0:88:21,-66,2412,1,Bermuda,pole 14
2025-10-09T17:09:55.801669+00:00,26.673056833333334,-81.80512033333333,28:70:4e:d0:89:0b,-77,2412,1,Bermuda,pole 10
2025-10-09T17:09:55.801669+00:00,26.673056833333334,-81.80512033333333,2e:70:4e:d0:88:21,-66,2412,1,Bermuda Guest WIFI,pole 14
2025-10-09T17:09:55.801669+00:00,26.673056833333334,-81.80512033333333,2e:70:4e:d3:d6:28,-83,2412,1,Bermuda Guest WIFI,pole 18 W
2025-10-09T17:09:55.801669+00:00,26.673056833333334,-81.80512033333333,02:fe:5d:b4:12:4e,-73,2437,6,Pvt.WFR_Denali.2489,Unknown
2025-10-09T17:09:55.801669+00:00,26.673056833333334,-81.80512033333333,9c:05:d6:e9:77:a5,-70,2437,6,Bermuda,Unknown
2025-10-09T17:09:55.801669+00:00,26.673056833333334,-81.80512033333333,28:70:4e:d0:86:c2,-61,2437,6,Bermuda,pole 12 W
2025-10-09T17:09:55.801669+00:00,26.673056833333334,-81.80512033333333,a2:05:d6:e9:77:a5,-70,2437,6,Bermuda Guest WIFI,Unknown
2025-10-09T17:09:55.801669+00:00,26.673056833333334,-81.80512033333333,28:70:4e:d2:c9:b0,-83,2437,6,Bermuda,pole 15 NW
2025-10-09T17:09:55.801669+00:00,26.673056833333334,-81.80512033333333,2e:70:4e:d0:86:c2,-65,2437,6,Bermuda Guest WIFI,pole 12 W
2025-10-09T17:09:55.801669+00:00,26.673056833333334,-81.80512033333333,28:70:4e:d2:92:aa,-51,2437,6,Bermuda,pole 12 N
2025-10-09T17:09:55.801669+00:00,26.673056833333334,-81.80512033333333,2e:70:4e:d2:92:aa,-50,2437,6,Bermuda Guest WIFI,pole 12 N
2025-10-09T17:09:55.801669+00:00,26.673056833333334,-81.80512033333333,28:70:4e:d0:88:f6,-81,2437,6,Bermuda,Unknown
2025-10-09T17:09:55.801669+00:00,26.673056833333334,-81.80512033333333,2e:70:4e:d0:88:f6,-82,2437,6,Bermuda Guest WIFI,Unknown
2025-10-09T17:09:55.801669+00:00,26.673056833333334,-81.80512033333333,2e:70:4e:d0:89:14,-84,2437,6,Bermuda Guest WIFI,pole 21
2025-10-09T17:09:55.801669+00:00,26.673056833333334,-81.80512033333333,28:70:4e:dd:d0:49,-75,2437,6,Bermuda,pole 13 SW
2025-10-09T17:09:55.801669+00:00,26.673056833333334,-81.80512033333333,02:55:31:30:b7:72,-72,2452,9,Moore_RV,Unknown
2025-10-09T17:09:55.801669+00:00,26.673056833333334,-81.80512033333333,06:55:31:30:b7:72,-73,2452,9,Newmar2674,Unknown
2025-10-09T17:09:55.801669+00:00,26.673056833333334,-81.80512033333333,28:70:4e:d2:8b:2d,-77,2462,11,Bermuda,pole 02 N
2025-10-09T17:09:55.801669+00:00,26.673056833333334,-81.80512033333333,2e:70:4e:d2:8b:2d,-78,2462,11,Bermuda Guest WIFI,pole 02 N
2025-10-09T17:09:55.801669+00:00,26.673056833333334,-81.80512033333333,28:70:4e:d0:87:4f,-71,2462,11,Bermuda,pole 13 E
2025-10-09T17:09:55.801669+00:00,26.673056833333334,-81.80512033333333,2e:70:4e:d0:87:4f,-73,2462,11,Bermuda Guest WIFI,pole 13 E
2025-10-09T17:09:55.801669+00:00,26.673056833333334,-81.80512033333333,2e:70:4e:d0:86:c3,-52,5180,37,Bermuda Guest WIFI,pole 12 W
2025-10-09T17:09:55.801669+00:00,26.673056833333334,-81.80512033333333,28:70:4e:d2:92:ab,-64,5745,150,Bermuda,pole 12 N
2025-10-09T17:09:55.801669+00:00,26.673056833333334,-81.80512033333333,2e:70:4e:d2:92:ab,-63,5745,150,Bermuda Guest WIFI,pole 12 N
2025-10-09T17:09:55.801669+00:00,26.673056833333334,-81.80512033333333,a2:05:d6:e9:77:a6,-78,5200,41,Bermuda Guest WIFI,Unknown
2025-10-09T17:09:55.801669+00:00,26.673056833333334,-81.80512033333333,28:70:4e:d0:88:22,-79,5765,154,Bermuda,pole 14
2025-10-09T17:11:06.627446+00:00,26.672988833333335,-81.8051335,28:70:4e:d0:86:c3,-53,5180,37,Bermuda,pole 12 W
2025-10-09T17:11:06.627446+00:00,26.672988833333335,-81.8051335,28:70:4e:d0:88:21,-60,2412,1,Bermuda,pole 14
2025-10-09T17:11:06.627446+00:00,26.672988833333335,-81.8051335,2e:70:4e:d0:88:f9,-68,2412,1,Bermuda Guest WIFI,pole 11
2025-10-09T17:11:06.627446+00:00,26.672988833333335,-81.8051335,2e:70:4e:d0:88:21,-59,2412,1,Bermuda Guest WIFI,pole 14
2025-10-09T17:11:06.627446+00:00,26.672988833333335,-81.8051335,28:70:4e:d2:c9:b0,-81,2437,6,Bermuda,pole 15 NW
2025-10-09T17:11:06.627446+00:00,26.672988833333335,-81.8051335,28:70:4e:d0:86:c2,-62,2437,6,Bermuda,pole 12 W
2025-10-09T17:11:06.627446+00:00,26.672988833333335,-81.8051335,2e:70:4e:d2:c9:b0,-74,2437,6,Bermuda Guest WIFI,pole 15 NW
2025-10-09T17:11:06.627446+00:00,26.672988833333335,-81.8051335,2e:70:4e:d0:86:c2,-60,2437,6,Bermuda Guest WIFI,pole 12 W
2025-10-09T17:11:06.627446+00:00,26.672988833333335,-81.8051335,28:70:4e:d2:92:aa,-51,2437,6,Bermuda,pole 12 N
2025-10-09T17:11:06.627446+00:00,26.672988833333335,-81.8051335,a2:05:d6:e9:77:a5,-73,2437,6,Bermuda Guest WIFI,Unknown
2025-10-09T17:11:06.627446+00:00,26.672988833333335,-81.8051335,9c:05:d6:e9:77:a5,-74,2437,6,Bermuda,Unknown
2025-10-09T17:11:06.627446+00:00,26.672988833333335,-81.8051335,2e:70:4e:d2:92:aa,-50,2437,6,Bermuda Guest WIFI,pole 12 N
2025-10-09T17:11:06.627446+00:00,26.672988833333335,-81.8051335,28:70:4e:dd:d0:49,-71,2437,6,Bermuda,pole 13 SW
2025-10-09T17:11:06.627446+00:00,26.672988833333335,-81.8051335,2e:70:4e:dd:d0:49,-72,2437,6,Bermuda Guest WIFI,pole 13 SW
2025-10-09T17:11:06.627446+00:00,26.672988833333335,-81.8051335,02:fe:5d:b4:12:4e,-82,2437,6,Pvt.WFR_Denali.2489,Unknown
2025-10-09T17:11:06.627446+00:00,26.672988833333335,-81.8051335,02:55:31:30:b7:72,-80,2452,9,Moore_RV,Unknown
2025-10-09T17:11:06.627446+00:00,26.672988833333335,-81.8051335,06:55:31:30:b7:72,-80,2452,9,Newmar2674,Unknown
2025-10-09T17:11:06.627446+00:00,26.672988833333335,-81.8051335,2e:70:4e:d2:8b:2d,-82,2462,11,Bermuda Guest WIFI,pole 02 N
2025-10-09T17:11:06.627446+00:00,26.672988833333335,-81.8051335,28:70:4e:d0:87:4f,-72,2462,11,Bermuda,pole 13 E
2025-10-09T17:11:06.627446+00:00,26.672988833333335,-81.8051335,2e:70:4e:d0:87:4f,-69,2462,11,Bermuda Guest WIFI,pole 13 E
2025-10-09T17:11:06.627446+00:00,26.672988833333335,-81.8051335,28:70:4e:d0:87:5e,-79,2462,11,Bermuda,pole 15 S
2025-10-09T17:11:06.627446+00:00,26.672988833333335,-81.8051335,2e:70:4e:d0:86:c3,-53,5180,37,Bermuda Guest WIFI,pole 12 W
2025-10-09T17:11:06.627446+00:00,26.672988833333335,-81.8051335,28:70:4e:d0:88:22,-64,5765,154,Bermuda,pole 14
2025-10-09T17:11:06.627446+00:00,26.672988833333335,-81.8051335,2e:70:4e:d0:88:22,-65,5765,154,Bermuda Guest WIFI,pole 14
2025-10-09T17:11:06.627446+00:00,26.672988833333335,-81.8051335,28:70:4e:d2:92:ab,-53,5745,150,Bermuda,pole 12 N
2025-10-09T17:11:06.627446+00:00,26.672988833333335,-81.8051335,2e:70:4e:d2:92:ab,-53,5745,150,Bermuda Guest WIFI,pole 12 N
2025-10-09T17:11:50.935363+00:00,26.673032666666668,-81.80514433333333,28:70:4e:d0:86:c3,-54,5180,37,Bermuda,pole 12 W
2025-10-09T17:11:50.935363+00:00,26.673032666666668,-81.80514433333333,28:70:4e:d0:88:21,-60,2412,1,Bermuda,pole 14
2025-10-09T17:11:50.935363+00:00,26.673032666666668,-81.80514433333333,2e:70:4e:d0:88:21,-66,2412,1,Bermuda Guest WIFI,pole 14
2025-10-09T17:11:50.935363+00:00,26.673032666666668,-81.80514433333333,28:70:4e:d2:92:aa,-53,2437,6,Bermuda,pole 12 N
2025-10-09T17:11:50.935363+00:00,26.673032666666668,-81.80514433333333,28:70:4e:d0:86:c2,-66,2437,6,Bermuda,pole 12 W
2025-10-09T17:11:50.935363+00:00,26.673032666666668,-81.80514433333333,2e:70:4e:d2:92:aa,-53,2437,6,Bermuda Guest WIFI,pole 12 N
2025-10-09T17:11:50.935363+00:00,26.673032666666668,-81.80514433333333,02:fe:5d:b4:12:4e,-84,2437,6,Pvt.WFR_Denali.2489,Unknown
2025-10-09T17:11:50.935363+00:00,26.673032666666668,-81.80514433333333,28:70:4e:dd:d0:49,-74,2437,6,Bermuda,pole 13 SW
2025-10-09T17:11:50.935363+00:00,26.673032666666668,-81.80514433333333,a2:05:d6:e9:77:a5,-73,2437,6,Bermuda Guest WIFI,Unknown
2025-10-09T17:11:50.935363+00:00,26.673032666666668,-81.80514433333333,9c:05:d6:e9:77:a5,-73,2437,6,Bermuda,Unknown
2025-10-09T17:11:50.935363+00:00,26.673032666666668,-81.80514433333333,06:55:31:30:b7:72,-77,2452,9,Newmar2674,Unknown
2025-10-09T17:11:50.935363+00:00,26.673032666666668,-81.80514433333333,02:55:31:30:b7:72,-79,2452,9,Moore_RV,Unknown
2025-10-09T17:11:50.935363+00:00,26.673032666666668,-81.80514433333333,28:70:4e:d2:8b:2d,-79,2462,11,Bermuda,pole 02 N
2025-10-09T17:11:50.935363+00:00,26.673032666666668,-81.80514433333333,2e:70:4e:d2:8b:2d,-78,2462,11,Bermuda Guest WIFI,pole 02 N
2025-10-09T17:11:50.935363+00:00,26.673032666666668,-81.80514433333333,2e:70:4e:d0:86:c3,-54,5180,37,Bermuda Guest WIFI,pole 12 W
2025-10-09T17:11:50.935363+00:00,26.673032666666668,-81.80514433333333,28:70:4e:d2:92:ab,-63,5745,150,Bermuda,pole 12 N
2025-10-09T17:11:50.935363+00:00,26.673032666666668,-81.80514433333333,2e:70:4e:d2:92:ab,-63,5745,150,Bermuda Guest WIFI,pole 12 N
2025-10-09T17:11:50.935363+00:00,26.673032666666668,-81.80514433333333,9c:05:d6:e9:77:a6,-77,5200,41,Bermuda,Unknown
2025-10-09T17:11:50.935363+00:00,26.673032666666668,-81.80514433333333,a2:05:d6:e9:77:a6,-77,5200,41,Bermuda Guest WIFI,Unknown
2025-10-09T17:12:32.860024+00:00,26.673012,-81.80513716666667,28:70:4e:d0:86:c3,-52,5180,37,Bermuda,pole 12 W
2025-10-09T17:12:32.860024+00:00,26.673012,-81.80513716666667,28:70:4e:d0:88:21,-59,2412,1,Bermuda,pole 14
2025-10-09T17:12:32.860024+00:00,26.673012,-81.80513716666667,2e:70:4e:d0:88:21,-59,2412,1,Bermuda Guest WIFI,pole 14
2025-10-09T17:12:32.860024+00:00,26.673012,-81.80513716666667,2e:70:4e:d0:88:f9,-68,2412,1,Bermuda Guest WIFI,pole 11
2025-10-09T17:12:32.860024+00:00,26.673012,-81.80513716666667,28:70:4e:d2:92:aa,-51,2437,6,Bermuda,pole 12 N
2025-10-09T17:12:32.860024+00:00,26.673012,-81.80513716666667,28:70:4e:d0:86:c2,-57,2437,6,Bermuda,pole 12 W
2025-10-09T17:12:32.860024+00:00,26.673012,-81.80513716666667,2e:70:4e:d0:86:c2,-56,2437,6,Bermuda Guest WIFI,pole 12 W
2025-10-09T17:12:32.860024+00:00,26.673012,-81.80513716666667,9c:05:d6:e9:77:a5,-72,2437,6,Bermuda,Unknown
2025-10-09T17:12:32.860024+00:00,26.673012,-81.80513716666667,2e:70:4e:d2:92:aa,-50,2437,6,Bermuda Guest WIFI,pole 12 N
2025-10-09T17:12:32.860024+00:00,26.673012,-81.80513716666667,28:70:4e:dd:d0:49,-74,2437,6,Bermuda,pole 13 SW
2025-10-09T17:12:32.860024+00:00,26.673012,-81.80513716666667,2e:70:4e:dd:d0:49,-75,2437,6,Bermuda Guest WIFI,pole 13 SW
2025-10-09T17:12:32.860024+00:00,26.673012,-81.80513716666667,02:fe:5d:b4:12:4e,-87,2437,6,Pvt.WFR_Denali.2489,Unknown
2025-10-09T17:12:32.860024+00:00,26.673012,-81.80513716666667,28:70:4e:d2:c9:b0,-81,2437,6,Bermuda,pole 15 NW
2025-10-09T17:12:32.860024+00:00,26.673012,-81.80513716666667,02:55:31:30:b7:72,-81,2452,9,Moore_RV,Unknown
2025-10-09T17:12:32.860024+00:00,26.673012,-81.80513716666667,2e:70:4e:d0:86:c3,-52,5180,37,Bermuda Guest WIFI,pole 12 W
2025-10-09T17:12:32.860024+00:00,26.673012,-81.80513716666667,02:55:31:30:b7:73,-84,5180,37,Moore_Rv5GHz,Unknown
2025-10-09T17:12:32.860024+00:00,26.673012,-81.80513716666667,28:70:4e:d2:92:ab,-52,5745,150,Bermuda,pole 12 N
2025-10-09T17:12:32.860024+00:00,26.673012,-81.80513716666667,2e:70:4e:d2:92:ab,-52,5745,150,Bermuda Guest WIFI,pole 12 N
2025-10-09T17:12:32.860024+00:00,26.673012,-81.80513716666667,28:70:4e:d0:87:50,-74,5745,150,Bermuda,pole 13 E
2025-10-09T17:12:32.860024+00:00,26.673012,-81.80513716666667,2e:70:4e:d0:87:50,-74,5745,150,Bermuda Guest WIFI,pole 13 E
2025-10-09T17:12:32.860024+00:00,26.673012,-81.80513716666667,9c:05:d6:e9:77:a6,-78,5200,41,Bermuda,Unknown
2025-10-09T17:12:32.860024+00:00,26.673012,-81.80513716666667,a2:05:d6:e9:77:a6,-78,5200,41,Bermuda Guest WIFI,Unknown
2025-10-09T17:12:32.860024+00:00,26.673012,-81.80513716666667,28:70:4e:d0:88:22,-65,5765,154,Bermuda,pole 14
2025-10-09T17:12:32.860024+00:00,26.673012,-81.80513716666667,2e:70:4e:d0:88:22,-65,5765,154,Bermuda Guest WIFI,pole 14
2025-10-09T17:13:15.934668+00:00,26.673033833333335,-81.8051325,28:70:4e:d0:88:21,-61,2412,1,Bermuda,pole 14
2025-10-09T17:13:15.934668+00:00,26.673033833333335,-81.8051325,2e:70:4e:d0:88:21,-60,2412,1,Bermuda Guest WIFI,pole 14
2025-10-09T17:13:15.934668+00:00,26.673033833333335,-81.8051325,28:70:4e:d2:92:aa,-48,2437,6,Bermuda,pole 12 N
2025-10-09T17:13:15.934668+00:00,26.673033833333335,-81.8051325,28:70:4e:d0:86:c2,-57,2437,6,Bermuda,pole 12 W
2025-10-09T17:13:15.934668+00:00,26.673033833333335,-81.8051325,2e:70:4e:d0:86:c2,-57,2437,6,Bermuda Guest WIFI,pole 12 W
2025-10-09T17:13:15.934668+00:00,26.673033833333335,-81.8051325,9c:05:d6:e9:77:a5,-71,2437,6,Bermuda,Unknown
2025-10-09T17:13:15.934668+00:00,26.673033833333335,-81.8051325,2e:70:4e:d2:92:aa,-47,2437,6,Bermuda Guest WIFI,pole 12 N
2025-10-09T17:13:15.934668+00:00,26.673033833333335,-81.8051325,28:70:4e:dd:d0:49,-77,2437,6,Bermuda,pole 13 SW
2025-10-09T17:13:15.934668+00:00,26.673033833333335,-81.8051325,02:fe:5d:b4:12:4e,-80,2437,6,Pvt.WFR_Denali.2489,Unknown
2025-10-09T17:13:15.934668+00:00,26.673033833333335,-81.8051325,28:70:4e:d2:c9:b0,-84,2437,6,Bermuda,pole 15 NW
2025-10-09T17:13:15.934668+00:00,26.673033833333335,-81.8051325,28:70:4e:d2:92:ab,-56,5745,150,Bermuda,pole 12 N
2025-10-09T17:13:15.934668+00:00,26.673033833333335,-81.8051325,2e:70:4e:d2:92:ab,-56,5745,150,Bermuda Guest WIFI,pole 12 N
2025-10-09T17:13:15.934668+00:00,26.673033833333335,-81.8051325,28:70:4e:d0:87:4f,-72,2462,11,Bermuda,pole 13 E
2025-10-09T17:13:15.934668+00:00,26.673033833333335,-81.8051325,2e:70:4e:d0:87:4f,-71,2462,11,Bermuda Guest WIFI,pole 13 E
2025-10-09T17:13:15.934668+00:00,26.673033833333335,-81.8051325,28:70:4e:d0:87:50,-55,5745,150,Bermuda,pole 13 E
2025-10-09T17:13:15.934668+00:00,26.673033833333335,-81.8051325,2e:70:4e:d0:87:50,-55,5745,150,Bermuda Guest WIFI,pole 13 E
2025-10-09T17:13:15.934668+00:00,26.673033833333335,-81.8051325,28:70:4e:d0:87:73,-91,2412,1,Bermuda,pole 18 N
2025-10-09T17:13:15.934668+00:00,26.673033833333335,-81.8051325,2e:70:4e:d0:87:73,-88,2412,1,Bermuda Guest WIFI,pole 18 N
2025-10-09T17:13:15.934668+00:00,26.673033833333335,-81.8051325,2e:70:4e:dd:d0:49,-77,2437,6,Bermuda Guest WIFI,pole 13 SW
2025-10-09T17:13:15.934668+00:00,26.673033833333335,-81.8051325,62:22:32:16:1e:32,-89,2437,6,Bermuda Guest WIFI,laundry1
2025-10-09T17:13:15.934668+00:00,26.673033833333335,-81.8051325,2e:70:4e:d0:86:3e,-90,2462,11,Bermuda Guest WIFI,pole 09
2025-10-09T17:13:15.934668+00:00,26.673033833333335,-81.8051325,9c:05:d6:e9:77:a6,-79,5200,41,Bermuda,Unknown
2025-10-09T17:13:15.934668+00:00,26.673033833333335,-81.8051325,a2:05:d6:e9:77:a6,-78,5200,41,Bermuda Guest WIFI,Unknown
2025-10-09T17:13:58.564801+00:00,26.673038333333334,-81.80512366666666,28:70:4e:d2:92:ab,-56,5745,150,Bermuda,pole 12 N
2025-10-09T17:13:58.564801+00:00,26.673038333333334,-81.80512366666666,28:70:4e:d0:87:73,-85,2412,1,Bermuda,pole 18 N
2025-10-09T17:13:58.564801+00:00,26.673038333333334,-81.80512366666666,28:70:4e:d0:88:21,-71,2412,1,Bermuda,pole 14
2025-10-09T17:13:58.564801+00:00,26.673038333333334,-81.80512366666666,9c:05:d6:e9:77:a5,-81,2437,6,Bermuda,Unknown
2025-10-09T17:13:58.564801+00:00,26.673038333333334,-81.80512366666666,28:70:4e:dd:d0:49,-79,2437,6,Bermuda,pole 13 SW
2025-10-09T17:13:58.564801+00:00,26.673038333333334,-81.80512366666666,28:70:4e:d2:92:aa,-54,2437,6,Bermuda,pole 12 N
2025-10-09T17:13:58.564801+00:00,26.673038333333334,-81.80512366666666,28:70:4e:d0:86:c2,-71,2437,6,Bermuda,pole 12 W
2025-10-09T17:13:58.564801+00:00,26.673038333333334,-81.80512366666666,2e:70:4e:d2:92:aa,-54,2437,6,Bermuda Guest WIFI,pole 12 N
2025-10-09T17:13:58.564801+00:00,26.673038333333334,-81.80512366666666,2e:70:4e:d0:86:c2,-75,2437,6,Bermuda Guest WIFI,pole 12 W
2025-10-09T17:13:58.564801+00:00,26.673038333333334,-81.80512366666666,a2:05:d6:e9:77:a5,-82,2437,6,Bermuda Guest WIFI,Unknown
2025-10-09T17:13:58.564801+00:00,26.673038333333334,-81.80512366666666,02:55:31:30:b7:72,-80,2452,9,Moore_RV,Unknown
2025-10-09T17:13:58.564801+00:00,26.673038333333334,-81.80512366666666,2e:70:4e:d2:92:ab,-56,5745,150,Bermuda Guest WIFI,pole 12 N
2025-10-09T17:13:58.564801+00:00,26.673038333333334,-81.80512366666666,28:70:4e:d0:86:c3,-53,5240,49,Bermuda,pole 12 W
2025-10-09T17:13:58.564801+00:00,26.673038333333334,-81.80512366666666,2e:70:4e:d0:86:c3,-53,5240,49,Bermuda Guest WIFI,pole 12 W
2025-10-09T17:14:41.827995+00:00,26.673064666666665,-81.80509666666667,28:70:4e:d2:92:ab,-53,5745,150,Bermuda,pole 12 N
2025-10-09T17:14:41.827995+00:00,26.673064666666665,-81.80509666666667,28:70:4e:d0:88:21,-65,2412,1,Bermuda,pole 14
2025-10-09T17:14:41.827995+00:00,26.673064666666665,-81.80509666666667,2e:70:4e:d0:88:21,-64,2412,1,Bermuda Guest WIFI,pole 14
2025-10-09T17:14:41.827995+00:00,26.673064666666665,-81.80509666666667,28:70:4e:d2:92:aa,-43,2437,6,Bermuda,pole 12 N
2025-10-09T17:14:41.827995+00:00,26.673064666666665,-81.80509666666667,28:70:4e:d0:86:c2,-60,2437,6,Bermuda,pole 12 W
2025-10-09T17:14:41.827995+00:00,26.673064666666665,-81.80509666666667,2e:70:4e:d2:92:aa,-44,2437,6,Bermuda Guest WIFI,pole 12 N
2025-10-09T17:14:41.827995+00:00,26.673064666666665,-81.80509666666667,2e:70:4e:d0:86:c2,-60,2437,6,Bermuda Guest WIFI,pole 12 W
2025-10-09T17:14:41.827995+00:00,26.673064666666665,-81.80509666666667,a2:05:d6:e9:77:a5,-80,2437,6,Bermuda Guest WIFI,Unknown
2025-10-09T17:14:41.827995+00:00,26.673064666666665,-81.80509666666667,2e:70:4e:d2:92:ab,-53,5745,150,Bermuda Guest WIFI,pole 12 N
2025-10-09T17:14:41.827995+00:00,26.673064666666665,-81.80509666666667,28:70:4e:d0:86:c3,-58,5240,49,Bermuda,pole 12 W
2025-10-09T17:14:41.827995+00:00,26.673064666666665,-81.80509666666667,2e:70:4e:d0:86:c3,-58,5240,49,Bermuda Guest WIFI,pole 12 W
2025-10-09T17:15:24.958549+00:00,26.67306333333333,-81.80511583333333,28:70:4e:d2:92:ab,-54,5745,150,Bermuda,pole 12 N
2025-10-09T17:15:24.958549+00:00,26.67306333333333,-81.80511583333333,28:70:4e:d0:88:21,-84,2412,1,Bermuda,pole 14
2025-10-09T17:15:24.958549+00:00,26.67306333333333,-81.80511583333333,28:70:4e:d2:92:aa,-53,2437,6,Bermuda,pole 12 N
2025-10-09T17:15:24.958549+00:00,26.67306333333333,-81.80511583333333,28:70:4e:d0:86:c2,-69,2437,6,Bermuda,pole 12 W
2025-10-09T17:15:24.958549+00:00,26.67306333333333,-81.80511583333333,2e:70:4e:d2:92:aa,-53,2437,6,Bermuda Guest WIFI,pole 12 N
2025-10-09T17:15:24.958549+00:00,26.67306333333333,-81.80511583333333,2e:70:4e:d0:86:c2,-70,2437,6,Bermuda Guest WIFI,pole 12 W
2025-10-09T17:15:24.958549+00:00,26.67306333333333,-81.80511583333333,2e:70:4e:d2:92:ab,-54,5745,150,Bermuda Guest WIFI,pole 12 N
2025-10-09T17:15:24.958549+00:00,26.67306333333333,-81.80511583333333,28:70:4e:d0:86:c3,-59,5240,49,Bermuda,pole 12 W
2025-10-09T17:15:24.958549+00:00,26.67306333333333,-81.80511583333333,2e:70:4e:d0:86:c3,-59,5240,49,Bermuda Guest WIFI,pole 12 W
2025-10-09T17:16:07.694181+00:00,26.6730245,-81.80514933333333,2e:70:4e:d0:86:c2,-61,2437,6,Bermuda Guest WIFI,pole 12 W
2025-10-09T17:16:07.694181+00:00,26.6730245,-81.80514933333333,28:70:4e:d0:86:c2,-63,2437,6,Bermuda,pole 12 W
2025-10-09T17:16:07.694181+00:00,26.6730245,-81.80514933333333,9c:05:d6:e9:77:a5,-81,2437,6,Bermuda,Unknown
2025-10-09T17:16:07.694181+00:00,26.6730245,-81.80514933333333,a2:05:d6:e9:77:a5,-81,2437,6,Bermuda Guest WIFI,Unknown
2025-10-09T17:16:07.694181+00:00,26.6730245,-81.80514933333333,2e:70:4e:dd:d0:49,-54,2437,6,Bermuda Guest WIFI,pole 13 SW
2025-10-09T17:16:07.694181+00:00,26.6730245,-81.80514933333333,28:70:4e:d2:c9:b0,-54,2437,6,Bermuda,pole 15 NW
2025-10-09T17:16:07.694181+00:00,26.6730245,-81.80514933333333,2e:70:4e:d2:c9:b0,-54,2437,6,Bermuda Guest WIFI,pole 15 NW
2025-10-09T17:16:07.694181+00:00,26.6730245,-81.80514933333333,28:70:4e:d0:88:21,-65,2412,1,Bermuda,pole 14
2025-10-09T17:16:07.694181+00:00,26.6730245,-81.80514933333333,2e:70:4e:d0:88:21,-64,2412,1,Bermuda Guest WIFI,pole 14
2025-10-09T17:16:07.694181+00:00,26.6730245,-81.80514933333333,02:fe:5d:b4:12:4e,-76,2437,6,Pvt.WFR_Denali.2489,Unknown
2025-10-09T17:16:07.694181+00:00,26.6730245,-81.80514933333333,28:70:4e:d0:87:4f,-80,2462,11,Bermuda,pole 13 E
2025-10-09T17:16:07.694181+00:00,26.6730245,-81.80514933333333,2e:70:4e:d0:87:4f,-80,2462,11,Bermuda Guest WIFI,pole 13 E
2025-10-09T17:16:07.694181+00:00,26.6730245,-81.80514933333333,28:70:4e:d0:88:fa,-80,5765,154,Bermuda,pole 11
2025-10-09T17:16:07.694181+00:00,26.6730245,-81.80514933333333,2e:70:4e:d0:88:fa,-80,5765,154,Bermuda Guest WIFI,pole 11
2025-10-09T17:16:07.694181+00:00,26.6730245,-81.80514933333333,28:70:4e:d0:86:c3,-55,5240,49,Bermuda,pole 12 W
2025-10-09T17:16:07.694181+00:00,26.6730245,-81.80514933333333,2e:70:4e:d0:86:c3,-55,5240,49,Bermuda Guest WIFI,pole 12 W
2025-10-09T17:16:52.318735+00:00,26.6730395,-81.805132,28:70:4e:d0:86:c2,-70,2437,6,Bermuda,pole 12 W
2025-10-09T17:16:52.318735+00:00,26.6730395,-81.805132,2e:70:4e:d0:88:21,-79,2412,1,Bermuda Guest WIFI,pole 14
2025-10-09T17:16:52.318735+00:00,26.6730395,-81.805132,2e:70:4e:d2:92:aa,-46,2437,6,Bermuda Guest WIFI,pole 12 N
2025-10-09T17:16:52.318735+00:00,26.6730395,-81.805132,28:70:4e:d2:92:aa,-47,2437,6,Bermuda,pole 12 N
2025-10-09T17:16:52.318735+00:00,26.6730395,-81.805132,2e:70:4e:d0:86:c2,-68,2437,6,Bermuda Guest WIFI,pole 12 W
2025-10-09T17:16:52.318735+00:00,26.6730395,-81.805132,9c:05:d6:e9:77:a5,-77,2437,6,Bermuda,Unknown
2025-10-09T17:16:52.318735+00:00,26.6730395,-81.805132,28:70:4e:d0:86:c3,-57,5240,49,Bermuda,pole 12 W
2025-10-09T17:16:52.318735+00:00,26.6730395,-81.805132,2e:70:4e:d0:86:c3,-57,5240,49,Bermuda Guest WIFI,pole 12 W
2025-10-09T17:16:52.318735+00:00,26.6730395,-81.805132,28:70:4e:d2:92:ab,-55,5745,150,Bermuda,pole 12 N
2025-10-09T17:16:52.318735+00:00,26.6730395,-81.805132,2e:70:4e:d2:92:ab,-55,5745,150,Bermuda Guest WIFI,pole 12 N
2025-10-09T17:17:39.295588+00:00,26.673042666666667,-81.80513633333334,28:70:4e:d0:86:c2,-57,2437,6,Bermuda,pole 12 W
2025-10-09T17:17:39.295588+00:00,26.673042666666667,-81.80513633333334,28:70:4e:d0:88:21,-63,2412,1,Bermuda,pole 14
2025-10-09T17:17:39.295588+00:00,26.673042666666667,-81.80513633333334,2e:70:4e:d0:88:21,-62,2412,1,Bermuda Guest WIFI,pole 14
2025-10-09T17:17:39.295588+00:00,26.673042666666667,-81.80513633333334,9c:05:d6:e9:77:a5,-74,2437,6,Bermuda,Unknown
2025-10-09T17:17:39.295588+00:00,26.673042666666667,-81.80513633333334,2e:70:4e:d0:86:c2,-59,2437,6,Bermuda Guest WIFI,pole 12 W
2025-10-09T17:17:39.295588+00:00,26.673042666666667,-81.80513633333334,a2:05:d6:e9:77:a5,-74,2437,6,Bermuda Guest WIFI,Unknown
2025-10-09T17:17:39.295588+00:00,26.673042666666667,-81.80513633333334,2e:70:4e:d2:92:aa,-54,2437,6,Bermuda Guest WIFI,pole 12 N
2025-10-09T17:17:39.295588+00:00,26.673042666666667,-81.80513633333334,28:70:4e:d2:92:aa,-55,2437,6,Bermuda,pole 12 N
2025-10-09T17:17:39.295588+00:00,26.673042666666667,-81.80513633333334,28:70:4e:d2:92:ab,-61,5745,150,Bermuda,pole 12 N
2025-10-09T17:17:39.295588+00:00,26.673042666666667,-81.80513633333334,2e:70:4e:d2:92:ab,-61,5745,150,Bermuda Guest WIFI,pole 12 N
2025-10-09T17:17:39.295588+00:00,26.673042666666667,-81.80513633333334,28:70:4e:d0:86:c3,-61,5240,49,Bermuda,pole 12 W
2025-10-09T17:17:39.295588+00:00,26.673042666666667,-81.80513633333334,2e:70:4e:d0:86:c3,-61,5240,49,Bermuda Guest WIFI,pole 12 W
2025-10-09T17:17:39.295588+00:00,26.673042666666667,-81.80513633333334,28:70:4e:d0:88:fa,-80,5765,154,Bermuda,pole 11
2025-10-09T17:17:39.295588+00:00,26.673042666666667,-81.80513633333334,2e:70:4e:d0:88:fa,-80,5765,154,Bermuda Guest WIFI,pole 11
2025-10-09T17:18:23.054311+00:00,26.673164,-81.80532483333333,28:70:4e:d0:86:c2,-66,2437,6,Bermuda,pole 12 W
2025-10-09T17:18:23.054311+00:00,26.673164,-81.80532483333333,28:70:4e:d0:88:21,-77,2412,1,Bermuda,pole 14
2025-10-09T17:18:23.054311+00:00,26.673164,-81.80532483333333,2e:70:4e:d0:88:21,-77,2412,1,Bermuda Guest WIFI,pole 14
2025-10-09T17:18:23.054311+00:00,26.673164,-81.80532483333333,28:70:4e:dd:d0:49,-75,2437,6,Bermuda,pole 13 SW
2025-10-09T17:18:23.054311+00:00,26.673164,-81.80532483333333,9c:05:d6:e9:77:a5,-81,2437,6,Bermuda,Unknown
2025-10-09T17:18:23.054311+00:00,26.673164,-81.80532483333333,28:70:4e:d2:92:aa,-61,2437,6,Bermuda,pole 12 N
2025-10-09T17:18:23.054311+00:00,26.673164,-81.80532483333333,2e:70:4e:d0:86:c2,-61,2437,6,Bermuda Guest WIFI,pole 12 W
2025-10-09T17:18:23.054311+00:00,26.673164,-81.80532483333333,2e:70:4e:dd:d0:49,-77,2437,6,Bermuda Guest WIFI,pole 13 SW
2025-10-09T17:18:23.054311+00:00,26.673164,-81.80532483333333,2e:70:4e:d2:92:aa,-61,2437,6,Bermuda Guest WIFI,pole 12 N
2025-10-09T17:18:23.054311+00:00,26.673164,-81.80532483333333,02:55:31:30:b7:72,-82,2452,9,Moore_RV,Unknown
2025-10-09T17:18:23.054311+00:00,26.673164,-81.80532483333333,06:55:31:30:b7:72,-79,2452,9,Newmar2674,Unknown
2025-10-09T17:18:23.054311+00:00,26.673164,-81.80532483333333,28:70:4e:d0:86:c3,-61,5240,49,Bermuda,pole 12 W
2025-10-09T17:18:23.054311+00:00,26.673164,-81.80532483333333,2e:70:4e:d0:86:c3,-61,5240,49,Bermuda Guest WIFI,pole 12 W
2025-10-09T17:18:23.054311+00:00,26.673164,-81.80532483333333,a2:05:d6:e9:77:a6,-81,5200,41,Bermuda Guest WIFI,Unknown
2025-10-09T17:19:06.166622+00:00,26.673148666666666,-81.8053375,28:70:4e:d0:86:c2,-64,2437,6,Bermuda,pole 12 W
2025-10-09T17:19:06.166622+00:00,26.673148666666666,-81.8053375,28:70:4e:d0:88:21,-70,2412,1,Bermuda,pole 14
2025-10-09T17:19:06.166622+00:00,26.673148666666666,-81.8053375,2e:70:4e:d0:88:21,-71,2412,1,Bermuda Guest WIFI,pole 14
2025-10-09T17:19:06.166622+00:00,26.673148666666666,-81.8053375,2e:70:4e:d2:92:aa,-62,2437,6,Bermuda Guest WIFI,pole 12 N
2025-10-09T17:19:06.166622+00:00,26.673148666666666,-81.8053375,02:fe:5d:b4:12:4e,-84,2437,6,Pvt.WFR_Denali.2489,Unknown
2025-10-09T17:19:06.166622+00:00,26.673148666666666,-81.8053375,9c:05:d6:e9:77:a5,-79,2437,6,Bermuda,Unknown
2025-10-09T17:19:06.166622+00:00,26.673148666666666,-81.8053375,28:70:4e:d2:92:aa,-63,2437,6,Bermuda,pole 12 N
2025-10-09T17:19:06.166622+00:00,26.673148666666666,-81.8053375,2e:70:4e:d0:86:c2,-63,2437,6,Bermuda Guest WIFI,pole 12 W
2025-10-09T17:19:06.166622+00:00,26.673148666666666,-81.8053375,a2:05:d6:e9:77:a5,-83,2437,6,Bermuda Guest WIFI,Unknown
2025-10-09T17:19:06.166622+00:00,26.673148666666666,-81.8053375,28:70:4e:d2:8b:2d,-88,2462,11,Bermuda,pole 02 N
2025-10-09T17:19:06.166622+00:00,26.673148666666666,-81.8053375,28:70:4e:d0:87:4f,-69,2462,11,Bermuda,pole 13 E
2025-10-09T17:19:06.166622+00:00,26.673148666666666,-81.8053375,2e:70:4e:d0:87:4f,-69,2462,11,Bermuda Guest WIFI,pole 13 E
2025-10-09T17:19:06.166622+00:00,26.673148666666666,-81.8053375,28:70:4e:dd:d0:4a,-67,5240,49,Bermuda,pole 13 SW
2025-10-09T17:19:06.166622+00:00,26.673148666666666,-81.8053375,2e:70:4e:dd:d0:4a,-67,5240,49,Bermuda Guest WIFI,pole 13 SW
2025-10-09T17:19:06.166622+00:00,26.673148666666666,-81.8053375,9c:05:d6:e9:77:a6,-79,5200,41,Bermuda,Unknown
2025-10-09T17:19:06.166622+00:00,26.673148666666666,-81.8053375,a2:05:d6:e9:77:a6,-80,5200,41,Bermuda Guest WIFI,Unknown
2025-10-09T17:19:06.166622+00:00,26.673148666666666,-81.8053375,28:70:4e:d0:88:fa,-77,5765,154,Bermuda,pole 11
2025-10-09T17:19:06.166622+00:00,26.673148666666666,-81.8053375,28:70:4e:d2:92:ab,-73,5745,150,Bermuda,pole 12 N
2025-10-09T17:19:06.166622+00:00,26.673148666666666,-81.8053375,2e:70:4e:d2:92:ab,-73,5745,150,Bermuda Guest WIFI,pole 12 N
2025-10-09T17:19:49.851582+00:00,26.673140666666665,-81.80526366666666,28:70:4e:d0:86:c2,-62,2437,6,Bermuda,pole 12 W
2025-10-09T17:19:49.851582+00:00,26.673140666666665,-81.80526366666666,2e:70:4e:d2:92:aa,-61,2437,6,Bermuda Guest WIFI,pole 12 N
2025-10-09T17:19:49.851582+00:00,26.673140666666665,-81.80526366666666,9c:05:d6:e9:77:a5,-72,2437,6,Bermuda,Unknown
2025-10-09T17:19:49.851582+00:00,26.673140666666665,-81.80526366666666,28:70:4e:d2:92:aa,-61,2437,6,Bermuda,pole 12 N
2025-10-09T17:19:49.851582+00:00,26.673140666666665,-81.80526366666666,2e:70:4e:d0:86:c2,-63,2437,6,Bermuda Guest WIFI,pole 12 W
2025-10-09T17:19:49.851582+00:00,26.673140666666665,-81.80526366666666,2e:70:4e:d0:88:f9,-73,2412,1,Bermuda Guest WIFI,pole 11
2025-10-09T17:19:49.851582+00:00,26.673140666666665,-81.80526366666666,2e:70:4e:dd:d0:49,-60,2437,6,Bermuda Guest WIFI,pole 13 SW
2025-10-09T17:19:49.851582+00:00,26.673140666666665,-81.80526366666666,28:70:4e:dd:d0:49,-60,2437,6,Bermuda,pole 13 SW
2025-10-09T17:19:49.851582+00:00,26.673140666666665,-81.80526366666666,2e:70:4e:d0:88:f6,-60,2437,6,Bermuda Guest WIFI,Unknown
2025-10-09T17:19:49.851582+00:00,26.673140666666665,-81.80526366666666,02:fe:5d:b4:12:4e,-82,2437,6,Pvt.WFR_Denali.2489,Unknown
2025-10-09T17:19:49.851582+00:00,26.673140666666665,-81.80526366666666,28:70:4e:d0:88:21,-71,2412,1,Bermuda,pole 14
2025-10-09T17:19:49.851582+00:00,26.673140666666665,-81.80526366666666,2e:70:4e:d0:88:21,-71,2412,1,Bermuda Guest WIFI,pole 14
2025-10-09T17:19:49.851582+00:00,26.673140666666665,-81.80526366666666,28:70:4e:d0:89:0b,-81,2412,1,Bermuda,pole 10
2025-10-09T17:19:49.851582+00:00,26.673140666666665,-81.80526366666666,02:55:31:30:b7:72,-76,2452,9,Moore_RV,Unknown
2025-10-09T17:19:49.851582+00:00,26.673140666666665,-81.80526366666666,06:55:31:30:b7:72,-81,2452,9,Newmar2674,Unknown
2025-10-09T17:19:49.851582+00:00,26.673140666666665,-81.80526366666666,28:70:4e:d0:87:4f,-70,2462,11,Bermuda,pole 13 E
2025-10-09T17:19:49.851582+00:00,26.673140666666665,-81.80526366666666,2e:70:4e:d0:87:4f,-69,2462,11,Bermuda Guest WIFI,pole 13 E
2025-10-09T17:19:49.851582+00:00,26.673140666666665,-81.80526366666666,2e:70:4e:d0:88:22,-77,5765,154,Bermuda Guest WIFI,pole 14
2025-10-09T17:19:49.851582+00:00,26.673140666666665,-81.80526366666666,28:70:4e:dd:d0:4a,-63,5240,49,Bermuda,pole 13 SW
2025-10-09T17:19:49.851582+00:00,26.673140666666665,-81.80526366666666,2e:70:4e:dd:d0:4a,-63,5240,49,Bermuda Guest WIFI,pole 13 SW
2025-10-09T17:19:49.851582+00:00,26.673140666666665,-81.80526366666666,28:70:4e:d2:8b:2e,-81,5220,45,Bermuda,pole 02 N
2025-10-09T17:19:49.851582+00:00,26.673140666666665,-81.80526366666666,2e:70:4e:d2:8b:2e,-81,5220,45,Bermuda Guest WIFI,pole 02 N
2025-10-09T17:19:49.851582+00:00,26.673140666666665,-81.80526366666666,9c:05:d6:e9:77:a6,-79,5200,41,Bermuda,Unknown
2025-10-09T17:19:49.851582+00:00,26.673140666666665,-81.80526366666666,a2:05:d6:e9:77:a6,-80,5200,41,Bermuda Guest WIFI,Unknown
2025-10-09T17:20:34.465178+00:00,26.6731225,-81.80536333333333,28:70:4e:d0:86:c2,-64,2437,6,Bermuda,pole 12 W
2025-10-09T17:20:34.465178+00:00,26.6731225,-81.80536333333333,28:70:4e:d0:88:21,-73,2412,1,Bermuda,pole 14
2025-10-09T17:20:34.465178+00:00,26.6731225,-81.80536333333333,2e:70:4e:d0:88:21,-74,2412,1,Bermuda Guest WIFI,pole 14
2025-10-09T17:20:34.465178+00:00,26.6731225,-81.80536333333333,2e:70:4e:d3:d6:28,-89,2412,1,Bermuda Guest WIFI,pole 18 W
2025-10-09T17:20:34.465178+00:00,26.6731225,-81.80536333333333,28:70:4e:d2:92:aa,-60,2437,6,Bermuda,pole 12 N
2025-10-09T17:20:34.465178+00:00,26.6731225,-81.80536333333333,28:70:4e:dd:d0:49,-73,2437,6,Bermuda,pole 13 SW
2025-10-09T17:20:34.465178+00:00,26.6731225,-81.80536333333333,2e:70:4e:d2:92:aa,-61,2437,6,Bermuda Guest WIFI,pole 12 N
2025-10-09T17:20:34.465178+00:00,26.6731225,-81.80536333333333,2e:70:4e:d0:86:c2,-63,2437,6,Bermuda Guest WIFI,pole 12 W
2025-10-09T17:20:34.465178+00:00,26.6731225,-81.80536333333333,2e:70:4e:dd:d0:49,-74,2437,6,Bermuda Guest WIFI,pole 13 SW
2025-10-09T17:20:34.465178+00:00,26.6731225,-81.80536333333333,28:70:4e:d0:87:4f,-73,2462,11,Bermuda,pole 13 E
2025-10-09T17:20:34.465178+00:00,26.6731225,-81.80536333333333,2e:70:4e:d0:87:4f,-73,2462,11,Bermuda Guest WIFI,pole 13 E
2025-10-09T17:21:21.580480+00:00,26.673117166666668,-81.80536983333333,28:70:4e:d0:86:c2,-64,2437,6,Bermuda,pole 12 W
2025-10-09T17:21:21.580480+00:00,26.673117166666668,-81.80536983333333,28:70:4e:d2:92:aa,-64,2437,6,Bermuda,pole 12 N
2025-10-09T17:21:21.580480+00:00,26.673117166666668,-81.80536983333333,28:70:4e:dd:d0:49,-74,2437,6,Bermuda,pole 13 SW
2025-10-09T17:21:21.580480+00:00,26.673117166666668,-81.80536983333333,2e:70:4e:d0:86:c2,-64,2437,6,Bermuda Guest WIFI,pole 12 W
2025-10-09T17:21:21.580480+00:00,26.673117166666668,-81.80536983333333,2e:70:4e:dd:d0:49,-75,2437,6,Bermuda Guest WIFI,pole 13 SW
2025-10-09T17:21:21.580480+00:00,26.673117166666668,-81.80536983333333,28:70:4e:d0:88:f9,-68,2412,1,Bermuda,pole 11
2025-10-09T17:21:21.580480+00:00,26.673117166666668,-81.80536983333333,2e:70:4e:d0:87:5e,-81,2462,11,Bermuda Guest WIFI,pole 15 S
2025-10-09T17:21:21.580480+00:00,26.673117166666668,-81.80536983333333,28:70:4e:d0:88:f6,-87,2437,6,Bermuda,Unknown
2025-10-09T17:21:21.580480+00:00,26.673117166666668,-81.80536983333333,a2:05:d6:e9:77:a5,-72,2437,6,Bermuda Guest WIFI,Unknown
2025-10-09T17:21:21.580480+00:00,26.673117166666668,-81.80536983333333,02:fe:5d:b4:12:4e,-81,2437,6,Pvt.WFR_Denali.2489,Unknown
2025-10-09T17:21:21.580480+00:00,26.673117166666668,-81.80536983333333,2e:70:4e:d0:88:f9,-68,2412,1,Bermuda Guest WIFI,pole 11
2025-10-09T17:21:21.580480+00:00,26.673117166666668,-81.80536983333333,2e:70:4e:d2:92:aa,-64,2437,6,Bermuda Guest WIFI,pole 12 N
2025-10-09T17:21:21.580480+00:00,26.673117166666668,-81.80536983333333,28:70:4e:d2:c9:b0,-85,2437,6,Bermuda,pole 15 NW
2025-10-09T17:21:21.580480+00:00,26.673117166666668,-81.80536983333333,9c:05:d6:e9:77:a5,-85,2437,6,Bermuda,Unknown
2025-10-09T17:21:21.580480+00:00,26.673117166666668,-81.80536983333333,28:70:4e:d0:87:4f,-67,2462,11,Bermuda,pole 13 E
2025-10-09T17:21:21.580480+00:00,26.673117166666668,-81.80536983333333,2e:70:4e:d0:87:4f,-67,2462,11,Bermuda Guest WIFI,pole 13 E
2025-10-09T17:21:21.580480+00:00,26.673117166666668,-81.80536983333333,28:70:4e:d2:8b:2d,-86,2462,11,Bermuda,pole 02 N
2025-10-09T17:21:21.580480+00:00,26.673117166666668,-81.80536983333333,2e:70:4e:d2:8b:2d,-87,2462,11,Bermuda Guest WIFI,pole 02 N
2025-10-09T17:21:21.580480+00:00,26.673117166666668,-81.80536983333333,28:70:4e:d0:87:5e,-80,2462,11,Bermuda,pole 15 S
2025-10-09T17:21:21.580480+00:00,26.673117166666668,-81.80536983333333,2e:70:4e:d2:92:ab,-67,5745,150,Bermuda Guest WIFI,pole 12 N
2025-10-09T17:21:21.580480+00:00,26.673117166666668,-81.80536983333333,28:70:4e:d0:87:50,-76,5745,150,Bermuda,pole 13 E
2025-10-09T17:21:21.580480+00:00,26.673117166666668,-81.80536983333333,2e:70:4e:d0:87:50,-76,5745,150,Bermuda Guest WIFI,pole 13 E
2025-10-09T17:21:21.580480+00:00,26.673117166666668,-81.80536983333333,28:70:4e:d0:88:21,-72,2412,1,Bermuda,pole 14
2025-10-09T17:21:21.580480+00:00,26.673117166666668,-81.80536983333333,2e:70:4e:d0:88:21,-75,2412,1,Bermuda Guest WIFI,pole 14
2025-10-09T17:21:21.580480+00:00,26.673117166666668,-81.80536983333333,2e:70:4e:d2:c9:b0,-85,2437,6,Bermuda Guest WIFI,pole 15 NW
2025-10-09T17:21:21.580480+00:00,26.673117166666668,-81.80536983333333,2e:70:4e:d2:8b:2e,-83,5220,45,Bermuda Guest WIFI,pole 02 N
2025-10-09T17:21:21.580480+00:00,26.673117166666668,-81.80536983333333,9c:05:d6:e9:77:a6,-74,5200,41,Bermuda,Unknown
2025-10-09T17:21:21.580480+00:00,26.673117166666668,-81.80536983333333,a2:05:d6:e9:77:a6,-74,5200,41,Bermuda Guest WIFI,Unknown
2025-10-09T17:22:50.347126+00:00,26.673081,-81.8053565,28:70:4e:d0:86:c2,-71,2437,6,Bermuda,pole 12 W
2025-10-09T17:22:50.347126+00:00,26.673081,-81.8053565,28:70:4e:d0:88:f9,-73,2412,1,Bermuda,pole 11
2025-10-09T17:22:50.347126+00:00,26.673081,-81.8053565,9c:05:d6:e9:77:a5,-88,2437,6,Bermuda,Unknown
2025-10-09T17:22:50.347126+00:00,26.673081,-81.8053565,a2:05:d6:e9:77:a5,-86,2437,6,Bermuda Guest WIFI,Unknown
2025-10-09T17:22:50.347126+00:00,26.673081,-81.8053565,2e:70:4e:d2:8b:2d,-89,2462,11,Bermuda Guest WIFI,pole 02 N
2025-10-09T17:22:50.347126+00:00,26.673081,-81.8053565,28:70:4e:d0:87:5e,-76,2462,11,Bermuda,pole 15 S
2025-10-09T17:22:50.347126+00:00,26.673081,-81.8053565,2e:70:4e:d0:87:5e,-77,2462,11,Bermuda Guest WIFI,pole 15 S
2025-10-09T17:23:44.397598+00:00,26.673016,-81.80537666666666,28:70:4e:d0:88:f9,-69,2412,1,Bermuda,pole 11
2025-10-09T17:23:44.397598+00:00,26.673016,-81.80537666666666,28:70:4e:d0:88:21,-68,2412,1,Bermuda,pole 14
2025-10-09T17:23:44.397598+00:00,26.673016,-81.80537666666666,2e:70:4e:d0:88:21,-69,2412,1,Bermuda Guest WIFI,pole 14
2025-10-09T17:23:44.397598+00:00,26.673016,-81.80537666666666,2e:70:4e:d0:88:f9,-69,2412,1,Bermuda Guest WIFI,pole 11
2025-10-09T17:23:44.397598+00:00,26.673016,-81.80537666666666,2e:70:4e:dd:d0:49,-77,2437,6,Bermuda Guest WIFI,pole 13 SW
2025-10-09T17:23:44.397598+00:00,26.673016,-81.80537666666666,28:70:4e:d0:86:c2,-77,2437,6,Bermuda,pole 12 W
2025-10-09T17:23:44.397598+00:00,26.673016,-81.80537666666666,28:70:4e:d2:92:aa,-68,2437,6,Bermuda,pole 12 N
2025-10-09T17:23:44.397598+00:00,26.673016,-81.80537666666666,2e:70:4e:d0:86:c2,-77,2437,6,Bermuda Guest WIFI,pole 12 W
2025-10-09T17:23:44.397598+00:00,26.673016,-81.80537666666666,2e:70:4e:d2:92:aa,-70,2437,6,Bermuda Guest WIFI,pole 12 N
2025-10-09T17:23:44.397598+00:00,26.673016,-81.80537666666666,28:70:4e:d2:c9:b0,-86,2437,6,Bermuda,pole 15 NW
2025-10-09T17:23:44.397598+00:00,26.673016,-81.80537666666666,02:55:31:30:b7:72,-84,2452,9,Moore_RV,Unknown
2025-10-09T17:23:44.397598+00:00,26.673016,-81.80537666666666,28:70:4e:d0:87:4f,-73,2462,11,Bermuda,pole 13 E
2025-10-09T17:23:44.397598+00:00,26.673016,-81.80537666666666,2e:70:4e:d0:87:4f,-73,2462,11,Bermuda Guest WIFI,pole 13 E
2025-10-09T17:23:44.397598+00:00,26.673016,-81.80537666666666,28:70:4e:d0:88:22,-74,5765,154,Bermuda,pole 14
2025-10-09T17:23:44.397598+00:00,26.673016,-81.80537666666666,28:70:4e:dd:d0:4a,-63,5240,49,Bermuda,pole 13 SW
2025-10-09T17:23:44.397598+00:00,26.673016,-81.80537666666666,2e:70:4e:dd:d0:4a,-63,5240,49,Bermuda Guest WIFI,pole 13 SW
2025-10-09T17:24:29.288208+00:00,26.673055833333333,-81.80536283333333,28:70:4e:d0:88:f9,-71,2412,1,Bermuda,pole 11
2025-10-09T17:24:29.288208+00:00,26.673055833333333,-81.80536283333333,28:70:4e:d0:88:21,-77,2412,1,Bermuda,pole 14
2025-10-09T17:24:29.288208+00:00,26.673055833333333,-81.80536283333333,2e:70:4e:d0:86:c2,-67,2437,6,Bermuda Guest WIFI,pole 12 W
2025-10-09T17:24:29.288208+00:00,26.673055833333333,-81.80536283333333,28:70:4e:dd:d0:49,-76,2437,6,Bermuda,pole 13 SW
2025-10-09T17:24:29.288208+00:00,26.673055833333333,-81.80536283333333,28:70:4e:d0:87:50,-79,5745,150,Bermuda,pole 13 E
2025-10-09T17:24:29.288208+00:00,26.673055833333333,-81.80536283333333,2e:70:4e:d0:87:50,-79,5745,150,Bermuda Guest WIFI,pole 13 E
2025-10-09T17:25:18.064629+00:00,26.673051833333332,-81.8053535,28:70:4e:d0:88:f9,-71,2412,1,Bermuda,pole 11
2025-10-09T17:25:18.064629+00:00,26.673051833333332,-81.8053535,28:70:4e:d0:88:21,-71,2412,1,Bermuda,pole 14
2025-10-09T17:25:18.064629+00:00,26.673051833333332,-81.8053535,2e:70:4e:d0:88:21,-70,2412,1,Bermuda Guest WIFI,pole 14
2025-10-09T17:25:18.064629+00:00,26.673051833333332,-81.8053535,02:fe:5d:b4:12:4e,-82,2412,1,Pvt.WFR_Denali.2489,Unknown
2025-10-09T17:25:18.064629+00:00,26.673051833333332,-81.8053535,28:70:4e:d0:86:c2,-71,2437,6,Bermuda,pole 12 W
2025-10-09T17:25:18.064629+00:00,26.673051833333332,-81.8053535,28:70:4e:d2:92:aa,-70,2437,6,Bermuda,pole 12 N
2025-10-09T17:25:18.064629+00:00,26.673051833333332,-81.8053535,2e:70:4e:d0:86:c2,-71,2437,6,Bermuda Guest WIFI,pole 12 W
2025-10-09T17:25:18.064629+00:00,26.673051833333332,-81.8053535,2e:70:4e:d2:92:aa,-70,2437,6,Bermuda Guest WIFI,pole 12 N
2025-10-09T17:25:18.064629+00:00,26.673051833333332,-81.8053535,28:70:4e:dd:d0:49,-72,2437,6,Bermuda,pole 13 SW
2025-10-09T17:25:18.064629+00:00,26.673051833333332,-81.8053535,2e:70:4e:dd:d0:49,-72,2437,6,Bermuda Guest WIFI,pole 13 SW
2025-10-09T17:25:18.064629+00:00,26.673051833333332,-81.8053535,9c:05:d6:e9:77:a5,-86,2437,6,Bermuda,Unknown
2025-10-09T17:25:18.064629+00:00,26.673051833333332,-81.8053535,06:55:31:30:b7:72,-83,2452,9,Newmar2674,Unknown
2025-10-09T17:25:18.064629+00:00,26.673051833333332,-81.8053535,02:55:31:30:b7:72,-83,2452,9,Moore_RV,Unknown
2025-10-09T17:25:18.064629+00:00,26.673051833333332,-81.8053535,28:70:4e:d0:87:dc,-88,2462,11,Bermuda,pole 07
2025-10-09T17:25:18.064629+00:00,26.673051833333332,-81.8053535,28:70:4e:d0:87:4f,-75,2462,11,Bermuda,pole 13 E
2025-10-09T17:25:18.064629+00:00,26.673051833333332,-81.8053535,9c:05:d6:e9:77:a6,-81,5200,41,Bermuda,Unknown
2025-10-09T17:25:18.064629+00:00,26.673051833333332,-81.8053535,a2:05:d6:e9:77:a6,-84,5200,41,Bermuda Guest WIFI,Unknown
2025-10-09T17:26:06.584127+00:00,26.6730535,-81.80536966666666,28:70:4e:d0:88:f9,-72,2412,1,Bermuda,pole 11
2025-10-09T17:26:06.584127+00:00,26.6730535,-81.80536966666666,28:70:4e:d0:88:21,-78,2412,1,Bermuda,pole 14
2025-10-09T17:26:06.584127+00:00,26.6730535,-81.80536966666666,2e:70:4e:d0:86:c2,-66,2437,6,Bermuda Guest WIFI,pole 12 W
2025-10-09T17:26:06.584127+00:00,26.6730535,-81.80536966666666,2e:70:4e:d2:92:aa,-73,2437,6,Bermuda Guest WIFI,pole 12 N
2025-10-09T17:26:06.584127+00:00,26.6730535,-81.80536966666666,28:70:4e:dd:d0:49,-76,2437,6,Bermuda,pole 13 SW
2025-10-09T17:26:06.584127+00:00,26.6730535,-81.80536966666666,2e:70:4e:dd:d0:49,-76,2437,6,Bermuda Guest WIFI,pole 13 SW
2025-10-09T17:26:06.584127+00:00,26.6730535,-81.80536966666666,28:70:4e:d0:86:c2,-66,2437,6,Bermuda,pole 12 W
2025-10-09T17:26:06.584127+00:00,26.6730535,-81.80536966666666,02:55:31:30:b7:72,-83,2452,9,Moore_RV,Unknown
2025-10-09T17:26:06.584127+00:00,26.6730535,-81.80536966666666,28:70:4e:dd:d0:4a,-68,5240,49,Bermuda,pole 13 SW
2025-10-09T17:26:06.584127+00:00,26.6730535,-81.80536966666666,2e:70:4e:dd:d0:4a,-69,5240,49,Bermuda Guest WIFI,pole 13 SW
2025-10-09T17:26:58.459777+00:00,26.673034833333332,-81.80535333333333,28:70:4e:d0:88:f9,-71,2412,1,Bermuda,pole 11
2025-10-09T17:26:58.459777+00:00,26.673034833333332,-81.80535333333333,9c:05:d6:e9:77:a5,-84,2437,6,Bermuda,Unknown
2025-10-09T17:26:58.459777+00:00,26.673034833333332,-81.80535333333333,2e:70:4e:d2:92:aa,-68,2437,6,Bermuda Guest WIFI,pole 12 N
2025-10-09T17:26:58.459777+00:00,26.673034833333332,-81.80535333333333,28:70:4e:d2:92:aa,-67,2437,6,Bermuda,pole 12 N
2025-10-09T17:26:58.459777+00:00,26.673034833333332,-81.80535333333333,28:70:4e:dd:d0:49,-73,2437,6,Bermuda,pole 13 SW
2025-10-09T17:26:58.459777+00:00,26.673034833333332,-81.80535333333333,02:55:31:30:b7:72,-82,2452,9,Moore_RV,Unknown
2025-10-09T17:26:58.459777+00:00,26.673034833333332,-81.80535333333333,06:55:31:30:b7:72,-83,2452,9,Newmar2674,Unknown
2025-10-09T17:26:58.459777+00:00,26.673034833333332,-81.80535333333333,28:70:4e:d0:87:4f,-74,2462,11,Bermuda,pole 13 E
2025-10-09T17:26:58.459777+00:00,26.673034833333332,-81.80535333333333,2e:70:4e:d0:88:22,-73,5765,154,Bermuda Guest WIFI,pole 14
2025-10-09T17:27:49.975505+00:00,26.673016666666665,-81.80535266666666,28:70:4e:d0:88:f9,-72,2412,1,Bermuda,pole 11
2025-10-09T17:27:49.975505+00:00,26.673016666666665,-81.80535266666666,2e:70:4e:d0:89:0b,-87,2412,1,Bermuda Guest WIFI,pole 10
2025-10-09T17:27:49.975505+00:00,26.673016666666665,-81.80535266666666,9c:05:d6:e9:77:a5,-84,2437,6,Bermuda,Unknown
2025-10-09T17:27:49.975505+00:00,26.673016666666665,-81.80535266666666,28:70:4e:d0:86:c2,-67,2437,6,Bermuda,pole 12 W
2025-10-09T17:27:49.975505+00:00,26.673016666666665,-81.80535266666666,2e:70:4e:d2:92:aa,-79,2437,6,Bermuda Guest WIFI,pole 12 N
2025-10-09T17:27:49.975505+00:00,26.673016666666665,-81.80535266666666,2e:70:4e:d0:86:c2,-68,2437,6,Bermuda Guest WIFI,pole 12 W
2025-10-09T17:27:49.975505+00:00,26.673016666666665,-81.80535266666666,28:70:4e:d2:c9:b0,-80,2437,6,Bermuda,pole 15 NW
2025-10-09T17:27:49.975505+00:00,26.673016666666665,-81.80535266666666,02:55:31:30:b7:72,-84,2452,9,Moore_RV,Unknown
2025-10-09T17:27:49.975505+00:00,26.673016666666665,-81.80535266666666,06:55:31:30:b7:72,-84,2452,9,Newmar2674,Unknown
2025-10-09T17:27:49.975505+00:00,26.673016666666665,-81.80535266666666,9c:05:d6:e9:77:a6,-82,5200,41,Bermuda,Unknown
2025-10-09T17:27:49.975505+00:00,26.673016666666665,-81.80535266666666,a2:05:d6:e9:77:a6,-81,5200,41,Bermuda Guest WIFI,Unknown
2025-10-09T17:28:42.077757+00:00,26.673092166666667,-81.80533766666667,2e:70:4e:dd:d0:4a,-71,5240,49,Bermuda Guest WIFI,pole 13 SW
2025-10-09T17:28:42.077757+00:00,26.673092166666667,-81.80533766666667,28:70:4e:dd:d0:49,-79,2437,6,Bermuda,pole 13 SW
2025-10-09T17:28:42.077757+00:00,26.673092166666667,-81.80533766666667,2e:70:4e:dd:d0:49,-77,2437,6,Bermuda Guest WIFI,pole 13 SW
2025-10-09T17:28:42.077757+00:00,26.673092166666667,-81.80533766666667,28:70:4e:d0:87:4f,-73,2462,11,Bermuda,pole 13 E
2025-10-09T17:28:42.077757+00:00,26.673092166666667,-81.80533766666667,2e:70:4e:d0:87:4f,-71,2462,11,Bermuda Guest WIFI,pole 13 E
2025-10-09T17:28:42.077757+00:00,26.673092166666667,-81.80533766666667,2e:70:4e:d0:88:21,-71,2412,1,Bermuda Guest WIFI,pole 14
2025-10-09T17:28:42.077757+00:00,26.673092166666667,-81.80533766666667,02:fe:5d:b4:12:4e,-83,2412,1,Pvt.WFR_Denali.2489,Unknown
2025-10-09T17:28:42.077757+00:00,26.673092166666667,-81.80533766666667,28:70:4e:d0:89:0b,-83,2412,1,Bermuda,pole 10
2025-10-09T17:28:42.077757+00:00,26.673092166666667,-81.80533766666667,28:70:4e:d0:88:f9,-71,2412,1,Bermuda,pole 11
2025-10-09T17:28:42.077757+00:00,26.673092166666667,-81.80533766666667,2e:70:4e:d0:88:f9,-71,2412,1,Bermuda Guest WIFI,pole 11
2025-10-09T17:28:42.077757+00:00,26.673092166666667,-81.80533766666667,2e:70:4e:d0:89:0b,-71,2412,1,Bermuda Guest WIFI,pole 10
2025-10-09T17:28:42.077757+00:00,26.673092166666667,-81.80533766666667,2e:70:4e:d0:87:5e,-71,2462,11,Bermuda Guest WIFI,pole 15 S
2025-10-09T17:28:42.077757+00:00,26.673092166666667,-81.80533766666667,28:70:4e:d0:86:3e,-71,2462,11,Bermuda,pole 09
2025-10-09T17:28:42.077757+00:00,26.673092166666667,-81.80533766666667,28:70:4e:d2:8b:2d,-71,2462,11,Bermuda,pole 02 N
2025-10-09T17:28:42.077757+00:00,26.673092166666667,-81.80533766666667,2e:70:4e:d2:8b:2d,-71,2462,11,Bermuda Guest WIFI,pole 02 N
2025-10-09T17:28:42.077757+00:00,26.673092166666667,-81.80533766666667,28:70:4e:d0:87:5e,-71,2462,11,Bermuda,pole 15 S
2025-10-09T17:28:42.077757+00:00,26.673092166666667,-81.80533766666667,9c:05:d6:e9:77:a5,-83,2437,6,Bermuda,Unknown
2025-10-09T17:28:42.077757+00:00,26.673092166666667,-81.80533766666667,28:70:4e:d0:86:c2,-67,2437,6,Bermuda,pole 12 W
2025-10-09T17:28:42.077757+00:00,26.673092166666667,-81.80533766666667,2e:70:4e:d0:86:c2,-68,2437,6,Bermuda Guest WIFI,pole 12 W
2025-10-09T17:28:42.077757+00:00,26.673092166666667,-81.80533766666667,28:70:4e:d2:92:aa,-70,2437,6,Bermuda,pole 12 N
2025-10-09T17:28:42.077757+00:00,26.673092166666667,-81.80533766666667,2e:70:4e:d2:92:aa,-70,2437,6,Bermuda Guest WIFI,pole 12 N
2025-10-09T17:28:42.077757+00:00,26.673092166666667,-81.80533766666667,28:70:4e:d0:86:c3,-68,5765,154,Bermuda,pole 12 W
2025-10-09T17:28:42.077757+00:00,26.673092166666667,-81.80533766666667,2e:70:4e:d0:86:c3,-69,5765,154,Bermuda Guest WIFI,pole 12 W
2025-10-09T17:28:42.077757+00:00,26.673092166666667,-81.80533766666667,28:70:4e:d2:92:ab,-65,5745,150,Bermuda,pole 12 N
2025-10-09T17:28:42.077757+00:00,26.673092166666667,-81.80533766666667,2e:70:4e:d2:92:ab,-65,5745,150,Bermuda Guest WIFI,pole 12 N
2025-10-09T17:29:25.699235+00:00,26.6729385,-81.80452,28:70:4e:d2:92:ab,-78,5745,150,Bermuda,pole 12 N
2025-10-09T17:29:25.699235+00:00,26.6729385,-81.80452,2e:70:4e:d0:88:f9,-84,2412,1,Bermuda Guest WIFI,pole 11
2025-10-09T17:29:25.699235+00:00,26.6729385,-81.80452,28:70:4e:d0:86:c2,-82,2437,6,Bermuda,pole 12 W
2025-10-09T17:29:25.699235+00:00,26.6729385,-81.80452,2e:70:4e:d0:86:c2,-81,2437,6,Bermuda Guest WIFI,pole 12 W
2025-10-09T17:29:25.699235+00:00,26.6729385,-81.80452,06:55:31:30:b7:72,-84,2452,9,Newmar2674,Unknown
2025-10-09T17:29:25.699235+00:00,26.6729385,-81.80452,28:70:4e:d0:88:22,-83,5765,154,Bermuda,pole 14
2025-10-09T17:29:25.699235+00:00,26.6729385,-81.80452,2e:70:4e:d0:88:22,-83,5765,154,Bermuda Guest WIFI,pole 14
2025-10-09T17:29:25.699235+00:00,26.6729385,-81.80452,28:70:4e:d0:87:5f,-63,5240,49,Bermuda,pole 15 S
2025-10-09T17:29:25.699235+00:00,26.6729385,-81.80452,2e:70:4e:d0:87:5f,-63,5240,49,Bermuda Guest WIFI,pole 15 S
2025-10-09T17:30:11.563866+00:00,26.671056166666666,-81.8041325,28:70:4e:d0:86:c2,-78,2437,6,Bermuda,pole 12 W
2025-10-09T17:30:11.563866+00:00,26.671056166666666,-81.8041325,28:70:4e:d0:87:5e,-74,2462,11,Bermuda,pole 15 S
2025-10-09T17:30:11.563866+00:00,26.671056166666666,-81.8041325,2e:70:4e:d0:89:03,-60,5765,154,Bermuda Guest WIFI,pole 17
2025-10-09T17:30:11.563866+00:00,26.671056166666666,-81.8041325,28:70:4e:d0:89:03,-84,5765,154,Bermuda,pole 17
2025-10-09T17:30:11.563866+00:00,26.671056166666666,-81.8041325,28:70:4e:d3:d6:28,-67,2412,1,Bermuda,pole 18 W
2025-10-09T17:30:11.563866+00:00,26.671056166666666,-81.8041325,2e:70:4e:d3:d6:28,-67,2412,1,Bermuda Guest WIFI,pole 18 W
2025-10-09T17:31:01.535593+00:00,26.671872,-81.80385383333333,28:70:4e:d0:87:74,-77,5220,45,Bermuda,pole 18 N
2025-10-09T17:31:01.535593+00:00,26.671872,-81.80385383333333,28:70:4e:d0:88:21,-83,2412,1,Bermuda,pole 14
2025-10-09T17:31:01.535593+00:00,26.671872,-81.80385383333333,28:70:4e:d3:d6:28,-75,2412,1,Bermuda,pole 18 W
2025-10-09T17:31:01.535593+00:00,26.671872,-81.80385383333333,2e:70:4e:d3:d6:28,-76,2412,1,Bermuda Guest WIFI,pole 18 W
2025-10-09T17:31:01.535593+00:00,26.671872,-81.80385383333333,02:55:31:30:b7:72,-88,2452,9,Moore_RV,Unknown
2025-10-09T17:32:03.474502+00:00,26.672274166666668,-81.80382616666667,2e:70:4e:d0:89:02,-75,2462,11,Bermuda Guest WIFI,pole 17
2025-10-09T17:32:03.474502+00:00,26.672274166666668,-81.80382616666667,28:70:4e:d0:8d:34,-70,2462,11,Bermuda,pole 20
2025-10-09T17:32:03.474502+00:00,26.672274166666668,-81.80382616666667,28:70:4e:d0:87:5e,-76,2462,11,Bermuda,pole 15 S
2025-10-09T17:32:03.474502+00:00,26.672274166666668,-81.80382616666667,28:70:4e:d0:89:02,-73,2462,11,Bermuda,pole 17
2025-10-09T17:32:03.474502+00:00,26.672274166666668,-81.80382616666667,28:70:4e:d0:88:21,-79,2412,1,Bermuda,pole 14
2025-10-09T17:32:03.474502+00:00,26.672274166666668,-81.80382616666667,28:70:4e:d3:d6:28,-75,2412,1,Bermuda,pole 18 W
2025-10-09T17:32:03.474502+00:00,26.672274166666668,-81.80382616666667,2e:70:4e:d3:d6:28,-74,2412,1,Bermuda Guest WIFI,pole 18 W
2025-10-09T17:32:03.474502+00:00,26.672274166666668,-81.80382616666667,2e:70:4e:d0:87:5e,-77,2462,11,Bermuda Guest WIFI,pole 15 S
2025-10-09T17:32:46.928878+00:00,26.672518833333335,-81.8038735,28:70:4e:d0:8d:34,-60,2462,11,Bermuda,pole 20
2025-10-09T17:32:46.928878+00:00,26.672518833333335,-81.8038735,28:70:4e:d2:c9:b0,-68,2437,6,Bermuda,pole 15 NW
2025-10-09T17:32:46.928878+00:00,26.672518833333335,-81.8038735,2e:70:4e:d2:c9:b0,-68,2437,6,Bermuda Guest WIFI,pole 15 NW
2025-10-09T17:32:46.928878+00:00,26.672518833333335,-81.8038735,2e:70:4e:d0:8d:34,-60,2462,11,Bermuda Guest WIFI,pole 20
2025-10-09T17:32:46.928878+00:00,26.672518833333335,-81.8038735,28:70:4e:d0:87:5e,-70,2462,11,Bermuda,pole 15 S
2025-10-09T17:32:46.928878+00:00,26.672518833333335,-81.8038735,28:70:4e:d0:8d:35,-50,5180,37,Bermuda,pole 20
2025-10-09T17:32:46.928878+00:00,26.672518833333335,-81.8038735,2e:70:4e:d0:8d:35,-50,5180,37,Bermuda Guest WIFI,pole 20
2025-10-09T17:33:30.663622+00:00,26.672597666666668,-81.8043995,28:70:4e:d0:8d:34,-81,2462,11,Bermuda,pole 20
2025-10-09T17:33:30.663622+00:00,26.672597666666668,-81.8043995,28:70:4e:d0:88:f9,-77,2412,1,Bermuda,pole 11
2025-10-09T17:33:30.663622+00:00,26.672597666666668,-81.8043995,02:55:31:30:b7:72,-78,2422,3,Moore_RV,Unknown
2025-10-09T17:33:30.663622+00:00,26.672597666666668,-81.8043995,28:70:4e:d2:c9:b0,-57,2437,6,Bermuda,pole 15 NW
2025-10-09T17:33:30.663622+00:00,26.672597666666668,-81.8043995,2e:70:4e:d2:c9:b0,-57,2437,6,Bermuda Guest WIFI,pole 15 NW
2025-10-09T17:33:30.663622+00:00,26.672597666666668,-81.8043995,9c:05:d6:e9:77:a5,-83,2437,6,Bermuda,Unknown
2025-10-09T17:33:30.663622+00:00,26.672597666666668,-81.8043995,28:70:4e:dd:d0:49,-81,2437,6,Bermuda,pole 13 SW
2025-10-09T17:33:30.663622+00:00,26.672597666666668,-81.8043995,28:70:4e:d0:87:5e,-71,2462,11,Bermuda,pole 15 S
2025-10-09T17:33:30.663622+00:00,26.672597666666668,-81.8043995,2e:70:4e:d0:87:5e,-71,2462,11,Bermuda Guest WIFI,pole 15 S
2025-10-09T17:33:30.663622+00:00,26.672597666666668,-81.8043995,28:70:4e:d0:89:02,-83,2462,11,Bermuda,pole 17
2025-10-09T17:33:30.663622+00:00,26.672597666666668,-81.8043995,60:22:32:16:1e:33,-84,5805,162,Bermuda,laundry1
2025-10-09T17:33:30.663622+00:00,26.672597666666668,-81.8043995,62:22:32:16:1e:33,-84,5805,162,Bermuda Guest WIFI,laundry1
2025-10-09T17:33:30.663622+00:00,26.672597666666668,-81.8043995,9c:05:d6:e9:77:a6,-82,5200,41,Bermuda,Unknown
2025-10-09T17:34:53.229145+00:00,26.676925,-81.80296183333333,2e:70:4e:d0:88:f9,-88,2412,1,Bermuda Guest WIFI,pole 11
2025-10-09T17:34:53.229145+00:00,26.676925,-81.80296183333333,2e:70:4e:dd:d0:49,-85,2437,6,Bermuda Guest WIFI,pole 13 SW
2025-10-09T17:34:53.229145+00:00,26.676925,-81.80296183333333,02:fe:5d:b4:12:4e,-85,2437,6,Pvt.WFR_Denali.2489,Unknown
2025-10-09T17:34:53.229145+00:00,26.676925,-81.80296183333333,2e:70:4e:dd:d0:4a,-89,5240,49,Bermuda Guest WIFI,pole 13 SW
2025-10-09T17:34:53.229145+00:00,26.676925,-81.80296183333333,28:70:4e:d0:88:f9,-85,2412,1,Bermuda,pole 11
2025-10-09T17:34:53.229145+00:00,26.676925,-81.80296183333333,28:70:4e:dd:d0:49,-82,2437,6,Bermuda,pole 13 SW
2025-10-09T17:34:53.229145+00:00,26.676925,-81.80296183333333,00:54:af:5e:7b:09,-86,2462,11,Hotspot7B09,Unknown
2025-10-09T17:34:53.229145+00:00,26.676925,-81.80296183333333,2e:70:4e:d0:88:21,-83,2412,1,Bermuda Guest WIFI,pole 14
2025-10-09T17:34:53.229145+00:00,26.676925,-81.80296183333333,02:55:31:30:b7:72,-89,2422,3,Moore_RV,Unknown
2025-10-09T17:34:53.229145+00:00,26.676925,-81.80296183333333,80:cc:9c:83:62:6b,-89,2412,1,NETGEAR_EXT,Unknown
2025-10-09T17:34:53.229145+00:00,26.676925,-81.80296183333333,ac:91:9b:f4:fb:ce,-89,2412,1,Verizon_7DNYVJ,Unknown
2025-10-09T17:34:53.229145+00:00,26.676925,-81.80296183333333,06:5e:3c:48:b9:9e,-88,2452,9,Newmar1458,Unknown
2025-10-09T17:34:53.229145+00:00,26.676925,-81.80296183333333,02:5e:3c:48:b9:9e,-89,2452,9,RickMesh,Unknown
2025-10-09T17:34:53.229145+00:00,26.676925,-81.80296183333333,6a:4e:05:c0:50:f3,-82,2412,1,venus-HQ2508VREQX-31d,Unknown
2025-10-09T17:35:14.969534+00:00,26.679873,-81.80183716666667,80:cc:9c:83:62:6b,-89,2412,1,NETGEAR_EXT,Unknown
2025-10-09T17:35:14.969534+00:00,26.679873,-81.80183716666667,ac:91:9b:f4:fb:ce,-89,2412,1,Verizon_7DNYVJ,Unknown
2025-10-09T17:35:14.969534+00:00,26.679873,-81.80183716666667,06:5e:3c:48:b9:9e,-88,2452,9,Newmar1458,Unknown
2025-10-09T17:35:14.969534+00:00,26.679873,-81.80183716666667,02:5e:3c:48:b9:9e,-89,2452,9,RickMesh,Unknown
2025-10-09T17:35:14.969534+00:00,26.679873,-81.80183716666667,6a:4e:05:c0:50:f3,-82,2412,1,venus-HQ2508VREQX-31d,Unknown
2025-10-09T17:35:14.969534+00:00,26.679873,-81.80183716666667,02:17:1a:c6:71:cd,-78,2412,1,Winegard2ghzC671CA,Unknown
2025-10-09T17:35:35.496269+00:00,26.681832,-81.8017025,3a:b8:00:a3:5c:77,-86,2412,1,myChevrolet,Unknown
2025-10-09T17:35:35.496269+00:00,26.681832,-81.8017025,84:17:ef:70:af:be,-82,2437,6,Judy house,Unknown
2025-10-09T17:35:35.496269+00:00,26.681832,-81.8017025,fa:d2:ac:48:f1:61,-84,2437,6,Hayloft 2.4Ghz,Unknown
2025-10-09T17:35:35.496269+00:00,26.681832,-81.8017025,7e:ff:f1:2a:71:f2,-82,2412,1,STARLINK,Unknown
2025-10-09T17:35:35.496269+00:00,26.681832,-81.8017025,8a:12:ac:06:f9:04,-90,2412,1,venus-HQ2310XVJK2-209,Unknown
2025-10-09T17:35:35.496269+00:00,26.681832,-81.8017025,10:56:ca:89:5d:c9,-79,2412,1,Airstream_A52F,Unknown
2025-10-09T17:35:35.496269+00:00,26.681832,-81.8017025,46:d1:fa:d2:79:b3,-82,2462,11,KING_D279B2,Unknown
2025-10-09T17:35:56.710067+00:00,26.681865,-81.79992133333333,7e:ff:f1:2a:71:f2,-82,2412,1,STARLINK,Unknown
2025-10-09T17:35:56.710067+00:00,26.681865,-81.79992133333333,8a:12:ac:06:f9:04,-90,2412,1,venus-HQ2310XVJK2-209,Unknown
2025-10-09T17:35:56.710067+00:00,26.681865,-81.79992133333333,10:56:ca:89:5d:c9,-79,2412,1,Airstream_A52F,Unknown
2025-10-09T17:35:56.710067+00:00,26.681865,-81.79992133333333,46:d1:fa:d2:79:b3,-82,2462,11,KING_D279B2,Unknown
2025-10-09T17:35:56.710067+00:00,26.681865,-81.79992133333333,12:17:1a:c5:b5:1c,-85,5180,37,Winegard5ghzC5B51A,Unknown
2025-10-09T17:36:18.304548+00:00,26.680896333333333,-81.80009533333333,12:17:1a:c5:b5:1c,-85,5180,37,Winegard5ghzC5B51A,Unknown
2025-10-09T17:36:18.304548+00:00,26.680896333333333,-81.80009533333333,1e:e8:29:5a:e2:c2,-78,2437,6,northtrail-av,Unknown
2025-10-09T17:36:18.304548+00:00,26.680896333333333,-81.80009533333333,02:17:1a:c5:b5:1d,-76,2447,8,Winegard2ghzC5B51A,Unknown
2025-10-09T17:36:18.304548+00:00,26.680896333333333,-81.80009533333333,72:13:01:e3:39:e9,-81,2462,11,frantigre,Unknown
2025-10-09T17:36:18.304548+00:00,26.680896333333333,-81.80009533333333,b4:fb:e4:78:97:70,-79,5745,150,northtrail,Unknown
2025-10-09T17:36:18.304548+00:00,26.680896333333333,-81.80009533333333,ba:fb:e4:78:97:70,-79,5745,150,northtrail-av,Unknown
2025-10-09T17:36:18.304548+00:00,26.680896333333333,-81.80009533333333,be:fb:e4:78:97:70,-80,5745,150,northtrail-emps,Unknown
2025-10-09T19:15:02.050191+00:00,26.740823,-81.84286766666666,b0:19:21:9b:3a:04,-82,2417,2,CenturyLink0900_EXT,Unknown
2025-10-09T19:15:22.886675+00:00,26.740635,-81.84705683333334,b0:19:21:9b:3a:04,-82,2417,2,CenturyLink0900_EXT,Unknown
2025-10-09T19:15:44.325319+00:00,26.741582333333334,-81.85010983333333,78:8c:b5:fa:2c:22,-78,2422,3,RICH-RANCH,Unknown
2025-10-09T19:16:04.675943+00:00,26.742600166666666,-81.85035616666667,78:8c:b5:fa:2c:22,-78,2422,3,RICH-RANCH,Unknown
2025-10-09T19:16:25.129679+00:00,26.740899833333334,-81.85056116666667,fe:f4:f4:b0:98:6b,-84,2437,6,CHEVROLET9761,Unknown
2025-10-09T19:16:45.569746+00:00,26.736420333333335,-81.85098166666667,fe:f4:f4:b0:98:6b,-84,2437,6,CHEVROLET9761,Unknown
2025-10-09T19:17:06.250713+00:00,26.732271666666666,-81.85092233333333,42:33:85:2f:4d:c5,-75,2437,6,Palace de Toast,Unknown
2025-10-09T19:17:27.112211+00:00,26.728457666666667,-81.85114283333333,42:33:85:2f:4d:c5,-75,2437,6,Palace de Toast,Unknown
2025-10-09T19:17:27.112211+00:00,26.728457666666667,-81.85114283333333,38:06:e6:7f:de:7e,-85,2412,1,Verizon_XG9RT9,Unknown
2025-10-09T19:17:47.395664+00:00,26.726447333333333,-81.8520145,38:06:e6:7f:de:7e,-85,2412,1,Verizon_XG9RT9,Unknown
2025-10-09T19:18:28.143437+00:00,26.726518333333335,-81.85847,94:3c:96:6b:b3:f7,-85,2417,2,Alex,Unknown
2025-10-09T19:18:28.143437+00:00,26.726518333333335,-81.85847,c0:56:27:6d:0e:6c,-88,2437,6,Linksys00168,Unknown
2025-10-09T19:18:28.143437+00:00,26.726518333333335,-81.85847,24:41:fe:37:d1:46,-87,2437,6,Verizon_FRS3QD,Unknown
2025-10-09T19:18:28.143437+00:00,26.726518333333335,-81.85847,f8:3e:b0:1a:f2:7c,-81,2452,9,TMOBILE-F27A,Unknown
2025-10-09T19:21:14.237496+00:00,26.725939833333335,-81.89536866666667,8c:88:32:01:44:e4,-79,2437,6,Netfun-44e4,Unknown
2025-10-09T19:21:14.237496+00:00,26.725939833333335,-81.89536866666667,1e:9e:cc:18:7b:d5,-81,5220,45,Paul & Bev,Unknown
2025-10-09T19:21:35.111551+00:00,26.725960333333333,-81.89951133333334,8c:88:32:01:44:e4,-79,2437,6,Netfun-44e4,Unknown
2025-10-09T19:21:35.111551+00:00,26.725960333333333,-81.89951133333334,1e:9e:cc:18:7b:d5,-81,5220,45,Paul & Bev,Unknown
2025-10-09T19:21:35.111551+00:00,26.725960333333333,-81.89951133333334,ec:aa:a0:ce:bb:f0,-91,2412,1,bigred1948,Unknown
2025-10-09T19:21:35.111551+00:00,26.725960333333333,-81.89951133333334,00:80:ae:66:8c:c4,-75,2437,6,hug2g799584,Unknown
2025-10-09T19:21:35.111551+00:00,26.725960333333333,-81.89951133333334,d4:5d:df:e5:12:d0,-85,2437,6,Donna,Unknown
2025-10-09T19:21:55.128050+00:00,26.726078666666666,-81.9035655,ec:aa:a0:ce:bb:f0,-91,2412,1,bigred1948,Unknown
2025-10-09T19:21:55.128050+00:00,26.726078666666666,-81.9035655,00:80:ae:66:8c:c4,-75,2437,6,hug2g799584,Unknown
2025-10-09T19:21:55.128050+00:00,26.726078666666666,-81.9035655,d4:5d:df:e5:12:d0,-85,2437,6,Donna,Unknown
2025-10-09T19:21:55.128050+00:00,26.726078666666666,-81.9035655,fa:6d:cc:c8:82:b9,-91,2442,7,myChevrolet 82B9,Unknown
2025-10-09T19:22:16.334131+00:00,26.725843333333334,-81.90538066666667,fa:6d:cc:c8:82:b9,-74,2442,7,myChevrolet 82B9,Unknown
2025-10-09T19:22:16.334131+00:00,26.725843333333334,-81.90538066666667,fc:98:16:af:85:49,-81,2437,6,TOYOTA RAV4-2.4g_af8549,Unknown
2025-10-09T19:22:16.334131+00:00,26.725843333333334,-81.90538066666667,28:7a:ee:b5:92:9a,-78,5240,49,Xfinity Mobile,Unknown
2025-10-09T19:22:16.334131+00:00,26.725843333333334,-81.90538066666667,28:7a:ee:b5:92:9b,-78,5240,49,xfinitywifi,Unknown
2025-10-09T19:22:37.366282+00:00,26.725775666666667,-81.90563016666667,fa:6d:cc:c8:82:b9,-74,2442,7,myChevrolet 82B9,Unknown
2025-10-09T19:22:37.366282+00:00,26.725775666666667,-81.90563016666667,fc:98:16:af:85:49,-81,2437,6,TOYOTA RAV4-2.4g_af8549,Unknown
2025-10-09T19:22:37.366282+00:00,26.725775666666667,-81.90563016666667,28:7a:ee:b5:92:9a,-78,5240,49,Xfinity Mobile,Unknown
2025-10-09T19:22:37.366282+00:00,26.725775666666667,-81.90563016666667,28:7a:ee:b5:92:9b,-78,5240,49,xfinitywifi,Unknown
2025-10-09T19:22:57.910102+00:00,26.725586833333335,-81.90624566666666,28:7a:ee:b5:92:9a,-73,5240,49,Xfinity Mobile,Unknown
2025-10-09T19:22:57.910102+00:00,26.725586833333335,-81.90624566666666,28:7a:ee:b5:92:9b,-73,5240,49,xfinitywifi,Unknown
2025-10-09T19:22:57.910102+00:00,26.725586833333335,-81.90624566666666,02:24:a5:83:5e:f2,-73,2412,1,myChevrolet1216,Unknown
2025-10-09T19:22:57.910102+00:00,26.725586833333335,-81.90624566666666,42:35:21:40:fa:6a,-85,2462,11,myGMC6985,Unknown
2025-10-09T19:23:18.009080+00:00,26.7256455,-81.906221,28:7a:ee:b5:92:9a,-74,5240,49,Xfinity Mobile,Unknown
2025-10-09T19:23:18.009080+00:00,26.7256455,-81.906221,28:7a:ee:b5:92:9b,-74,5240,49,xfinitywifi,Unknown
2025-10-09T19:23:18.009080+00:00,26.7256455,-81.906221,02:24:a5:83:5e:f2,-74,2412,1,myChevrolet1216,Unknown
2025-10-09T19:23:18.009080+00:00,26.7256455,-81.906221,42:35:21:40:fa:6a,-86,2462,11,myGMC6985,Unknown
2025-10-09T19:23:18.009080+00:00,26.7256455,-81.906221,fa:d2:ac:48:ef:a5,-85,2437,6,CBCI-EFA0,Unknown
2025-10-09T19:23:18.009080+00:00,26.7256455,-81.906221,9a:49:14:09:f5:f1,-86,2412,1,kricket,Unknown
2025-10-09T19:23:18.009080+00:00,26.7256455,-81.906221,10:68:38:22:83:5d,-73,2437,6,Driveri:3633091225,Unknown
2025-10-09T19:23:38.022732+00:00,26.725646666666666,-81.90616183333333,28:7a:ee:b5:92:9a,-73,5240,49,Xfinity Mobile,Unknown
2025-10-09T19:23:38.022732+00:00,26.725646666666666,-81.90616183333333,28:7a:ee:b5:92:9b,-75,5240,49,xfinitywifi,Unknown
2025-10-09T19:23:38.022732+00:00,26.725646666666666,-81.90616183333333,02:24:a5:83:5e:f2,-82,2412,1,myChevrolet1216,Unknown
2025-10-09T19:23:38.022732+00:00,26.725646666666666,-81.90616183333333,42:35:21:40:fa:6a,-86,2462,11,myGMC6985,Unknown
2025-10-09T19:23:38.022732+00:00,26.725646666666666,-81.90616183333333,fa:d2:ac:48:ef:a5,-85,2437,6,CBCI-EFA0,Unknown
2025-10-09T19:23:38.022732+00:00,26.725646666666666,-81.90616183333333,9a:49:14:09:f5:f1,-86,2412,1,kricket,Unknown
2025-10-09T19:23:38.022732+00:00,26.725646666666666,-81.90616183333333,10:68:38:22:83:5d,-73,2437,6,Driveri:3633091225,Unknown
2025-10-09T19:23:38.022732+00:00,26.725646666666666,-81.90616183333333,ce:22:26:64:7c:ae,-59,2412,1,vazquez,Unknown
2025-10-09T19:23:38.022732+00:00,26.725646666666666,-81.90616183333333,02:49:a5:83:5e:f2,-81,5220,45,myChevrolet1216,Unknown
2025-10-09T19:23:58.470313+00:00,26.7257055,-81.90614833333333,28:7a:ee:b5:92:9a,-74,5240,49,Xfinity Mobile,Unknown
2025-10-09T19:23:58.470313+00:00,26.7257055,-81.90614833333333,28:7a:ee:b5:92:9b,-74,5240,49,xfinitywifi,Unknown
2025-10-09T19:23:58.470313+00:00,26.7257055,-81.90614833333333,02:24:a5:83:5e:f2,-76,2412,1,myChevrolet1216,Unknown
2025-10-09T19:23:58.470313+00:00,26.7257055,-81.90614833333333,ce:22:26:64:7c:ae,-63,2412,1,vazquez,Unknown
2025-10-09T19:23:58.470313+00:00,26.7257055,-81.90614833333333,02:49:a5:83:5e:f2,-81,5220,45,myChevrolet1216,Unknown
2025-10-09T19:23:58.470313+00:00,26.7257055,-81.90614833333333,48:8f:4c:d1:f3:8a,-73,2437,6,6B308157,Unknown
2025-10-09T19:23:58.470313+00:00,26.7257055,-81.90614833333333,00:54:af:3a:02:94,-86,2462,11,Hotspot0294,Unknown
2025-10-09T19:24:18.673294+00:00,26.7258345,-81.90605466666666,28:7a:ee:b5:92:9a,-74,5240,49,Xfinity Mobile,Unknown
2025-10-09T19:24:18.673294+00:00,26.7258345,-81.90605466666666,28:7a:ee:b5:92:9b,-74,5240,49,xfinitywifi,Unknown
2025-10-09T19:24:18.673294+00:00,26.7258345,-81.90605466666666,02:24:a5:83:5e:f2,-76,2412,1,myChevrolet1216,Unknown
2025-10-09T19:24:18.673294+00:00,26.7258345,-81.90605466666666,ce:22:26:64:7c:ae,-58,2412,1,vazquez,Unknown
2025-10-09T19:24:18.673294+00:00,26.7258345,-81.90605466666666,48:8f:4c:d1:f3:8a,-73,2437,6,6B308157,Unknown
2025-10-09T19:24:18.673294+00:00,26.7258345,-81.90605466666666,00:54:af:3a:02:94,-86,2462,11,Hotspot0294,Unknown
2025-10-09T19:24:18.673294+00:00,26.7258345,-81.90605466666666,fa:6d:cc:ad:32:b6,-76,2442,7,myChevrolet 32B6,Unknown
2025-10-09T19:24:18.673294+00:00,26.7258345,-81.90605466666666,ce:44:26:64:7c:ae,-79,5180,37,vazquez,Unknown
2025-10-09T19:24:39.583142+00:00,26.725774,-81.90610933333333,28:7a:ee:b5:92:9a,-76,5240,49,Xfinity Mobile,Unknown
2025-10-09T19:24:39.583142+00:00,26.725774,-81.90610933333333,28:7a:ee:b5:92:9b,-74,5240,49,xfinitywifi,Unknown
2025-10-09T19:24:39.583142+00:00,26.725774,-81.90610933333333,ce:22:26:64:7c:ae,-57,2412,1,vazquez,Unknown
2025-10-09T19:24:39.583142+00:00,26.725774,-81.90610933333333,fa:6d:cc:ad:32:b6,-76,2442,7,myChevrolet 32B6,Unknown
2025-10-09T19:24:39.583142+00:00,26.725774,-81.90610933333333,ce:44:26:64:7c:ae,-79,5180,37,vazquez,Unknown
2025-10-09T19:24:39.583142+00:00,26.725774,-81.90610933333333,14:c9:cf:6c:a9:fe,-74,2412,1,DV_T4.5_A9FE,Unknown
2025-10-09T19:25:00.492111+00:00,26.725681166666668,-81.90620133333333,28:7a:ee:b5:92:9a,-75,5240,49,Xfinity Mobile,Unknown
2025-10-09T19:25:00.492111+00:00,26.725681166666668,-81.90620133333333,28:7a:ee:b5:92:9b,-75,5240,49,xfinitywifi,Unknown
2025-10-09T19:25:00.492111+00:00,26.725681166666668,-81.90620133333333,ce:22:26:64:7c:ae,-59,2412,1,vazquez,Unknown
2025-10-09T19:25:00.492111+00:00,26.725681166666668,-81.90620133333333,ce:44:26:64:7c:ae,-79,5180,37,vazquez,Unknown
2025-10-09T19:25:00.492111+00:00,26.725681166666668,-81.90620133333333,14:c9:cf:6c:a9:fe,-81,2412,1,DV_T4.5_A9FE,Unknown
2025-10-09T19:25:00.492111+00:00,26.725681166666668,-81.90620133333333,10:68:38:22:83:5d,-63,2437,6,Driveri:3633091225,Unknown
2025-10-09T19:25:00.492111+00:00,26.725681166666668,-81.90620133333333,c4:49:bb:4f:ca:ec,-78,2437,6,WiFi Hotspot 0276,Unknown
2025-10-09T19:25:00.492111+00:00,26.725681166666668,-81.90620133333333,fa:6d:cc:cd:32:b6,-77,5220,45,myChevrolet 32B6,Unknown
2025-10-09T19:25:22.343369+00:00,26.725553,-81.90624416666667,28:7a:ee:b5:92:9a,-75,5240,49,Xfinity Mobile,Unknown
2025-10-09T19:25:22.343369+00:00,26.725553,-81.90624416666667,28:7a:ee:b5:92:9b,-75,5240,49,xfinitywifi,Unknown
2025-10-09T19:25:22.343369+00:00,26.725553,-81.90624416666667,ce:22:26:64:7c:ae,-56,2412,1,vazquez,Unknown
2025-10-09T19:25:22.343369+00:00,26.725553,-81.90624416666667,ce:44:26:64:7c:ae,-79,5180,37,vazquez,Unknown
2025-10-09T19:25:22.343369+00:00,26.725553,-81.90624416666667,14:c9:cf:6c:a9:fe,-76,2412,1,DV_T4.5_A9FE,Unknown
2025-10-09T19:25:22.343369+00:00,26.725553,-81.90624416666667,10:68:38:22:83:5d,-63,2437,6,Driveri:3633091225,Unknown
2025-10-09T19:25:22.343369+00:00,26.725553,-81.90624416666667,c4:49:bb:4f:ca:ec,-77,2437,6,WiFi Hotspot 0276,Unknown
2025-10-09T19:25:22.343369+00:00,26.725553,-81.90624416666667,fa:6d:cc:cd:32:b6,-77,5220,45,myChevrolet 32B6,Unknown
2025-10-09T19:25:22.343369+00:00,26.725553,-81.90624416666667,fa:6d:cc:ad:32:b6,-81,2442,7,myChevrolet 32B6,Unknown
2025-10-09T19:25:22.343369+00:00,26.725553,-81.90624416666667,2c:dc:ad:be:a9:06,-77,2462,11,Audi_MMI_3977,Unknown
2025-10-09T19:25:43.710554+00:00,26.725447333333335,-81.906892,28:7a:ee:b5:92:9a,-75,5240,49,Xfinity Mobile,Unknown
2025-10-09T19:25:43.710554+00:00,26.725447333333335,-81.906892,28:7a:ee:b5:92:9b,-75,5240,49,xfinitywifi,Unknown
2025-10-09T19:25:43.710554+00:00,26.725447333333335,-81.906892,ce:22:26:64:7c:ae,-76,2412,1,vazquez,Unknown
2025-10-09T19:25:43.710554+00:00,26.725447333333335,-81.906892,14:c9:cf:6c:a9:fe,-76,2412,1,DV_T4.5_A9FE,Unknown
2025-10-09T19:25:43.710554+00:00,26.725447333333335,-81.906892,c4:49:bb:4f:ca:ec,-77,2437,6,WiFi Hotspot 0276,Unknown
2025-10-09T19:25:43.710554+00:00,26.725447333333335,-81.906892,fa:6d:cc:ad:32:b6,-81,2442,7,myChevrolet 32B6,Unknown
2025-10-09T19:25:43.710554+00:00,26.725447333333335,-81.906892,2c:dc:ad:be:a9:06,-77,2462,11,Audi_MMI_3977,Unknown
2025-10-09T19:25:43.710554+00:00,26.725447333333335,-81.906892,2a:03:eb:e6:ab:63,-75,2437,6,STASH1,Unknown
2025-10-09T19:25:43.710554+00:00,26.725447333333335,-81.906892,fa:d2:ac:48:ef:a5,-77,2437,6,CBCI-EFA0,Unknown
2025-10-09T19:26:04.040786+00:00,26.724501166666666,-81.9103395,ce:22:26:64:7c:ae,-76,2412,1,vazquez,Unknown
2025-10-09T19:26:04.040786+00:00,26.724501166666666,-81.9103395,2a:03:eb:e6:ab:63,-75,2437,6,STASH1,Unknown
2025-10-09T19:26:04.040786+00:00,26.724501166666666,-81.9103395,fa:d2:ac:48:ef:a5,-77,2437,6,CBCI-EFA0,Unknown
2025-10-09T19:26:24.619313+00:00,26.722325166666668,-81.91517133333333,fa:6d:cc:ad:32:b6,-86,2442,7,myChevrolet 32B6,Unknown
2025-10-09T19:26:45.858293+00:00,26.71899833333333,-81.919288,fa:6d:cc:ad:32:b6,-86,2442,7,myChevrolet 32B6,Unknown
2025-10-09T19:26:45.858293+00:00,26.71899833333333,-81.919288,ce:22:26:24:2e:64,-84,2412,1,IAN BOY,Unknown
2025-10-09T19:27:06.138104+00:00,26.715780666666667,-81.92278783333333,ce:22:26:24:2e:64,-84,2412,1,IAN BOY,Unknown
2025-10-09T19:27:26.375306+00:00,26.715071000000002,-81.92773216666667,0a:a7:c0:2b:35:71,-79,2412,1,Minenotyours,Unknown
2025-10-09T19:27:26.375306+00:00,26.715071000000002,-81.92773216666667,82:da:c2:cc:d1:71,-84,2462,11,Los viejitos,Unknown
2025-10-09T19:27:46.674847+00:00,26.715165666666667,-81.93235133333333,0a:a7:c0:2b:35:71,-79,2412,1,Minenotyours,Unknown
2025-10-09T19:27:46.674847+00:00,26.715165666666667,-81.93235133333333,82:da:c2:cc:d1:71,-84,2462,11,Los viejitos,Unknown
2025-10-09T19:28:07.583900+00:00,26.7141865,-81.93677866666667,bc:82:5d:40:cb:6e,-83,2462,11,WiFi Hotspot 1369,Unknown
2025-10-09T19:28:28.134517+00:00,26.713314166666667,-81.93881466666667,bc:82:5d:40:cb:6e,-82,2462,11,WiFi Hotspot 1369,Unknown
2025-10-09T19:28:28.134517+00:00,26.713314166666667,-81.93881466666667,14:c9:cf:6c:a9:fe,-87,2412,1,DV_T4.5_A9FE,Unknown
2025-10-09T19:28:28.134517+00:00,26.713314166666667,-81.93881466666667,aa:08:a5:9a:b0:51,-83,2437,6,GMC8551,Unknown
2025-10-09T19:28:48.138342+00:00,26.715639666666668,-81.94035633333333,bc:82:5d:40:cb:6e,-80,2462,11,WiFi Hotspot 1369,Unknown
2025-10-09T19:28:48.138342+00:00,26.715639666666668,-81.94035633333333,02:ec:e5:47:1e:a5,-91,2412,1,CenturyLink0505,Unknown
2025-10-09T19:28:48.138342+00:00,26.715639666666668,-81.94035633333333,e2:db:d1:30:9b:e8,-83,2437,6,ZoilaTercero,Unknown
2025-10-09T19:28:48.138342+00:00,26.715639666666668,-81.94035633333333,1e:9e:cc:13:ef:ba,-81,5220,45,XFSETUP-EFB4,Unknown
2025-10-09T19:29:08.026791+00:00,26.716340333333335,-81.939668,bc:82:5d:40:cb:6e,-80,2462,11,WiFi Hotspot 1369,Unknown
2025-10-09T19:29:08.026791+00:00,26.716340333333335,-81.939668,02:ec:e5:47:1e:a5,-91,2412,1,CenturyLink0505,Unknown
2025-10-09T19:29:08.026791+00:00,26.716340333333335,-81.939668,e2:db:d1:30:9b:e8,-83,2437,6,ZoilaTercero,Unknown
2025-10-09T19:29:08.026791+00:00,26.716340333333335,-81.939668,1e:9e:cc:13:ef:ba,-81,5220,45,XFSETUP-EFB4,Unknown
2025-10-09T19:29:08.026791+00:00,26.716340333333335,-81.939668,90:ca:fa:0a:b9:22,-85,2437,6,Dexter,Unknown
2025-10-09T19:29:08.026791+00:00,26.716340333333335,-81.939668,e2:db:d1:3d:d3:7b,-81,2462,11,Jupiter,Unknown
2025-10-09T19:29:28.142807+00:00,26.716348333333332,-81.9376225,90:ca:fa:0a:b9:22,-85,2437,6,Dexter,Unknown
2025-10-09T19:29:28.142807+00:00,26.716348333333332,-81.9376225,e2:db:d1:3d:d3:7b,-81,2462,11,Jupiter,Unknown
2025-10-09T19:29:48.142926+00:00,26.716100833333332,-81.93618733333334,7a:9c:8e:73:e5:51,-65,2412,1,Palacioshome,Unknown
2025-10-09T19:29:48.142926+00:00,26.716100833333332,-81.93618733333334,18:a5:ff:30:5a:3e,-83,2437,6,TMOBILE-5A3C,Unknown
2025-10-09T19:29:48.142926+00:00,26.716100833333332,-81.93618733333334,ac:df:9f:5c:10:c8,-85,2437,6,TMOBILE-10C6,Unknown
2025-10-09T19:29:48.142926+00:00,26.716100833333332,-81.93618733333334,02:58:28:1f:2a:d2,-78,2462,11,James,Unknown
2025-10-09T19:29:48.142926+00:00,26.716100833333332,-81.93618733333334,82:9c:8e:73:e5:52,-77,5785,158,Palacioshome,Unknown
2025-10-09T19:30:08.394376+00:00,26.715488,-81.9369795,7a:9c:8e:73:e5:51,-80,2412,1,Palacioshome,Unknown
2025-10-09T19:30:08.394376+00:00,26.715488,-81.9369795,18:a5:ff:30:5a:3e,-83,2437,6,TMOBILE-5A3C,Unknown
2025-10-09T19:30:08.394376+00:00,26.715488,-81.9369795,ac:df:9f:5c:10:c8,-85,2437,6,TMOBILE-10C6,Unknown
2025-10-09T19:30:08.394376+00:00,26.715488,-81.9369795,02:58:28:1f:2a:d2,-78,2462,11,James,Unknown
2025-10-09T19:30:08.394376+00:00,26.715488,-81.9369795,82:9c:8e:73:e5:52,-77,5785,158,Palacioshome,Unknown
2025-10-09T19:30:08.394376+00:00,26.715488,-81.9369795,18:0c:7a:13:a1:f7,-74,2412,1,TMOBILE-A1F1,Unknown
2025-10-09T19:30:08.394376+00:00,26.715488,-81.9369795,50:fd:d5:b2:e0:02,-92,2412,1,[range]_E30AJT7113425N,Unknown
2025-10-09T19:30:08.394376+00:00,26.715488,-81.9369795,a8:80:55:ed:77:20,-87,2437,6,SmartLife-771F,Unknown
2025-10-09T19:30:08.394376+00:00,26.715488,-81.9369795,98:ba:5f:5d:84:a3,-89,2437,6,TP-LINK_Smart Plug_84A3,Unknown
2025-10-09T19:30:08.394376+00:00,26.715488,-81.9369795,3a:3f:b3:16:72:b7,-82,2437,6,BPVGabriel,Unknown
2025-10-09T19:30:08.394376+00:00,26.715488,-81.9369795,18:0c:7a:13:a1:f6,-79,5200,41,TMOBILE-A1F1,Unknown
2025-10-09T19:30:29.189860+00:00,26.715506166666668,-81.93948383333333,7a:9c:8e:73:e5:51,-80,2412,1,Palacioshome,Unknown
2025-10-09T19:30:29.189860+00:00,26.715506166666668,-81.93948383333333,18:0c:7a:13:a1:f7,-74,2412,1,TMOBILE-A1F1,Unknown
2025-10-09T19:30:29.189860+00:00,26.715506166666668,-81.93948383333333,50:fd:d5:b2:e0:02,-92,2412,1,[range]_E30AJT7113425N,Unknown
2025-10-09T19:30:29.189860+00:00,26.715506166666668,-81.93948383333333,a8:80:55:ed:77:20,-87,2437,6,SmartLife-771F,Unknown
2025-10-09T19:30:29.189860+00:00,26.715506166666668,-81.93948383333333,98:ba:5f:5d:84:a3,-89,2437,6,TP-LINK_Smart Plug_84A3,Unknown
2025-10-09T19:30:29.189860+00:00,26.715506166666668,-81.93948383333333,3a:3f:b3:16:72:b7,-82,2437,6,BPVGabriel,Unknown
2025-10-09T19:30:29.189860+00:00,26.715506166666668,-81.93948383333333,18:0c:7a:13:a1:f6,-79,5200,41,TMOBILE-A1F1,Unknown
2025-10-09T19:30:29.189860+00:00,26.715506166666668,-81.93948383333333,02:16:78:57:67:d0,-88,2437,6,Arelwifi-2.4G-ext,Unknown
2025-10-09T19:30:29.189860+00:00,26.715506166666668,-81.93948383333333,3e:82:c0:e4:c7:c5,-75,2437,6,Arelwifi,Unknown
2025-10-09T19:30:29.189860+00:00,26.715506166666668,-81.93948383333333,02:58:28:1e:93:b2,-79,2462,11,Shelia,Unknown
2025-10-09T19:30:29.189860+00:00,26.715506166666668,-81.93948383333333,3e:82:c0:eb:c7:c6,-87,5785,158,Arelwifi,Unknown
2025-10-09T19:30:29.189860+00:00,26.715506166666668,-81.93948383333333,ae:4c:a5:4d:e0:bd,-85,5220,45,Knickerbocker,Unknown
2025-10-09T19:30:29.189860+00:00,26.715506166666668,-81.93948383333333,ae:4c:a5:4d:e0:bf,-85,5220,45,xfinitywifi,Unknown
2025-10-09T19:30:50.077437+00:00,26.716546333333334,-81.940151,02:16:78:57:67:d0,-88,2437,6,Arelwifi-2.4G-ext,Unknown
2025-10-09T19:30:50.077437+00:00,26.716546333333334,-81.940151,3e:82:c0:e4:c7:c5,-75,2437,6,Arelwifi,Unknown
2025-10-09T19:30:50.077437+00:00,26.716546333333334,-81.940151,02:58:28:1e:93:b2,-79,2462,11,Shelia,Unknown
2025-10-09T19:30:50.077437+00:00,26.716546333333334,-81.940151,3e:82:c0:eb:c7:c6,-87,5785,158,Arelwifi,Unknown
2025-10-09T19:30:50.077437+00:00,26.716546333333334,-81.940151,ae:4c:a5:4d:e0:bd,-85,5220,45,Knickerbocker,Unknown
2025-10-09T19:30:50.077437+00:00,26.716546333333334,-81.940151,ae:4c:a5:4d:e0:bf,-85,5220,45,xfinitywifi,Unknown
2025-10-09T19:31:10.193322+00:00,26.718988333333332,-81.9401075,b8:3a:9d:e6:42:8c,-82,2437,6,ADC-VDB750 (E6:42:8C),Unknown
2025-10-09T19:31:10.193322+00:00,26.718988333333332,-81.9401075,0e:36:c9:15:e5:52,-87,2462,11,sizzling,Unknown
2025-10-09T19:31:31.785039+00:00,26.719328166666667,-81.9409395,b8:3a:9d:e6:42:8c,-82,2437,6,ADC-VDB750 (E6:42:8C),Unknown
2025-10-09T19:31:31.785039+00:00,26.719328166666667,-81.9409395,0e:36:c9:15:e5:52,-87,2462,11,sizzling,Unknown
2025-10-09T19:31:31.785039+00:00,26.719328166666667,-81.9409395,ae:4c:a5:40:89:09,-83,2462,11,Casa Cabrera,Unknown
2025-10-09T19:31:53.353831+00:00,26.719337333333332,-81.9449815,ae:4c:a5:40:89:09,-83,2462,11,Casa Cabrera,Unknown
2025-10-09T19:31:53.353831+00:00,26.719337333333332,-81.9449815,02:cb:7a:0f:ce:9a,-80,2412,1,BadBunny,Unknown
2025-10-09T19:31:53.353831+00:00,26.719337333333332,-81.9449815,8e:6a:8d:59:04:3a,-83,2462,11,Home CG,Unknown
2025-10-09T19:32:14.413157+00:00,26.720436666666668,-81.94723416666666,02:cb:7a:0f:ce:9a,-80,2412,1,BadBunny,Unknown
2025-10-09T19:32:14.413157+00:00,26.720436666666668,-81.94723416666666,8e:6a:8d:59:04:3a,-83,2462,11,Home CG,Unknown
2025-10-09T19:32:35.419636+00:00,26.721550833333332,-81.94593983333333,30:de:4b:ad:c4:37,-82,2422,3,TP-Link_C438,Unknown
2025-10-09T19:32:35.419636+00:00,26.721550833333332,-81.94593983333333,24:41:fe:26:f3:fa,-84,2437,6,TeamChannell,Unknown
2025-10-09T19:32:35.419636+00:00,26.721550833333332,-81.94593983333333,8e:6a:8d:51:cf:7b,-78,2437,6,1love shack,Unknown
2025-10-09T19:32:35.419636+00:00,26.721550833333332,-81.94593983333333,20:d7:78:c1:c2:d6,-86,2442,7,ENVOY_087784,Unknown
2025-10-09T19:32:35.419636+00:00,26.721550833333332,-81.94593983333333,82:da:c2:df:af:b4,-87,2462,11,Khou,Unknown
2025-10-09T19:32:35.419636+00:00,26.721550833333332,-81.94593983333333,02:58:28:18:33:2a,-75,2462,11,Nicehouse,Unknown
2025-10-09T19:32:35.419636+00:00,26.721550833333332,-81.94593983333333,02:58:28:5b:72:b9,-80,2462,11,Nonowifi2,Unknown
2025-10-09T19:32:56.190153+00:00,26.722767833333332,-81.945473,30:de:4b:ad:c4:37,-82,2422,3,TP-Link_C438,Unknown
2025-10-09T19:32:56.190153+00:00,26.722767833333332,-81.945473,24:41:fe:26:f3:fa,-84,2437,6,TeamChannell,Unknown
2025-10-09T19:32:56.190153+00:00,26.722767833333332,-81.945473,8e:6a:8d:51:cf:7b,-78,2437,6,1love shack,Unknown
2025-10-09T19:32:56.190153+00:00,26.722767833333332,-81.945473,20:d7:78:c1:c2:d6,-86,2442,7,ENVOY_087784,Unknown
2025-10-09T19:32:56.190153+00:00,26.722767833333332,-81.945473,82:da:c2:df:af:b4,-74,2462,11,Khou,Unknown
2025-10-09T19:32:56.190153+00:00,26.722767833333332,-81.945473,02:58:28:18:33:2a,-75,2462,11,Nicehouse,Unknown
2025-10-09T19:32:56.190153+00:00,26.722767833333332,-81.945473,02:58:28:5b:72:b9,-80,2462,11,Nonowifi2,Unknown
2025-10-09T19:32:56.190153+00:00,26.722767833333332,-81.945473,50:ba:7d:80:ae:a2,-80,2437,6,Juniorsworld,Unknown
2025-10-09T19:32:56.190153+00:00,26.722767833333332,-81.945473,82:da:c2:e6:af:b5,-77,5220,45,Khou,Unknown
2025-10-09T19:33:17.647699+00:00,26.722876333333332,-81.94526033333334,82:da:c2:df:af:b4,-77,2462,11,Khou,Unknown
2025-10-09T19:33:17.647699+00:00,26.722876333333332,-81.94526033333334,50:ba:7d:80:ae:a2,-67,2437,6,Juniorsworld,Unknown
2025-10-09T19:33:17.647699+00:00,26.722876333333332,-81.94526033333334,82:da:c2:e6:af:b5,-82,5220,45,Khou,Unknown
2025-10-09T19:33:17.647699+00:00,26.722876333333332,-81.94526033333334,50:ba:7d:80:21:26,-89,2462,11,Juniorsworld,Unknown
2025-10-09T19:33:17.647699+00:00,26.722876333333332,-81.94526033333334,52:ba:7d:80:ae:a2,-81,5180,37,Juniorsworld,Unknown
2025-10-09T19:33:17.647699+00:00,26.722876333333332,-81.94526033333334,70:3a:cb:b0:9f:99,-83,5180,37,main_5g,Unknown
2025-10-09T19:33:38.661783+00:00,26.722871166666668,-81.9452395,70:3a:cb:b0:9f:99,-79,5180,37,main_5g,Unknown
2025-10-09T19:33:38.661783+00:00,26.722871166666668,-81.9452395,4a:4b:d4:68:88:28,-81,2437,6,Marco's internet\x20,Unknown
2025-10-09T19:33:38.661783+00:00,26.722871166666668,-81.9452395,70:3a:cb:b0:9f:92,-85,2412,1,main,Unknown
2025-10-09T19:33:38.661783+00:00,26.722871166666668,-81.9452395,70:3a:cb:b0:9f:9d,-74,2412,1,main,Unknown
2025-10-09T19:33:38.661783+00:00,26.722871166666668,-81.9452395,72:3a:cb:b0:9f:9d,-75,2412,1,main3,Unknown
2025-10-09T19:33:38.661783+00:00,26.722871166666668,-81.9452395,50:ba:7d:80:ae:a2,-72,2437,6,Juniorsworld,Unknown
2025-10-09T19:33:38.661783+00:00,26.722871166666668,-81.9452395,1e:9e:cc:11:d1:94,-86,2437,6,Xnfiniti2025,Unknown
2025-10-09T19:33:38.661783+00:00,26.722871166666668,-81.9452395,82:da:c2:df:af:b4,-74,2462,11,Khou,Unknown
2025-10-09T19:33:38.661783+00:00,26.722871166666668,-81.9452395,82:da:c2:e6:af:b5,-74,5220,45,Khou,Unknown
