timestamp,lat,long,bssid,signal_dbm,frequency,channel,ssid,devicename
20251020_141502,26.672923166666667,-81.80776616666667,28:70:4e:d0:88:31,-48,5765,154,Bermuda,pole 08
20251020_141502,26.672923166666667,-81.80776616666667,28:70:4e:d0:88:30,-60,2412,1,Bermuda,pole 08
20251020_141502,26.672923166666667,-81.80776616666667,2e:70:4e:d0:88:30,-61,2412,1,Bermuda Guest WIFI,pole 08
20251020_141502,26.672923166666667,-81.80776616666667,2e:70:4e:d0:89:0b,-85,2412,1,Bermuda Guest WIFI,pole 10
20251020_141502,26.672923166666667,-81.80776616666667,28:70:4e:d0:89:05,-84,2412,1,Bermuda,pole 06
20251020_141502,26.672923166666667,-81.80776616666667,28:70:4e:d0:89:20,-72,2412,1,Bermuda,pole 01 S
20251020_141502,26.672923166666667,-81.80776616666667,2e:70:4e:d0:89:20,-74,2412,1,Bermuda Guest WIFI,pole 01 S
20251020_141502,26.672923166666667,-81.80776616666667,28:70:4e:d0:88:f6,-86,2437,6,Bermuda,pole 02 E
20251020_141502,26.672923166666667,-81.80776616666667,2e:70:4e:d0:88:f6,-86,2437,6,Bermuda Guest WIFI,pole 02 E
20251020_141502,26.672923166666667,-81.80776616666667,28:70:4e:d0:87:c7,-89,2437,6,Bermuda,pole 05
20251020_141502,26.672923166666667,-81.80776616666667,28:70:4e:d2:8b:2d,-75,2462,11,Bermuda,pole 02 N
20251020_141502,26.672923166666667,-81.80776616666667,2e:70:4e:d2:8b:2d,-75,2462,11,Bermuda Guest WIFI,pole 02 N
20251020_141502,26.672923166666667,-81.80776616666667,28:70:4e:dd:d3:1f,-72,2462,11,Bermuda,pole 01 NE
20251020_141502,26.672923166666667,-81.80776616666667,2e:70:4e:dd:d3:1f,-74,2462,11,Bermuda Guest WIFI,pole 01 NE
20251020_141502,26.672923166666667,-81.80776616666667,28:70:4e:d0:87:dc,-76,2462,11,Bermuda,pole 07
20251020_141502,26.672923166666667,-81.80776616666667,2e:70:4e:d0:87:dc,-76,2462,11,Bermuda Guest WIFI,pole 07
20251020_141502,26.672923166666667,-81.80776616666667,2e:70:4e:d0:86:3e,-74,2462,11,Bermuda Guest WIFI,pole 09
20251020_141502,26.672923166666667,-81.80776616666667,2e:70:4e:d0:88:31,-47,5765,154,Bermuda Guest WIFI,pole 08
20251020_141502,26.672923166666667,-81.80776616666667,60:22:32:16:00:d3,-84,5240,49,Bermuda,laundry2
20251020_141502,26.672923166666667,-81.80776616666667,62:22:32:16:00:d3,-83,5240,49,Bermuda Guest WIFI,laundry2
20251020_141502,26.672922166666666,-81.80777066666667,28:70:4e:d0:88:31,-39,5765,154,Bermuda,pole 08
20251020_141502,26.672922166666666,-81.80777066666667,28:70:4e:d0:88:30,-56,2412,1,Bermuda,pole 08
20251020_141502,26.672922166666666,-81.80777066666667,2e:70:4e:d0:88:30,-58,2412,1,Bermuda Guest WIFI,pole 08
20251020_141502,26.672922166666666,-81.80777066666667,2e:70:4e:d0:89:0b,-85,2412,1,Bermuda Guest WIFI,pole 10
20251020_141502,26.672922166666666,-81.80777066666667,28:70:4e:d0:89:05,-84,2412,1,Bermuda,pole 06
20251020_141502,26.672922166666666,-81.80777066666667,28:70:4e:d0:89:20,-73,2412,1,Bermuda,pole 01 S
20251020_141502,26.672922166666666,-81.80777066666667,2e:70:4e:d0:89:20,-73,2412,1,Bermuda Guest WIFI,pole 01 S
20251020_141502,26.672922166666666,-81.80777066666667,28:70:4e:d0:88:f6,-86,2437,6,Bermuda,pole 02 E
20251020_141502,26.672922166666666,-81.80777066666667,2e:70:4e:d0:88:f6,-86,2437,6,Bermuda Guest WIFI,pole 02 E
20251020_141502,26.672922166666666,-81.80777066666667,28:70:4e:d0:87:c7,-89,2437,6,Bermuda,pole 05
20251020_141502,26.672922166666666,-81.80777066666667,28:70:4e:d2:8b:2d,-77,2462,11,Bermuda,pole 02 N
20251020_141502,26.672922166666666,-81.80777066666667,2e:70:4e:d2:8b:2d,-77,2462,11,Bermuda Guest WIFI,pole 02 N
20251020_141502,26.672922166666666,-81.80777066666667,28:70:4e:dd:d3:1f,-78,2462,11,Bermuda,pole 01 NE
20251020_141502,26.672922166666666,-81.80777066666667,2e:70:4e:dd:d3:1f,-79,2462,11,Bermuda Guest WIFI,pole 01 NE
20251020_141502,26.672922166666666,-81.80777066666667,28:70:4e:d0:87:dc,-73,2462,11,Bermuda,pole 07
20251020_141502,26.672922166666666,-81.80777066666667,2e:70:4e:d0:87:dc,-73,2462,11,Bermuda Guest WIFI,pole 07
20251020_141502,26.672922166666666,-81.80777066666667,2e:70:4e:d0:86:3e,-78,2462,11,Bermuda Guest WIFI,pole 09
20251020_141502,26.672922166666666,-81.80777066666667,2e:70:4e:d0:88:31,-39,5765,154,Bermuda Guest WIFI,pole 08
20251020_141502,26.672922166666666,-81.80777066666667,60:22:32:16:00:d3,-80,5240,49,Bermuda,laundry2
20251020_141502,26.672922166666666,-81.80777066666667,62:22:32:16:00:d3,-81,5240,49,Bermuda Guest WIFI,laundry2
20251020_141502,26.672923333333333,-81.80776183333333,28:70:4e:d0:88:31,-48,5765,154,Bermuda,pole 08
20251020_141502,26.672923333333333,-81.80776183333333,28:70:4e:d0:88:30,-60,2412,1,Bermuda,pole 08
20251020_141502,26.672923333333333,-81.80776183333333,2e:70:4e:d0:88:30,-61,2412,1,Bermuda Guest WIFI,pole 08
20251020_141502,26.672923333333333,-81.80776183333333,2e:70:4e:d0:89:0b,-85,2412,1,Bermuda Guest WIFI,pole 10
20251020_141502,26.672923333333333,-81.80776183333333,28:70:4e:d0:89:05,-84,2412,1,Bermuda,pole 06
20251020_141502,26.672923333333333,-81.80776183333333,28:70:4e:d0:89:20,-70,2412,1,Bermuda,pole 01 S
20251020_141502,26.672923333333333,-81.80776183333333,2e:70:4e:d0:89:20,-71,2412,1,Bermuda Guest WIFI,pole 01 S
20251020_141502,26.672923333333333,-81.80776183333333,28:70:4e:d0:88:f6,-86,2437,6,Bermuda,pole 02 E
20251020_141502,26.672923333333333,-81.80776183333333,2e:70:4e:d0:88:f6,-86,2437,6,Bermuda Guest WIFI,pole 02 E
20251020_141502,26.672923333333333,-81.80776183333333,28:70:4e:d0:87:c7,-89,2437,6,Bermuda,pole 05
20251020_141502,26.672923333333333,-81.80776183333333,28:70:4e:d2:8b:2d,-75,2462,11,Bermuda,pole 02 N
20251020_141502,26.672923333333333,-81.80776183333333,2e:70:4e:d2:8b:2d,-75,2462,11,Bermuda Guest WIFI,pole 02 N
20251020_141502,26.672923333333333,-81.80776183333333,28:70:4e:dd:d3:1f,-72,2462,11,Bermuda,pole 01 NE
20251020_141502,26.672923333333333,-81.80776183333333,2e:70:4e:dd:d3:1f,-73,2462,11,Bermuda Guest WIFI,pole 01 NE
20251020_141502,26.672923333333333,-81.80776183333333,28:70:4e:d0:87:dc,-72,2462,11,Bermuda,pole 07
20251020_141502,26.672923333333333,-81.80776183333333,2e:70:4e:d0:87:dc,-72,2462,11,Bermuda Guest WIFI,pole 07
20251020_141502,26.672923333333333,-81.80776183333333,2e:70:4e:d0:86:3e,-78,2462,11,Bermuda Guest WIFI,pole 09
20251020_141502,26.672923333333333,-81.80776183333333,2e:70:4e:d0:88:31,-48,5765,154,Bermuda Guest WIFI,pole 08
20251020_141502,26.672923333333333,-81.80776183333333,60:22:32:16:00:d3,-85,5240,49,Bermuda,laundry2
20251020_141502,26.672923333333333,-81.80776183333333,62:22:32:16:00:d3,-85,5240,49,Bermuda Guest WIFI,laundry2
20251020_141502,26.672923333333333,-81.80776183333333,28:70:4e:d0:89:0b,-87,2412,1,Bermuda,pole 10
20251020_141502,26.672923333333333,-81.80776183333333,2e:70:4e:d0:89:05,-80,2412,1,Bermuda Guest WIFI,pole 06
20251020_141502,26.672923333333333,-81.80776183333333,02:17:1a:c9:41:fb,-86,2427,4,Winegard2ghzC941F9,Unknown
20251020_141502,26.672923333333333,-81.80776183333333,2e:70:4e:d0:87:dd,-64,5220,45,Bermuda Guest WIFI,pole 07
20251020_141502,26.672925166666666,-81.8077645,28:70:4e:d0:88:31,-39,5765,154,Bermuda,pole 08
20251020_141502,26.672925166666666,-81.8077645,28:70:4e:d0:88:30,-55,2412,1,Bermuda,pole 08
20251020_141502,26.672925166666666,-81.8077645,2e:70:4e:d0:88:30,-55,2412,1,Bermuda Guest WIFI,pole 08
20251020_141502,26.672925166666666,-81.8077645,28:70:4e:d0:89:20,-70,2412,1,Bermuda,pole 01 S
20251020_141502,26.672925166666666,-81.8077645,2e:70:4e:d0:89:20,-71,2412,1,Bermuda Guest WIFI,pole 01 S
20251020_141502,26.672925166666666,-81.8077645,28:70:4e:d2:8b:2d,-75,2462,11,Bermuda,pole 02 N
20251020_141502,26.672925166666666,-81.8077645,2e:70:4e:d2:8b:2d,-75,2462,11,Bermuda Guest WIFI,pole 02 N
20251020_141502,26.672925166666666,-81.8077645,28:70:4e:dd:d3:1f,-80,2462,11,Bermuda,pole 01 NE
20251020_141502,26.672925166666666,-81.8077645,2e:70:4e:dd:d3:1f,-79,2462,11,Bermuda Guest WIFI,pole 01 NE
20251020_141502,26.672925166666666,-81.8077645,28:70:4e:d0:87:dc,-72,2462,11,Bermuda,pole 07
20251020_141502,26.672925166666666,-81.8077645,2e:70:4e:d0:87:dc,-72,2462,11,Bermuda Guest WIFI,pole 07
20251020_141502,26.672925166666666,-81.8077645,2e:70:4e:d0:86:3e,-78,2462,11,Bermuda Guest WIFI,pole 09
20251020_141502,26.672925166666666,-81.8077645,2e:70:4e:d0:88:31,-39,5765,154,Bermuda Guest WIFI,pole 08
20251020_141502,26.672925166666666,-81.8077645,60:22:32:16:00:d3,-81,5240,49,Bermuda,laundry2
20251020_141502,26.672925166666666,-81.8077645,62:22:32:16:00:d3,-81,5240,49,Bermuda Guest WIFI,laundry2
20251020_141502,26.672925166666666,-81.8077645,28:70:4e:d0:89:0b,-87,2412,1,Bermuda,pole 10
20251020_141502,26.672925166666666,-81.8077645,2e:70:4e:d0:89:05,-80,2412,1,Bermuda Guest WIFI,pole 06
20251020_141502,26.672925166666666,-81.8077645,02:17:1a:c9:41:fb,-86,2427,4,Winegard2ghzC941F9,Unknown
20251020_141502,26.672925166666666,-81.8077645,2e:70:4e:d0:87:dd,-64,5220,45,Bermuda Guest WIFI,pole 07
2025-10-20T14:15:42.067293+00:00,26.672926333333333,-81.80775816666667,28:70:4e:d0:88:31,-39,5765,154,Bermuda,pole 08
2025-10-20T14:15:42.067293+00:00,26.672926333333333,-81.80775816666667,28:70:4e:d0:88:30,-61,2412,1,Bermuda,pole 08
2025-10-20T14:15:42.067293+00:00,26.672926333333333,-81.80775816666667,2e:70:4e:d0:88:30,-60,2412,1,Bermuda Guest WIFI,pole 08
2025-10-20T14:15:42.067293+00:00,26.672926333333333,-81.80775816666667,28:70:4e:d0:89:20,-70,2412,1,Bermuda,pole 01 S
2025-10-20T14:15:42.067293+00:00,26.672926333333333,-81.80775816666667,2e:70:4e:d0:89:20,-71,2412,1,Bermuda Guest WIFI,pole 01 S
2025-10-20T14:15:42.067293+00:00,26.672926333333333,-81.80775816666667,28:70:4e:d2:8b:2d,-75,2462,11,Bermuda,pole 02 N
2025-10-20T14:15:42.067293+00:00,26.672926333333333,-81.80775816666667,2e:70:4e:d2:8b:2d,-75,2462,11,Bermuda Guest WIFI,pole 02 N
2025-10-20T14:15:42.067293+00:00,26.672926333333333,-81.80775816666667,28:70:4e:dd:d3:1f,-80,2462,11,Bermuda,pole 01 NE
2025-10-20T14:15:42.067293+00:00,26.672926333333333,-81.80775816666667,2e:70:4e:dd:d3:1f,-79,2462,11,Bermuda Guest WIFI,pole 01 NE
2025-10-20T14:15:42.067293+00:00,26.672926333333333,-81.80775816666667,28:70:4e:d0:87:dc,-72,2462,11,Bermuda,pole 07
2025-10-20T14:15:42.067293+00:00,26.672926333333333,-81.80775816666667,2e:70:4e:d0:87:dc,-72,2462,11,Bermuda Guest WIFI,pole 07
2025-10-20T14:15:42.067293+00:00,26.672926333333333,-81.80775816666667,2e:70:4e:d0:88:31,-39,5765,154,Bermuda Guest WIFI,pole 08
2025-10-20T14:15:42.067293+00:00,26.672926333333333,-81.80775816666667,60:22:32:16:00:d3,-81,5240,49,Bermuda,laundry2
2025-10-20T14:15:42.067293+00:00,26.672926333333333,-81.80775816666667,62:22:32:16:00:d3,-81,5240,49,Bermuda Guest WIFI,laundry2
2025-10-20T14:15:42.067293+00:00,26.672926333333333,-81.80775816666667,28:70:4e:d0:89:0b,-87,2412,1,Bermuda,pole 10
2025-10-20T14:15:42.067293+00:00,26.672926333333333,-81.80775816666667,2e:70:4e:d0:89:05,-80,2412,1,Bermuda Guest WIFI,pole 06
2025-10-20T14:15:42.067293+00:00,26.672926333333333,-81.80775816666667,02:17:1a:c9:41:fb,-86,2427,4,Winegard2ghzC941F9,Unknown
2025-10-20T14:15:42.067293+00:00,26.672926333333333,-81.80775816666667,2e:70:4e:d0:87:dd,-64,5220,45,Bermuda Guest WIFI,pole 07
2025-10-20T14:15:42.067293+00:00,26.672926333333333,-81.80775816666667,28:70:4e:d0:87:c8,-88,5785,158,Bermuda,pole 05
2025-10-20T14:15:42.067293+00:00,26.672926833333335,-81.80775583333333,28:70:4e:d0:88:31,-38,5765,154,Bermuda,pole 08
2025-10-20T14:15:42.067293+00:00,26.672926833333335,-81.80775583333333,28:70:4e:d0:88:30,-56,2412,1,Bermuda,pole 08
2025-10-20T14:15:42.067293+00:00,26.672926833333335,-81.80775583333333,2e:70:4e:d0:88:30,-55,2412,1,Bermuda Guest WIFI,pole 08
2025-10-20T14:15:42.067293+00:00,26.672926833333335,-81.80775583333333,2e:70:4e:d0:89:20,-71,2412,1,Bermuda Guest WIFI,pole 01 S
2025-10-20T14:15:42.067293+00:00,26.672926833333335,-81.80775583333333,28:70:4e:dd:d3:1f,-80,2462,11,Bermuda,pole 01 NE
2025-10-20T14:15:42.067293+00:00,26.672926833333335,-81.80775583333333,2e:70:4e:dd:d3:1f,-79,2462,11,Bermuda Guest WIFI,pole 01 NE
2025-10-20T14:15:42.067293+00:00,26.672926833333335,-81.80775583333333,2e:70:4e:d0:88:31,-39,5765,154,Bermuda Guest WIFI,pole 08
2025-10-20T14:15:42.067293+00:00,26.672926833333335,-81.80775583333333,60:22:32:16:00:d3,-80,5240,49,Bermuda,laundry2
2025-10-20T14:15:42.067293+00:00,26.672926833333335,-81.80775583333333,62:22:32:16:00:d3,-79,5240,49,Bermuda Guest WIFI,laundry2
2025-10-20T14:15:42.067293+00:00,26.672926833333335,-81.80775583333333,28:70:4e:d0:87:c8,-88,5785,158,Bermuda,pole 05
2025-10-20T14:15:42.067293+00:00,26.672926833333335,-81.80775583333333,28:70:4e:d0:88:f6,-81,2437,6,Bermuda,pole 02 E
2025-10-20T14:15:42.067293+00:00,26.672926833333335,-81.80775583333333,28:70:4e:d0:87:dd,-66,5220,45,Bermuda,pole 07
2025-10-20T14:15:42.067293+00:00,26.672926833333335,-81.80775583333333,2e:70:4e:d0:87:dd,-66,5220,45,Bermuda Guest WIFI,pole 07
2025-10-20T14:15:42.067293+00:00,26.672925,-81.8077525,28:70:4e:d0:88:31,-47,5765,154,Bermuda,pole 08
2025-10-20T14:15:42.067293+00:00,26.672925,-81.8077525,28:70:4e:d0:88:30,-61,2412,1,Bermuda,pole 08
2025-10-20T14:15:42.067293+00:00,26.672925,-81.8077525,2e:70:4e:d0:88:30,-61,2412,1,Bermuda Guest WIFI,pole 08
2025-10-20T14:15:42.067293+00:00,26.672925,-81.8077525,2e:70:4e:d0:88:31,-48,5765,154,Bermuda Guest WIFI,pole 08
2025-10-20T14:15:42.067293+00:00,26.672925,-81.8077525,60:22:32:16:00:d3,-85,5240,49,Bermuda,laundry2
2025-10-20T14:15:42.067293+00:00,26.672925,-81.8077525,62:22:32:16:00:d3,-84,5240,49,Bermuda Guest WIFI,laundry2
2025-10-20T14:15:42.067293+00:00,26.672925,-81.8077525,28:70:4e:d0:87:c8,-88,5785,158,Bermuda,pole 05
2025-10-20T14:15:42.067293+00:00,26.672925,-81.8077525,28:70:4e:d0:88:f6,-81,2437,6,Bermuda,pole 02 E
2025-10-20T14:15:42.067293+00:00,26.672925,-81.8077525,28:70:4e:d0:87:dd,-64,5220,45,Bermuda,pole 07
2025-10-20T14:15:42.067293+00:00,26.672925,-81.8077525,2e:70:4e:d0:87:dd,-64,5220,45,Bermuda Guest WIFI,pole 07
2025-10-20T14:15:42.067293+00:00,26.672925,-81.8077525,28:70:4e:d0:89:20,-74,2412,1,Bermuda,pole 01 S
2025-10-20T14:15:42.067293+00:00,26.672925,-81.8077525,2e:70:4e:d0:89:20,-73,2412,1,Bermuda Guest WIFI,pole 01 S
2025-10-20T14:15:42.067293+00:00,26.672925,-81.8077525,28:70:4e:d2:8b:2d,-87,2462,11,Bermuda,pole 02 N
2025-10-20T14:15:42.067293+00:00,26.672925,-81.8077525,2e:70:4e:d2:8b:2d,-87,2462,11,Bermuda Guest WIFI,pole 02 N
2025-10-20T14:15:42.067293+00:00,26.672925,-81.8077525,28:70:4e:dd:d3:1f,-72,2462,11,Bermuda,pole 01 NE
2025-10-20T14:15:42.067293+00:00,26.672925,-81.8077525,2e:70:4e:dd:d3:1f,-73,2462,11,Bermuda Guest WIFI,pole 01 NE
2025-10-20T14:15:42.067293+00:00,26.672923333333333,-81.8077395,28:70:4e:d0:88:31,-38,5765,154,Bermuda,pole 08
2025-10-20T14:15:42.067293+00:00,26.672923333333333,-81.8077395,28:70:4e:d0:88:30,-56,2412,1,Bermuda,pole 08
2025-10-20T14:15:42.067293+00:00,26.672923333333333,-81.8077395,2e:70:4e:d0:88:30,-56,2412,1,Bermuda Guest WIFI,pole 08
2025-10-20T14:15:42.067293+00:00,26.672923333333333,-81.8077395,2e:70:4e:d0:88:31,-39,5765,154,Bermuda Guest WIFI,pole 08
2025-10-20T14:15:42.067293+00:00,26.672923333333333,-81.8077395,60:22:32:16:00:d3,-79,5240,49,Bermuda,laundry2
2025-10-20T14:15:42.067293+00:00,26.672923333333333,-81.8077395,62:22:32:16:00:d3,-79,5240,49,Bermuda Guest WIFI,laundry2
2025-10-20T14:15:42.067293+00:00,26.672923333333333,-81.8077395,28:70:4e:d0:88:f6,-81,2437,6,Bermuda,pole 02 E
2025-10-20T14:15:42.067293+00:00,26.672923333333333,-81.8077395,28:70:4e:d0:87:dd,-64,5220,45,Bermuda,pole 07
2025-10-20T14:15:42.067293+00:00,26.672923333333333,-81.8077395,2e:70:4e:d0:87:dd,-64,5220,45,Bermuda Guest WIFI,pole 07
2025-10-20T14:15:42.067293+00:00,26.672923333333333,-81.8077395,28:70:4e:d0:89:20,-74,2412,1,Bermuda,pole 01 S
2025-10-20T14:15:42.067293+00:00,26.672923333333333,-81.8077395,2e:70:4e:d0:89:20,-75,2412,1,Bermuda Guest WIFI,pole 01 S
2025-10-20T14:15:42.067293+00:00,26.672923333333333,-81.8077395,28:70:4e:d2:8b:2d,-87,2462,11,Bermuda,pole 02 N
2025-10-20T14:15:42.067293+00:00,26.672923333333333,-81.8077395,2e:70:4e:d2:8b:2d,-87,2462,11,Bermuda Guest WIFI,pole 02 N
2025-10-20T14:15:42.067293+00:00,26.672923333333333,-81.8077395,28:70:4e:dd:d3:1f,-72,2462,11,Bermuda,pole 01 NE
2025-10-20T14:15:42.067293+00:00,26.672923333333333,-81.8077395,2e:70:4e:dd:d3:1f,-73,2462,11,Bermuda Guest WIFI,pole 01 NE
2025-10-20T14:15:42.067293+00:00,26.672923333333333,-81.8077395,28:70:4e:d2:8b:2e,-74,5220,45,Bermuda,pole 02 N
2025-10-20T14:15:42.067293+00:00,26.672923333333333,-81.8077395,2e:70:4e:d2:8b:2e,-74,5220,45,Bermuda Guest WIFI,pole 02 N
2025-10-20T14:16:28.066191+00:00,26.672922166666666,-81.807741,28:70:4e:d0:88:31,-38,5765,154,Bermuda,pole 08
2025-10-20T14:16:28.066191+00:00,26.672922166666666,-81.807741,28:70:4e:d0:88:30,-61,2412,1,Bermuda,pole 08
2025-10-20T14:16:28.066191+00:00,26.672922166666666,-81.807741,2e:70:4e:d0:88:30,-60,2412,1,Bermuda Guest WIFI,pole 08
2025-10-20T14:16:28.066191+00:00,26.672922166666666,-81.807741,2e:70:4e:d0:88:31,-39,5765,154,Bermuda Guest WIFI,pole 08
2025-10-20T14:16:28.066191+00:00,26.672922166666666,-81.807741,60:22:32:16:00:d3,-86,5240,49,Bermuda,laundry2
2025-10-20T14:16:28.066191+00:00,26.672922166666666,-81.807741,62:22:32:16:00:d3,-85,5240,49,Bermuda Guest WIFI,laundry2
2025-10-20T14:16:28.066191+00:00,26.672922166666666,-81.807741,28:70:4e:d0:87:dd,-64,5220,45,Bermuda,pole 07
2025-10-20T14:16:28.066191+00:00,26.672922166666666,-81.807741,2e:70:4e:d0:87:dd,-64,5220,45,Bermuda Guest WIFI,pole 07
2025-10-20T14:16:28.066191+00:00,26.672922166666666,-81.807741,28:70:4e:d0:89:20,-73,2412,1,Bermuda,pole 01 S
2025-10-20T14:16:28.066191+00:00,26.672922166666666,-81.807741,2e:70:4e:d0:89:20,-75,2412,1,Bermuda Guest WIFI,pole 01 S
2025-10-20T14:16:28.066191+00:00,26.672922166666666,-81.807741,28:70:4e:d2:8b:2d,-87,2462,11,Bermuda,pole 02 N
2025-10-20T14:16:28.066191+00:00,26.672922166666666,-81.807741,2e:70:4e:d2:8b:2d,-87,2462,11,Bermuda Guest WIFI,pole 02 N
2025-10-20T14:16:28.066191+00:00,26.672922166666666,-81.807741,28:70:4e:dd:d3:1f,-72,2462,11,Bermuda,pole 01 NE
2025-10-20T14:16:28.066191+00:00,26.672922166666666,-81.807741,2e:70:4e:dd:d3:1f,-73,2462,11,Bermuda Guest WIFI,pole 01 NE
2025-10-20T14:16:28.066191+00:00,26.672922166666666,-81.807741,28:70:4e:d2:8b:2e,-77,5220,45,Bermuda,pole 02 N
2025-10-20T14:16:28.066191+00:00,26.672922166666666,-81.807741,2e:70:4e:d2:8b:2e,-76,5220,45,Bermuda Guest WIFI,pole 02 N
2025-10-20T14:16:28.066191+00:00,26.672922166666666,-81.807741,2e:70:4e:d0:89:05,-83,2412,1,Bermuda Guest WIFI,pole 06
2025-10-20T14:16:28.066191+00:00,26.672921333333335,-81.80774066666666,28:70:4e:d0:88:31,-39,5765,154,Bermuda,pole 08
2025-10-20T14:16:28.066191+00:00,26.672921333333335,-81.80774066666666,28:70:4e:d0:88:30,-56,2412,1,Bermuda,pole 08
2025-10-20T14:16:28.066191+00:00,26.672921333333335,-81.80774066666666,2e:70:4e:d0:88:30,-55,2412,1,Bermuda Guest WIFI,pole 08
2025-10-20T14:16:28.066191+00:00,26.672921333333335,-81.80774066666666,2e:70:4e:d0:88:31,-39,5765,154,Bermuda Guest WIFI,pole 08
2025-10-20T14:16:28.066191+00:00,26.672921333333335,-81.80774066666666,60:22:32:16:00:d3,-78,5240,49,Bermuda,laundry2
2025-10-20T14:16:28.066191+00:00,26.672921333333335,-81.80774066666666,62:22:32:16:00:d3,-79,5240,49,Bermuda Guest WIFI,laundry2
2025-10-20T14:16:28.066191+00:00,26.672921333333335,-81.80774066666666,28:70:4e:d0:89:20,-73,2412,1,Bermuda,pole 01 S
2025-10-20T14:16:28.066191+00:00,26.672921333333335,-81.80774066666666,2e:70:4e:d0:89:20,-76,2412,1,Bermuda Guest WIFI,pole 01 S
2025-10-20T14:16:28.066191+00:00,26.672921333333335,-81.80774066666666,28:70:4e:d2:8b:2e,-77,5220,45,Bermuda,pole 02 N
2025-10-20T14:16:28.066191+00:00,26.672921333333335,-81.80774066666666,2e:70:4e:d2:8b:2e,-76,5220,45,Bermuda Guest WIFI,pole 02 N
2025-10-20T14:16:28.066191+00:00,26.672921333333335,-81.80774066666666,2e:70:4e:d0:89:05,-83,2412,1,Bermuda Guest WIFI,pole 06
2025-10-20T14:16:28.066191+00:00,26.672921666666667,-81.80774083333333,28:70:4e:d0:88:31,-47,5765,154,Bermuda,pole 08
2025-10-20T14:16:28.066191+00:00,26.672921666666667,-81.80774083333333,28:70:4e:d0:88:30,-62,2412,1,Bermuda,pole 08
2025-10-20T14:16:28.066191+00:00,26.672921666666667,-81.80774083333333,2e:70:4e:d0:88:30,-62,2412,1,Bermuda Guest WIFI,pole 08
2025-10-20T14:16:28.066191+00:00,26.672921666666667,-81.80774083333333,2e:70:4e:d0:88:31,-47,5765,154,Bermuda Guest WIFI,pole 08
2025-10-20T14:16:28.066191+00:00,26.672921666666667,-81.80774083333333,60:22:32:16:00:d3,-84,5240,49,Bermuda,laundry2
2025-10-20T14:16:28.066191+00:00,26.672921666666667,-81.80774083333333,62:22:32:16:00:d3,-83,5240,49,Bermuda Guest WIFI,laundry2
2025-10-20T14:16:28.066191+00:00,26.672921666666667,-81.80774083333333,28:70:4e:d0:89:20,-73,2412,1,Bermuda,pole 01 S
2025-10-20T14:16:28.066191+00:00,26.672921666666667,-81.80774083333333,2e:70:4e:d0:89:20,-76,2412,1,Bermuda Guest WIFI,pole 01 S
2025-10-20T14:16:28.066191+00:00,26.672921666666667,-81.80774083333333,28:70:4e:d2:8b:2e,-77,5220,45,Bermuda,pole 02 N
2025-10-20T14:16:28.066191+00:00,26.672921666666667,-81.80774083333333,2e:70:4e:d2:8b:2e,-76,5220,45,Bermuda Guest WIFI,pole 02 N
2025-10-20T14:16:28.066191+00:00,26.672921666666667,-81.80774083333333,2e:70:4e:d0:89:05,-82,2412,1,Bermuda Guest WIFI,pole 06
2025-10-20T14:16:28.066191+00:00,26.672921666666667,-81.80774083333333,28:70:4e:d0:87:dc,-73,2462,11,Bermuda,pole 07
2025-10-20T14:16:28.066191+00:00,26.672921666666667,-81.80774083333333,2e:70:4e:d0:87:dc,-74,2462,11,Bermuda Guest WIFI,pole 07
2025-10-20T14:16:28.066191+00:00,26.672921,-81.80774,28:70:4e:d0:88:31,-39,5765,154,Bermuda,pole 08
2025-10-20T14:16:28.066191+00:00,26.672921,-81.80774,28:70:4e:d0:88:30,-56,2412,1,Bermuda,pole 08
2025-10-20T14:16:28.066191+00:00,26.672921,-81.80774,2e:70:4e:d0:88:30,-56,2412,1,Bermuda Guest WIFI,pole 08
2025-10-20T14:16:28.066191+00:00,26.672921,-81.80774,2e:70:4e:d0:88:31,-39,5765,154,Bermuda Guest WIFI,pole 08
2025-10-20T14:16:28.066191+00:00,26.672921,-81.80774,60:22:32:16:00:d3,-79,5240,49,Bermuda,laundry2
2025-10-20T14:16:28.066191+00:00,26.672921,-81.80774,62:22:32:16:00:d3,-79,5240,49,Bermuda Guest WIFI,laundry2
2025-10-20T14:16:28.066191+00:00,26.672921,-81.80774,28:70:4e:d0:89:20,-74,2412,1,Bermuda,pole 01 S
2025-10-20T14:16:28.066191+00:00,26.672921,-81.80774,2e:70:4e:d0:89:20,-77,2412,1,Bermuda Guest WIFI,pole 01 S
2025-10-20T14:16:28.066191+00:00,26.672921,-81.80774,28:70:4e:d2:8b:2e,-77,5220,45,Bermuda,pole 02 N
2025-10-20T14:16:28.066191+00:00,26.672921,-81.80774,2e:70:4e:d2:8b:2e,-76,5220,45,Bermuda Guest WIFI,pole 02 N
2025-10-20T14:16:28.066191+00:00,26.672921,-81.80774,2e:70:4e:d0:89:05,-82,2412,1,Bermuda Guest WIFI,pole 06
2025-10-20T14:16:28.066191+00:00,26.672921,-81.80774,28:70:4e:d0:87:dc,-73,2462,11,Bermuda,pole 07
2025-10-20T14:16:28.066191+00:00,26.672921,-81.80774,2e:70:4e:d0:87:dc,-74,2462,11,Bermuda Guest WIFI,pole 07
2025-10-20T14:16:28.066191+00:00,26.672921,-81.80774,28:70:4e:dd:d3:1f,-79,2462,11,Bermuda,pole 01 NE
2025-10-20T14:16:28.066191+00:00,26.672921,-81.80774,28:70:4e:d0:87:dd,-66,5220,45,Bermuda,pole 07
2025-10-20T14:16:28.066191+00:00,26.672921,-81.80774,2e:70:4e:d0:87:dd,-66,5220,45,Bermuda Guest WIFI,pole 07
2025-10-20T14:17:11.068508+00:00,26.6729185,-81.80772733333333,28:70:4e:d0:88:31,-47,5765,154,Bermuda,pole 08
2025-10-20T14:17:11.068508+00:00,26.6729185,-81.80772733333333,28:70:4e:d0:88:30,-62,2412,1,Bermuda,pole 08
2025-10-20T14:17:11.068508+00:00,26.6729185,-81.80772733333333,2e:70:4e:d0:88:30,-61,2412,1,Bermuda Guest WIFI,pole 08
2025-10-20T14:17:11.068508+00:00,26.6729185,-81.80772733333333,2e:70:4e:d0:88:31,-47,5765,154,Bermuda Guest WIFI,pole 08
2025-10-20T14:17:11.068508+00:00,26.6729185,-81.80772733333333,60:22:32:16:00:d3,-85,5240,49,Bermuda,laundry2
2025-10-20T14:17:11.068508+00:00,26.6729185,-81.80772733333333,62:22:32:16:00:d3,-84,5240,49,Bermuda Guest WIFI,laundry2
2025-10-20T14:17:11.068508+00:00,26.6729185,-81.80772733333333,28:70:4e:d0:89:20,-74,2412,1,Bermuda,pole 01 S
2025-10-20T14:17:11.068508+00:00,26.6729185,-81.80772733333333,2e:70:4e:d0:89:20,-77,2412,1,Bermuda Guest WIFI,pole 01 S
2025-10-20T14:17:11.068508+00:00,26.6729185,-81.80772733333333,2e:70:4e:d0:89:05,-82,2412,1,Bermuda Guest WIFI,pole 06
2025-10-20T14:17:11.068508+00:00,26.6729185,-81.80772733333333,28:70:4e:d0:87:dc,-73,2462,11,Bermuda,pole 07
2025-10-20T14:17:11.068508+00:00,26.6729185,-81.80772733333333,2e:70:4e:d0:87:dc,-74,2462,11,Bermuda Guest WIFI,pole 07
2025-10-20T14:17:11.068508+00:00,26.6729185,-81.80772733333333,28:70:4e:dd:d3:1f,-79,2462,11,Bermuda,pole 01 NE
2025-10-20T14:17:11.068508+00:00,26.6729185,-81.80772733333333,28:70:4e:d0:87:dd,-66,5220,45,Bermuda,pole 07
2025-10-20T14:17:11.068508+00:00,26.6729185,-81.80772733333333,2e:70:4e:d0:87:dd,-66,5220,45,Bermuda Guest WIFI,pole 07
2025-10-20T14:17:11.068508+00:00,26.6729185,-81.80772733333333,28:70:4e:d0:89:0b,-86,2412,1,Bermuda,pole 10
2025-10-20T14:17:11.068508+00:00,26.6729185,-81.80772733333333,28:70:4e:d0:87:c8,-88,5785,158,Bermuda,pole 05
2025-10-20T14:17:11.068508+00:00,26.67291833333333,-81.80773183333334,28:70:4e:d0:88:31,-39,5765,154,Bermuda,pole 08
2025-10-20T14:17:11.068508+00:00,26.67291833333333,-81.80773183333334,28:70:4e:d0:88:30,-56,2412,1,Bermuda,pole 08
2025-10-20T14:17:11.068508+00:00,26.67291833333333,-81.80773183333334,2e:70:4e:d0:88:30,-56,2412,1,Bermuda Guest WIFI,pole 08
2025-10-20T14:17:11.068508+00:00,26.67291833333333,-81.80773183333334,2e:70:4e:d0:88:31,-39,5765,154,Bermuda Guest WIFI,pole 08
2025-10-20T14:17:11.068508+00:00,26.67291833333333,-81.80773183333334,60:22:32:16:00:d3,-78,5240,49,Bermuda,laundry2
2025-10-20T14:17:11.068508+00:00,26.67291833333333,-81.80773183333334,62:22:32:16:00:d3,-79,5240,49,Bermuda Guest WIFI,laundry2
2025-10-20T14:17:11.068508+00:00,26.67291833333333,-81.80773183333334,28:70:4e:d0:89:20,-76,2412,1,Bermuda,pole 01 S
2025-10-20T14:17:11.068508+00:00,26.67291833333333,-81.80773183333334,2e:70:4e:d0:89:20,-77,2412,1,Bermuda Guest WIFI,pole 01 S
2025-10-20T14:17:11.068508+00:00,26.67291833333333,-81.80773183333334,28:70:4e:dd:d3:1f,-79,2462,11,Bermuda,pole 01 NE
2025-10-20T14:17:11.068508+00:00,26.67291833333333,-81.80773183333334,28:70:4e:d0:87:dd,-66,5220,45,Bermuda,pole 07
2025-10-20T14:17:11.068508+00:00,26.67291833333333,-81.80773183333334,2e:70:4e:d0:87:dd,-66,5220,45,Bermuda Guest WIFI,pole 07
2025-10-20T14:17:11.068508+00:00,26.67291833333333,-81.80773183333334,28:70:4e:d0:89:0b,-86,2412,1,Bermuda,pole 10
2025-10-20T14:17:11.068508+00:00,26.67291833333333,-81.80773183333334,28:70:4e:d0:87:c8,-88,5785,158,Bermuda,pole 05
2025-10-20T14:17:11.068508+00:00,26.672921166666665,-81.80773383333333,28:70:4e:d0:88:31,-47,5765,154,Bermuda,pole 08
2025-10-20T14:17:11.068508+00:00,26.672921166666665,-81.80773383333333,28:70:4e:d0:88:30,-61,2412,1,Bermuda,pole 08
2025-10-20T14:17:11.068508+00:00,26.672921166666665,-81.80773383333333,2e:70:4e:d0:88:30,-61,2412,1,Bermuda Guest WIFI,pole 08
2025-10-20T14:17:11.068508+00:00,26.672921166666665,-81.80773383333333,2e:70:4e:d0:88:31,-47,5765,154,Bermuda Guest WIFI,pole 08
2025-10-20T14:17:11.068508+00:00,26.672921166666665,-81.80773383333333,60:22:32:16:00:d3,-85,5240,49,Bermuda,laundry2
2025-10-20T14:17:11.068508+00:00,26.672921166666665,-81.80773383333333,62:22:32:16:00:d3,-85,5240,49,Bermuda Guest WIFI,laundry2
2025-10-20T14:17:11.068508+00:00,26.672921166666665,-81.80773383333333,28:70:4e:d0:89:20,-76,2412,1,Bermuda,pole 01 S
2025-10-20T14:17:11.068508+00:00,26.672921166666665,-81.80773383333333,28:70:4e:d0:87:dd,-66,5220,45,Bermuda,pole 07
2025-10-20T14:17:11.068508+00:00,26.672921166666665,-81.80773383333333,2e:70:4e:d0:87:dd,-66,5220,45,Bermuda Guest WIFI,pole 07
2025-10-20T14:17:11.068508+00:00,26.672921166666665,-81.80773383333333,28:70:4e:d0:89:0b,-86,2412,1,Bermuda,pole 10
2025-10-20T14:17:11.068508+00:00,26.672921166666665,-81.80773383333333,28:70:4e:d0:87:c8,-88,5785,158,Bermuda,pole 05
2025-10-20T14:17:11.068508+00:00,26.672921166666665,-81.80773383333333,2e:70:4e:d0:89:05,-82,2412,1,Bermuda Guest WIFI,pole 06
2025-10-20T14:17:11.068508+00:00,26.672921166666665,-81.80773383333333,28:70:4e:d0:87:dc,-73,2462,11,Bermuda,pole 07
2025-10-20T14:17:11.068508+00:00,26.672921166666665,-81.80773383333333,2e:70:4e:d0:87:dc,-74,2462,11,Bermuda Guest WIFI,pole 07
2025-10-20T14:17:11.068508+00:00,26.672922,-81.8077365,28:70:4e:d0:88:31,-38,5765,154,Bermuda,pole 08
2025-10-20T14:17:11.068508+00:00,26.672922,-81.8077365,28:70:4e:d0:88:30,-55,2412,1,Bermuda,pole 08
2025-10-20T14:17:11.068508+00:00,26.672922,-81.8077365,2e:70:4e:d0:88:30,-55,2412,1,Bermuda Guest WIFI,pole 08
2025-10-20T14:17:11.068508+00:00,26.672922,-81.8077365,2e:70:4e:d0:88:31,-38,5765,154,Bermuda Guest WIFI,pole 08
2025-10-20T14:17:11.068508+00:00,26.672922,-81.8077365,60:22:32:16:00:d3,-79,5240,49,Bermuda,laundry2
2025-10-20T14:17:11.068508+00:00,26.672922,-81.8077365,62:22:32:16:00:d3,-79,5240,49,Bermuda Guest WIFI,laundry2
2025-10-20T14:17:11.068508+00:00,26.672922,-81.8077365,28:70:4e:d0:89:20,-76,2412,1,Bermuda,pole 01 S
2025-10-20T14:17:11.068508+00:00,26.672922,-81.8077365,28:70:4e:d0:87:dd,-66,5220,45,Bermuda,pole 07
2025-10-20T14:17:11.068508+00:00,26.672922,-81.8077365,2e:70:4e:d0:87:dd,-66,5220,45,Bermuda Guest WIFI,pole 07
2025-10-20T14:17:11.068508+00:00,26.672922,-81.8077365,28:70:4e:d0:89:0b,-86,2412,1,Bermuda,pole 10
2025-10-20T14:17:11.068508+00:00,26.672922,-81.8077365,28:70:4e:d0:87:c8,-88,5785,158,Bermuda,pole 05
2025-10-20T14:17:11.068508+00:00,26.672922,-81.8077365,2e:70:4e:d0:89:05,-82,2412,1,Bermuda Guest WIFI,pole 06
2025-10-20T14:17:11.068508+00:00,26.672922,-81.8077365,28:70:4e:d0:87:dc,-73,2462,11,Bermuda,pole 07
2025-10-20T14:17:11.068508+00:00,26.672922,-81.8077365,2e:70:4e:d0:87:dc,-74,2462,11,Bermuda Guest WIFI,pole 07
2025-10-20T14:17:11.068508+00:00,26.672922,-81.8077365,2e:70:4e:d0:89:20,-75,2412,1,Bermuda Guest WIFI,pole 01 S
2025-10-20T14:17:11.068508+00:00,26.672922,-81.8077365,28:70:4e:d0:88:f6,-73,2437,6,Bermuda,pole 02 E
2025-10-20T14:17:11.068508+00:00,26.672922,-81.8077365,28:70:4e:d2:8b:2d,-77,2462,11,Bermuda,pole 02 N
2025-10-20T14:17:11.068508+00:00,26.672922,-81.8077365,28:70:4e:dd:d3:1f,-78,2462,11,Bermuda,pole 01 NE
2025-10-20T14:17:11.068508+00:00,26.672922,-81.8077365,2e:70:4e:dd:d3:1f,-78,2462,11,Bermuda Guest WIFI,pole 01 NE
2025-10-20T14:17:11.068508+00:00,26.672922,-81.8077365,28:70:4e:d0:89:06,-79,5805,162,Bermuda,pole 06
2025-10-20T14:17:11.068508+00:00,26.672922,-81.8077365,2e:70:4e:d0:89:06,-80,5805,162,Bermuda Guest WIFI,pole 06
2025-10-20T14:17:54.066702+00:00,26.67291833333333,-81.80775416666667,28:70:4e:d0:88:31,-47,5765,154,Bermuda,pole 08
2025-10-20T14:17:54.066702+00:00,26.67291833333333,-81.80775416666667,28:70:4e:d0:88:30,-62,2412,1,Bermuda,pole 08
2025-10-20T14:17:54.066702+00:00,26.67291833333333,-81.80775416666667,2e:70:4e:d0:88:30,-61,2412,1,Bermuda Guest WIFI,pole 08
2025-10-20T14:17:54.066702+00:00,26.67291833333333,-81.80775416666667,2e:70:4e:d0:88:31,-47,5765,154,Bermuda Guest WIFI,pole 08
2025-10-20T14:17:54.066702+00:00,26.67291833333333,-81.80775416666667,60:22:32:16:00:d3,-84,5240,49,Bermuda,laundry2
2025-10-20T14:17:54.066702+00:00,26.67291833333333,-81.80775416666667,62:22:32:16:00:d3,-83,5240,49,Bermuda Guest WIFI,laundry2
2025-10-20T14:17:54.066702+00:00,26.67291833333333,-81.80775416666667,2e:70:4e:d0:89:05,-82,2412,1,Bermuda Guest WIFI,pole 06
2025-10-20T14:17:54.066702+00:00,26.67291833333333,-81.80775416666667,28:70:4e:d0:87:dc,-73,2462,11,Bermuda,pole 07
2025-10-20T14:17:54.066702+00:00,26.67291833333333,-81.80775416666667,2e:70:4e:d0:87:dc,-74,2462,11,Bermuda Guest WIFI,pole 07
2025-10-20T14:17:54.066702+00:00,26.67291833333333,-81.80775416666667,2e:70:4e:d0:89:20,-75,2412,1,Bermuda Guest WIFI,pole 01 S
2025-10-20T14:17:54.066702+00:00,26.67291833333333,-81.80775416666667,28:70:4e:d0:88:f6,-73,2437,6,Bermuda,pole 02 E
2025-10-20T14:17:54.066702+00:00,26.67291833333333,-81.80775416666667,28:70:4e:d2:8b:2d,-77,2462,11,Bermuda,pole 02 N
2025-10-20T14:17:54.066702+00:00,26.67291833333333,-81.80775416666667,28:70:4e:dd:d3:1f,-72,2462,11,Bermuda,pole 01 NE
2025-10-20T14:17:54.066702+00:00,26.67291833333333,-81.80775416666667,2e:70:4e:dd:d3:1f,-78,2462,11,Bermuda Guest WIFI,pole 01 NE
2025-10-20T14:17:54.066702+00:00,26.67291833333333,-81.80775416666667,28:70:4e:d0:89:06,-79,5805,162,Bermuda,pole 06
2025-10-20T14:17:54.066702+00:00,26.67291833333333,-81.80775416666667,2e:70:4e:d0:89:06,-80,5805,162,Bermuda Guest WIFI,pole 06
2025-10-20T14:17:54.066702+00:00,26.67291833333333,-81.80775416666667,28:70:4e:d0:87:dd,-65,5220,45,Bermuda,pole 07
2025-10-20T14:17:54.066702+00:00,26.67291833333333,-81.80775416666667,2e:70:4e:d0:87:dd,-65,5220,45,Bermuda Guest WIFI,pole 07
2025-10-20T14:17:54.066702+00:00,26.672918833333334,-81.80775316666667,28:70:4e:d0:88:31,-39,5765,154,Bermuda,pole 08
2025-10-20T14:17:54.066702+00:00,26.672918833333334,-81.80775316666667,28:70:4e:d0:88:30,-55,2412,1,Bermuda,pole 08
2025-10-20T14:17:54.066702+00:00,26.672918833333334,-81.80775316666667,2e:70:4e:d0:88:30,-55,2412,1,Bermuda Guest WIFI,pole 08
2025-10-20T14:17:54.066702+00:00,26.672918833333334,-81.80775316666667,2e:70:4e:d0:88:31,-39,5765,154,Bermuda Guest WIFI,pole 08
2025-10-20T14:17:54.066702+00:00,26.672918833333334,-81.80775316666667,60:22:32:16:00:d3,-79,5240,49,Bermuda,laundry2
2025-10-20T14:17:54.066702+00:00,26.672918833333334,-81.80775316666667,62:22:32:16:00:d3,-79,5240,49,Bermuda Guest WIFI,laundry2
2025-10-20T14:17:54.066702+00:00,26.672918833333334,-81.80775316666667,28:70:4e:d0:87:dc,-73,2462,11,Bermuda,pole 07
2025-10-20T14:17:54.066702+00:00,26.672918833333334,-81.80775316666667,2e:70:4e:d0:89:20,-75,2412,1,Bermuda Guest WIFI,pole 01 S
2025-10-20T14:17:54.066702+00:00,26.672918833333334,-81.80775316666667,28:70:4e:d0:88:f6,-73,2437,6,Bermuda,pole 02 E
2025-10-20T14:17:54.066702+00:00,26.672918833333334,-81.80775316666667,28:70:4e:d2:8b:2d,-77,2462,11,Bermuda,pole 02 N
2025-10-20T14:17:54.066702+00:00,26.672918833333334,-81.80775316666667,28:70:4e:dd:d3:1f,-72,2462,11,Bermuda,pole 01 NE
2025-10-20T14:17:54.066702+00:00,26.672918833333334,-81.80775316666667,2e:70:4e:dd:d3:1f,-80,2462,11,Bermuda Guest WIFI,pole 01 NE
2025-10-20T14:17:54.066702+00:00,26.672918833333334,-81.80775316666667,28:70:4e:d0:89:06,-79,5805,162,Bermuda,pole 06
2025-10-20T14:17:54.066702+00:00,26.672918833333334,-81.80775316666667,2e:70:4e:d0:89:06,-80,5805,162,Bermuda Guest WIFI,pole 06
2025-10-20T14:17:54.066702+00:00,26.672918833333334,-81.80775316666667,28:70:4e:d0:87:dd,-65,5220,45,Bermuda,pole 07
2025-10-20T14:17:54.066702+00:00,26.672918833333334,-81.80775316666667,2e:70:4e:d0:87:dd,-65,5220,45,Bermuda Guest WIFI,pole 07
2025-10-20T14:17:54.066702+00:00,26.672916999999998,-81.80775283333334,28:70:4e:d0:88:31,-47,5765,154,Bermuda,pole 08
2025-10-20T14:17:54.066702+00:00,26.672916999999998,-81.80775283333334,28:70:4e:d0:88:30,-55,2412,1,Bermuda,pole 08
2025-10-20T14:17:54.066702+00:00,26.672916999999998,-81.80775283333334,2e:70:4e:d0:88:30,-55,2412,1,Bermuda Guest WIFI,pole 08
2025-10-20T14:17:54.066702+00:00,26.672916999999998,-81.80775283333334,2e:70:4e:d0:88:31,-47,5765,154,Bermuda Guest WIFI,pole 08
2025-10-20T14:17:54.066702+00:00,26.672916999999998,-81.80775283333334,60:22:32:16:00:d3,-83,5240,49,Bermuda,laundry2
2025-10-20T14:17:54.066702+00:00,26.672916999999998,-81.80775283333334,62:22:32:16:00:d3,-83,5240,49,Bermuda Guest WIFI,laundry2
2025-10-20T14:17:54.066702+00:00,26.672916999999998,-81.80775283333334,28:70:4e:d0:87:dc,-73,2462,11,Bermuda,pole 07
2025-10-20T14:17:54.066702+00:00,26.672916999999998,-81.80775283333334,28:70:4e:dd:d3:1f,-72,2462,11,Bermuda,pole 01 NE
2025-10-20T14:17:54.066702+00:00,26.672916999999998,-81.80775283333334,2e:70:4e:dd:d3:1f,-80,2462,11,Bermuda Guest WIFI,pole 01 NE
2025-10-20T14:17:54.066702+00:00,26.672916999999998,-81.80775283333334,28:70:4e:d0:87:dd,-65,5220,45,Bermuda,pole 07
2025-10-20T14:17:54.066702+00:00,26.672916999999998,-81.80775283333334,2e:70:4e:d0:87:dd,-65,5220,45,Bermuda Guest WIFI,pole 07
2025-10-20T14:17:54.066702+00:00,26.672916999999998,-81.80775283333334,28:70:4e:d0:87:c7,-83,2437,6,Bermuda,pole 05
2025-10-20T14:17:54.066702+00:00,26.672916999999998,-81.80775283333334,2e:70:4e:d0:87:c7,-82,2437,6,Bermuda Guest WIFI,pole 05
2025-10-20T14:17:54.066702+00:00,26.67292,-81.80774766666667,28:70:4e:d0:88:31,-39,5765,154,Bermuda,pole 08
2025-10-20T14:17:54.066702+00:00,26.67292,-81.80774766666667,28:70:4e:d0:88:30,-56,2412,1,Bermuda,pole 08
2025-10-20T14:17:54.066702+00:00,26.67292,-81.80774766666667,2e:70:4e:d0:88:30,-55,2412,1,Bermuda Guest WIFI,pole 08
2025-10-20T14:17:54.066702+00:00,26.67292,-81.80774766666667,2e:70:4e:d0:88:31,-39,5765,154,Bermuda Guest WIFI,pole 08
2025-10-20T14:17:54.066702+00:00,26.67292,-81.80774766666667,60:22:32:16:00:d3,-79,5240,49,Bermuda,laundry2
2025-10-20T14:17:54.066702+00:00,26.67292,-81.80774766666667,62:22:32:16:00:d3,-79,5240,49,Bermuda Guest WIFI,laundry2
2025-10-20T14:17:54.066702+00:00,26.67292,-81.80774766666667,28:70:4e:dd:d3:1f,-78,2462,11,Bermuda,pole 01 NE
2025-10-20T14:17:54.066702+00:00,26.67292,-81.80774766666667,2e:70:4e:dd:d3:1f,-79,2462,11,Bermuda Guest WIFI,pole 01 NE
2025-10-20T14:17:54.066702+00:00,26.67292,-81.80774766666667,28:70:4e:d0:87:dd,-65,5220,45,Bermuda,pole 07
2025-10-20T14:17:54.066702+00:00,26.67292,-81.80774766666667,2e:70:4e:d0:87:dd,-65,5220,45,Bermuda Guest WIFI,pole 07
2025-10-20T14:17:54.066702+00:00,26.67292,-81.80774766666667,28:70:4e:d0:87:c7,-83,2437,6,Bermuda,pole 05
2025-10-20T14:17:54.066702+00:00,26.67292,-81.80774766666667,2e:70:4e:d0:87:c7,-82,2437,6,Bermuda Guest WIFI,pole 05
2025-10-20T14:17:54.066702+00:00,26.67292,-81.80774766666667,2e:70:4e:d2:8b:2d,-80,2462,11,Bermuda Guest WIFI,pole 02 N
2025-10-20T14:17:54.066702+00:00,26.67292,-81.80774766666667,28:70:4e:d0:89:06,-79,5805,162,Bermuda,pole 06
2025-10-20T14:17:54.066702+00:00,26.67292,-81.80774766666667,2e:70:4e:d0:89:06,-79,5805,162,Bermuda Guest WIFI,pole 06
2025-10-20T14:18:40.065986+00:00,26.672922,-81.80774883333333,28:70:4e:d0:88:31,-47,5765,154,Bermuda,pole 08
2025-10-20T14:18:40.065986+00:00,26.672922,-81.80774883333333,28:70:4e:d0:88:30,-61,2412,1,Bermuda,pole 08
2025-10-20T14:18:40.065986+00:00,26.672922,-81.80774883333333,2e:70:4e:d0:88:30,-61,2412,1,Bermuda Guest WIFI,pole 08
2025-10-20T14:18:40.065986+00:00,26.672922,-81.80774883333333,2e:70:4e:d0:88:31,-47,5765,154,Bermuda Guest WIFI,pole 08
2025-10-20T14:18:40.065986+00:00,26.672922,-81.80774883333333,60:22:32:16:00:d3,-85,5240,49,Bermuda,laundry2
2025-10-20T14:18:40.065986+00:00,26.672922,-81.80774883333333,62:22:32:16:00:d3,-85,5240,49,Bermuda Guest WIFI,laundry2
2025-10-20T14:18:40.065986+00:00,26.672922,-81.80774883333333,28:70:4e:dd:d3:1f,-72,2462,11,Bermuda,pole 01 NE
2025-10-20T14:18:40.065986+00:00,26.672922,-81.80774883333333,2e:70:4e:dd:d3:1f,-73,2462,11,Bermuda Guest WIFI,pole 01 NE
2025-10-20T14:18:40.065986+00:00,26.672922,-81.80774883333333,28:70:4e:d0:87:c7,-83,2437,6,Bermuda,pole 05
2025-10-20T14:18:40.065986+00:00,26.672922,-81.80774883333333,2e:70:4e:d0:87:c7,-82,2437,6,Bermuda Guest WIFI,pole 05
2025-10-20T14:18:40.065986+00:00,26.672922,-81.80774883333333,2e:70:4e:d2:8b:2d,-85,2462,11,Bermuda Guest WIFI,pole 02 N
2025-10-20T14:18:40.065986+00:00,26.672922,-81.80774883333333,28:70:4e:d0:89:06,-79,5805,162,Bermuda,pole 06
2025-10-20T14:18:40.065986+00:00,26.672922,-81.80774883333333,2e:70:4e:d0:89:06,-79,5805,162,Bermuda Guest WIFI,pole 06
2025-10-20T14:18:40.065986+00:00,26.672922,-81.80774883333333,28:70:4e:d0:89:20,-73,2412,1,Bermuda,pole 01 S
2025-10-20T14:18:40.065986+00:00,26.672922,-81.80774883333333,2e:70:4e:d0:89:20,-73,2412,1,Bermuda Guest WIFI,pole 01 S
2025-10-20T14:18:40.065986+00:00,26.672922,-81.80774883333333,28:70:4e:d0:88:f6,-85,2437,6,Bermuda,pole 02 E
2025-10-20T14:18:40.065986+00:00,26.672922,-81.80774883333333,2e:70:4e:d0:88:f6,-84,2437,6,Bermuda Guest WIFI,pole 02 E
2025-10-20T14:18:40.065986+00:00,26.672922,-81.80774883333333,28:70:4e:d2:8b:2d,-86,2462,11,Bermuda,pole 02 N
2025-10-20T14:18:40.065986+00:00,26.672917666666667,-81.80775883333334,28:70:4e:d0:88:31,-39,5765,154,Bermuda,pole 08
2025-10-20T14:18:40.065986+00:00,26.672917666666667,-81.80775883333334,28:70:4e:d0:88:30,-56,2412,1,Bermuda,pole 08
2025-10-20T14:18:40.065986+00:00,26.672917666666667,-81.80775883333334,2e:70:4e:d0:88:30,-56,2412,1,Bermuda Guest WIFI,pole 08
2025-10-20T14:18:40.065986+00:00,26.672917666666667,-81.80775883333334,2e:70:4e:d0:88:31,-39,5765,154,Bermuda Guest WIFI,pole 08
2025-10-20T14:18:40.065986+00:00,26.672917666666667,-81.80775883333334,60:22:32:16:00:d3,-79,5240,49,Bermuda,laundry2
2025-10-20T14:18:40.065986+00:00,26.672917666666667,-81.80775883333334,62:22:32:16:00:d3,-79,5240,49,Bermuda Guest WIFI,laundry2
2025-10-20T14:18:40.065986+00:00,26.672917666666667,-81.80775883333334,28:70:4e:dd:d3:1f,-72,2462,11,Bermuda,pole 01 NE
2025-10-20T14:18:40.065986+00:00,26.672917666666667,-81.80775883333334,2e:70:4e:dd:d3:1f,-73,2462,11,Bermuda Guest WIFI,pole 01 NE
2025-10-20T14:18:40.065986+00:00,26.672917666666667,-81.80775883333334,2e:70:4e:d2:8b:2d,-85,2462,11,Bermuda Guest WIFI,pole 02 N
2025-10-20T14:18:40.065986+00:00,26.672917666666667,-81.80775883333334,28:70:4e:d0:89:06,-79,5805,162,Bermuda,pole 06
2025-10-20T14:18:40.065986+00:00,26.672917666666667,-81.80775883333334,2e:70:4e:d0:89:06,-79,5805,162,Bermuda Guest WIFI,pole 06
2025-10-20T14:18:40.065986+00:00,26.672917666666667,-81.80775883333334,28:70:4e:d0:89:20,-75,2412,1,Bermuda,pole 01 S
2025-10-20T14:18:40.065986+00:00,26.672917666666667,-81.80775883333334,2e:70:4e:d0:89:20,-73,2412,1,Bermuda Guest WIFI,pole 01 S
2025-10-20T14:18:40.065986+00:00,26.672917666666667,-81.80775883333334,28:70:4e:d0:88:f6,-85,2437,6,Bermuda,pole 02 E
2025-10-20T14:18:40.065986+00:00,26.672917666666667,-81.80775883333334,2e:70:4e:d0:88:f6,-84,2437,6,Bermuda Guest WIFI,pole 02 E
2025-10-20T14:18:40.065986+00:00,26.672917666666667,-81.80775883333334,28:70:4e:d2:8b:2d,-86,2462,11,Bermuda,pole 02 N
2025-10-20T14:18:40.065986+00:00,26.672915833333334,-81.807758,28:70:4e:d0:88:31,-41,5765,154,Bermuda,pole 08
2025-10-20T14:18:40.065986+00:00,26.672915833333334,-81.807758,28:70:4e:d0:88:30,-62,2412,1,Bermuda,pole 08
2025-10-20T14:18:40.065986+00:00,26.672915833333334,-81.807758,2e:70:4e:d0:88:30,-61,2412,1,Bermuda Guest WIFI,pole 08
2025-10-20T14:18:40.065986+00:00,26.672915833333334,-81.807758,2e:70:4e:d0:88:31,-47,5765,154,Bermuda Guest WIFI,pole 08
2025-10-20T14:18:40.065986+00:00,26.672915833333334,-81.807758,60:22:32:16:00:d3,-84,5240,49,Bermuda,laundry2
2025-10-20T14:18:40.065986+00:00,26.672915833333334,-81.807758,62:22:32:16:00:d3,-84,5240,49,Bermuda Guest WIFI,laundry2
2025-10-20T14:18:40.065986+00:00,26.672915833333334,-81.807758,28:70:4e:dd:d3:1f,-72,2462,11,Bermuda,pole 01 NE
2025-10-20T14:18:40.065986+00:00,26.672915833333334,-81.807758,2e:70:4e:dd:d3:1f,-73,2462,11,Bermuda Guest WIFI,pole 01 NE
2025-10-20T14:18:40.065986+00:00,26.672915833333334,-81.807758,2e:70:4e:d2:8b:2d,-85,2462,11,Bermuda Guest WIFI,pole 02 N
2025-10-20T14:18:40.065986+00:00,26.672915833333334,-81.807758,28:70:4e:d0:89:20,-75,2412,1,Bermuda,pole 01 S
2025-10-20T14:18:40.065986+00:00,26.672915833333334,-81.807758,2e:70:4e:d0:89:20,-73,2412,1,Bermuda Guest WIFI,pole 01 S
2025-10-20T14:18:40.065986+00:00,26.672915833333334,-81.807758,28:70:4e:d0:88:f6,-85,2437,6,Bermuda,pole 02 E
2025-10-20T14:18:40.065986+00:00,26.672915833333334,-81.807758,2e:70:4e:d0:88:f6,-84,2437,6,Bermuda Guest WIFI,pole 02 E
2025-10-20T14:18:40.065986+00:00,26.672915833333334,-81.807758,28:70:4e:d2:8b:2d,-86,2462,11,Bermuda,pole 02 N
2025-10-20T14:18:40.065986+00:00,26.672915833333334,-81.807758,28:70:4e:d0:87:dd,-65,5220,45,Bermuda,pole 07
2025-10-20T14:18:40.065986+00:00,26.672915833333334,-81.807758,2e:70:4e:d0:87:dd,-65,5220,45,Bermuda Guest WIFI,pole 07
2025-10-20T14:18:40.065986+00:00,26.672914,-81.80775783333333,28:70:4e:d0:88:31,-39,5765,154,Bermuda,pole 08
2025-10-20T14:18:40.065986+00:00,26.672914,-81.80775783333333,28:70:4e:d0:88:30,-56,2412,1,Bermuda,pole 08
2025-10-20T14:18:40.065986+00:00,26.672914,-81.80775783333333,2e:70:4e:d0:88:30,-55,2412,1,Bermuda Guest WIFI,pole 08
2025-10-20T14:18:40.065986+00:00,26.672914,-81.80775783333333,2e:70:4e:d0:88:31,-39,5765,154,Bermuda Guest WIFI,pole 08
2025-10-20T14:18:40.065986+00:00,26.672914,-81.80775783333333,60:22:32:16:00:d3,-80,5240,49,Bermuda,laundry2
2025-10-20T14:18:40.065986+00:00,26.672914,-81.80775783333333,62:22:32:16:00:d3,-81,5240,49,Bermuda Guest WIFI,laundry2
2025-10-20T14:18:40.065986+00:00,26.672914,-81.80775783333333,28:70:4e:dd:d3:1f,-72,2462,11,Bermuda,pole 01 NE
2025-10-20T14:18:40.065986+00:00,26.672914,-81.80775783333333,2e:70:4e:dd:d3:1f,-77,2462,11,Bermuda Guest WIFI,pole 01 NE
2025-10-20T14:18:40.065986+00:00,26.672914,-81.80775783333333,2e:70:4e:d2:8b:2d,-85,2462,11,Bermuda Guest WIFI,pole 02 N
2025-10-20T14:18:40.065986+00:00,26.672914,-81.80775783333333,28:70:4e:d0:89:20,-75,2412,1,Bermuda,pole 01 S
2025-10-20T14:18:40.065986+00:00,26.672914,-81.80775783333333,2e:70:4e:d0:89:20,-73,2412,1,Bermuda Guest WIFI,pole 01 S
2025-10-20T14:18:40.065986+00:00,26.672914,-81.80775783333333,28:70:4e:d0:88:f6,-85,2437,6,Bermuda,pole 02 E
2025-10-20T14:18:40.065986+00:00,26.672914,-81.80775783333333,2e:70:4e:d0:88:f6,-72,2437,6,Bermuda Guest WIFI,pole 02 E
2025-10-20T14:18:40.065986+00:00,26.672914,-81.80775783333333,28:70:4e:d2:8b:2d,-86,2462,11,Bermuda,pole 02 N
2025-10-20T14:18:40.065986+00:00,26.672914,-81.80775783333333,28:70:4e:d0:87:dd,-65,5220,45,Bermuda,pole 07
2025-10-20T14:18:40.065986+00:00,26.672914,-81.80775783333333,2e:70:4e:d0:87:dd,-65,5220,45,Bermuda Guest WIFI,pole 07
2025-10-20T14:19:24.068946+00:00,26.6729135,-81.8077565,28:70:4e:d0:88:31,-46,5765,154,Bermuda,pole 08
2025-10-20T14:19:24.068946+00:00,26.6729135,-81.8077565,28:70:4e:d0:88:30,-65,2412,1,Bermuda,pole 08
2025-10-20T14:19:24.068946+00:00,26.6729135,-81.8077565,2e:70:4e:d0:88:30,-66,2412,1,Bermuda Guest WIFI,pole 08
2025-10-20T14:19:24.068946+00:00,26.6729135,-81.8077565,2e:70:4e:d0:88:31,-46,5765,154,Bermuda Guest WIFI,pole 08
2025-10-20T14:19:24.068946+00:00,26.6729135,-81.8077565,60:22:32:16:00:d3,-83,5240,49,Bermuda,laundry2
2025-10-20T14:19:24.068946+00:00,26.6729135,-81.8077565,62:22:32:16:00:d3,-84,5240,49,Bermuda Guest WIFI,laundry2
2025-10-20T14:19:24.068946+00:00,26.6729135,-81.8077565,2e:70:4e:dd:d3:1f,-77,2462,11,Bermuda Guest WIFI,pole 01 NE
2025-10-20T14:19:24.068946+00:00,26.6729135,-81.8077565,28:70:4e:d0:89:20,-75,2412,1,Bermuda,pole 01 S
2025-10-20T14:19:24.068946+00:00,26.6729135,-81.8077565,2e:70:4e:d0:88:f6,-72,2437,6,Bermuda Guest WIFI,pole 02 E
2025-10-20T14:19:24.068946+00:00,26.6729135,-81.8077565,28:70:4e:d0:87:dd,-65,5220,45,Bermuda,pole 07
2025-10-20T14:19:24.068946+00:00,26.6729135,-81.8077565,2e:70:4e:d0:87:dd,-65,5220,45,Bermuda Guest WIFI,pole 07
2025-10-20T14:19:24.068946+00:00,26.6729135,-81.8077565,28:70:4e:d0:89:05,-80,2412,1,Bermuda,pole 06
2025-10-20T14:19:24.068946+00:00,26.672912666666665,-81.80775383333334,28:70:4e:d0:88:31,-40,5765,154,Bermuda,pole 08
2025-10-20T14:19:24.068946+00:00,26.672912666666665,-81.80775383333334,28:70:4e:d0:88:30,-54,2412,1,Bermuda,pole 08
2025-10-20T14:19:24.068946+00:00,26.672912666666665,-81.80775383333334,2e:70:4e:d0:88:30,-55,2412,1,Bermuda Guest WIFI,pole 08
2025-10-20T14:19:24.068946+00:00,26.672912666666665,-81.80775383333334,2e:70:4e:d0:88:31,-40,5765,154,Bermuda Guest WIFI,pole 08
2025-10-20T14:19:24.068946+00:00,26.672912666666665,-81.80775383333334,60:22:32:16:00:d3,-80,5240,49,Bermuda,laundry2
2025-10-20T14:19:24.068946+00:00,26.672912666666665,-81.80775383333334,62:22:32:16:00:d3,-81,5240,49,Bermuda Guest WIFI,laundry2
2025-10-20T14:19:24.068946+00:00,26.672912666666665,-81.80775383333334,2e:70:4e:dd:d3:1f,-77,2462,11,Bermuda Guest WIFI,pole 01 NE
2025-10-20T14:19:24.068946+00:00,26.672912666666665,-81.80775383333334,28:70:4e:d0:89:20,-71,2412,1,Bermuda,pole 01 S
2025-10-20T14:19:24.068946+00:00,26.672912666666665,-81.80775383333334,2e:70:4e:d0:88:f6,-68,2437,6,Bermuda Guest WIFI,pole 02 E
2025-10-20T14:19:24.068946+00:00,26.672912666666665,-81.80775383333334,28:70:4e:d0:89:05,-80,2412,1,Bermuda,pole 06
2025-10-20T14:19:24.068946+00:00,26.672912666666665,-81.80775383333334,2e:70:4e:d0:89:20,-71,2412,1,Bermuda Guest WIFI,pole 01 S
2025-10-20T14:19:24.068946+00:00,26.672912666666665,-81.80775383333334,28:70:4e:d2:8b:2d,-73,2462,11,Bermuda,pole 02 N
2025-10-20T14:19:24.068946+00:00,26.672912666666665,-81.80775383333334,28:70:4e:dd:d3:1f,-78,2462,11,Bermuda,pole 01 NE
2025-10-20T14:19:24.068946+00:00,26.672912666666665,-81.80775383333334,28:70:4e:d0:89:06,-83,5805,162,Bermuda,pole 06
2025-10-20T14:19:24.068946+00:00,26.672915,-81.80774133333334,28:70:4e:d0:88:31,-47,5765,154,Bermuda,pole 08
2025-10-20T14:19:24.068946+00:00,26.672915,-81.80774133333334,28:70:4e:d0:88:30,-71,2412,1,Bermuda,pole 08
2025-10-20T14:19:24.068946+00:00,26.672915,-81.80774133333334,2e:70:4e:d0:88:30,-71,2412,1,Bermuda Guest WIFI,pole 08
2025-10-20T14:19:24.068946+00:00,26.672915,-81.80774133333334,2e:70:4e:d0:88:31,-47,5765,154,Bermuda Guest WIFI,pole 08
2025-10-20T14:19:24.068946+00:00,26.672915,-81.80774133333334,60:22:32:16:00:d3,-84,5240,49,Bermuda,laundry2
2025-10-20T14:19:24.068946+00:00,26.672915,-81.80774133333334,62:22:32:16:00:d3,-85,5240,49,Bermuda Guest WIFI,laundry2
2025-10-20T14:19:24.068946+00:00,26.672915,-81.80774133333334,28:70:4e:d0:89:20,-71,2412,1,Bermuda,pole 01 S
2025-10-20T14:19:24.068946+00:00,26.672915,-81.80774133333334,2e:70:4e:d0:88:f6,-68,2437,6,Bermuda Guest WIFI,pole 02 E
2025-10-20T14:19:24.068946+00:00,26.672915,-81.80774133333334,28:70:4e:d0:89:05,-80,2412,1,Bermuda,pole 06
2025-10-20T14:19:24.068946+00:00,26.672915,-81.80774133333334,2e:70:4e:d0:89:20,-71,2412,1,Bermuda Guest WIFI,pole 01 S
2025-10-20T14:19:24.068946+00:00,26.672915,-81.80774133333334,28:70:4e:d2:8b:2d,-78,2462,11,Bermuda,pole 02 N
2025-10-20T14:19:24.068946+00:00,26.672915,-81.80774133333334,28:70:4e:dd:d3:1f,-72,2462,11,Bermuda,pole 01 NE
2025-10-20T14:19:24.068946+00:00,26.672915,-81.80774133333334,28:70:4e:d0:89:06,-83,5805,162,Bermuda,pole 06
2025-10-20T14:19:24.068946+00:00,26.672915,-81.80774133333334,2e:70:4e:d0:89:05,-81,2412,1,Bermuda Guest WIFI,pole 06
2025-10-20T14:19:24.068946+00:00,26.672915,-81.80774133333334,28:70:4e:d0:88:f6,-72,2437,6,Bermuda,pole 02 E
2025-10-20T14:19:24.068946+00:00,26.672915,-81.80774133333334,2e:70:4e:d2:8b:2d,-79,2462,11,Bermuda Guest WIFI,pole 02 N
2025-10-20T14:19:24.068946+00:00,26.672915,-81.80774133333334,2e:70:4e:dd:d3:1f,-73,2462,11,Bermuda Guest WIFI,pole 01 NE
2025-10-20T14:19:24.068946+00:00,26.6729155,-81.80774783333334,28:70:4e:d0:88:31,-39,5765,154,Bermuda,pole 08
2025-10-20T14:19:24.068946+00:00,26.6729155,-81.80774783333334,28:70:4e:d0:88:30,-54,2412,1,Bermuda,pole 08
2025-10-20T14:19:24.068946+00:00,26.6729155,-81.80774783333334,2e:70:4e:d0:88:30,-56,2412,1,Bermuda Guest WIFI,pole 08
2025-10-20T14:19:24.068946+00:00,26.6729155,-81.80774783333334,2e:70:4e:d0:88:31,-39,5765,154,Bermuda Guest WIFI,pole 08
2025-10-20T14:19:24.068946+00:00,26.6729155,-81.80774783333334,60:22:32:16:00:d3,-81,5240,49,Bermuda,laundry2
2025-10-20T14:19:24.068946+00:00,26.6729155,-81.80774783333334,62:22:32:16:00:d3,-81,5240,49,Bermuda Guest WIFI,laundry2
2025-10-20T14:19:24.068946+00:00,26.6729155,-81.80774783333334,28:70:4e:d0:89:20,-71,2412,1,Bermuda,pole 01 S
2025-10-20T14:19:24.068946+00:00,26.6729155,-81.80774783333334,2e:70:4e:d0:88:f6,-68,2437,6,Bermuda Guest WIFI,pole 02 E
2025-10-20T14:19:24.068946+00:00,26.6729155,-81.80774783333334,28:70:4e:d0:89:05,-80,2412,1,Bermuda,pole 06
2025-10-20T14:19:24.068946+00:00,26.6729155,-81.80774783333334,2e:70:4e:d0:89:20,-71,2412,1,Bermuda Guest WIFI,pole 01 S
2025-10-20T14:19:24.068946+00:00,26.6729155,-81.80774783333334,28:70:4e:d2:8b:2d,-78,2462,11,Bermuda,pole 02 N
2025-10-20T14:19:24.068946+00:00,26.6729155,-81.80774783333334,28:70:4e:dd:d3:1f,-72,2462,11,Bermuda,pole 01 NE
2025-10-20T14:19:24.068946+00:00,26.6729155,-81.80774783333334,28:70:4e:d0:89:06,-83,5805,162,Bermuda,pole 06
2025-10-20T14:19:24.068946+00:00,26.6729155,-81.80774783333334,2e:70:4e:d0:89:05,-81,2412,1,Bermuda Guest WIFI,pole 06
2025-10-20T14:19:24.068946+00:00,26.6729155,-81.80774783333334,28:70:4e:d0:88:f6,-72,2437,6,Bermuda,pole 02 E
2025-10-20T14:19:24.068946+00:00,26.6729155,-81.80774783333334,2e:70:4e:d2:8b:2d,-79,2462,11,Bermuda Guest WIFI,pole 02 N
2025-10-20T14:19:24.068946+00:00,26.6729155,-81.80774783333334,2e:70:4e:dd:d3:1f,-73,2462,11,Bermuda Guest WIFI,pole 01 NE
2025-10-20T14:20:09.067969+00:00,26.672912666666665,-81.80775616666666,28:70:4e:d0:88:31,-47,5765,154,Bermuda,pole 08
2025-10-20T14:20:09.067969+00:00,26.672912666666665,-81.80775616666666,28:70:4e:d0:88:30,-58,2412,1,Bermuda,pole 08
2025-10-20T14:20:09.067969+00:00,26.672912666666665,-81.80775616666666,2e:70:4e:d0:88:30,-58,2412,1,Bermuda Guest WIFI,pole 08
2025-10-20T14:20:09.067969+00:00,26.672912666666665,-81.80775616666666,2e:70:4e:d0:88:31,-47,5765,154,Bermuda Guest WIFI,pole 08
2025-10-20T14:20:09.067969+00:00,26.672912666666665,-81.80775616666666,60:22:32:16:00:d3,-84,5240,49,Bermuda,laundry2
2025-10-20T14:20:09.067969+00:00,26.672912666666665,-81.80775616666666,62:22:32:16:00:d3,-84,5240,49,Bermuda Guest WIFI,laundry2
2025-10-20T14:20:09.067969+00:00,26.672909333333333,-81.80777433333333,28:70:4e:d0:88:31,-38,5765,154,Bermuda,pole 08
2025-10-20T14:20:09.067969+00:00,26.672909333333333,-81.80777433333333,28:70:4e:d0:88:30,-58,2412,1,Bermuda,pole 08
2025-10-20T14:20:09.067969+00:00,26.672909333333333,-81.80777433333333,2e:70:4e:d0:88:30,-57,2412,1,Bermuda Guest WIFI,pole 08
2025-10-20T14:20:09.067969+00:00,26.672909333333333,-81.80777433333333,2e:70:4e:d0:88:31,-38,5765,154,Bermuda Guest WIFI,pole 08
2025-10-20T14:20:09.067969+00:00,26.672909333333333,-81.80777433333333,60:22:32:16:00:d3,-80,5240,49,Bermuda,laundry2
2025-10-20T14:20:09.067969+00:00,26.672909333333333,-81.80777433333333,62:22:32:16:00:d3,-80,5240,49,Bermuda Guest WIFI,laundry2
2025-10-20T14:20:09.067969+00:00,26.672909333333333,-81.80777433333333,28:70:4e:d0:88:f7,-73,5240,49,Bermuda,pole 02 E
2025-10-20T14:20:09.067969+00:00,26.672909333333333,-81.80777433333333,28:70:4e:d0:87:dd,-67,5220,45,Bermuda,pole 07
2025-10-20T14:20:09.067969+00:00,26.672909333333333,-81.80777433333333,2e:70:4e:d0:87:dd,-67,5220,45,Bermuda Guest WIFI,pole 07
2025-10-20T14:20:09.067969+00:00,26.672910166666668,-81.80777983333333,28:70:4e:d0:88:31,-48,5765,154,Bermuda,pole 08
2025-10-20T14:20:09.067969+00:00,26.672910166666668,-81.80777983333333,28:70:4e:d0:88:30,-58,2412,1,Bermuda,pole 08
2025-10-20T14:20:09.067969+00:00,26.672910166666668,-81.80777983333333,2e:70:4e:d0:88:30,-59,2412,1,Bermuda Guest WIFI,pole 08
2025-10-20T14:20:09.067969+00:00,26.672910166666668,-81.80777983333333,2e:70:4e:d0:88:31,-49,5765,154,Bermuda Guest WIFI,pole 08
2025-10-20T14:20:09.067969+00:00,26.672910166666668,-81.80777983333333,60:22:32:16:00:d3,-85,5240,49,Bermuda,laundry2
2025-10-20T14:20:09.067969+00:00,26.672910166666668,-81.80777983333333,62:22:32:16:00:d3,-83,5240,49,Bermuda Guest WIFI,laundry2
2025-10-20T14:20:09.067969+00:00,26.672910166666668,-81.80777983333333,28:70:4e:d0:88:f7,-73,5240,49,Bermuda,pole 02 E
2025-10-20T14:20:09.067969+00:00,26.672910166666668,-81.80777983333333,28:70:4e:d0:87:dd,-67,5220,45,Bermuda,pole 07
2025-10-20T14:20:09.067969+00:00,26.672910166666668,-81.80777983333333,2e:70:4e:d0:87:dd,-63,5220,45,Bermuda Guest WIFI,pole 07
2025-10-20T14:20:09.067969+00:00,26.672910166666668,-81.80777983333333,28:70:4e:d0:88:f6,-76,2437,6,Bermuda,pole 02 E
2025-10-20T14:20:09.067969+00:00,26.672910166666668,-81.80777983333333,2e:70:4e:d0:88:f6,-77,2437,6,Bermuda Guest WIFI,pole 02 E
2025-10-20T14:20:09.067969+00:00,26.672910166666668,-81.80777983333333,2e:70:4e:d2:8b:2d,-76,2462,11,Bermuda Guest WIFI,pole 02 N
2025-10-20T14:20:09.067969+00:00,26.672910166666668,-81.80777983333333,2e:70:4e:dd:d3:1f,-75,2462,11,Bermuda Guest WIFI,pole 01 NE
2025-10-20T14:20:09.067969+00:00,26.672912166666666,-81.807779,28:70:4e:d0:88:31,-38,5765,154,Bermuda,pole 08
2025-10-20T14:20:09.067969+00:00,26.672912166666666,-81.807779,28:70:4e:d0:88:30,-53,2412,1,Bermuda,pole 08
2025-10-20T14:20:09.067969+00:00,26.672912166666666,-81.807779,2e:70:4e:d0:88:30,-52,2412,1,Bermuda Guest WIFI,pole 08
2025-10-20T14:20:09.067969+00:00,26.672912166666666,-81.807779,2e:70:4e:d0:88:31,-38,5765,154,Bermuda Guest WIFI,pole 08
2025-10-20T14:20:09.067969+00:00,26.672912166666666,-81.807779,60:22:32:16:00:d3,-81,5240,49,Bermuda,laundry2
2025-10-20T14:20:09.067969+00:00,26.672912166666666,-81.807779,62:22:32:16:00:d3,-81,5240,49,Bermuda Guest WIFI,laundry2
2025-10-20T14:20:09.067969+00:00,26.672912166666666,-81.807779,28:70:4e:d0:88:f7,-73,5240,49,Bermuda,pole 02 E
2025-10-20T14:20:09.067969+00:00,26.672912166666666,-81.807779,28:70:4e:d0:87:dd,-67,5220,45,Bermuda,pole 07
2025-10-20T14:20:09.067969+00:00,26.672912166666666,-81.807779,2e:70:4e:d0:87:dd,-68,5220,45,Bermuda Guest WIFI,pole 07
2025-10-20T14:20:09.067969+00:00,26.672912166666666,-81.807779,28:70:4e:d0:88:f6,-76,2437,6,Bermuda,pole 02 E
2025-10-20T14:20:09.067969+00:00,26.672912166666666,-81.807779,2e:70:4e:d0:88:f6,-77,2437,6,Bermuda Guest WIFI,pole 02 E
2025-10-20T14:20:09.067969+00:00,26.672912166666666,-81.807779,2e:70:4e:d2:8b:2d,-76,2462,11,Bermuda Guest WIFI,pole 02 N
2025-10-20T14:20:09.067969+00:00,26.672912166666666,-81.807779,2e:70:4e:dd:d3:1f,-75,2462,11,Bermuda Guest WIFI,pole 01 NE
2025-10-20T14:20:09.067969+00:00,26.672912166666666,-81.807779,28:70:4e:dd:d3:1f,-81,2462,11,Bermuda,pole 01 NE
2025-10-20T14:20:56.068419+00:00,26.672911666666668,-81.807771,28:70:4e:d0:88:31,-49,5765,154,Bermuda,pole 08
2025-10-20T14:20:56.068419+00:00,26.672911666666668,-81.807771,28:70:4e:d0:88:30,-63,2412,1,Bermuda,pole 08
2025-10-20T14:20:56.068419+00:00,26.672911666666668,-81.807771,2e:70:4e:d0:88:30,-62,2412,1,Bermuda Guest WIFI,pole 08
2025-10-20T14:20:56.068419+00:00,26.672911666666668,-81.807771,2e:70:4e:d0:88:31,-49,5765,154,Bermuda Guest WIFI,pole 08
2025-10-20T14:20:56.068419+00:00,26.672911666666668,-81.807771,60:22:32:16:00:d3,-84,5240,49,Bermuda,laundry2
2025-10-20T14:20:56.068419+00:00,26.672911666666668,-81.807771,62:22:32:16:00:d3,-83,5240,49,Bermuda Guest WIFI,laundry2
2025-10-20T14:20:56.068419+00:00,26.672911666666668,-81.807771,2e:70:4e:d0:87:dd,-68,5220,45,Bermuda Guest WIFI,pole 07
2025-10-20T14:20:56.068419+00:00,26.672911666666668,-81.807771,28:70:4e:d0:88:f6,-76,2437,6,Bermuda,pole 02 E
2025-10-20T14:20:56.068419+00:00,26.672911666666668,-81.807771,2e:70:4e:d0:88:f6,-74,2437,6,Bermuda Guest WIFI,pole 02 E
2025-10-20T14:20:56.068419+00:00,26.672911666666668,-81.807771,2e:70:4e:d2:8b:2d,-76,2462,11,Bermuda Guest WIFI,pole 02 N
2025-10-20T14:20:56.068419+00:00,26.672911666666668,-81.807771,2e:70:4e:dd:d3:1f,-75,2462,11,Bermuda Guest WIFI,pole 01 NE
2025-10-20T14:20:56.068419+00:00,26.672911666666668,-81.807771,28:70:4e:dd:d3:1f,-81,2462,11,Bermuda,pole 01 NE
2025-10-20T14:20:56.068419+00:00,26.672911666666668,-81.807771,28:70:4e:d2:8b:2e,-76,5220,45,Bermuda,pole 02 N
2025-10-20T14:20:56.068419+00:00,26.672911666666668,-81.807771,2e:70:4e:d2:8b:2e,-76,5220,45,Bermuda Guest WIFI,pole 02 N
20251020_142247,26.6729075,-81.80777033333334,28:70:4e:d0:88:31,-40,5765,154,Bermuda,pole 08
20251020_142247,26.6729075,-81.80777033333334,2e:70:4e:d0:88:31,-40,5765,154,Bermuda Guest WIFI,pole 08
20251020_142247,26.6729075,-81.80777033333334,28:70:4e:d0:88:30,-56,2412,1,Bermuda,pole 08
20251020_142247,26.6729075,-81.80777033333334,2e:70:4e:d0:88:30,-56,2412,1,Bermuda Guest WIFI,pole 08
20251020_142247,26.6729075,-81.80777033333334,2e:70:4e:d2:8b:2d,-75,2462,11,Bermuda Guest WIFI,pole 02 N
20251020_142247,26.6729075,-81.80777033333334,28:70:4e:d2:8b:2d,-77,2462,11,Bermuda,pole 02 N
20251020_142247,26.6729075,-81.80777033333334,28:70:4e:dd:d3:1f,-77,2462,11,Bermuda,pole 01 NE
20251020_142247,26.6729075,-81.80777033333334,2e:70:4e:dd:d3:1f,-79,2462,11,Bermuda Guest WIFI,pole 01 NE
20251020_142247,26.6729075,-81.80777033333334,60:22:32:16:00:d3,-79,5240,49,Bermuda,laundry2
20251020_142247,26.6729075,-81.80777033333334,62:22:32:16:00:d3,-80,5240,49,Bermuda Guest WIFI,laundry2
20251020_142247,26.6729075,-81.80777033333334,28:70:4e:d0:89:06,-83,5805,162,Bermuda,pole 06
20251020_142247,26.6729075,-81.80777033333334,2e:70:4e:d0:89:06,-83,5805,162,Bermuda Guest WIFI,pole 06
20251020_142247,26.672909,-81.8077725,28:70:4e:d0:88:31,-46,5765,154,Bermuda,pole 08
20251020_142247,26.672909,-81.8077725,2e:70:4e:d0:88:31,-47,5765,154,Bermuda Guest WIFI,pole 08
20251020_142247,26.672909,-81.8077725,28:70:4e:d0:88:30,-62,2412,1,Bermuda,pole 08
20251020_142247,26.672909,-81.8077725,2e:70:4e:d0:88:30,-62,2412,1,Bermuda Guest WIFI,pole 08
20251020_142247,26.672909,-81.8077725,28:70:4e:d0:89:20,-71,2412,1,Bermuda,pole 01 S
20251020_142247,26.672909,-81.8077725,2e:70:4e:d0:89:20,-71,2412,1,Bermuda Guest WIFI,pole 01 S
20251020_142247,26.672909,-81.8077725,2e:70:4e:dd:d3:1f,-72,2462,11,Bermuda Guest WIFI,pole 01 NE
20251020_142247,26.672909,-81.8077725,28:70:4e:d2:8b:2d,-75,2462,11,Bermuda,pole 02 N
20251020_142247,26.672909,-81.8077725,2e:70:4e:d0:88:f6,-75,2437,6,Bermuda Guest WIFI,pole 02 E
20251020_142247,26.672909,-81.8077725,2e:70:4e:d2:8b:2d,-76,2462,11,Bermuda Guest WIFI,pole 02 N
20251020_142247,26.672909,-81.8077725,28:70:4e:dd:d3:1f,-77,2462,11,Bermuda,pole 01 NE
20251020_142247,26.672909,-81.8077725,28:70:4e:d0:89:06,-83,5805,162,Bermuda,pole 06
20251020_142247,26.672909,-81.8077725,2e:70:4e:d0:89:06,-83,5805,162,Bermuda Guest WIFI,pole 06
20251020_142247,26.672909,-81.8077725,62:22:32:16:00:d3,-84,5240,49,Bermuda Guest WIFI,laundry2
20251020_142247,26.672909,-81.8077725,60:22:32:16:00:d3,-85,5240,49,Bermuda,laundry2
20251020_142247,26.672908,-81.8077705,28:70:4e:d0:88:31,-38,5765,154,Bermuda,pole 08
20251020_142247,26.672908,-81.8077705,2e:70:4e:d0:88:31,-38,5765,154,Bermuda Guest WIFI,pole 08
20251020_142247,26.672908,-81.8077705,2e:70:4e:d0:88:30,-54,2412,1,Bermuda Guest WIFI,pole 08
20251020_142247,26.672908,-81.8077705,28:70:4e:d0:88:30,-55,2412,1,Bermuda,pole 08
20251020_142247,26.672908,-81.8077705,28:70:4e:d0:87:dd,-67,5220,45,Bermuda,pole 07
20251020_142247,26.672908,-81.8077705,2e:70:4e:d0:87:dd,-67,5220,45,Bermuda Guest WIFI,pole 07
20251020_142247,26.672908,-81.8077705,28:70:4e:d0:89:20,-71,2412,1,Bermuda,pole 01 S
20251020_142247,26.672908,-81.8077705,2e:70:4e:d0:89:20,-71,2412,1,Bermuda Guest WIFI,pole 01 S
20251020_142247,26.672908,-81.8077705,2e:70:4e:dd:d3:1f,-72,2462,11,Bermuda Guest WIFI,pole 01 NE
20251020_142247,26.672908,-81.8077705,28:70:4e:d2:8b:2d,-75,2462,11,Bermuda,pole 02 N
20251020_142247,26.672908,-81.8077705,2e:70:4e:d0:88:f6,-75,2437,6,Bermuda Guest WIFI,pole 02 E
20251020_142247,26.672908,-81.8077705,2e:70:4e:d2:8b:2d,-76,2462,11,Bermuda Guest WIFI,pole 02 N
20251020_142247,26.672908,-81.8077705,28:70:4e:dd:d3:1f,-77,2462,11,Bermuda,pole 01 NE
20251020_142247,26.672908,-81.8077705,60:22:32:16:00:d3,-80,5240,49,Bermuda,laundry2
20251020_142247,26.672908,-81.8077705,62:22:32:16:00:d3,-80,5240,49,Bermuda Guest WIFI,laundry2
20251020_142247,26.672908,-81.8077705,28:70:4e:d0:89:06,-83,5805,162,Bermuda,pole 06
20251020_142247,26.672908,-81.8077705,2e:70:4e:d0:89:06,-83,5805,162,Bermuda Guest WIFI,pole 06
20251020_142247,26.672905,-81.8077645,28:70:4e:d0:88:31,-46,5765,154,Bermuda,pole 08
20251020_142247,26.672905,-81.8077645,2e:70:4e:d0:88:31,-46,5765,154,Bermuda Guest WIFI,pole 08
20251020_142247,26.672905,-81.8077645,2e:70:4e:d0:88:30,-65,2412,1,Bermuda Guest WIFI,pole 08
20251020_142247,26.672905,-81.8077645,28:70:4e:d0:88:30,-66,2412,1,Bermuda,pole 08
20251020_142247,26.672905,-81.8077645,28:70:4e:d0:87:dd,-67,5220,45,Bermuda,pole 07
20251020_142247,26.672905,-81.8077645,2e:70:4e:d0:87:dd,-67,5220,45,Bermuda Guest WIFI,pole 07
20251020_142247,26.672905,-81.8077645,2e:70:4e:dd:d3:1f,-73,2462,11,Bermuda Guest WIFI,pole 01 NE
20251020_142247,26.672905,-81.8077645,28:70:4e:d0:89:20,-73,2412,1,Bermuda,pole 01 S
20251020_142247,26.672905,-81.8077645,2e:70:4e:d0:89:20,-74,2412,1,Bermuda Guest WIFI,pole 01 S
20251020_142247,26.672905,-81.8077645,2e:70:4e:d0:88:f6,-75,2437,6,Bermuda Guest WIFI,pole 02 E
20251020_142247,26.672905,-81.8077645,2e:70:4e:d2:8b:2d,-76,2462,11,Bermuda Guest WIFI,pole 02 N
20251020_142247,26.672905,-81.8077645,2e:70:4e:d2:8b:2e,-76,5220,45,Bermuda Guest WIFI,pole 02 N
20251020_142247,26.672905,-81.8077645,28:70:4e:dd:d3:1f,-77,2462,11,Bermuda,pole 01 NE
20251020_142247,26.672905,-81.8077645,28:70:4e:d0:89:06,-83,5805,162,Bermuda,pole 06
20251020_142247,26.672905,-81.8077645,2e:70:4e:d0:89:06,-83,5805,162,Bermuda Guest WIFI,pole 06
20251020_142247,26.672905,-81.8077645,62:22:32:16:00:d3,-84,5240,49,Bermuda Guest WIFI,laundry2
20251020_142247,26.672905,-81.8077645,28:70:4e:d2:8b:2d,-85,2462,11,Bermuda,pole 02 N
20251020_142247,26.672905,-81.8077645,60:22:32:16:00:d3,-85,5240,49,Bermuda,laundry2
2025-10-20T14:23:26.067918+00:00,26.672903666666667,-81.80776116666667,28:70:4e:d0:88:31,-38,5765,154,Bermuda,pole 08
2025-10-20T14:23:26.067918+00:00,26.672903666666667,-81.80776116666667,2e:70:4e:d0:88:31,-38,5765,154,Bermuda Guest WIFI,pole 08
2025-10-20T14:23:26.067918+00:00,26.672903666666667,-81.80776116666667,28:70:4e:d0:88:30,-56,2412,1,Bermuda,pole 08
2025-10-20T14:23:26.067918+00:00,26.672903666666667,-81.80776116666667,2e:70:4e:d0:88:30,-56,2412,1,Bermuda Guest WIFI,pole 08
2025-10-20T14:23:26.067918+00:00,26.672903666666667,-81.80776116666667,28:70:4e:d0:87:dd,-67,5220,45,Bermuda,pole 07
2025-10-20T14:23:26.067918+00:00,26.672903666666667,-81.80776116666667,2e:70:4e:d0:87:dd,-67,5220,45,Bermuda Guest WIFI,pole 07
2025-10-20T14:23:26.067918+00:00,26.672903666666667,-81.80776116666667,2e:70:4e:dd:d3:1f,-73,2462,11,Bermuda Guest WIFI,pole 01 NE
2025-10-20T14:23:26.067918+00:00,26.672903666666667,-81.80776116666667,28:70:4e:d0:89:20,-73,2412,1,Bermuda,pole 01 S
2025-10-20T14:23:26.067918+00:00,26.672903666666667,-81.80776116666667,2e:70:4e:d0:89:20,-74,2412,1,Bermuda Guest WIFI,pole 01 S
2025-10-20T14:23:26.067918+00:00,26.672903666666667,-81.80776116666667,2e:70:4e:d2:8b:2e,-76,5220,45,Bermuda Guest WIFI,pole 02 N
2025-10-20T14:23:26.067918+00:00,26.672903666666667,-81.80776116666667,28:70:4e:d0:88:f7,-76,5240,49,Bermuda,pole 02 E
2025-10-20T14:23:26.067918+00:00,26.672903666666667,-81.80776116666667,2e:70:4e:d0:88:f7,-76,5240,49,Bermuda Guest WIFI,pole 02 E
2025-10-20T14:23:26.067918+00:00,26.672903666666667,-81.80776116666667,60:22:32:16:00:d3,-79,5240,49,Bermuda,laundry2
2025-10-20T14:23:26.067918+00:00,26.672903666666667,-81.80776116666667,62:22:32:16:00:d3,-79,5240,49,Bermuda Guest WIFI,laundry2
2025-10-20T14:23:26.067918+00:00,26.672903666666667,-81.80776116666667,28:70:4e:d2:8b:2d,-85,2462,11,Bermuda,pole 02 N
2025-10-20T14:23:26.067918+00:00,26.6729035,-81.80776333333333,28:70:4e:d0:88:31,-45,5765,154,Bermuda,pole 08
2025-10-20T14:23:26.067918+00:00,26.6729035,-81.80776333333333,2e:70:4e:d0:88:31,-45,5765,154,Bermuda Guest WIFI,pole 08
2025-10-20T14:23:26.067918+00:00,26.6729035,-81.80776333333333,28:70:4e:d0:88:30,-63,2412,1,Bermuda,pole 08
2025-10-20T14:23:26.067918+00:00,26.6729035,-81.80776333333333,2e:70:4e:d0:88:30,-65,2412,1,Bermuda Guest WIFI,pole 08
2025-10-20T14:23:26.067918+00:00,26.6729035,-81.80776333333333,2e:70:4e:d0:89:20,-71,2412,1,Bermuda Guest WIFI,pole 01 S
2025-10-20T14:23:26.067918+00:00,26.6729035,-81.80776333333333,28:70:4e:dd:d3:1f,-72,2462,11,Bermuda,pole 01 NE
2025-10-20T14:23:26.067918+00:00,26.6729035,-81.80776333333333,2e:70:4e:dd:d3:1f,-73,2462,11,Bermuda Guest WIFI,pole 01 NE
2025-10-20T14:23:26.067918+00:00,26.6729035,-81.80776333333333,28:70:4e:d0:89:20,-74,2412,1,Bermuda,pole 01 S
2025-10-20T14:23:26.067918+00:00,26.6729035,-81.80776333333333,2e:70:4e:d2:8b:2e,-76,5220,45,Bermuda Guest WIFI,pole 02 N
2025-10-20T14:23:26.067918+00:00,26.6729035,-81.80776333333333,28:70:4e:d0:88:f7,-76,5240,49,Bermuda,pole 02 E
2025-10-20T14:23:26.067918+00:00,26.6729035,-81.80776333333333,2e:70:4e:d0:88:f7,-76,5240,49,Bermuda Guest WIFI,pole 02 E
2025-10-20T14:23:26.067918+00:00,26.6729035,-81.80776333333333,28:70:4e:d2:8b:2d,-85,2462,11,Bermuda,pole 02 N
2025-10-20T14:23:26.067918+00:00,26.6729035,-81.80776333333333,60:22:32:16:00:d3,-85,5240,49,Bermuda,laundry2
2025-10-20T14:23:26.067918+00:00,26.6729035,-81.80776333333333,28:70:4e:d0:89:06,-85,5805,162,Bermuda,pole 06
2025-10-20T14:23:26.067918+00:00,26.6729035,-81.80776333333333,2e:70:4e:d0:89:06,-85,5805,162,Bermuda Guest WIFI,pole 06
2025-10-20T14:23:26.067918+00:00,26.6729035,-81.80776333333333,62:22:32:16:00:d3,-86,5240,49,Bermuda Guest WIFI,laundry2
2025-10-20T14:23:26.067918+00:00,26.672904166666665,-81.80776266666666,28:70:4e:d0:88:31,-39,5765,154,Bermuda,pole 08
2025-10-20T14:23:26.067918+00:00,26.672904166666665,-81.80776266666666,2e:70:4e:d0:88:31,-39,5765,154,Bermuda Guest WIFI,pole 08
2025-10-20T14:23:26.067918+00:00,26.672904166666665,-81.80776266666666,2e:70:4e:d0:88:30,-54,2412,1,Bermuda Guest WIFI,pole 08
2025-10-20T14:23:26.067918+00:00,26.672904166666665,-81.80776266666666,28:70:4e:d0:88:30,-55,2412,1,Bermuda,pole 08
2025-10-20T14:23:26.067918+00:00,26.672904166666665,-81.80776266666666,2e:70:4e:d0:89:20,-71,2412,1,Bermuda Guest WIFI,pole 01 S
2025-10-20T14:23:26.067918+00:00,26.672904166666665,-81.80776266666666,28:70:4e:dd:d3:1f,-72,2462,11,Bermuda,pole 01 NE
2025-10-20T14:23:26.067918+00:00,26.672904166666665,-81.80776266666666,2e:70:4e:dd:d3:1f,-73,2462,11,Bermuda Guest WIFI,pole 01 NE
2025-10-20T14:23:26.067918+00:00,26.672904166666665,-81.80776266666666,28:70:4e:d0:89:20,-74,2412,1,Bermuda,pole 01 S
2025-10-20T14:23:26.067918+00:00,26.672904166666665,-81.80776266666666,28:70:4e:d0:88:f7,-74,5240,49,Bermuda,pole 02 E
2025-10-20T14:23:26.067918+00:00,26.672904166666665,-81.80776266666666,28:70:4e:d0:88:f6,-74,2437,6,Bermuda,pole 02 E
2025-10-20T14:23:26.067918+00:00,26.672904166666665,-81.80776266666666,2e:70:4e:d0:88:f7,-75,5240,49,Bermuda Guest WIFI,pole 02 E
2025-10-20T14:23:26.067918+00:00,26.672904166666665,-81.80776266666666,28:70:4e:d2:8b:2d,-78,2462,11,Bermuda,pole 02 N
2025-10-20T14:23:26.067918+00:00,26.672904166666665,-81.80776266666666,60:22:32:16:00:d3,-79,5240,49,Bermuda,laundry2
2025-10-20T14:23:26.067918+00:00,26.672904166666665,-81.80776266666666,62:22:32:16:00:d3,-80,5240,49,Bermuda Guest WIFI,laundry2
2025-10-20T14:23:26.067918+00:00,26.672904166666665,-81.80776266666666,28:70:4e:d0:89:06,-85,5805,162,Bermuda,pole 06
2025-10-20T14:23:26.067918+00:00,26.672904166666665,-81.80776266666666,2e:70:4e:d0:89:06,-85,5805,162,Bermuda Guest WIFI,pole 06
2025-10-20T14:23:26.067918+00:00,26.6729065,-81.80776133333333,28:70:4e:d0:88:31,-48,5765,154,Bermuda,pole 08
2025-10-20T14:23:26.067918+00:00,26.6729065,-81.80776133333333,2e:70:4e:d0:88:31,-48,5765,154,Bermuda Guest WIFI,pole 08
2025-10-20T14:23:26.067918+00:00,26.6729065,-81.80776133333333,28:70:4e:d0:88:30,-61,2412,1,Bermuda,pole 08
2025-10-20T14:23:26.067918+00:00,26.6729065,-81.80776133333333,2e:70:4e:d0:88:30,-62,2412,1,Bermuda Guest WIFI,pole 08
2025-10-20T14:23:26.067918+00:00,26.6729065,-81.80776133333333,2e:70:4e:d0:89:20,-71,2412,1,Bermuda Guest WIFI,pole 01 S
2025-10-20T14:23:26.067918+00:00,26.6729065,-81.80776133333333,28:70:4e:d0:89:20,-74,2412,1,Bermuda,pole 01 S
2025-10-20T14:23:26.067918+00:00,26.6729065,-81.80776133333333,28:70:4e:d0:88:f7,-74,5240,49,Bermuda,pole 02 E
2025-10-20T14:23:26.067918+00:00,26.6729065,-81.80776133333333,28:70:4e:dd:d3:1f,-74,2462,11,Bermuda,pole 01 NE
2025-10-20T14:23:26.067918+00:00,26.6729065,-81.80776133333333,28:70:4e:d0:88:f6,-74,2437,6,Bermuda,pole 02 E
2025-10-20T14:23:26.067918+00:00,26.6729065,-81.80776133333333,2e:70:4e:dd:d3:1f,-75,2462,11,Bermuda Guest WIFI,pole 01 NE
2025-10-20T14:23:26.067918+00:00,26.6729065,-81.80776133333333,2e:70:4e:d0:88:f7,-75,5240,49,Bermuda Guest WIFI,pole 02 E
2025-10-20T14:23:26.067918+00:00,26.6729065,-81.80776133333333,2e:70:4e:d2:8b:2d,-75,2462,11,Bermuda Guest WIFI,pole 02 N
2025-10-20T14:23:26.067918+00:00,26.6729065,-81.80776133333333,28:70:4e:d2:8b:2d,-76,2462,11,Bermuda,pole 02 N
2025-10-20T14:23:26.067918+00:00,26.6729065,-81.80776133333333,28:70:4e:d0:89:05,-78,2412,1,Bermuda,pole 06
2025-10-20T14:23:26.067918+00:00,26.6729065,-81.80776133333333,2e:70:4e:d0:89:05,-78,2412,1,Bermuda Guest WIFI,pole 06
2025-10-20T14:23:26.067918+00:00,26.6729065,-81.80776133333333,62:22:32:16:00:d3,-84,5240,49,Bermuda Guest WIFI,laundry2
2025-10-20T14:23:26.067918+00:00,26.6729065,-81.80776133333333,60:22:32:16:00:d3,-85,5240,49,Bermuda,laundry2
2025-10-20T14:23:26.067918+00:00,26.6729065,-81.80776133333333,28:70:4e:d0:89:06,-85,5805,162,Bermuda,pole 06
2025-10-20T14:23:26.067918+00:00,26.6729065,-81.80776133333333,2e:70:4e:d0:89:06,-85,5805,162,Bermuda Guest WIFI,pole 06
20251020_142544,26.6729045,-81.80776083333333,28:70:4e:d0:88:31,-38,5765,154,Bermuda,pole 08
20251020_142544,26.6729045,-81.80776083333333,2e:70:4e:d0:88:31,-38,5765,154,Bermuda Guest WIFI,pole 08
20251020_142544,26.6729045,-81.80776083333333,2e:70:4e:d0:88:30,-56,2412,1,Bermuda Guest WIFI,pole 08
20251020_142544,26.6729045,-81.80776083333333,28:70:4e:d0:88:30,-57,2412,1,Bermuda,pole 08
20251020_142544,26.6729045,-81.80776083333333,28:70:4e:d0:87:dc,-69,2462,11,Bermuda,pole 07
20251020_142544,26.6729045,-81.80776083333333,28:70:4e:d0:88:f6,-70,2437,6,Bermuda,pole 02 E
20251020_142544,26.6729045,-81.80776083333333,2e:70:4e:d0:88:f6,-70,2437,6,Bermuda Guest WIFI,pole 02 E
20251020_142544,26.6729045,-81.80776083333333,2e:70:4e:d0:87:dc,-72,2462,11,Bermuda Guest WIFI,pole 07
20251020_142544,26.6729045,-81.80776083333333,28:70:4e:dd:d3:1f,-74,2462,11,Bermuda,pole 01 NE
20251020_142544,26.6729045,-81.80776083333333,28:70:4e:d2:8b:2d,-77,2462,11,Bermuda,pole 02 N
20251020_142544,26.6729045,-81.80776083333333,2e:70:4e:d2:8b:2d,-77,2462,11,Bermuda Guest WIFI,pole 02 N
20251020_142544,26.6729045,-81.80776083333333,62:22:32:16:00:d3,-79,5240,49,Bermuda Guest WIFI,laundry2
20251020_142544,26.6729045,-81.80776083333333,60:22:32:16:00:d3,-79,5240,49,Bermuda,laundry2
20251020_142544,26.6729045,-81.80776083333333,2e:70:4e:dd:d3:1f,-81,2462,11,Bermuda Guest WIFI,pole 01 NE
20251020_142544,26.672905666666665,-81.80776383333334,28:70:4e:d0:88:31,-47,5765,154,Bermuda,pole 08
20251020_142544,26.672905666666665,-81.80776383333334,2e:70:4e:d0:88:31,-47,5765,154,Bermuda Guest WIFI,pole 08
20251020_142544,26.672905666666665,-81.80776383333334,28:70:4e:d0:88:30,-59,2412,1,Bermuda,pole 08
20251020_142544,26.672905666666665,-81.80776383333334,2e:70:4e:d0:88:30,-59,2412,1,Bermuda Guest WIFI,pole 08
20251020_142544,26.672905666666665,-81.80776383333334,28:70:4e:d0:87:dc,-69,2462,11,Bermuda,pole 07
20251020_142544,26.672905666666665,-81.80776383333334,28:70:4e:d0:88:f6,-70,2437,6,Bermuda,pole 02 E
20251020_142544,26.672905666666665,-81.80776383333334,2e:70:4e:d0:88:f6,-70,2437,6,Bermuda Guest WIFI,pole 02 E
20251020_142544,26.672905666666665,-81.80776383333334,2e:70:4e:d0:87:dc,-72,2462,11,Bermuda Guest WIFI,pole 07
20251020_142544,26.672905666666665,-81.80776383333334,2e:70:4e:d0:89:20,-72,2412,1,Bermuda Guest WIFI,pole 01 S
20251020_142544,26.672905666666665,-81.80776383333334,28:70:4e:dd:d3:1f,-74,2462,11,Bermuda,pole 01 NE
20251020_142544,26.672905666666665,-81.80776383333334,28:70:4e:d2:8b:2d,-77,2462,11,Bermuda,pole 02 N
20251020_142544,26.672905666666665,-81.80776383333334,2e:70:4e:d2:8b:2d,-77,2462,11,Bermuda Guest WIFI,pole 02 N
20251020_142544,26.672905666666665,-81.80776383333334,2e:70:4e:dd:d3:1f,-81,2462,11,Bermuda Guest WIFI,pole 01 NE
20251020_142544,26.672905666666665,-81.80776383333334,62:22:32:16:00:d3,-84,5240,49,Bermuda Guest WIFI,laundry2
20251020_142544,26.672905666666665,-81.80776383333334,60:22:32:16:00:d3,-84,5240,49,Bermuda,laundry2
20251020_142544,26.672905166666666,-81.80776233333333,28:70:4e:d0:88:31,-39,5765,154,Bermuda,pole 08
20251020_142544,26.672905166666666,-81.80776233333333,2e:70:4e:d0:88:31,-39,5765,154,Bermuda Guest WIFI,pole 08
20251020_142544,26.672905166666666,-81.80776233333333,2e:70:4e:d0:88:30,-58,2412,1,Bermuda Guest WIFI,pole 08
20251020_142544,26.672905166666666,-81.80776233333333,28:70:4e:d0:88:30,-60,2412,1,Bermuda,pole 08
20251020_142544,26.672905166666666,-81.80776233333333,28:70:4e:d0:87:dd,-65,5220,45,Bermuda,pole 07
20251020_142544,26.672905166666666,-81.80776233333333,2e:70:4e:d0:87:dd,-65,5220,45,Bermuda Guest WIFI,pole 07
20251020_142544,26.672905166666666,-81.80776233333333,28:70:4e:d0:87:dc,-69,2462,11,Bermuda,pole 07
20251020_142544,26.672905166666666,-81.80776233333333,28:70:4e:d0:88:f6,-70,2437,6,Bermuda,pole 02 E
20251020_142544,26.672905166666666,-81.80776233333333,2e:70:4e:d0:88:f6,-70,2437,6,Bermuda Guest WIFI,pole 02 E
20251020_142544,26.672905166666666,-81.80776233333333,2e:70:4e:d0:87:dc,-72,2462,11,Bermuda Guest WIFI,pole 07
20251020_142544,26.672905166666666,-81.80776233333333,2e:70:4e:d0:89:20,-72,2412,1,Bermuda Guest WIFI,pole 01 S
20251020_142544,26.672905166666666,-81.80776233333333,28:70:4e:dd:d3:1f,-74,2462,11,Bermuda,pole 01 NE
20251020_142544,26.672905166666666,-81.80776233333333,28:70:4e:d0:88:f7,-74,5240,49,Bermuda,pole 02 E
20251020_142544,26.672905166666666,-81.80776233333333,2e:70:4e:d0:88:f7,-74,5240,49,Bermuda Guest WIFI,pole 02 E
20251020_142544,26.672905166666666,-81.80776233333333,28:70:4e:d2:8b:2d,-77,2462,11,Bermuda,pole 02 N
20251020_142544,26.672905166666666,-81.80776233333333,2e:70:4e:d2:8b:2d,-77,2462,11,Bermuda Guest WIFI,pole 02 N
20251020_142544,26.672905166666666,-81.80776233333333,62:22:32:16:00:d3,-79,5240,49,Bermuda Guest WIFI,laundry2
20251020_142544,26.672905166666666,-81.80776233333333,60:22:32:16:00:d3,-79,5240,49,Bermuda,laundry2
20251020_142544,26.672905166666666,-81.80776233333333,28:70:4e:dd:d3:20,-79,5785,158,Bermuda,pole 01 NE
20251020_142544,26.672905166666666,-81.80776233333333,2e:70:4e:dd:d3:1f,-81,2462,11,Bermuda Guest WIFI,pole 01 NE
20251020_142544,26.672903,-81.80776116666667,28:70:4e:d0:88:31,-46,5765,154,Bermuda,pole 08
20251020_142544,26.672903,-81.80776116666667,2e:70:4e:d0:88:31,-46,5765,154,Bermuda Guest WIFI,pole 08
20251020_142544,26.672903,-81.80776116666667,28:70:4e:d0:88:30,-59,2412,1,Bermuda,pole 08
20251020_142544,26.672903,-81.80776116666667,2e:70:4e:d0:88:30,-59,2412,1,Bermuda Guest WIFI,pole 08
20251020_142544,26.672903,-81.80776116666667,28:70:4e:d0:87:dd,-65,5220,45,Bermuda,pole 07
20251020_142544,26.672903,-81.80776116666667,2e:70:4e:d0:87:dd,-65,5220,45,Bermuda Guest WIFI,pole 07
20251020_142544,26.672903,-81.80776116666667,28:70:4e:d0:87:dc,-69,2462,11,Bermuda,pole 07
20251020_142544,26.672903,-81.80776116666667,28:70:4e:d0:88:f6,-70,2437,6,Bermuda,pole 02 E
20251020_142544,26.672903,-81.80776116666667,2e:70:4e:d0:88:f6,-70,2437,6,Bermuda Guest WIFI,pole 02 E
20251020_142544,26.672903,-81.80776116666667,28:70:4e:dd:d3:1f,-72,2462,11,Bermuda,pole 01 NE
20251020_142544,26.672903,-81.80776116666667,2e:70:4e:d0:87:dc,-72,2462,11,Bermuda Guest WIFI,pole 07
20251020_142544,26.672903,-81.80776116666667,2e:70:4e:d0:89:20,-72,2412,1,Bermuda Guest WIFI,pole 01 S
20251020_142544,26.672903,-81.80776116666667,2e:70:4e:dd:d3:1f,-73,2462,11,Bermuda Guest WIFI,pole 01 NE
20251020_142544,26.672903,-81.80776116666667,28:70:4e:d0:88:f7,-74,5240,49,Bermuda,pole 02 E
20251020_142544,26.672903,-81.80776116666667,2e:70:4e:d0:88:f7,-74,5240,49,Bermuda Guest WIFI,pole 02 E
20251020_142544,26.672903,-81.80776116666667,28:70:4e:dd:d3:20,-79,5785,158,Bermuda,pole 01 NE
20251020_142544,26.672903,-81.80776116666667,28:70:4e:d2:8b:2d,-81,2462,11,Bermuda,pole 02 N
20251020_142544,26.672903,-81.80776116666667,2e:70:4e:d2:8b:2d,-82,2462,11,Bermuda Guest WIFI,pole 02 N
20251020_142544,26.672903,-81.80776116666667,62:22:32:16:00:d3,-85,5240,49,Bermuda Guest WIFI,laundry2
20251020_142544,26.672903,-81.80776116666667,60:22:32:16:00:d3,-85,5240,49,Bermuda,laundry2
20251020_142544,26.672903,-81.80776116666667,2e:70:4e:d0:89:05,-85,2412,1,Bermuda Guest WIFI,pole 06
2025-10-20T14:26:47.386013+00:00,26.672902,-81.80775983333334,28:70:4e:d0:88:31,-40,5765,154,Bermuda,pole 08
2025-10-20T14:26:47.386013+00:00,26.672902,-81.80775983333334,2e:70:4e:d0:88:31,-40,5765,154,Bermuda Guest WIFI,pole 08
2025-10-20T14:26:47.386013+00:00,26.672902,-81.80775983333334,28:70:4e:d0:88:30,-57,2412,1,Bermuda,pole 08
2025-10-20T14:26:47.386013+00:00,26.672902,-81.80775983333334,2e:70:4e:d0:88:30,-57,2412,1,Bermuda Guest WIFI,pole 08
2025-10-20T14:26:47.386013+00:00,26.672902,-81.80775983333334,28:70:4e:d0:87:dd,-69,5220,45,Bermuda,pole 07
2025-10-20T14:26:47.386013+00:00,26.672902,-81.80775983333334,2e:70:4e:d0:87:dd,-69,5220,45,Bermuda Guest WIFI,pole 07
2025-10-20T14:26:47.386013+00:00,26.672902,-81.80775983333334,28:70:4e:d0:87:dc,-73,2462,11,Bermuda,pole 07
2025-10-20T14:26:47.386013+00:00,26.672902,-81.80775983333334,2e:70:4e:d0:87:dc,-73,2462,11,Bermuda Guest WIFI,pole 07
2025-10-20T14:26:47.386013+00:00,26.672902,-81.80775983333334,28:70:4e:d2:8b:2d,-77,2462,11,Bermuda,pole 02 N
2025-10-20T14:26:47.386013+00:00,26.672902,-81.80775983333334,28:70:4e:dd:d3:1f,-78,2462,11,Bermuda,pole 01 NE
2025-10-20T14:26:47.386013+00:00,26.672902,-81.80775983333334,2e:70:4e:dd:d3:1f,-79,2462,11,Bermuda Guest WIFI,pole 01 NE
2025-10-20T14:26:47.386013+00:00,26.672902,-81.80775983333334,60:22:32:16:00:d3,-79,5240,49,Bermuda,laundry2
2025-10-20T14:26:47.386013+00:00,26.672902,-81.80775983333334,62:22:32:16:00:d3,-80,5240,49,Bermuda Guest WIFI,laundry2
2025-10-20T14:26:47.386013+00:00,26.672902,-81.80775983333334,2e:70:4e:d0:89:06,-85,5805,162,Bermuda Guest WIFI,pole 06
2025-10-20T14:26:47.386013+00:00,26.6729045,-81.80775933333334,28:70:4e:d0:88:31,-45,5765,154,Bermuda,pole 08
2025-10-20T14:26:47.386013+00:00,26.6729045,-81.80775933333334,2e:70:4e:d0:88:31,-45,5765,154,Bermuda Guest WIFI,pole 08
2025-10-20T14:26:47.386013+00:00,26.6729045,-81.80775933333334,28:70:4e:d0:88:30,-60,2412,1,Bermuda,pole 08
2025-10-20T14:26:47.386013+00:00,26.6729045,-81.80775933333334,2e:70:4e:d0:88:30,-60,2412,1,Bermuda Guest WIFI,pole 08
2025-10-20T14:26:47.386013+00:00,26.6729045,-81.80775933333334,28:70:4e:d0:87:dd,-69,5220,45,Bermuda,pole 07
2025-10-20T14:26:47.386013+00:00,26.6729045,-81.80775933333334,2e:70:4e:d0:87:dd,-69,5220,45,Bermuda Guest WIFI,pole 07
2025-10-20T14:26:47.386013+00:00,26.6729045,-81.80775933333334,28:70:4e:dd:d3:1f,-71,2462,11,Bermuda,pole 01 NE
2025-10-20T14:26:47.386013+00:00,26.6729045,-81.80775933333334,2e:70:4e:dd:d3:1f,-73,2462,11,Bermuda Guest WIFI,pole 01 NE
2025-10-20T14:26:47.386013+00:00,26.6729045,-81.80775933333334,28:70:4e:d0:87:dc,-73,2462,11,Bermuda,pole 07
2025-10-20T14:26:47.386013+00:00,26.6729045,-81.80775933333334,2e:70:4e:d0:87:dc,-73,2462,11,Bermuda Guest WIFI,pole 07
2025-10-20T14:26:47.386013+00:00,26.6729045,-81.80775933333334,28:70:4e:d2:8b:2d,-75,2462,11,Bermuda,pole 02 N
2025-10-20T14:26:47.386013+00:00,26.6729045,-81.80775933333334,62:22:32:16:00:d3,-85,5240,49,Bermuda Guest WIFI,laundry2
2025-10-20T14:26:47.386013+00:00,26.6729045,-81.80775933333334,60:22:32:16:00:d3,-85,5240,49,Bermuda,laundry2
2025-10-20T14:26:47.386013+00:00,26.6729045,-81.80775933333334,2e:70:4e:d0:89:06,-85,5805,162,Bermuda Guest WIFI,pole 06
2025-10-20T14:26:47.386013+00:00,26.672906166666667,-81.80776116666667,28:70:4e:d0:88:31,-39,5765,154,Bermuda,pole 08
2025-10-20T14:26:47.386013+00:00,26.672906166666667,-81.80776116666667,2e:70:4e:d0:88:31,-39,5765,154,Bermuda Guest WIFI,pole 08
2025-10-20T14:26:47.386013+00:00,26.672906166666667,-81.80776116666667,2e:70:4e:d0:88:30,-55,2412,1,Bermuda Guest WIFI,pole 08
2025-10-20T14:26:47.386013+00:00,26.672906166666667,-81.80776116666667,28:70:4e:d0:88:30,-56,2412,1,Bermuda,pole 08
2025-10-20T14:26:47.386013+00:00,26.672906166666667,-81.80776116666667,28:70:4e:d0:87:dd,-66,5220,45,Bermuda,pole 07
2025-10-20T14:26:47.386013+00:00,26.672906166666667,-81.80776116666667,2e:70:4e:d0:87:dd,-66,5220,45,Bermuda Guest WIFI,pole 07
2025-10-20T14:26:47.386013+00:00,26.672906166666667,-81.80776116666667,28:70:4e:d0:88:f6,-72,2437,6,Bermuda,pole 02 E
2025-10-20T14:26:47.386013+00:00,26.672906166666667,-81.80776116666667,28:70:4e:d0:87:dc,-73,2462,11,Bermuda,pole 07
2025-10-20T14:26:47.386013+00:00,26.672906166666667,-81.80776116666667,2e:70:4e:d0:87:dc,-73,2462,11,Bermuda Guest WIFI,pole 07
2025-10-20T14:26:47.386013+00:00,26.672906166666667,-81.80776116666667,2e:70:4e:d0:88:f6,-73,2437,6,Bermuda Guest WIFI,pole 02 E
2025-10-20T14:26:47.386013+00:00,26.672906166666667,-81.80776116666667,2e:70:4e:d0:89:20,-76,2412,1,Bermuda Guest WIFI,pole 01 S
2025-10-20T14:26:47.386013+00:00,26.672906166666667,-81.80776116666667,28:70:4e:dd:d3:1f,-79,2462,11,Bermuda,pole 01 NE
2025-10-20T14:26:47.386013+00:00,26.672906166666667,-81.80776116666667,62:22:32:16:00:d3,-79,5240,49,Bermuda Guest WIFI,laundry2
2025-10-20T14:26:47.386013+00:00,26.672906166666667,-81.80776116666667,60:22:32:16:00:d3,-79,5240,49,Bermuda,laundry2
2025-10-20T14:26:47.386013+00:00,26.672906166666667,-81.80776116666667,2e:70:4e:dd:d3:1f,-81,2462,11,Bermuda Guest WIFI,pole 01 NE
2025-10-20T14:26:47.386013+00:00,26.672906166666667,-81.80776116666667,28:70:4e:d2:8b:2d,-83,2462,11,Bermuda,pole 02 N
2025-10-20T14:26:47.386013+00:00,26.672906166666667,-81.80776116666667,2e:70:4e:d0:89:06,-85,5805,162,Bermuda Guest WIFI,pole 06
2025-10-20T14:26:47.386013+00:00,26.672907333333335,-81.80776183333333,28:70:4e:d0:88:31,-48,5765,154,Bermuda,pole 08
2025-10-20T14:26:47.386013+00:00,26.672907333333335,-81.80776183333333,2e:70:4e:d0:88:31,-48,5765,154,Bermuda Guest WIFI,pole 08
2025-10-20T14:26:47.386013+00:00,26.672907333333335,-81.80776183333333,2e:70:4e:d0:88:30,-62,2412,1,Bermuda Guest WIFI,pole 08
2025-10-20T14:26:47.386013+00:00,26.672907333333335,-81.80776183333333,28:70:4e:d0:88:30,-63,2412,1,Bermuda,pole 08
2025-10-20T14:26:47.386013+00:00,26.672907333333335,-81.80776183333333,28:70:4e:d0:87:dd,-66,5220,45,Bermuda,pole 07
2025-10-20T14:26:47.386013+00:00,26.672907333333335,-81.80776183333333,2e:70:4e:d0:87:dd,-66,5220,45,Bermuda Guest WIFI,pole 07
2025-10-20T14:26:47.386013+00:00,26.672907333333335,-81.80776183333333,28:70:4e:d0:88:f6,-72,2437,6,Bermuda,pole 02 E
2025-10-20T14:26:47.386013+00:00,26.672907333333335,-81.80776183333333,28:70:4e:dd:d3:1f,-73,2462,11,Bermuda,pole 01 NE
2025-10-20T14:26:47.386013+00:00,26.672907333333335,-81.80776183333333,28:70:4e:d0:87:dc,-73,2462,11,Bermuda,pole 07
2025-10-20T14:26:47.386013+00:00,26.672907333333335,-81.80776183333333,2e:70:4e:d0:87:dc,-73,2462,11,Bermuda Guest WIFI,pole 07
2025-10-20T14:26:47.386013+00:00,26.672907333333335,-81.80776183333333,2e:70:4e:d0:88:f6,-73,2437,6,Bermuda Guest WIFI,pole 02 E
2025-10-20T14:26:47.386013+00:00,26.672907333333335,-81.80776183333333,2e:70:4e:dd:d3:1f,-74,2462,11,Bermuda Guest WIFI,pole 01 NE
2025-10-20T14:26:47.386013+00:00,26.672907333333335,-81.80776183333333,2e:70:4e:d0:89:20,-76,2412,1,Bermuda Guest WIFI,pole 01 S
2025-10-20T14:26:47.386013+00:00,26.672907333333335,-81.80776183333333,28:70:4e:d2:8b:2e,-77,5220,45,Bermuda,pole 02 N
2025-10-20T14:26:47.386013+00:00,26.672907333333335,-81.80776183333333,2e:70:4e:d2:8b:2e,-77,5220,45,Bermuda Guest WIFI,pole 02 N
2025-10-20T14:26:47.386013+00:00,26.672907333333335,-81.80776183333333,28:70:4e:d2:8b:2d,-83,2462,11,Bermuda,pole 02 N
2025-10-20T14:26:47.386013+00:00,26.672907333333335,-81.80776183333333,62:22:32:16:00:d3,-83,5240,49,Bermuda Guest WIFI,laundry2
2025-10-20T14:26:47.386013+00:00,26.672907333333335,-81.80776183333333,60:22:32:16:00:d3,-83,5240,49,Bermuda,laundry2
2025-10-20T14:26:47.386013+00:00,26.672907333333335,-81.80776183333333,2e:70:4e:d0:89:06,-85,5805,162,Bermuda Guest WIFI,pole 06
2025-10-20T14:27:51.400954+00:00,26.672911833333334,-81.80777383333333,28:70:4e:d0:88:31,-39,5765,154,Bermuda,pole 08
2025-10-20T14:27:51.400954+00:00,26.672911833333334,-81.80777383333333,2e:70:4e:d0:88:31,-39,5765,154,Bermuda Guest WIFI,pole 08
2025-10-20T14:27:51.400954+00:00,26.672911833333334,-81.80777383333333,28:70:4e:d0:88:30,-58,2412,1,Bermuda,pole 08
2025-10-20T14:27:51.400954+00:00,26.672911833333334,-81.80777383333333,2e:70:4e:d0:88:30,-58,2412,1,Bermuda Guest WIFI,pole 08
2025-10-20T14:27:51.400954+00:00,26.672911833333334,-81.80777383333333,62:22:32:16:00:d3,-79,5240,49,Bermuda Guest WIFI,laundry2
2025-10-20T14:27:51.400954+00:00,26.672911833333334,-81.80777383333333,2e:70:4e:d2:8b:2e,-79,5220,45,Bermuda Guest WIFI,pole 02 N
2025-10-20T14:27:51.400954+00:00,26.672911833333334,-81.80777383333333,2e:70:4e:d0:89:0c,-79,5220,45,Bermuda Guest WIFI,pole 10
2025-10-20T14:27:51.400954+00:00,26.672911833333334,-81.80777383333333,60:22:32:16:00:d3,-80,5240,49,Bermuda,laundry2
2025-10-20T14:27:51.400954+00:00,26.672911833333334,-81.80777383333333,28:70:4e:d2:8b:2e,-80,5220,45,Bermuda,pole 02 N
2025-10-20T14:27:51.400954+00:00,26.672911833333334,-81.80777383333333,28:70:4e:d0:87:c7,-84,2437,6,Bermuda,pole 05
2025-10-20T14:27:51.400954+00:00,26.672914166666665,-81.807776,28:70:4e:d0:88:31,-47,5765,154,Bermuda,pole 08
2025-10-20T14:27:51.400954+00:00,26.672914166666665,-81.807776,2e:70:4e:d0:88:31,-47,5765,154,Bermuda Guest WIFI,pole 08
2025-10-20T14:27:51.400954+00:00,26.672914166666665,-81.807776,28:70:4e:d0:88:30,-60,2412,1,Bermuda,pole 08
2025-10-20T14:27:51.400954+00:00,26.672914166666665,-81.807776,2e:70:4e:d0:88:30,-60,2412,1,Bermuda Guest WIFI,pole 08
2025-10-20T14:27:51.400954+00:00,26.672914166666665,-81.807776,28:70:4e:d0:87:dc,-77,2462,11,Bermuda,pole 07
2025-10-20T14:27:51.400954+00:00,26.672914166666665,-81.807776,2e:70:4e:d2:8b:2e,-79,5220,45,Bermuda Guest WIFI,pole 02 N
2025-10-20T14:27:51.400954+00:00,26.672914166666665,-81.807776,2e:70:4e:d0:89:0c,-79,5220,45,Bermuda Guest WIFI,pole 10
2025-10-20T14:27:51.400954+00:00,26.672914166666665,-81.807776,28:70:4e:d2:8b:2e,-80,5220,45,Bermuda,pole 02 N
2025-10-20T14:27:51.400954+00:00,26.672914166666665,-81.807776,28:70:4e:d0:87:c7,-84,2437,6,Bermuda,pole 05
2025-10-20T14:27:51.400954+00:00,26.672914166666665,-81.807776,60:22:32:16:00:d3,-85,5240,49,Bermuda,laundry2
2025-10-20T14:27:51.400954+00:00,26.672914166666665,-81.807776,62:22:32:16:00:d3,-85,5240,49,Bermuda Guest WIFI,laundry2
2025-10-20T14:27:51.400954+00:00,26.672913666666666,-81.8077775,28:70:4e:d0:88:31,-39,5765,154,Bermuda,pole 08
2025-10-20T14:27:51.400954+00:00,26.672913666666666,-81.8077775,2e:70:4e:d0:88:31,-39,5765,154,Bermuda Guest WIFI,pole 08
2025-10-20T14:27:51.400954+00:00,26.672913666666666,-81.8077775,28:70:4e:d0:88:30,-60,2412,1,Bermuda,pole 08
2025-10-20T14:27:51.400954+00:00,26.672913666666666,-81.8077775,2e:70:4e:d0:88:30,-60,2412,1,Bermuda Guest WIFI,pole 08
2025-10-20T14:27:51.400954+00:00,26.672913666666666,-81.8077775,28:70:4e:d0:87:dc,-77,2462,11,Bermuda,pole 07
2025-10-20T14:27:51.400954+00:00,26.672913666666666,-81.8077775,2e:70:4e:d2:8b:2e,-79,5220,45,Bermuda Guest WIFI,pole 02 N
2025-10-20T14:27:51.400954+00:00,26.672913666666666,-81.8077775,2e:70:4e:d0:89:0c,-79,5220,45,Bermuda Guest WIFI,pole 10
2025-10-20T14:27:51.400954+00:00,26.672913666666666,-81.8077775,2e:70:4e:dd:d3:1f,-79,2462,11,Bermuda Guest WIFI,pole 01 NE
2025-10-20T14:27:51.400954+00:00,26.672913666666666,-81.8077775,28:70:4e:d2:8b:2e,-80,5220,45,Bermuda,pole 02 N
2025-10-20T14:27:51.400954+00:00,26.672913666666666,-81.8077775,28:70:4e:dd:d3:1f,-80,2462,11,Bermuda,pole 01 NE
2025-10-20T14:27:51.400954+00:00,26.672913666666666,-81.8077775,60:22:32:16:00:d3,-82,5240,49,Bermuda,laundry2
2025-10-20T14:27:51.400954+00:00,26.672913666666666,-81.8077775,62:22:32:16:00:d3,-82,5240,49,Bermuda Guest WIFI,laundry2
2025-10-20T14:27:51.400954+00:00,26.672913666666666,-81.8077775,28:70:4e:d0:87:c7,-84,2437,6,Bermuda,pole 05
2025-10-20T14:27:51.400954+00:00,26.672913666666666,-81.8077775,28:70:4e:d0:89:06,-84,5805,162,Bermuda,pole 06
2025-10-20T14:27:51.400954+00:00,26.672913666666666,-81.8077775,2e:70:4e:d0:89:06,-84,5805,162,Bermuda Guest WIFI,pole 06
2025-10-20T14:27:51.400954+00:00,26.672913166666667,-81.80777683333334,28:70:4e:d0:88:31,-47,5765,154,Bermuda,pole 08
2025-10-20T14:27:51.400954+00:00,26.672913166666667,-81.80777683333334,2e:70:4e:d0:88:31,-47,5765,154,Bermuda Guest WIFI,pole 08
2025-10-20T14:27:51.400954+00:00,26.672913166666667,-81.80777683333334,2e:70:4e:d0:88:30,-60,2412,1,Bermuda Guest WIFI,pole 08
2025-10-20T14:27:51.400954+00:00,26.672913166666667,-81.80777683333334,28:70:4e:d0:88:30,-61,2412,1,Bermuda,pole 08
2025-10-20T14:27:51.400954+00:00,26.672913166666667,-81.80777683333334,2e:70:4e:d0:89:20,-74,2412,1,Bermuda Guest WIFI,pole 01 S
2025-10-20T14:27:51.400954+00:00,26.672913166666667,-81.80777683333334,28:70:4e:dd:d3:1f,-75,2462,11,Bermuda,pole 01 NE
2025-10-20T14:27:51.400954+00:00,26.672913166666667,-81.80777683333334,2e:70:4e:d0:88:f6,-75,2437,6,Bermuda Guest WIFI,pole 02 E
2025-10-20T14:27:51.400954+00:00,26.672913166666667,-81.80777683333334,2e:70:4e:dd:d3:1f,-76,2462,11,Bermuda Guest WIFI,pole 01 NE
2025-10-20T14:27:51.400954+00:00,26.672913166666667,-81.80777683333334,28:70:4e:d0:87:dc,-77,2462,11,Bermuda,pole 07
2025-10-20T14:27:51.400954+00:00,26.672913166666667,-81.80777683333334,2e:70:4e:d2:8b:2e,-79,5220,45,Bermuda Guest WIFI,pole 02 N
2025-10-20T14:27:51.400954+00:00,26.672913166666667,-81.80777683333334,2e:70:4e:d0:89:0c,-79,5220,45,Bermuda Guest WIFI,pole 10
2025-10-20T14:27:51.400954+00:00,26.672913166666667,-81.80777683333334,28:70:4e:d2:8b:2e,-80,5220,45,Bermuda,pole 02 N
2025-10-20T14:27:51.400954+00:00,26.672913166666667,-81.80777683333334,60:22:32:16:00:d3,-83,5240,49,Bermuda,laundry2
2025-10-20T14:27:51.400954+00:00,26.672913166666667,-81.80777683333334,62:22:32:16:00:d3,-83,5240,49,Bermuda Guest WIFI,laundry2
2025-10-20T14:27:51.400954+00:00,26.672913166666667,-81.80777683333334,28:70:4e:d2:8b:2d,-83,2462,11,Bermuda,pole 02 N
2025-10-20T14:27:51.400954+00:00,26.672913166666667,-81.80777683333334,2e:70:4e:d2:8b:2d,-83,2462,11,Bermuda Guest WIFI,pole 02 N
2025-10-20T14:27:51.400954+00:00,26.672913166666667,-81.80777683333334,28:70:4e:d0:87:c7,-84,2437,6,Bermuda,pole 05
2025-10-20T14:27:51.400954+00:00,26.672913166666667,-81.80777683333334,28:70:4e:d0:89:06,-84,5805,162,Bermuda,pole 06
2025-10-20T14:27:51.400954+00:00,26.672913166666667,-81.80777683333334,2e:70:4e:d0:89:06,-84,5805,162,Bermuda Guest WIFI,pole 06
20251020_200042,26.6729325,-81.80776916666667,28:70:4e:d0:88:31,-52,5745,150,Bermuda,pole 08
20251020_200042,26.6729325,-81.80776916666667,2e:70:4e:d0:88:31,-52,5745,150,Bermuda Guest WIFI,pole 08
20251020_200042,26.6729325,-81.80776916666667,28:70:4e:d0:88:30,-53,2412,1,Bermuda,pole 08
20251020_200042,26.6729325,-81.80776916666667,2e:70:4e:d0:88:30,-55,2412,1,Bermuda Guest WIFI,pole 08
20251020_200042,26.6729325,-81.80776916666667,2e:70:4e:d0:86:3e,-72,2462,11,Bermuda Guest WIFI,pole 09
20251020_200042,26.6729325,-81.80776916666667,28:70:4e:d0:86:3f,-72,5180,37,Bermuda,pole 09
20251020_200042,26.6729325,-81.80776916666667,28:70:4e:d0:86:3e,-73,2462,11,Bermuda,pole 09
20251020_200042,26.6729325,-81.80776916666667,2e:70:4e:d0:86:3f,-73,5180,37,Bermuda Guest WIFI,pole 09
20251020_200042,26.6729325,-81.80776916666667,28:70:4e:d2:8b:2d,-75,2462,11,Bermuda,pole 02 N
20251020_200042,26.6729325,-81.80776916666667,2e:70:4e:d2:8b:2d,-77,2462,11,Bermuda Guest WIFI,pole 02 N
20251020_200042,26.672931166666668,-81.807771,2e:70:4e:d0:88:30,-44,2412,1,Bermuda Guest WIFI,pole 08
20251020_200042,26.672931166666668,-81.807771,28:70:4e:d0:88:30,-45,2412,1,Bermuda,pole 08
20251020_200042,26.672931166666668,-81.807771,28:70:4e:d0:88:31,-49,5745,150,Bermuda,pole 08
20251020_200042,26.672931166666668,-81.807771,2e:70:4e:d0:88:31,-50,5745,150,Bermuda Guest WIFI,pole 08
20251020_200042,26.672931166666668,-81.807771,2e:70:4e:d0:86:3e,-72,2462,11,Bermuda Guest WIFI,pole 09
20251020_200042,26.672931166666668,-81.807771,28:70:4e:d0:86:3f,-72,5180,37,Bermuda,pole 09
20251020_200042,26.672931166666668,-81.807771,28:70:4e:d0:86:3e,-73,2462,11,Bermuda,pole 09
20251020_200042,26.672931166666668,-81.807771,2e:70:4e:d0:86:3f,-73,5180,37,Bermuda Guest WIFI,pole 09
20251020_200042,26.672931166666668,-81.807771,28:70:4e:d2:8b:2d,-75,2462,11,Bermuda,pole 02 N
20251020_200042,26.672931166666668,-81.807771,2e:70:4e:d2:8b:2d,-79,2462,11,Bermuda Guest WIFI,pole 02 N
20251020_200042,26.672931166666668,-81.807771,28:70:4e:d2:8b:2e,-84,5220,45,Bermuda,pole 02 N
20251020_200042,26.672931166666668,-81.807771,60:22:32:16:00:d3,-85,5240,49,Bermuda,laundry2
20251020_200042,26.672931166666668,-81.807771,62:22:32:16:00:d3,-85,5240,49,Bermuda Guest WIFI,laundry2
20251020_200042,26.672931166666668,-81.80777166666667,28:70:4e:d0:88:31,-51,5745,150,Bermuda,pole 08
20251020_200042,26.672931166666668,-81.80777166666667,2e:70:4e:d0:88:31,-51,5745,150,Bermuda Guest WIFI,pole 08
20251020_200042,26.672931166666668,-81.80777166666667,2e:70:4e:d0:88:30,-54,2412,1,Bermuda Guest WIFI,pole 08
20251020_200042,26.672931166666668,-81.80777166666667,28:70:4e:d0:88:30,-55,2412,1,Bermuda,pole 08
20251020_200042,26.672931166666668,-81.80777166666667,28:70:4e:d0:86:3f,-72,5180,37,Bermuda,pole 09
20251020_200042,26.672931166666668,-81.80777166666667,28:70:4e:d0:86:3e,-73,2462,11,Bermuda,pole 09
20251020_200042,26.672931166666668,-81.80777166666667,2e:70:4e:d0:86:3f,-73,5180,37,Bermuda Guest WIFI,pole 09
20251020_200042,26.672931166666668,-81.80777166666667,2e:70:4e:d0:86:3e,-74,2462,11,Bermuda Guest WIFI,pole 09
20251020_200042,26.672931166666668,-81.80777166666667,28:70:4e:d2:8b:2d,-75,2462,11,Bermuda,pole 02 N
20251020_200042,26.672931166666668,-81.80777166666667,28:70:4e:d0:87:dd,-75,5220,45,Bermuda,pole 07
20251020_200042,26.672931166666668,-81.80777166666667,2e:70:4e:d2:8b:2d,-79,2462,11,Bermuda Guest WIFI,pole 02 N
20251020_200042,26.672931166666668,-81.80777166666667,28:70:4e:d2:8b:2e,-84,5220,45,Bermuda,pole 02 N
20251020_200042,26.672931166666668,-81.80777166666667,60:22:32:16:00:d3,-85,5240,49,Bermuda,laundry2
20251020_200042,26.672931166666668,-81.80777166666667,62:22:32:16:00:d3,-85,5240,49,Bermuda Guest WIFI,laundry2
20251020_200042,26.672934833333333,-81.80777433333333,2e:70:4e:d0:88:30,-43,2412,1,Bermuda Guest WIFI,pole 08
20251020_200042,26.672934833333333,-81.80777433333333,28:70:4e:d0:88:30,-45,2412,1,Bermuda,pole 08
20251020_200042,26.672934833333333,-81.80777433333333,28:70:4e:d0:88:31,-50,5745,150,Bermuda,pole 08
20251020_200042,26.672934833333333,-81.80777433333333,2e:70:4e:d0:88:31,-50,5745,150,Bermuda Guest WIFI,pole 08
20251020_200042,26.672934833333333,-81.80777433333333,28:70:4e:d0:86:3f,-72,5180,37,Bermuda,pole 09
20251020_200042,26.672934833333333,-81.80777433333333,28:70:4e:d0:86:3e,-73,2462,11,Bermuda,pole 09
20251020_200042,26.672934833333333,-81.80777433333333,2e:70:4e:d0:86:3f,-73,5180,37,Bermuda Guest WIFI,pole 09
20251020_200042,26.672934833333333,-81.80777433333333,2e:70:4e:d0:86:3e,-74,2462,11,Bermuda Guest WIFI,pole 09
20251020_200042,26.672934833333333,-81.80777433333333,28:70:4e:d0:89:0b,-74,2412,1,Bermuda,pole 10
20251020_200042,26.672934833333333,-81.80777433333333,28:70:4e:d2:8b:2d,-75,2462,11,Bermuda,pole 02 N
20251020_200042,26.672934833333333,-81.80777433333333,28:70:4e:d0:87:dd,-75,5220,45,Bermuda,pole 07
20251020_200042,26.672934833333333,-81.80777433333333,2e:70:4e:d0:89:0b,-77,2412,1,Bermuda Guest WIFI,pole 10
20251020_200042,26.672934833333333,-81.80777433333333,2e:70:4e:d2:8b:2d,-80,2462,11,Bermuda Guest WIFI,pole 02 N
20251020_200042,26.672934833333333,-81.80777433333333,60:22:32:16:00:d3,-83,5240,49,Bermuda,laundry2
20251020_200042,26.672934833333333,-81.80777433333333,62:22:32:16:00:d3,-84,5240,49,Bermuda Guest WIFI,laundry2
20251020_200042,26.672934833333333,-81.80777433333333,28:70:4e:d2:8b:2e,-84,5220,45,Bermuda,pole 02 N
2025-10-20T20:01:44.299899+00:00,26.672934333333334,-81.8077705,28:70:4e:d0:88:31,-51,5745,150,Bermuda,pole 08
2025-10-20T20:01:44.299899+00:00,26.672934333333334,-81.8077705,2e:70:4e:d0:88:31,-51,5745,150,Bermuda Guest WIFI,pole 08
2025-10-20T20:01:44.299899+00:00,26.672934333333334,-81.8077705,28:70:4e:d0:88:30,-61,2412,1,Bermuda,pole 08
2025-10-20T20:01:44.299899+00:00,26.672934333333334,-81.8077705,2e:70:4e:d0:88:30,-61,2412,1,Bermuda Guest WIFI,pole 08
2025-10-20T20:01:44.299899+00:00,26.672934333333334,-81.8077705,28:70:4e:d0:86:3f,-71,5180,37,Bermuda,pole 09
2025-10-20T20:01:44.299899+00:00,26.672934333333334,-81.8077705,28:70:4e:d0:86:3e,-73,2462,11,Bermuda,pole 09
2025-10-20T20:01:44.299899+00:00,26.672934333333334,-81.8077705,2e:70:4e:d0:86:3e,-73,2462,11,Bermuda Guest WIFI,pole 09
2025-10-20T20:01:44.299899+00:00,26.672934333333334,-81.8077705,28:70:4e:d0:89:20,-77,2412,1,Bermuda,pole 01 S
2025-10-20T20:01:44.299899+00:00,26.672936166666666,-81.80777416666666,2e:70:4e:d0:88:30,-46,2412,1,Bermuda Guest WIFI,pole 08
2025-10-20T20:01:44.299899+00:00,26.672936166666666,-81.80777416666666,28:70:4e:d0:88:30,-47,2412,1,Bermuda,pole 08
2025-10-20T20:01:44.299899+00:00,26.672936166666666,-81.80777416666666,28:70:4e:d0:88:31,-52,5745,150,Bermuda,pole 08
2025-10-20T20:01:44.299899+00:00,26.672936166666666,-81.80777416666666,2e:70:4e:d0:88:31,-52,5745,150,Bermuda Guest WIFI,pole 08
2025-10-20T20:01:44.299899+00:00,26.672936166666666,-81.80777416666666,28:70:4e:d0:86:3f,-71,5180,37,Bermuda,pole 09
2025-10-20T20:01:44.299899+00:00,26.672936166666666,-81.80777416666666,28:70:4e:d0:86:3e,-73,2462,11,Bermuda,pole 09
2025-10-20T20:01:44.299899+00:00,26.672936166666666,-81.80777416666666,2e:70:4e:d0:86:3e,-73,2462,11,Bermuda Guest WIFI,pole 09
2025-10-20T20:01:44.299899+00:00,26.672936166666666,-81.80777416666666,28:70:4e:d0:89:0b,-76,2412,1,Bermuda,pole 10
2025-10-20T20:01:44.299899+00:00,26.672936166666666,-81.80777416666666,28:70:4e:d0:89:20,-77,2412,1,Bermuda,pole 01 S
2025-10-20T20:01:44.299899+00:00,26.672936166666666,-81.80777416666666,2e:70:4e:d0:89:0b,-80,2412,1,Bermuda Guest WIFI,pole 10
2025-10-20T20:01:44.299899+00:00,26.672936166666666,-81.80777416666666,28:70:4e:d0:88:f7,-84,5240,49,Bermuda,pole 02 E
2025-10-20T20:01:44.299899+00:00,26.672936166666666,-81.80777416666666,2e:70:4e:d0:88:f7,-84,5240,49,Bermuda Guest WIFI,pole 02 E
2025-10-20T20:01:44.299899+00:00,26.672936166666666,-81.80777416666666,62:22:32:16:00:d3,-86,5240,49,Bermuda Guest WIFI,laundry2
2025-10-20T20:01:44.299899+00:00,26.672936166666666,-81.80777416666666,60:22:32:16:00:d3,-87,5240,49,Bermuda,laundry2
2025-10-20T20:01:44.299899+00:00,26.672934833333333,-81.80777966666666,28:70:4e:d0:88:31,-49,5745,150,Bermuda,pole 08
2025-10-20T20:01:44.299899+00:00,26.672934833333333,-81.80777966666666,2e:70:4e:d0:88:31,-49,5745,150,Bermuda Guest WIFI,pole 08
2025-10-20T20:01:44.299899+00:00,26.672934833333333,-81.80777966666666,28:70:4e:d0:88:30,-60,2412,1,Bermuda,pole 08
2025-10-20T20:01:44.299899+00:00,26.672934833333333,-81.80777966666666,2e:70:4e:d0:88:30,-61,2412,1,Bermuda Guest WIFI,pole 08
2025-10-20T20:01:44.299899+00:00,26.672934833333333,-81.80777966666666,28:70:4e:d0:86:3e,-70,2462,11,Bermuda,pole 09
2025-10-20T20:01:44.299899+00:00,26.672934833333333,-81.80777966666666,28:70:4e:d0:86:3f,-71,5180,37,Bermuda,pole 09
2025-10-20T20:01:44.299899+00:00,26.672934833333333,-81.80777966666666,2e:70:4e:d0:86:3e,-73,2462,11,Bermuda Guest WIFI,pole 09
2025-10-20T20:01:44.299899+00:00,26.672934833333333,-81.80777966666666,28:70:4e:d0:89:0b,-76,2412,1,Bermuda,pole 10
2025-10-20T20:01:44.299899+00:00,26.672934833333333,-81.80777966666666,28:70:4e:d0:89:20,-77,2412,1,Bermuda,pole 01 S
2025-10-20T20:01:44.299899+00:00,26.672934833333333,-81.80777966666666,2e:70:4e:d2:8b:2d,-77,2462,11,Bermuda Guest WIFI,pole 02 N
2025-10-20T20:01:44.299899+00:00,26.672934833333333,-81.80777966666666,2e:70:4e:d0:89:0b,-80,2412,1,Bermuda Guest WIFI,pole 10
2025-10-20T20:01:44.299899+00:00,26.672934833333333,-81.80777966666666,28:70:4e:d0:88:f7,-84,5240,49,Bermuda,pole 02 E
2025-10-20T20:01:44.299899+00:00,26.672934833333333,-81.80777966666666,2e:70:4e:d0:88:f7,-84,5240,49,Bermuda Guest WIFI,pole 02 E
2025-10-20T20:01:44.299899+00:00,26.672934833333333,-81.80777966666666,62:22:32:16:00:d3,-86,5240,49,Bermuda Guest WIFI,laundry2
2025-10-20T20:01:44.299899+00:00,26.672934833333333,-81.80777966666666,60:22:32:16:00:d3,-87,5240,49,Bermuda,laundry2
2025-10-20T20:01:44.299899+00:00,26.672934166666668,-81.80778,28:70:4e:d0:88:30,-45,2412,1,Bermuda,pole 08
2025-10-20T20:01:44.299899+00:00,26.672934166666668,-81.80778,2e:70:4e:d0:88:30,-46,2412,1,Bermuda Guest WIFI,pole 08
2025-10-20T20:01:44.299899+00:00,26.672934166666668,-81.80778,28:70:4e:d0:88:31,-50,5745,150,Bermuda,pole 08
2025-10-20T20:01:44.299899+00:00,26.672934166666668,-81.80778,2e:70:4e:d0:88:31,-50,5745,150,Bermuda Guest WIFI,pole 08
2025-10-20T20:01:44.299899+00:00,26.672934166666668,-81.80778,28:70:4e:d0:86:3f,-71,5180,37,Bermuda,pole 09
2025-10-20T20:01:44.299899+00:00,26.672934166666668,-81.80778,2e:70:4e:d0:86:3e,-73,2462,11,Bermuda Guest WIFI,pole 09
2025-10-20T20:01:44.299899+00:00,26.672934166666668,-81.80778,28:70:4e:d0:89:0b,-76,2412,1,Bermuda,pole 10
2025-10-20T20:01:44.299899+00:00,26.672934166666668,-81.80778,2e:70:4e:d2:8b:2d,-77,2462,11,Bermuda Guest WIFI,pole 02 N
2025-10-20T20:01:44.299899+00:00,26.672934166666668,-81.80778,28:70:4e:d0:89:20,-78,2412,1,Bermuda,pole 01 S
2025-10-20T20:01:44.299899+00:00,26.672934166666668,-81.80778,28:70:4e:d0:86:3e,-79,2462,11,Bermuda,pole 09
2025-10-20T20:01:44.299899+00:00,26.672934166666668,-81.80778,2e:70:4e:d0:89:0b,-80,2412,1,Bermuda Guest WIFI,pole 10
2025-10-20T20:01:44.299899+00:00,26.672934166666668,-81.80778,28:70:4e:d0:88:f7,-84,5240,49,Bermuda,pole 02 E
2025-10-20T20:01:44.299899+00:00,26.672934166666668,-81.80778,2e:70:4e:d0:88:f7,-84,5240,49,Bermuda Guest WIFI,pole 02 E
2025-10-20T20:01:44.299899+00:00,26.672934166666668,-81.80778,60:22:32:16:00:d3,-85,5240,49,Bermuda,laundry2
2025-10-20T20:01:44.299899+00:00,26.672934166666668,-81.80778,62:22:32:16:00:d3,-86,5240,49,Bermuda Guest WIFI,laundry2
2025-10-20T20:02:44.307608+00:00,26.672924833333333,-81.80776316666666,28:70:4e:d0:88:31,-48,5745,150,Bermuda,pole 08
2025-10-20T20:02:44.307608+00:00,26.672924833333333,-81.80776316666666,2e:70:4e:d0:88:31,-48,5745,150,Bermuda Guest WIFI,pole 08
2025-10-20T20:02:44.307608+00:00,26.672924833333333,-81.80776316666666,28:70:4e:d0:88:30,-53,2412,1,Bermuda,pole 08
2025-10-20T20:02:44.307608+00:00,26.672924833333333,-81.80776316666666,2e:70:4e:d0:88:30,-53,2412,1,Bermuda Guest WIFI,pole 08
2025-10-20T20:02:44.307608+00:00,26.672924833333333,-81.80776316666666,28:70:4e:d0:86:3f,-70,5180,37,Bermuda,pole 09
2025-10-20T20:02:44.307608+00:00,26.672924833333333,-81.80776316666666,2e:70:4e:d0:86:3f,-70,5180,37,Bermuda Guest WIFI,pole 09
2025-10-20T20:02:44.307608+00:00,26.672924833333333,-81.80776316666666,2e:70:4e:d0:86:3e,-71,2462,11,Bermuda Guest WIFI,pole 09
2025-10-20T20:02:44.307608+00:00,26.672924833333333,-81.80776316666666,28:70:4e:d0:86:3e,-72,2462,11,Bermuda,pole 09
2025-10-20T20:02:44.307608+00:00,26.672924833333333,-81.80776316666666,28:70:4e:d2:8b:2d,-76,2462,11,Bermuda,pole 02 N
2025-10-20T20:02:44.307608+00:00,26.672924833333333,-81.80776316666666,2e:70:4e:d2:8b:2d,-77,2462,11,Bermuda Guest WIFI,pole 02 N
20251020_210207,26.673457666666668,-81.80672166666666,28:70:4e:d0:89:0b,-69,2412,1,Bermuda,pole 10
20251020_210207,26.673457666666668,-81.80672166666666,2e:70:4e:d0:89:0b,-70,2412,1,Bermuda Guest WIFI,pole 10
20251020_210207,26.673457666666668,-81.80672166666666,28:70:4e:d0:87:4f,-77,2462,11,Bermuda,pole 13 E
20251020_210207,26.673457666666668,-81.80672166666666,2e:70:4e:d0:87:4f,-78,2462,11,Bermuda Guest WIFI,pole 13 E
20251020_210207,26.673457666666668,-81.80672166666666,28:70:4e:d0:86:3e,-81,2462,11,Bermuda,pole 09
20251020_210207,26.673457666666668,-81.80672166666666,2e:70:4e:d0:86:3e,-81,2462,11,Bermuda Guest WIFI,pole 09
20251020_210207,26.673457666666668,-81.80672166666666,28:70:4e:d0:88:f6,-83,2437,6,Bermuda,pole 02 E
20251020_210207,26.673457666666668,-81.80672166666666,2e:70:4e:d0:88:f6,-83,2437,6,Bermuda Guest WIFI,pole 02 E
20251020_210207,26.673450333333335,-81.80669916666666,28:70:4e:d0:89:0b,-64,2412,1,Bermuda,pole 10
20251020_210207,26.673450333333335,-81.80669916666666,2e:70:4e:d0:89:0b,-64,2412,1,Bermuda Guest WIFI,pole 10
20251020_210207,26.673450333333335,-81.80669916666666,28:70:4e:d0:89:0c,-72,5220,45,Bermuda,pole 10
20251020_210207,26.673450333333335,-81.80669916666666,2e:70:4e:d0:89:0c,-72,5220,45,Bermuda Guest WIFI,pole 10
20251020_210207,26.673450333333335,-81.80669916666666,2e:70:4e:d2:8b:2d,-75,2462,11,Bermuda Guest WIFI,pole 02 N
20251020_210207,26.673450333333335,-81.80669916666666,28:70:4e:d2:8b:2d,-76,2462,11,Bermuda,pole 02 N
20251020_210207,26.673450333333335,-81.80669916666666,2e:70:4e:d0:88:f6,-78,2437,6,Bermuda Guest WIFI,pole 02 E
20251020_210207,26.673450333333335,-81.80669916666666,2e:70:4e:d0:87:4f,-79,2462,11,Bermuda Guest WIFI,pole 13 E
20251020_210207,26.673450333333335,-81.80669916666666,28:70:4e:d0:87:4f,-80,2462,11,Bermuda,pole 13 E
20251020_210207,26.673450333333335,-81.80669916666666,2e:70:4e:d0:88:30,-82,2412,1,Bermuda Guest WIFI,pole 08
20251020_210207,26.673450333333335,-81.80669916666666,28:70:4e:d0:88:f6,-83,2437,6,Bermuda,pole 02 E
20251020_210207,26.673450333333335,-81.80669916666666,28:70:4e:d0:86:3e,-84,2462,11,Bermuda,pole 09
20251020_210207,26.673450333333335,-81.80669916666666,2e:70:4e:d0:88:f9,-84,2412,1,Bermuda Guest WIFI,pole 11
20251020_210207,26.673450333333335,-81.80669916666666,2e:70:4e:d0:86:3e,-85,2462,11,Bermuda Guest WIFI,pole 09
20251020_210207,26.673450333333335,-81.80669916666666,02:fe:5d:bd:16:be,-86,2462,11,Pvt.WFR_Everest.6190,Unknown
20251020_210207,26.673450333333335,-81.80669916666666,28:70:4e:d0:89:05,-91,2412,1,Bermuda,pole 06
20251020_210207,26.673471166666666,-81.806718,28:70:4e:d0:89:0b,-63,2412,1,Bermuda,pole 10
20251020_210207,26.673471166666666,-81.806718,2e:70:4e:d0:89:0b,-72,2412,1,Bermuda Guest WIFI,pole 10
20251020_210207,26.673471166666666,-81.806718,28:70:4e:d0:89:0c,-72,5220,45,Bermuda,pole 10
20251020_210207,26.673471166666666,-81.806718,2e:70:4e:d0:89:0c,-72,5220,45,Bermuda Guest WIFI,pole 10
20251020_210207,26.673471166666666,-81.806718,2e:70:4e:d2:8b:2d,-75,2462,11,Bermuda Guest WIFI,pole 02 N
20251020_210207,26.673471166666666,-81.806718,28:70:4e:d2:8b:2d,-76,2462,11,Bermuda,pole 02 N
20251020_210207,26.673471166666666,-81.806718,2e:70:4e:d0:88:f6,-78,2437,6,Bermuda Guest WIFI,pole 02 E
20251020_210207,26.673471166666666,-81.806718,28:70:4e:d0:86:3e,-80,2462,11,Bermuda,pole 09
20251020_210207,26.673471166666666,-81.806718,28:70:4e:d0:87:4f,-80,2462,11,Bermuda,pole 13 E
20251020_210207,26.673471166666666,-81.806718,2e:70:4e:d0:86:3e,-81,2462,11,Bermuda Guest WIFI,pole 09
20251020_210207,26.673471166666666,-81.806718,2e:70:4e:d0:88:31,-81,5745,150,Bermuda Guest WIFI,pole 08
20251020_210207,26.673471166666666,-81.806718,2e:70:4e:d0:88:30,-82,2412,1,Bermuda Guest WIFI,pole 08
20251020_210207,26.673471166666666,-81.806718,28:70:4e:d0:88:31,-82,5745,150,Bermuda,pole 08
20251020_210207,26.673471166666666,-81.806718,28:70:4e:d0:88:f6,-83,2437,6,Bermuda,pole 02 E
20251020_210207,26.673471166666666,-81.806718,2e:70:4e:d0:88:a9,-83,5745,150,Bermuda Guest WIFI,pole 04
20251020_210207,26.673471166666666,-81.806718,2e:70:4e:d0:88:f9,-84,2412,1,Bermuda Guest WIFI,pole 11
20251020_210207,26.673471166666666,-81.806718,28:70:4e:dd:d3:1f,-84,2462,11,Bermuda,pole 01 NE
20251020_210207,26.673471166666666,-81.806718,28:70:4e:d0:88:a9,-84,5745,150,Bermuda,pole 04
20251020_210207,26.673471166666666,-81.806718,02:fe:5d:bd:16:be,-86,2462,11,Pvt.WFR_Everest.6190,Unknown
20251020_210207,26.673471166666666,-81.806718,2e:70:4e:d0:87:4f,-90,2462,11,Bermuda Guest WIFI,pole 13 E
20251020_210207,26.673471166666666,-81.806718,28:70:4e:d0:89:05,-91,2412,1,Bermuda,pole 06
20251020_210207,26.673487333333334,-81.80672416666667,28:70:4e:d0:89:0b,-63,2412,1,Bermuda,pole 10
20251020_210207,26.673487333333334,-81.80672416666667,2e:70:4e:d0:89:0b,-63,2412,1,Bermuda Guest WIFI,pole 10
20251020_210207,26.673487333333334,-81.80672416666667,28:70:4e:d0:89:0c,-70,5220,45,Bermuda,pole 10
20251020_210207,26.673487333333334,-81.80672416666667,2e:70:4e:d0:89:0c,-70,5220,45,Bermuda Guest WIFI,pole 10
20251020_210207,26.673487333333334,-81.80672416666667,2e:70:4e:d2:8b:2d,-75,2462,11,Bermuda Guest WIFI,pole 02 N
20251020_210207,26.673487333333334,-81.80672416666667,28:70:4e:d2:8b:2d,-76,2462,11,Bermuda,pole 02 N
20251020_210207,26.673487333333334,-81.80672416666667,2e:70:4e:d0:88:f6,-78,2437,6,Bermuda Guest WIFI,pole 02 E
20251020_210207,26.673487333333334,-81.80672416666667,28:70:4e:d0:86:3e,-80,2462,11,Bermuda,pole 09
20251020_210207,26.673487333333334,-81.80672416666667,28:70:4e:d0:87:4f,-80,2462,11,Bermuda,pole 13 E
20251020_210207,26.673487333333334,-81.80672416666667,2e:70:4e:d0:87:4f,-80,2462,11,Bermuda Guest WIFI,pole 13 E
20251020_210207,26.673487333333334,-81.80672416666667,2e:70:4e:d0:86:3e,-81,2462,11,Bermuda Guest WIFI,pole 09
20251020_210207,26.673487333333334,-81.80672416666667,2e:70:4e:d0:88:31,-81,5745,150,Bermuda Guest WIFI,pole 08
20251020_210207,26.673487333333334,-81.80672416666667,2e:70:4e:d0:88:30,-82,2412,1,Bermuda Guest WIFI,pole 08
20251020_210207,26.673487333333334,-81.80672416666667,28:70:4e:d0:88:31,-82,5745,150,Bermuda,pole 08
20251020_210207,26.673487333333334,-81.80672416666667,2e:70:4e:d0:88:a9,-83,5745,150,Bermuda Guest WIFI,pole 04
20251020_210207,26.673487333333334,-81.80672416666667,2e:70:4e:d0:88:f9,-84,2412,1,Bermuda Guest WIFI,pole 11
20251020_210207,26.673487333333334,-81.80672416666667,28:70:4e:dd:d3:1f,-84,2462,11,Bermuda,pole 01 NE
20251020_210207,26.673487333333334,-81.80672416666667,28:70:4e:d0:88:a9,-84,5745,150,Bermuda,pole 04
20251020_210207,26.673487333333334,-81.80672416666667,02:fe:5d:bd:16:be,-86,2462,11,Pvt.WFR_Everest.6190,Unknown
20251020_210207,26.673487333333334,-81.80672416666667,28:70:4e:dd:d0:4a,-89,5240,49,Bermuda,pole 13 SW
20251020_210207,26.673487333333334,-81.80672416666667,2e:70:4e:dd:d0:4a,-89,5240,49,Bermuda Guest WIFI,pole 13 SW
20251020_210207,26.673487333333334,-81.80672416666667,28:70:4e:d0:89:05,-91,2412,1,Bermuda,pole 06
2025-10-20T21:03:18.632942+00:00,26.673548,-81.80663366666667,28:70:4e:d0:89:0b,-63,2412,1,Bermuda,pole 10
2025-10-20T21:03:18.632942+00:00,26.673548,-81.80663366666667,28:70:4e:d2:8b:2d,-78,2462,11,Bermuda,pole 02 N
2025-10-20T21:03:18.632942+00:00,26.673548,-81.80663366666667,2e:70:4e:d2:8b:2d,-78,2462,11,Bermuda Guest WIFI,pole 02 N
2025-10-20T21:03:18.632942+00:00,26.673548,-81.80663366666667,28:70:4e:dd:d3:1f,-82,2462,11,Bermuda,pole 01 NE
2025-10-20T21:03:18.632942+00:00,26.673548,-81.80663366666667,2e:70:4e:dd:d3:1f,-84,2462,11,Bermuda Guest WIFI,pole 01 NE
2025-10-20T21:03:18.632942+00:00,26.673548,-81.80663366666667,28:70:4e:d0:87:dc,-86,2462,11,Bermuda,pole 07
2025-10-20T21:03:18.632942+00:00,26.673553333333334,-81.8063525,2e:70:4e:d0:89:0b,-64,2412,1,Bermuda Guest WIFI,pole 10
2025-10-20T21:03:18.632942+00:00,26.673553333333334,-81.8063525,28:70:4e:d0:89:0b,-71,2412,1,Bermuda,pole 10
2025-10-20T21:03:18.632942+00:00,26.673553333333334,-81.8063525,28:70:4e:d0:89:0c,-76,5220,45,Bermuda,pole 10
2025-10-20T21:03:18.632942+00:00,26.673553333333334,-81.8063525,2e:70:4e:d0:89:0c,-76,5220,45,Bermuda Guest WIFI,pole 10
2025-10-20T21:03:18.632942+00:00,26.673553333333334,-81.8063525,28:70:4e:d2:8b:2d,-78,2462,11,Bermuda,pole 02 N
2025-10-20T21:03:18.632942+00:00,26.673553333333334,-81.8063525,2e:70:4e:d2:8b:2d,-78,2462,11,Bermuda Guest WIFI,pole 02 N
2025-10-20T21:03:18.632942+00:00,26.673553333333334,-81.8063525,28:70:4e:d0:87:4f,-78,2462,11,Bermuda,pole 13 E
2025-10-20T21:03:18.632942+00:00,26.673553333333334,-81.8063525,2e:70:4e:d0:87:4f,-79,2462,11,Bermuda Guest WIFI,pole 13 E
2025-10-20T21:03:18.632942+00:00,26.673553333333334,-81.8063525,28:70:4e:dd:d3:1f,-82,2462,11,Bermuda,pole 01 NE
2025-10-20T21:03:18.632942+00:00,26.673553333333334,-81.8063525,2e:70:4e:dd:d3:1f,-84,2462,11,Bermuda Guest WIFI,pole 01 NE
2025-10-20T21:03:18.632942+00:00,26.673553333333334,-81.8063525,28:70:4e:d0:87:dc,-86,2462,11,Bermuda,pole 07
2025-10-20T21:03:18.632942+00:00,26.673553333333334,-81.8063525,28:70:4e:d0:89:05,-93,2412,1,Bermuda,pole 06
2025-10-20T21:03:18.632942+00:00,26.673441166666667,-81.80609316666667,28:70:4e:d0:88:fa,-59,5765,154,Bermuda,pole 11
2025-10-20T21:03:18.632942+00:00,26.673441166666667,-81.80609316666667,2e:70:4e:d0:88:fa,-59,5765,154,Bermuda Guest WIFI,pole 11
2025-10-20T21:03:18.632942+00:00,26.673441166666667,-81.80609316666667,2e:70:4e:d0:89:0b,-64,2412,1,Bermuda Guest WIFI,pole 10
2025-10-20T21:03:18.632942+00:00,26.673441166666667,-81.80609316666667,28:70:4e:d0:89:0b,-73,2412,1,Bermuda,pole 10
2025-10-20T21:03:18.632942+00:00,26.673441166666667,-81.80609316666667,2e:70:4e:d0:87:4f,-75,2462,11,Bermuda Guest WIFI,pole 13 E
2025-10-20T21:03:18.632942+00:00,26.673441166666667,-81.80609316666667,28:70:4e:d0:87:4f,-76,2462,11,Bermuda,pole 13 E
2025-10-20T21:03:18.632942+00:00,26.673441166666667,-81.80609316666667,28:70:4e:d0:89:0c,-76,5220,45,Bermuda,pole 10
2025-10-20T21:03:18.632942+00:00,26.673441166666667,-81.80609316666667,2e:70:4e:d0:89:0c,-76,5220,45,Bermuda Guest WIFI,pole 10
2025-10-20T21:03:18.632942+00:00,26.673441166666667,-81.80609316666667,28:70:4e:d2:92:ab,-77,5745,150,Bermuda,pole 12 N
2025-10-20T21:03:18.632942+00:00,26.673441166666667,-81.80609316666667,2e:70:4e:d2:92:ab,-77,5745,150,Bermuda Guest WIFI,pole 12 N
2025-10-20T21:03:18.632942+00:00,26.673441166666667,-81.80609316666667,28:70:4e:d2:8b:2d,-78,2462,11,Bermuda,pole 02 N
2025-10-20T21:03:18.632942+00:00,26.673441166666667,-81.80609316666667,2e:70:4e:d2:8b:2d,-78,2462,11,Bermuda Guest WIFI,pole 02 N
2025-10-20T21:03:18.632942+00:00,26.673441166666667,-81.80609316666667,28:70:4e:dd:d3:1f,-82,2462,11,Bermuda,pole 01 NE
2025-10-20T21:03:18.632942+00:00,26.673441166666667,-81.80609316666667,2e:70:4e:dd:d3:1f,-84,2462,11,Bermuda Guest WIFI,pole 01 NE
2025-10-20T21:03:18.632942+00:00,26.673441166666667,-81.80609316666667,28:70:4e:d0:87:dc,-86,2462,11,Bermuda,pole 07
2025-10-20T21:03:18.632942+00:00,26.673441166666667,-81.80609316666667,28:70:4e:d0:89:05,-93,2412,1,Bermuda,pole 06
2025-10-20T21:03:18.632942+00:00,26.673395666666668,-81.80599066666667,28:70:4e:d0:88:fa,-53,5765,154,Bermuda,pole 11
2025-10-20T21:03:18.632942+00:00,26.673395666666668,-81.80599066666667,2e:70:4e:d0:88:fa,-53,5765,154,Bermuda Guest WIFI,pole 11
2025-10-20T21:03:18.632942+00:00,26.673395666666668,-81.80599066666667,28:70:4e:d0:88:f9,-61,2412,1,Bermuda,pole 11
2025-10-20T21:03:18.632942+00:00,26.673395666666668,-81.80599066666667,2e:70:4e:d0:88:f9,-62,2412,1,Bermuda Guest WIFI,pole 11
2025-10-20T21:03:18.632942+00:00,26.673395666666668,-81.80599066666667,02:01:c3:3f:83:49,-73,2437,6,New Aire,Unknown
2025-10-20T21:03:18.632942+00:00,26.673395666666668,-81.80599066666667,28:70:4e:d0:89:0b,-75,2412,1,Bermuda,pole 10
2025-10-20T21:03:18.632942+00:00,26.673395666666668,-81.80599066666667,2e:70:4e:d2:92:aa,-75,2437,6,Bermuda Guest WIFI,pole 12 N
2025-10-20T21:03:18.632942+00:00,26.673395666666668,-81.80599066666667,2e:70:4e:d0:88:f6,-77,2437,6,Bermuda Guest WIFI,pole 02 E
2025-10-20T21:03:18.632942+00:00,26.673395666666668,-81.80599066666667,28:70:4e:d0:86:c2,-78,2437,6,Bermuda,pole 12 W
2025-10-20T21:03:18.632942+00:00,26.673395666666668,-81.80599066666667,2e:70:4e:d0:86:c2,-78,2437,6,Bermuda Guest WIFI,pole 12 W
2025-10-20T21:03:18.632942+00:00,26.673395666666668,-81.80599066666667,28:70:4e:d0:87:4f,-78,2462,11,Bermuda,pole 13 E
2025-10-20T21:03:18.632942+00:00,26.673395666666668,-81.80599066666667,2e:70:4e:d0:87:4f,-78,2462,11,Bermuda Guest WIFI,pole 13 E
2025-10-20T21:03:18.632942+00:00,26.673395666666668,-81.80599066666667,2e:70:4e:d0:89:0b,-79,2412,1,Bermuda Guest WIFI,pole 10
2025-10-20T21:03:18.632942+00:00,26.673395666666668,-81.80599066666667,28:70:4e:d2:c9:b0,-80,2437,6,Bermuda,pole 15 NW
2025-10-20T21:03:18.632942+00:00,26.673395666666668,-81.80599066666667,06:01:c3:3f:83:49,-84,2437,6,Newmar3328,Unknown
2025-10-20T21:03:18.632942+00:00,26.673395666666668,-81.80599066666667,2e:70:4e:d0:88:a8,-87,2412,1,Bermuda Guest WIFI,pole 04
2025-10-20T21:04:34.653342+00:00,26.673389166666666,-81.80586183333334,28:70:4e:d0:88:f9,-56,2412,1,Bermuda,pole 11
2025-10-20T21:04:34.653342+00:00,26.673389166666666,-81.80586183333334,2e:70:4e:d0:88:f9,-57,2412,1,Bermuda Guest WIFI,pole 11
2025-10-20T21:04:34.653342+00:00,26.673389166666666,-81.80586183333334,28:70:4e:d0:88:fa,-60,5765,154,Bermuda,pole 11
2025-10-20T21:04:34.653342+00:00,26.673389166666666,-81.80586183333334,2e:70:4e:d0:88:fa,-62,5765,154,Bermuda Guest WIFI,pole 11
2025-10-20T21:04:34.653342+00:00,26.673389166666666,-81.80586183333334,28:70:4e:d0:86:c2,-73,2437,6,Bermuda,pole 12 W
2025-10-20T21:04:34.653342+00:00,26.673389166666666,-81.80586183333334,2e:70:4e:d0:86:c2,-73,2437,6,Bermuda Guest WIFI,pole 12 W
2025-10-20T21:04:34.653342+00:00,26.673389166666666,-81.80586183333334,06:01:c3:3f:83:49,-81,2437,6,Newmar3328,Unknown
2025-10-20T21:04:34.653342+00:00,26.673389166666666,-81.80586183333334,28:70:4e:d0:86:c3,-82,5765,154,Bermuda,pole 12 W
2025-10-20T21:04:34.653342+00:00,26.673389166666666,-81.80586183333334,02:fe:5d:bd:17:a0,-83,2462,11,Pvt.WFR_Denali.3310,Unknown
2025-10-20T21:04:34.653342+00:00,26.673389166666666,-81.80586183333334,06:69:f4:1e:1e:66,-83,2462,11,Newmar2324,Unknown
2025-10-20T21:04:34.653342+00:00,26.673389166666666,-81.80586183333334,02:01:c3:3f:83:4a,-84,5825,166,New Aire,Unknown
2025-10-20T21:04:34.653342+00:00,26.673209166666666,-81.8054785,28:70:4e:d0:88:f9,-56,2412,1,Bermuda,pole 11
2025-10-20T21:04:34.653342+00:00,26.673209166666666,-81.8054785,2e:70:4e:d0:88:f9,-56,2412,1,Bermuda Guest WIFI,pole 11
2025-10-20T21:04:34.653342+00:00,26.673209166666666,-81.8054785,28:70:4e:d0:88:fa,-60,5765,154,Bermuda,pole 11
2025-10-20T21:04:34.653342+00:00,26.673209166666666,-81.8054785,2e:70:4e:d0:88:fa,-62,5765,154,Bermuda Guest WIFI,pole 11
2025-10-20T21:04:34.653342+00:00,26.673209166666666,-81.8054785,28:70:4e:d0:86:c2,-73,2437,6,Bermuda,pole 12 W
2025-10-20T21:04:34.653342+00:00,26.673209166666666,-81.8054785,2e:70:4e:d0:86:c2,-73,2437,6,Bermuda Guest WIFI,pole 12 W
2025-10-20T21:04:34.653342+00:00,26.673209166666666,-81.8054785,28:70:4e:d2:c9:b1,-76,5220,45,Bermuda,pole 15 NW
2025-10-20T21:04:34.653342+00:00,26.673209166666666,-81.8054785,2e:70:4e:d2:c9:b1,-76,5220,45,Bermuda Guest WIFI,pole 15 NW
2025-10-20T21:04:34.653342+00:00,26.673209166666666,-81.8054785,28:70:4e:d0:87:4f,-77,2462,11,Bermuda,pole 13 E
2025-10-20T21:04:34.653342+00:00,26.673209166666666,-81.8054785,02:69:f4:1e:1e:66,-78,2462,11,Pvt.WiFiRanger_Core.2324,Unknown
2025-10-20T21:04:34.653342+00:00,26.673209166666666,-81.8054785,2e:70:4e:d0:87:4f,-80,2462,11,Bermuda Guest WIFI,pole 13 E
2025-10-20T21:04:34.653342+00:00,26.673209166666666,-81.8054785,06:01:c3:3f:83:49,-81,2437,6,Newmar3328,Unknown
2025-10-20T21:04:34.653342+00:00,26.673209166666666,-81.8054785,28:70:4e:d0:86:c3,-82,5765,154,Bermuda,pole 12 W
2025-10-20T21:04:34.653342+00:00,26.673209166666666,-81.8054785,02:fe:5d:bd:17:a0,-83,2462,11,Pvt.WFR_Denali.3310,Unknown
2025-10-20T21:04:34.653342+00:00,26.673209166666666,-81.8054785,06:69:f4:1e:1e:66,-83,2462,11,Newmar2324,Unknown
2025-10-20T21:04:34.653342+00:00,26.673209166666666,-81.8054785,02:01:c3:3f:83:4a,-83,5825,166,New Aire,Unknown
2025-10-20T21:04:34.653342+00:00,26.673209166666666,-81.8054785,2e:70:4e:dd:d0:49,-84,2437,6,Bermuda Guest WIFI,pole 13 SW
2025-10-20T21:04:34.653342+00:00,26.673209166666666,-81.8054785,28:70:4e:d0:88:22,-84,5765,154,Bermuda,pole 14
2025-10-20T21:04:34.653342+00:00,26.673209166666666,-81.8054785,2e:70:4e:d0:88:22,-84,5765,154,Bermuda Guest WIFI,pole 14
2025-10-20T21:04:34.653342+00:00,26.673209166666666,-81.8054785,2e:70:4e:d2:c9:b0,-85,2437,6,Bermuda Guest WIFI,pole 15 NW
2025-10-20T21:04:34.653342+00:00,26.67304783333333,-81.80515233333334,2e:70:4e:d0:88:f9,-56,2412,1,Bermuda Guest WIFI,pole 11
2025-10-20T21:04:34.653342+00:00,26.67304783333333,-81.80515233333334,28:70:4e:d0:88:fa,-60,5765,154,Bermuda,pole 11
2025-10-20T21:04:34.653342+00:00,26.67304783333333,-81.80515233333334,2e:70:4e:d0:88:fa,-62,5765,154,Bermuda Guest WIFI,pole 11
2025-10-20T21:04:34.653342+00:00,26.67304783333333,-81.80515233333334,28:70:4e:d2:92:aa,-63,2437,6,Bermuda,pole 12 N
2025-10-20T21:04:34.653342+00:00,26.67304783333333,-81.80515233333334,28:70:4e:d0:86:c2,-67,2437,6,Bermuda,pole 12 W
2025-10-20T21:04:34.653342+00:00,26.67304783333333,-81.80515233333334,2e:70:4e:d0:87:4f,-70,2462,11,Bermuda Guest WIFI,pole 13 E
2025-10-20T21:04:34.653342+00:00,26.67304783333333,-81.80515233333334,28:70:4e:d0:88:f9,-72,2412,1,Bermuda,pole 11
2025-10-20T21:04:34.653342+00:00,26.67304783333333,-81.80515233333334,2e:70:4e:d0:86:c2,-73,2437,6,Bermuda Guest WIFI,pole 12 W
2025-10-20T21:04:34.653342+00:00,26.67304783333333,-81.80515233333334,28:70:4e:d2:c9:b1,-76,5220,45,Bermuda,pole 15 NW
2025-10-20T21:04:34.653342+00:00,26.67304783333333,-81.80515233333334,2e:70:4e:d2:c9:b1,-76,5220,45,Bermuda Guest WIFI,pole 15 NW
2025-10-20T21:04:34.653342+00:00,26.67304783333333,-81.80515233333334,28:70:4e:d0:87:4f,-77,2462,11,Bermuda,pole 13 E
2025-10-20T21:04:34.653342+00:00,26.67304783333333,-81.80515233333334,28:70:4e:dd:d0:49,-80,2437,6,Bermuda,pole 13 SW
2025-10-20T21:04:34.653342+00:00,26.67304783333333,-81.80515233333334,06:01:c3:3f:83:49,-81,2437,6,Newmar3328,Unknown
2025-10-20T21:04:34.653342+00:00,26.67304783333333,-81.80515233333334,2e:70:4e:dd:d0:49,-81,2437,6,Bermuda Guest WIFI,pole 13 SW
2025-10-20T21:04:34.653342+00:00,26.67304783333333,-81.80515233333334,02:69:f4:1e:1e:66,-81,2462,11,Pvt.WiFiRanger_Core.2324,Unknown
2025-10-20T21:04:34.653342+00:00,26.67304783333333,-81.80515233333334,06:69:f4:1e:1e:66,-82,2462,11,Newmar2324,Unknown
2025-10-20T21:04:34.653342+00:00,26.67304783333333,-81.80515233333334,28:70:4e:d0:86:c3,-82,5765,154,Bermuda,pole 12 W
2025-10-20T21:04:34.653342+00:00,26.67304783333333,-81.80515233333334,02:fe:5d:bd:17:a0,-83,2462,11,Pvt.WFR_Denali.3310,Unknown
2025-10-20T21:04:34.653342+00:00,26.67304783333333,-81.80515233333334,28:70:4e:d0:88:22,-84,5765,154,Bermuda,pole 14
2025-10-20T21:04:34.653342+00:00,26.67304783333333,-81.80515233333334,2e:70:4e:d0:88:22,-84,5765,154,Bermuda Guest WIFI,pole 14
2025-10-20T21:04:34.653342+00:00,26.67304783333333,-81.80515233333334,2e:70:4e:d2:c9:b0,-85,2437,6,Bermuda Guest WIFI,pole 15 NW
2025-10-20T21:04:34.653342+00:00,26.67304783333333,-81.80515233333334,02:01:c3:3f:83:4a,-88,5825,166,New Aire,Unknown
2025-10-20T21:04:34.653342+00:00,26.673057,-81.8051705,2e:70:4e:d2:92:aa,-55,2437,6,Bermuda Guest WIFI,pole 12 N
2025-10-20T21:04:34.653342+00:00,26.673057,-81.8051705,28:70:4e:d2:92:ab,-57,5745,150,Bermuda,pole 12 N
2025-10-20T21:04:34.653342+00:00,26.673057,-81.8051705,2e:70:4e:d2:92:ab,-58,5745,150,Bermuda Guest WIFI,pole 12 N
2025-10-20T21:04:34.653342+00:00,26.673057,-81.8051705,28:70:4e:d2:92:aa,-60,2437,6,Bermuda,pole 12 N
2025-10-20T21:04:34.653342+00:00,26.673057,-81.8051705,28:70:4e:d0:86:c3,-61,5765,154,Bermuda,pole 12 W
2025-10-20T21:04:34.653342+00:00,26.673057,-81.8051705,28:70:4e:d0:88:21,-64,2412,1,Bermuda,pole 14
2025-10-20T21:04:34.653342+00:00,26.673057,-81.8051705,2e:70:4e:d0:88:21,-65,2412,1,Bermuda Guest WIFI,pole 14
2025-10-20T21:04:34.653342+00:00,26.673057,-81.8051705,28:70:4e:dd:d0:4a,-67,5240,49,Bermuda,pole 13 SW
2025-10-20T21:04:34.653342+00:00,26.673057,-81.8051705,2e:70:4e:dd:d0:4a,-67,5240,49,Bermuda Guest WIFI,pole 13 SW
2025-10-20T21:04:34.653342+00:00,26.673057,-81.8051705,28:70:4e:d0:87:4f,-70,2462,11,Bermuda,pole 13 E
2025-10-20T21:04:34.653342+00:00,26.673057,-81.8051705,2e:70:4e:d0:88:f9,-71,2412,1,Bermuda Guest WIFI,pole 11
2025-10-20T21:04:34.653342+00:00,26.673057,-81.8051705,2e:70:4e:d0:86:c2,-71,2437,6,Bermuda Guest WIFI,pole 12 W
2025-10-20T21:04:34.653342+00:00,26.673057,-81.8051705,28:70:4e:dd:d0:49,-71,2437,6,Bermuda,pole 13 SW
2025-10-20T21:04:34.653342+00:00,26.673057,-81.8051705,28:70:4e:d0:88:f9,-72,2412,1,Bermuda,pole 11
2025-10-20T21:04:34.653342+00:00,26.673057,-81.8051705,28:70:4e:d0:86:c2,-72,2437,6,Bermuda,pole 12 W
2025-10-20T21:04:34.653342+00:00,26.673057,-81.8051705,06:69:f4:1e:1e:66,-80,2462,11,Newmar2324,Unknown
2025-10-20T21:04:34.653342+00:00,26.673057,-81.8051705,02:01:c3:3f:83:4a,-80,5825,166,New Aire,Unknown
2025-10-20T21:04:34.653342+00:00,26.673057,-81.8051705,02:69:f4:1e:1e:66,-81,2462,11,Pvt.WiFiRanger_Core.2324,Unknown
2025-10-20T21:04:34.653342+00:00,26.673057,-81.8051705,28:70:4e:d0:87:73,-82,2412,1,Bermuda,pole 18 N
2025-10-20T21:04:34.653342+00:00,26.673057,-81.8051705,02:01:c3:3f:83:49,-82,2437,6,New Aire,Unknown
2025-10-20T21:04:34.653342+00:00,26.673057,-81.8051705,2e:70:4e:d3:d6:28,-88,2412,1,Bermuda Guest WIFI,pole 18 W
2025-10-20T21:05:48.318406+00:00,26.6730135,-81.805104,28:70:4e:d2:92:ab,-55,5745,150,Bermuda,pole 12 N
2025-10-20T21:05:48.318406+00:00,26.6730135,-81.805104,2e:70:4e:d2:92:ab,-55,5745,150,Bermuda Guest WIFI,pole 12 N
2025-10-20T21:05:48.318406+00:00,26.6730135,-81.805104,28:70:4e:d2:92:aa,-58,2437,6,Bermuda,pole 12 N
2025-10-20T21:05:48.318406+00:00,26.6730135,-81.805104,2e:70:4e:d2:92:aa,-59,2437,6,Bermuda Guest WIFI,pole 12 N
2025-10-20T21:05:48.318406+00:00,26.6730135,-81.805104,28:70:4e:d0:88:21,-62,2412,1,Bermuda,pole 14
2025-10-20T21:05:48.318406+00:00,26.6730135,-81.805104,28:70:4e:d0:86:c3,-62,5765,154,Bermuda,pole 12 W
2025-10-20T21:05:48.318406+00:00,26.6730135,-81.805104,2e:70:4e:d0:86:c3,-62,5765,154,Bermuda Guest WIFI,pole 12 W
2025-10-20T21:05:48.318406+00:00,26.6730135,-81.805104,28:70:4e:d0:86:c2,-64,2437,6,Bermuda,pole 12 W
2025-10-20T21:05:48.318406+00:00,26.6730135,-81.805104,06:01:c3:3f:83:49,-76,2437,6,Newmar3328,Unknown
2025-10-20T21:05:48.318406+00:00,26.6730135,-81.805104,28:70:4e:d0:87:5e,-77,2462,11,Bermuda,pole 15 S
2025-10-20T21:05:48.318406+00:00,26.6730135,-81.805104,2e:70:4e:d0:87:5e,-78,2462,11,Bermuda Guest WIFI,pole 15 S
2025-10-20T21:05:48.318406+00:00,26.6730135,-81.805104,28:70:4e:d0:87:50,-78,5745,150,Bermuda,pole 13 E
2025-10-20T21:05:48.318406+00:00,26.6730135,-81.805104,2e:70:4e:d0:87:50,-79,5745,150,Bermuda Guest WIFI,pole 13 E
2025-10-20T21:05:48.318406+00:00,26.6730135,-81.805104,28:70:4e:d0:88:fa,-80,5765,154,Bermuda,pole 11
2025-10-20T21:05:48.318406+00:00,26.6730135,-81.805104,02:01:c3:3f:83:4a,-81,5825,166,New Aire,Unknown
2025-10-20T21:05:48.318406+00:00,26.673062666666667,-81.80498583333333,28:70:4e:d2:92:aa,-55,2437,6,Bermuda,pole 12 N
2025-10-20T21:05:48.318406+00:00,26.673062666666667,-81.80498583333333,2e:70:4e:d2:92:aa,-55,2437,6,Bermuda Guest WIFI,pole 12 N
2025-10-20T21:05:48.318406+00:00,26.673062666666667,-81.80498583333333,2e:70:4e:d2:92:ab,-55,5745,150,Bermuda Guest WIFI,pole 12 N
2025-10-20T21:05:48.318406+00:00,26.673062666666667,-81.80498583333333,28:70:4e:d0:88:21,-62,2412,1,Bermuda,pole 14
2025-10-20T21:05:48.318406+00:00,26.673062666666667,-81.80498583333333,28:70:4e:d0:86:c3,-62,5765,154,Bermuda,pole 12 W
2025-10-20T21:05:48.318406+00:00,26.673062666666667,-81.80498583333333,2e:70:4e:d0:86:c3,-62,5765,154,Bermuda Guest WIFI,pole 12 W
2025-10-20T21:05:48.318406+00:00,26.673062666666667,-81.80498583333333,06:01:c3:3f:83:49,-63,2437,6,Newmar3328,Unknown
2025-10-20T21:05:48.318406+00:00,26.673062666666667,-81.80498583333333,28:70:4e:d0:86:c2,-64,2437,6,Bermuda,pole 12 W
2025-10-20T21:05:48.318406+00:00,26.673062666666667,-81.80498583333333,28:70:4e:d2:92:ab,-65,5745,150,Bermuda,pole 12 N
2025-10-20T21:05:48.318406+00:00,26.673062666666667,-81.80498583333333,02:01:c3:3f:83:49,-66,2437,6,New Aire,Unknown
2025-10-20T21:05:48.318406+00:00,26.673062666666667,-81.80498583333333,2e:70:4e:d0:86:c2,-68,2437,6,Bermuda Guest WIFI,pole 12 W
2025-10-20T21:05:48.318406+00:00,26.673062666666667,-81.80498583333333,2e:70:4e:d0:87:5e,-78,2462,11,Bermuda Guest WIFI,pole 15 S
2025-10-20T21:05:48.318406+00:00,26.673062666666667,-81.80498583333333,28:70:4e:d0:87:50,-78,5745,150,Bermuda,pole 13 E
2025-10-20T21:05:48.318406+00:00,26.673062666666667,-81.80498583333333,2e:70:4e:d0:87:50,-79,5745,150,Bermuda Guest WIFI,pole 13 E
2025-10-20T21:05:48.318406+00:00,26.673062666666667,-81.80498583333333,02:01:c3:3f:83:4a,-80,5825,166,New Aire,Unknown
2025-10-20T21:05:48.318406+00:00,26.673062666666667,-81.80498583333333,28:70:4e:d0:88:fa,-80,5765,154,Bermuda,pole 11
2025-10-20T21:05:48.318406+00:00,26.673062666666667,-81.80498583333333,2e:70:4e:d0:87:74,-80,5220,45,Bermuda Guest WIFI,pole 18 N
2025-10-20T21:05:48.318406+00:00,26.673062666666667,-81.80498583333333,28:70:4e:d3:d6:28,-82,2412,1,Bermuda,pole 18 W
2025-10-20T21:05:48.318406+00:00,26.673062666666667,-81.80498583333333,2e:70:4e:d3:d6:28,-82,2412,1,Bermuda Guest WIFI,pole 18 W
2025-10-20T21:05:48.318406+00:00,26.673062666666667,-81.80498583333333,02:69:f4:1e:1e:66,-83,2462,11,Pvt.WiFiRanger_Core.2324,Unknown
2025-10-20T21:05:48.318406+00:00,26.673062666666667,-81.80498583333333,28:70:4e:d0:87:5e,-85,2462,11,Bermuda,pole 15 S
2025-10-20T21:05:48.318406+00:00,26.673062666666667,-81.80498583333333,bc:10:2f:90:9b:ef,-88,2412,1,[fridge]_E30AJT5133269K,Unknown
2025-10-20T21:05:48.318406+00:00,26.673062666666667,-81.80498583333333,28:70:4e:d0:89:02,-89,2462,11,Bermuda,pole 17
2025-10-20T21:05:48.318406+00:00,26.673062666666667,-81.80498583333333,2e:70:4e:d0:89:02,-89,2462,11,Bermuda Guest WIFI,pole 17
2025-10-20T21:05:48.318406+00:00,26.673062666666667,-81.80498583333333,60:22:32:16:1e:33,-89,5805,162,Bermuda,laundry1
2025-10-20T21:05:48.318406+00:00,26.673062666666667,-81.80498583333333,62:22:32:16:1e:33,-90,5805,162,Bermuda Guest WIFI,laundry1
2025-10-20T21:05:48.318406+00:00,26.67294933333333,-81.80483833333334,28:70:4e:d2:92:aa,-55,2437,6,Bermuda,pole 12 N
2025-10-20T21:05:48.318406+00:00,26.67294933333333,-81.80483833333334,2e:70:4e:d2:92:aa,-55,2437,6,Bermuda Guest WIFI,pole 12 N
2025-10-20T21:05:48.318406+00:00,26.67294933333333,-81.80483833333334,28:70:4e:d2:92:ab,-58,5745,150,Bermuda,pole 12 N
2025-10-20T21:05:48.318406+00:00,26.67294933333333,-81.80483833333334,2e:70:4e:d2:92:ab,-58,5745,150,Bermuda Guest WIFI,pole 12 N
2025-10-20T21:05:48.318406+00:00,26.67294933333333,-81.80483833333334,28:70:4e:d0:88:21,-62,2412,1,Bermuda,pole 14
2025-10-20T21:05:48.318406+00:00,26.67294933333333,-81.80483833333334,06:01:c3:3f:83:49,-63,2437,6,Newmar3328,Unknown
2025-10-20T21:05:48.318406+00:00,26.67294933333333,-81.80483833333334,28:70:4e:d0:86:c2,-64,2437,6,Bermuda,pole 12 W
2025-10-20T21:05:48.318406+00:00,26.67294933333333,-81.80483833333334,2e:70:4e:d0:86:c2,-64,2437,6,Bermuda Guest WIFI,pole 12 W
2025-10-20T21:05:48.318406+00:00,26.67294933333333,-81.80483833333334,28:70:4e:d0:86:c3,-67,5765,154,Bermuda,pole 12 W
2025-10-20T21:05:48.318406+00:00,26.67294933333333,-81.80483833333334,2e:70:4e:d0:86:c3,-67,5765,154,Bermuda Guest WIFI,pole 12 W
2025-10-20T21:05:48.318406+00:00,26.67294933333333,-81.80483833333334,28:70:4e:d0:87:50,-74,5745,150,Bermuda,pole 13 E
2025-10-20T21:05:48.318406+00:00,26.67294933333333,-81.80483833333334,2e:70:4e:d0:87:50,-74,5745,150,Bermuda Guest WIFI,pole 13 E
2025-10-20T21:05:48.318406+00:00,26.67294933333333,-81.80483833333334,28:70:4e:dd:d0:49,-74,2437,6,Bermuda,pole 13 SW
2025-10-20T21:05:48.318406+00:00,26.67294933333333,-81.80483833333334,2e:70:4e:dd:d0:49,-76,2437,6,Bermuda Guest WIFI,pole 13 SW
2025-10-20T21:05:48.318406+00:00,26.67294933333333,-81.80483833333334,02:01:c3:3f:83:49,-77,2437,6,New Aire,Unknown
2025-10-20T21:05:48.318406+00:00,26.67294933333333,-81.80483833333334,2e:70:4e:d0:87:5e,-78,2462,11,Bermuda Guest WIFI,pole 15 S
2025-10-20T21:05:48.318406+00:00,26.67294933333333,-81.80483833333334,28:70:4e:d0:88:fa,-78,5765,154,Bermuda,pole 11
2025-10-20T21:05:48.318406+00:00,26.67294933333333,-81.80483833333334,02:69:f4:1e:1e:66,-78,2462,11,Pvt.WiFiRanger_Core.2324,Unknown
2025-10-20T21:05:48.318406+00:00,26.67294933333333,-81.80483833333334,06:69:f4:1e:1e:66,-78,2462,11,Newmar2324,Unknown
2025-10-20T21:05:48.318406+00:00,26.67294933333333,-81.80483833333334,2e:70:4e:d0:88:fa,-79,5765,154,Bermuda Guest WIFI,pole 11
2025-10-20T21:05:48.318406+00:00,26.67294933333333,-81.80483833333334,2e:70:4e:d0:87:74,-80,5220,45,Bermuda Guest WIFI,pole 18 N
2025-10-20T21:05:48.318406+00:00,26.67294933333333,-81.80483833333334,28:70:4e:d3:d6:28,-82,2412,1,Bermuda,pole 18 W
2025-10-20T21:05:48.318406+00:00,26.67294933333333,-81.80483833333334,2e:70:4e:d3:d6:28,-82,2412,1,Bermuda Guest WIFI,pole 18 W
2025-10-20T21:05:48.318406+00:00,26.67294933333333,-81.80483833333334,60:22:32:16:1e:33,-85,5805,162,Bermuda,laundry1
2025-10-20T21:05:48.318406+00:00,26.67294933333333,-81.80483833333334,28:70:4e:d0:87:5e,-86,2462,11,Bermuda,pole 15 S
2025-10-20T21:05:48.318406+00:00,26.67294933333333,-81.80483833333334,02:01:c3:3f:83:4a,-86,5825,166,New Aire,Unknown
2025-10-20T21:05:48.318406+00:00,26.67294933333333,-81.80483833333334,62:22:32:16:1e:33,-86,5805,162,Bermuda Guest WIFI,laundry1
2025-10-20T21:05:48.318406+00:00,26.67294933333333,-81.80483833333334,bc:10:2f:90:9b:ef,-88,2412,1,[fridge]_E30AJT5133269K,Unknown
2025-10-20T21:05:48.318406+00:00,26.67294933333333,-81.80483833333334,28:70:4e:d0:89:02,-89,2462,11,Bermuda,pole 17
2025-10-20T21:05:48.318406+00:00,26.67294933333333,-81.80483833333334,2e:70:4e:d0:89:02,-89,2462,11,Bermuda Guest WIFI,pole 17
2025-10-20T21:05:48.318406+00:00,26.672953,-81.8045965,28:70:4e:d2:92:aa,-55,2437,6,Bermuda,pole 12 N
2025-10-20T21:05:48.318406+00:00,26.672953,-81.8045965,2e:70:4e:d2:92:aa,-55,2437,6,Bermuda Guest WIFI,pole 12 N
2025-10-20T21:05:48.318406+00:00,26.672953,-81.8045965,2e:70:4e:d2:92:ab,-58,5745,150,Bermuda Guest WIFI,pole 12 N
2025-10-20T21:05:48.318406+00:00,26.672953,-81.8045965,06:01:c3:3f:83:49,-63,2437,6,Newmar3328,Unknown
2025-10-20T21:05:48.318406+00:00,26.672953,-81.8045965,28:70:4e:d0:86:c2,-65,2437,6,Bermuda,pole 12 W
2025-10-20T21:05:48.318406+00:00,26.672953,-81.8045965,28:70:4e:d2:92:ab,-67,5745,150,Bermuda,pole 12 N
2025-10-20T21:05:48.318406+00:00,26.672953,-81.8045965,2e:70:4e:d0:86:c2,-67,2437,6,Bermuda Guest WIFI,pole 12 W
2025-10-20T21:05:48.318406+00:00,26.672953,-81.8045965,28:70:4e:d2:c9:b1,-72,5220,45,Bermuda,pole 15 NW
2025-10-20T21:05:48.318406+00:00,26.672953,-81.8045965,2e:70:4e:d2:c9:b1,-72,5220,45,Bermuda Guest WIFI,pole 15 NW
2025-10-20T21:05:48.318406+00:00,26.672953,-81.8045965,28:70:4e:d0:86:c3,-73,5765,154,Bermuda,pole 12 W
2025-10-20T21:05:48.318406+00:00,26.672953,-81.8045965,2e:70:4e:d0:86:c3,-73,5765,154,Bermuda Guest WIFI,pole 12 W
2025-10-20T21:05:48.318406+00:00,26.672953,-81.8045965,28:70:4e:d0:87:5f,-73,5240,49,Bermuda,pole 15 S
2025-10-20T21:05:48.318406+00:00,26.672953,-81.8045965,2e:70:4e:d0:87:5f,-73,5240,49,Bermuda Guest WIFI,pole 15 S
2025-10-20T21:05:48.318406+00:00,26.672953,-81.8045965,28:70:4e:d0:87:50,-74,5745,150,Bermuda,pole 13 E
2025-10-20T21:05:48.318406+00:00,26.672953,-81.8045965,2e:70:4e:d0:87:50,-74,5745,150,Bermuda Guest WIFI,pole 13 E
2025-10-20T21:05:48.318406+00:00,26.672953,-81.8045965,28:70:4e:dd:d0:49,-74,2437,6,Bermuda,pole 13 SW
2025-10-20T21:05:48.318406+00:00,26.672953,-81.8045965,2e:70:4e:d0:87:4f,-74,2462,11,Bermuda Guest WIFI,pole 13 E
2025-10-20T21:05:48.318406+00:00,26.672953,-81.8045965,2e:70:4e:dd:d0:49,-76,2437,6,Bermuda Guest WIFI,pole 13 SW
2025-10-20T21:05:48.318406+00:00,26.672953,-81.8045965,28:70:4e:d0:87:73,-76,2412,1,Bermuda,pole 18 N
2025-10-20T21:05:48.318406+00:00,26.672953,-81.8045965,2e:70:4e:d0:87:73,-76,2412,1,Bermuda Guest WIFI,pole 18 N
2025-10-20T21:05:48.318406+00:00,26.672953,-81.8045965,60:22:32:16:1e:32,-76,2437,6,Bermuda,laundry1
2025-10-20T21:05:48.318406+00:00,26.672953,-81.8045965,28:70:4e:d0:87:4f,-76,2462,11,Bermuda,pole 13 E
2025-10-20T21:05:48.318406+00:00,26.672953,-81.8045965,02:01:c3:3f:83:49,-77,2437,6,New Aire,Unknown
2025-10-20T21:05:48.318406+00:00,26.672953,-81.8045965,62:22:32:16:1e:32,-77,2437,6,Bermuda Guest WIFI,laundry1
2025-10-20T21:05:48.318406+00:00,26.672953,-81.8045965,2e:70:4e:d0:87:5e,-78,2462,11,Bermuda Guest WIFI,pole 15 S
2025-10-20T21:05:48.318406+00:00,26.672953,-81.8045965,02:69:f4:1e:1e:66,-78,2462,11,Pvt.WiFiRanger_Core.2324,Unknown
2025-10-20T21:05:48.318406+00:00,26.672953,-81.8045965,06:69:f4:1e:1e:66,-78,2462,11,Newmar2324,Unknown
2025-10-20T21:05:48.318406+00:00,26.672953,-81.8045965,02:fe:5d:bd:17:a0,-78,2462,11,Pvt.WFR_Denali.3310,Unknown
2025-10-20T21:05:48.318406+00:00,26.672953,-81.8045965,02:01:c3:3f:83:4a,-79,5825,166,New Aire,Unknown
2025-10-20T21:05:48.318406+00:00,26.672953,-81.8045965,62:22:32:16:1e:33,-79,5805,162,Bermuda Guest WIFI,laundry1
2025-10-20T21:05:48.318406+00:00,26.672953,-81.8045965,60:22:32:16:1e:33,-80,5805,162,Bermuda,laundry1
2025-10-20T21:05:48.318406+00:00,26.672953,-81.8045965,2e:70:4e:d0:87:74,-80,5220,45,Bermuda Guest WIFI,pole 18 N
2025-10-20T21:05:48.318406+00:00,26.672953,-81.8045965,28:70:4e:d0:88:fa,-81,5765,154,Bermuda,pole 11
2025-10-20T21:05:48.318406+00:00,26.672953,-81.8045965,28:70:4e:d3:d6:28,-82,2412,1,Bermuda,pole 18 W
2025-10-20T21:05:48.318406+00:00,26.672953,-81.8045965,2e:70:4e:d3:d6:28,-82,2412,1,Bermuda Guest WIFI,pole 18 W
2025-10-20T21:05:48.318406+00:00,26.672953,-81.8045965,2e:70:4e:d0:88:fa,-82,5765,154,Bermuda Guest WIFI,pole 11
2025-10-20T21:05:48.318406+00:00,26.672953,-81.8045965,22:6a:1b:63:f6:f5,-85,2437,6,Bermuda Guest WIFI,Outside SW
2025-10-20T21:05:48.318406+00:00,26.672953,-81.8045965,28:70:4e:d0:87:5e,-86,2462,11,Bermuda,pole 15 S
2025-10-20T21:05:48.318406+00:00,26.672953,-81.8045965,bc:10:2f:90:9b:ef,-88,2412,1,[fridge]_E30AJT5133269K,Unknown
2025-10-20T21:05:48.318406+00:00,26.672953,-81.8045965,28:70:4e:d0:89:02,-89,2462,11,Bermuda,pole 17
2025-10-20T21:05:48.318406+00:00,26.672953,-81.8045965,2e:70:4e:d0:89:02,-89,2462,11,Bermuda Guest WIFI,pole 17
2025-10-20T21:06:58.907449+00:00,26.673099166666667,-81.80437816666667,2e:70:4e:d0:87:5e,-68,2462,11,Bermuda Guest WIFI,pole 15 S
2025-10-20T21:06:58.907449+00:00,26.673099166666667,-81.80437816666667,2e:70:4e:d2:c9:b0,-71,2437,6,Bermuda Guest WIFI,pole 15 NW
2025-10-20T21:06:58.907449+00:00,26.673099166666667,-81.80437816666667,28:70:4e:d0:87:5e,-71,2462,11,Bermuda,pole 15 S
2025-10-20T21:06:58.907449+00:00,26.673099166666667,-81.80437816666667,28:70:4e:d2:c9:b0,-72,2437,6,Bermuda,pole 15 NW
2025-10-20T21:06:58.907449+00:00,26.673099166666667,-81.80437816666667,28:70:4e:d2:92:aa,-74,2437,6,Bermuda,pole 12 N
2025-10-20T21:06:58.907449+00:00,26.673099166666667,-81.80437816666667,2e:70:4e:d2:92:aa,-74,2437,6,Bermuda Guest WIFI,pole 12 N
2025-10-20T21:06:58.907449+00:00,26.673099166666667,-81.80437816666667,02:fe:5d:bd:17:a0,-76,2462,11,Pvt.WFR_Denali.3310,Unknown
2025-10-20T21:06:58.907449+00:00,26.673099166666667,-81.80437816666667,28:70:4e:d0:89:02,-76,2462,11,Bermuda,pole 17
2025-10-20T21:06:58.907449+00:00,26.673099166666667,-81.80437816666667,2e:70:4e:d0:89:02,-76,2462,11,Bermuda Guest WIFI,pole 17
2025-10-20T21:06:58.907449+00:00,26.673099166666667,-81.80437816666667,28:70:4e:d0:87:5f,-76,5240,49,Bermuda,pole 15 S
2025-10-20T21:06:58.907449+00:00,26.673099166666667,-81.80437816666667,2e:70:4e:d0:87:5f,-76,5240,49,Bermuda Guest WIFI,pole 15 S
2025-10-20T21:06:58.907449+00:00,26.673099166666667,-81.80437816666667,28:70:4e:d2:92:ab,-77,5745,150,Bermuda,pole 12 N
2025-10-20T21:06:58.907449+00:00,26.673099166666667,-81.80437816666667,2e:70:4e:dd:d0:49,-77,2437,6,Bermuda Guest WIFI,pole 13 SW
2025-10-20T21:06:58.907449+00:00,26.673099166666667,-81.80437816666667,28:70:4e:dd:d0:49,-78,2437,6,Bermuda,pole 13 SW
2025-10-20T21:06:58.907449+00:00,26.673099166666667,-81.80437816666667,02:01:c3:3f:83:49,-79,2437,6,New Aire,Unknown
2025-10-20T21:06:58.907449+00:00,26.673099166666667,-81.80437816666667,02:01:c3:3f:83:4a,-79,5825,166,New Aire,Unknown
2025-10-20T21:06:58.907449+00:00,26.673099166666667,-81.80437816666667,06:01:c3:3f:83:49,-80,2437,6,Newmar3328,Unknown
2025-10-20T21:06:58.907449+00:00,26.673099166666667,-81.80437816666667,28:70:4e:d0:86:c2,-81,2437,6,Bermuda,pole 12 W
2025-10-20T21:06:58.907449+00:00,26.673099166666667,-81.80437816666667,1c:6a:1b:63:f6:f5,-81,2437,6,Bermuda,Outside SW
2025-10-20T21:06:58.907449+00:00,26.673099166666667,-81.80437816666667,22:6a:1b:63:f6:f5,-81,2437,6,Bermuda Guest WIFI,Outside SW
2025-10-20T21:06:58.907449+00:00,26.673099166666667,-81.80437816666667,2e:70:4e:d0:86:c2,-82,2437,6,Bermuda Guest WIFI,pole 12 W
2025-10-20T21:06:58.907449+00:00,26.673099166666667,-81.80437816666667,2e:70:4e:d0:89:14,-87,2437,6,Bermuda Guest WIFI,pole 21
2025-10-20T21:06:58.907449+00:00,26.673099166666667,-81.80437816666667,2e:70:4e:d0:87:62,-87,5240,49,Bermuda Guest WIFI,pole 22 NW
2025-10-20T21:06:58.907449+00:00,26.673099166666667,-81.80437816666667,28:70:4e:d0:87:62,-88,5240,49,Bermuda,pole 22 NW
2025-10-20T21:07:54.753130+00:00,26.673066833333333,-81.80435266666667,28:70:4e:d0:88:21,-70,2412,1,Bermuda,pole 14
2025-10-20T21:07:54.753130+00:00,26.673066833333333,-81.80435266666667,2e:70:4e:d0:87:5e,-71,2462,11,Bermuda Guest WIFI,pole 15 S
2025-10-20T21:07:54.753130+00:00,26.673066833333333,-81.80435266666667,28:70:4e:d0:87:61,-79,2412,1,Bermuda,pole 22 NW
2025-10-20T21:07:54.753130+00:00,26.673066833333333,-81.80435266666667,02:fe:5d:bd:17:a0,-83,2462,11,Pvt.WFR_Denali.3310,Unknown
2025-10-20T21:07:54.753130+00:00,26.673066833333333,-81.80435266666667,02:01:c3:3f:83:4a,-83,5785,158,New Aire,Unknown
2025-10-20T21:07:54.753130+00:00,26.673066833333333,-81.80435266666667,28:38:5c:1d:53:4d,-86,5765,154,HotspotXvHM,Unknown
2025-10-20T21:07:54.753130+00:00,26.673111333333335,-81.804242,28:70:4e:d0:88:21,-70,2412,1,Bermuda,pole 14
2025-10-20T21:07:54.753130+00:00,26.673111333333335,-81.804242,2e:70:4e:d0:87:5e,-71,2462,11,Bermuda Guest WIFI,pole 15 S
2025-10-20T21:07:54.753130+00:00,26.673111333333335,-81.804242,02:fe:5d:bd:17:a0,-77,2462,11,Pvt.WFR_Denali.3310,Unknown
2025-10-20T21:07:54.753130+00:00,26.673111333333335,-81.804242,28:70:4e:d0:87:61,-79,2412,1,Bermuda,pole 22 NW
2025-10-20T21:07:54.753130+00:00,26.673111333333335,-81.804242,2e:70:4e:d0:86:c3,-79,5765,154,Bermuda Guest WIFI,pole 12 W
2025-10-20T21:07:54.753130+00:00,26.673111333333335,-81.804242,02:01:c3:3f:83:4a,-84,5785,158,New Aire,Unknown
2025-10-20T21:07:54.753130+00:00,26.673111333333335,-81.804242,28:38:5c:1d:53:4d,-86,5765,154,HotspotXvHM,Unknown
2025-10-20T21:07:54.753130+00:00,26.673090333333334,-81.80430883333334,28:70:4e:d0:88:21,-68,2412,1,Bermuda,pole 14
2025-10-20T21:07:54.753130+00:00,26.673090333333334,-81.80430883333334,2e:70:4e:d0:88:fa,-69,5765,154,Bermuda Guest WIFI,pole 11
2025-10-20T21:07:54.753130+00:00,26.673090333333334,-81.80430883333334,2e:70:4e:d0:86:c3,-69,5765,154,Bermuda Guest WIFI,pole 12 W
2025-10-20T21:07:54.753130+00:00,26.673090333333334,-81.80430883333334,28:70:4e:d0:88:22,-69,5765,154,Bermuda,pole 14
2025-10-20T21:07:54.753130+00:00,26.673090333333334,-81.80430883333334,2e:70:4e:d0:88:22,-69,5765,154,Bermuda Guest WIFI,pole 14
2025-10-20T21:07:54.753130+00:00,26.673090333333334,-81.80430883333334,2e:70:4e:d0:89:03,-69,5765,154,Bermuda Guest WIFI,pole 17
2025-10-20T21:07:54.753130+00:00,26.673090333333334,-81.80430883333334,28:70:4e:d0:86:c3,-69,5765,154,Bermuda,pole 12 W
2025-10-20T21:07:54.753130+00:00,26.673090333333334,-81.80430883333334,28:70:4e:d0:88:fa,-69,5765,154,Bermuda,pole 11
2025-10-20T21:07:54.753130+00:00,26.673090333333334,-81.80430883333334,2e:70:4e:d0:88:21,-69,2412,1,Bermuda Guest WIFI,pole 14
2025-10-20T21:07:54.753130+00:00,26.673090333333334,-81.80430883333334,2e:70:4e:d2:92:ab,-69,5745,150,Bermuda Guest WIFI,pole 12 N
2025-10-20T21:07:54.753130+00:00,26.673090333333334,-81.80430883333334,02:eb:1f:20:db:aa,-69,2412,1,Pvt.WFR_Teton.2817,Unknown
2025-10-20T21:07:54.753130+00:00,26.673090333333334,-81.80430883333334,28:70:4e:d0:88:f9,-69,2412,1,Bermuda,pole 11
2025-10-20T21:07:54.753130+00:00,26.673090333333334,-81.80430883333334,2e:70:4e:d0:88:f9,-69,2412,1,Bermuda Guest WIFI,pole 11
2025-10-20T21:07:54.753130+00:00,26.673090333333334,-81.80430883333334,2e:70:4e:d0:87:5e,-70,2462,11,Bermuda Guest WIFI,pole 15 S
2025-10-20T21:07:54.753130+00:00,26.673090333333334,-81.80430883333334,2e:70:4e:d2:92:aa,-75,2437,6,Bermuda Guest WIFI,pole 12 N
2025-10-20T21:07:54.753130+00:00,26.673090333333334,-81.80430883333334,28:70:4e:d2:92:aa,-76,2437,6,Bermuda,pole 12 N
2025-10-20T21:07:54.753130+00:00,26.673090333333334,-81.80430883333334,28:70:4e:d0:87:61,-76,2412,1,Bermuda,pole 22 NW
2025-10-20T21:07:54.753130+00:00,26.673090333333334,-81.80430883333334,28:70:4e:d0:86:c2,-78,2437,6,Bermuda,pole 12 W
2025-10-20T21:07:54.753130+00:00,26.673090333333334,-81.80430883333334,2e:70:4e:d0:86:c2,-78,2437,6,Bermuda Guest WIFI,pole 12 W
2025-10-20T21:07:54.753130+00:00,26.673090333333334,-81.80430883333334,28:70:4e:d0:87:5e,-78,2462,11,Bermuda,pole 15 S
2025-10-20T21:07:54.753130+00:00,26.673090333333334,-81.80430883333334,2e:70:4e:d0:87:61,-78,2412,1,Bermuda Guest WIFI,pole 22 NW
2025-10-20T21:07:54.753130+00:00,26.673090333333334,-81.80430883333334,28:70:4e:d2:c9:b1,-79,5220,45,Bermuda,pole 15 NW
2025-10-20T21:07:54.753130+00:00,26.673090333333334,-81.80430883333334,02:01:c3:3f:83:49,-79,2437,6,New Aire,Unknown
2025-10-20T21:07:54.753130+00:00,26.673090333333334,-81.80430883333334,2e:70:4e:dd:d0:49,-81,2437,6,Bermuda Guest WIFI,pole 13 SW
2025-10-20T21:07:54.753130+00:00,26.673090333333334,-81.80430883333334,28:70:4e:d0:87:5f,-81,5240,49,Bermuda,pole 15 S
2025-10-20T21:07:54.753130+00:00,26.673090333333334,-81.80430883333334,2e:70:4e:d0:87:5f,-81,5240,49,Bermuda Guest WIFI,pole 15 S
2025-10-20T21:07:54.753130+00:00,26.673090333333334,-81.80430883333334,06:01:c3:3f:83:49,-82,2437,6,Newmar3328,Unknown
2025-10-20T21:07:54.753130+00:00,26.673090333333334,-81.80430883333334,28:70:4e:d2:c9:b0,-82,2437,6,Bermuda,pole 15 NW
2025-10-20T21:07:54.753130+00:00,26.673090333333334,-81.80430883333334,2e:70:4e:d2:c9:b0,-82,2437,6,Bermuda Guest WIFI,pole 15 NW
2025-10-20T21:07:54.753130+00:00,26.673090333333334,-81.80430883333334,02:fe:5d:bd:17:a0,-82,2462,11,Pvt.WFR_Denali.3310,Unknown
2025-10-20T21:07:54.753130+00:00,26.673090333333334,-81.80430883333334,28:70:4e:dd:d0:4a,-82,5240,49,Bermuda,pole 13 SW
2025-10-20T21:07:54.753130+00:00,26.673090333333334,-81.80430883333334,2e:70:4e:dd:d0:4a,-82,5240,49,Bermuda Guest WIFI,pole 13 SW
2025-10-20T21:07:54.753130+00:00,26.673090333333334,-81.80430883333334,02:01:c3:3f:83:4a,-84,5785,158,New Aire,Unknown
2025-10-20T21:07:54.753130+00:00,26.673090333333334,-81.80430883333334,22:6a:1b:63:f6:f2,-85,5805,162,Bermuda Guest WIFI,Outside SE
2025-10-20T21:07:54.753130+00:00,26.673090333333334,-81.80430883333334,28:70:4e:d0:89:02,-86,2462,11,Bermuda,pole 17
2025-10-20T21:07:54.753130+00:00,26.673090333333334,-81.80430883333334,02:69:f4:1e:1e:66,-86,2462,11,Pvt.WiFiRanger_Core.2324,Unknown
2025-10-20T21:07:54.753130+00:00,26.673090333333334,-81.80430883333334,1c:6a:1b:63:f6:f2,-86,5805,162,Bermuda,Outside SE
2025-10-20T21:07:54.753130+00:00,26.673090333333334,-81.80430883333334,2e:70:4e:d0:89:15,-86,5180,37,Bermuda Guest WIFI,pole 21
2025-10-20T21:07:54.753130+00:00,26.673090333333334,-81.80430883333334,1c:6a:1b:63:f6:f5,-87,2437,6,Bermuda,Outside SW
2025-10-20T21:07:54.753130+00:00,26.673090333333334,-81.80430883333334,28:70:4e:d0:87:50,-87,5745,150,Bermuda,pole 13 E
2025-10-20T21:07:54.753130+00:00,26.673090333333334,-81.80430883333334,2e:70:4e:d0:87:50,-87,5745,150,Bermuda Guest WIFI,pole 13 E
2025-10-20T21:07:54.753130+00:00,26.673090333333334,-81.80430883333334,28:70:4e:d0:89:0c,-87,5220,45,Bermuda,pole 10
2025-10-20T21:07:54.753130+00:00,26.673090333333334,-81.80430883333334,2e:70:4e:d0:89:0c,-87,5220,45,Bermuda Guest WIFI,pole 10
2025-10-20T21:07:54.753130+00:00,26.673090333333334,-81.80430883333334,28:70:4e:d0:89:14,-88,2437,6,Bermuda,pole 21
2025-10-20T21:07:54.753130+00:00,26.673090333333334,-81.80430883333334,28:70:4e:d0:86:3e,-90,2462,11,Bermuda,pole 09
2025-10-20T21:07:54.753130+00:00,26.673090333333334,-81.80430883333334,60:22:32:16:1e:33,-91,5805,162,Bermuda,laundry1
2025-10-20T21:07:54.753130+00:00,26.673090333333334,-81.80430883333334,62:22:32:16:1e:33,-91,5805,162,Bermuda Guest WIFI,laundry1
2025-10-20T21:09:12.519898+00:00,26.673054333333333,-81.80432466666667,28:70:4e:d0:88:21,-68,2412,1,Bermuda,pole 14
2025-10-20T21:09:12.519898+00:00,26.673054333333333,-81.80432466666667,28:70:4e:d0:88:22,-79,5765,154,Bermuda,pole 14
2025-10-20T21:09:12.519898+00:00,26.673054333333333,-81.80432466666667,28:70:4e:d0:87:5f,-79,5240,49,Bermuda,pole 15 S
2025-10-20T21:09:12.519898+00:00,26.673054333333333,-81.80432466666667,2e:70:4e:d0:87:5f,-80,5240,49,Bermuda Guest WIFI,pole 15 S
2025-10-20T21:09:12.519898+00:00,26.673054333333333,-81.80432466666667,02:01:c3:3f:83:4a,-83,5785,158,New Aire,Unknown
2025-10-20T21:09:12.519898+00:00,26.673054333333333,-81.80432466666667,1c:6a:1b:63:f6:f2,-85,5805,162,Bermuda,Outside SE
2025-10-20T21:09:12.519898+00:00,26.673054333333333,-81.80432466666667,22:6a:1b:63:f6:f2,-85,5805,162,Bermuda Guest WIFI,Outside SE
2025-10-20T21:09:12.519898+00:00,26.673065666666666,-81.8042905,28:70:4e:d0:88:21,-68,2412,1,Bermuda,pole 14
2025-10-20T21:09:12.519898+00:00,26.673065666666666,-81.8042905,28:70:4e:d2:c9:b1,-75,5220,45,Bermuda,pole 15 NW
2025-10-20T21:09:12.519898+00:00,26.673065666666666,-81.8042905,2e:70:4e:d2:c9:b1,-75,5220,45,Bermuda Guest WIFI,pole 15 NW
2025-10-20T21:09:12.519898+00:00,26.673065666666666,-81.8042905,28:70:4e:d2:92:ab,-78,5745,150,Bermuda,pole 12 N
2025-10-20T21:09:12.519898+00:00,26.673065666666666,-81.8042905,28:70:4e:d0:88:22,-79,5765,154,Bermuda,pole 14
2025-10-20T21:09:12.519898+00:00,26.673065666666666,-81.8042905,28:70:4e:d0:87:5f,-79,5240,49,Bermuda,pole 15 S
2025-10-20T21:09:12.519898+00:00,26.673065666666666,-81.8042905,02:01:c3:3f:83:49,-79,2437,6,New Aire,Unknown
2025-10-20T21:09:12.519898+00:00,26.673065666666666,-81.8042905,2e:70:4e:d0:87:5f,-80,5240,49,Bermuda Guest WIFI,pole 15 S
2025-10-20T21:09:12.519898+00:00,26.673065666666666,-81.8042905,2e:70:4e:d0:88:f9,-80,2412,1,Bermuda Guest WIFI,pole 11
2025-10-20T21:09:12.519898+00:00,26.673065666666666,-81.8042905,06:01:c3:3f:83:49,-80,2437,6,Newmar3328,Unknown
2025-10-20T21:09:12.519898+00:00,26.673065666666666,-81.8042905,2e:70:4e:d2:c9:b0,-82,2437,6,Bermuda Guest WIFI,pole 15 NW
2025-10-20T21:09:12.519898+00:00,26.673065666666666,-81.8042905,2e:70:4e:dd:d0:49,-83,2437,6,Bermuda Guest WIFI,pole 13 SW
2025-10-20T21:09:12.519898+00:00,26.673065666666666,-81.8042905,02:01:c3:3f:83:4a,-84,5785,158,New Aire,Unknown
2025-10-20T21:09:12.519898+00:00,26.673065666666666,-81.8042905,1c:6a:1b:63:f6:f2,-85,5805,162,Bermuda,Outside SE
2025-10-20T21:09:12.519898+00:00,26.673065666666666,-81.8042905,22:6a:1b:63:f6:f2,-85,5805,162,Bermuda Guest WIFI,Outside SE
2025-10-20T21:09:12.519898+00:00,26.673065666666666,-81.8042905,60:22:32:16:1e:33,-91,5805,162,Bermuda,laundry1
2025-10-20T21:09:12.519898+00:00,26.67306333333333,-81.80427633333333,28:70:4e:d0:88:21,-68,2412,1,Bermuda,pole 14
2025-10-20T21:09:12.519898+00:00,26.67306333333333,-81.80427633333333,2e:70:4e:d2:92:aa,-74,2437,6,Bermuda Guest WIFI,pole 12 N
2025-10-20T21:09:12.519898+00:00,26.67306333333333,-81.80427633333333,28:70:4e:d2:c9:b1,-75,5220,45,Bermuda,pole 15 NW
2025-10-20T21:09:12.519898+00:00,26.67306333333333,-81.80427633333333,2e:70:4e:d2:c9:b1,-75,5220,45,Bermuda Guest WIFI,pole 15 NW
2025-10-20T21:09:12.519898+00:00,26.67306333333333,-81.80427633333333,28:70:4e:d2:92:ab,-78,5745,150,Bermuda,pole 12 N
2025-10-20T21:09:12.519898+00:00,26.67306333333333,-81.80427633333333,28:70:4e:d0:88:22,-79,5765,154,Bermuda,pole 14
2025-10-20T21:09:12.519898+00:00,26.67306333333333,-81.80427633333333,28:70:4e:d0:87:5f,-79,5240,49,Bermuda,pole 15 S
2025-10-20T21:09:12.519898+00:00,26.67306333333333,-81.80427633333333,02:01:c3:3f:83:49,-79,2437,6,New Aire,Unknown
2025-10-20T21:09:12.519898+00:00,26.67306333333333,-81.80427633333333,2e:70:4e:d0:87:5f,-80,5240,49,Bermuda Guest WIFI,pole 15 S
2025-10-20T21:09:12.519898+00:00,26.67306333333333,-81.80427633333333,2e:70:4e:d0:88:f9,-80,2412,1,Bermuda Guest WIFI,pole 11
2025-10-20T21:09:12.519898+00:00,26.67306333333333,-81.80427633333333,06:01:c3:3f:83:49,-80,2437,6,Newmar3328,Unknown
2025-10-20T21:09:12.519898+00:00,26.67306333333333,-81.80427633333333,2e:70:4e:d2:c9:b0,-82,2437,6,Bermuda Guest WIFI,pole 15 NW
2025-10-20T21:09:12.519898+00:00,26.67306333333333,-81.80427633333333,02:01:c3:3f:83:4a,-83,5785,158,New Aire,Unknown
2025-10-20T21:09:12.519898+00:00,26.67306333333333,-81.80427633333333,2e:70:4e:dd:d0:49,-83,2437,6,Bermuda Guest WIFI,pole 13 SW
2025-10-20T21:09:12.519898+00:00,26.67306333333333,-81.80427633333333,1c:6a:1b:63:f6:f2,-85,5805,162,Bermuda,Outside SE
2025-10-20T21:09:12.519898+00:00,26.67306333333333,-81.80427633333333,22:6a:1b:63:f6:f2,-85,5805,162,Bermuda Guest WIFI,Outside SE
2025-10-20T21:09:12.519898+00:00,26.67306333333333,-81.80427633333333,60:22:32:16:1e:33,-91,5805,162,Bermuda,laundry1
2025-10-20T21:09:12.519898+00:00,26.673057,-81.804278,28:70:4e:d0:88:21,-68,2412,1,Bermuda,pole 14
2025-10-20T21:09:12.519898+00:00,26.673057,-81.804278,28:70:4e:d2:c9:b1,-75,5220,45,Bermuda,pole 15 NW
2025-10-20T21:09:12.519898+00:00,26.673057,-81.804278,2e:70:4e:d2:c9:b1,-75,5220,45,Bermuda Guest WIFI,pole 15 NW
2025-10-20T21:09:12.519898+00:00,26.673057,-81.804278,28:70:4e:d2:92:aa,-75,2437,6,Bermuda,pole 12 N
2025-10-20T21:09:12.519898+00:00,26.673057,-81.804278,2e:70:4e:d2:92:aa,-77,2437,6,Bermuda Guest WIFI,pole 12 N
2025-10-20T21:09:12.519898+00:00,26.673057,-81.804278,28:70:4e:d2:92:ab,-78,5745,150,Bermuda,pole 12 N
2025-10-20T21:09:12.519898+00:00,26.673057,-81.804278,28:70:4e:d0:88:22,-79,5765,154,Bermuda,pole 14
2025-10-20T21:09:12.519898+00:00,26.673057,-81.804278,28:70:4e:d0:87:5f,-79,5240,49,Bermuda,pole 15 S
2025-10-20T21:09:12.519898+00:00,26.673057,-81.804278,2e:70:4e:d0:87:5f,-80,5240,49,Bermuda Guest WIFI,pole 15 S
2025-10-20T21:09:12.519898+00:00,26.673057,-81.804278,2e:70:4e:d0:88:f9,-80,2412,1,Bermuda Guest WIFI,pole 11
2025-10-20T21:09:12.519898+00:00,26.673057,-81.804278,06:01:c3:3f:83:49,-80,2437,6,Newmar3328,Unknown
2025-10-20T21:09:12.519898+00:00,26.673057,-81.804278,2e:70:4e:d0:89:14,-81,2437,6,Bermuda Guest WIFI,pole 21
2025-10-20T21:09:12.519898+00:00,26.673057,-81.804278,2e:70:4e:d2:c9:b0,-82,2437,6,Bermuda Guest WIFI,pole 15 NW
2025-10-20T21:09:12.519898+00:00,26.673057,-81.804278,02:01:c3:3f:83:49,-82,2437,6,New Aire,Unknown
2025-10-20T21:09:12.519898+00:00,26.673057,-81.804278,28:70:4e:d0:89:14,-82,2437,6,Bermuda,pole 21
2025-10-20T21:09:12.519898+00:00,26.673057,-81.804278,22:6a:1b:63:f6:f6,-82,5200,41,Bermuda Guest WIFI,Outside SW
2025-10-20T21:09:12.519898+00:00,26.673057,-81.804278,02:01:c3:3f:83:4a,-83,5785,158,New Aire,Unknown
2025-10-20T21:09:12.519898+00:00,26.673057,-81.804278,2e:70:4e:dd:d0:49,-83,2437,6,Bermuda Guest WIFI,pole 13 SW
2025-10-20T21:09:12.519898+00:00,26.673057,-81.804278,1c:6a:1b:63:f6:f2,-85,5805,162,Bermuda,Outside SE
2025-10-20T21:09:12.519898+00:00,26.673057,-81.804278,22:6a:1b:63:f6:f2,-85,5805,162,Bermuda Guest WIFI,Outside SE
2025-10-20T21:09:12.519898+00:00,26.673057,-81.804278,60:22:32:16:1e:33,-91,5805,162,Bermuda,laundry1
2025-10-20T21:10:24.814025+00:00,26.6730615,-81.8043275,28:70:4e:d0:88:21,-71,2412,1,Bermuda,pole 14
2025-10-20T21:10:24.814025+00:00,26.6730615,-81.8043275,2e:70:4e:d2:c9:b0,-71,2437,6,Bermuda Guest WIFI,pole 15 NW
2025-10-20T21:10:24.814025+00:00,26.6730615,-81.8043275,28:70:4e:d2:c9:b0,-73,2437,6,Bermuda,pole 15 NW
2025-10-20T21:10:24.814025+00:00,26.6730615,-81.8043275,2e:70:4e:d0:87:5f,-78,5240,49,Bermuda Guest WIFI,pole 15 S
2025-10-20T21:10:24.814025+00:00,26.6730615,-81.8043275,28:70:4e:d0:87:5f,-79,5240,49,Bermuda,pole 15 S
2025-10-20T21:10:24.814025+00:00,26.6730615,-81.8043275,28:70:4e:d2:c9:b1,-79,5220,45,Bermuda,pole 15 NW
2025-10-20T21:10:24.814025+00:00,26.6730615,-81.8043275,2e:70:4e:d2:c9:b1,-79,5220,45,Bermuda Guest WIFI,pole 15 NW
2025-10-20T21:10:24.814025+00:00,26.6730615,-81.8043275,02:01:c3:3f:83:4a,-82,5785,158,New Aire,Unknown
2025-10-20T21:10:24.814025+00:00,26.6730615,-81.8043275,06:69:f4:1e:1e:66,-84,2462,11,Newmar2324,Unknown
2025-10-20T21:10:24.814025+00:00,26.673062166666668,-81.80432533333334,28:70:4e:d0:87:5e,-67,2462,11,Bermuda,pole 15 S
2025-10-20T21:10:24.814025+00:00,26.673062166666668,-81.80432533333334,2e:70:4e:d0:87:5e,-68,2462,11,Bermuda Guest WIFI,pole 15 S
2025-10-20T21:10:24.814025+00:00,26.673062166666668,-81.80432533333334,28:70:4e:d0:88:21,-70,2412,1,Bermuda,pole 14
2025-10-20T21:10:24.814025+00:00,26.673062166666668,-81.80432533333334,2e:70:4e:d2:c9:b0,-71,2437,6,Bermuda Guest WIFI,pole 15 NW
2025-10-20T21:10:24.814025+00:00,26.673062166666668,-81.80432533333334,28:70:4e:d2:c9:b0,-73,2437,6,Bermuda,pole 15 NW
2025-10-20T21:10:24.814025+00:00,26.673062166666668,-81.80432533333334,2e:70:4e:d2:92:aa,-73,2437,6,Bermuda Guest WIFI,pole 12 N
2025-10-20T21:10:24.814025+00:00,26.673062166666668,-81.80432533333334,02:01:c3:3f:83:49,-77,2437,6,New Aire,Unknown
2025-10-20T21:10:24.814025+00:00,26.673062166666668,-81.80432533333334,2e:70:4e:d0:87:5f,-78,5240,49,Bermuda Guest WIFI,pole 15 S
2025-10-20T21:10:24.814025+00:00,26.673062166666668,-81.80432533333334,28:70:4e:d0:87:5f,-79,5240,49,Bermuda,pole 15 S
2025-10-20T21:10:24.814025+00:00,26.673062166666668,-81.80432533333334,28:70:4e:d2:c9:b1,-79,5220,45,Bermuda,pole 15 NW
2025-10-20T21:10:24.814025+00:00,26.673062166666668,-81.80432533333334,2e:70:4e:d2:c9:b1,-79,5220,45,Bermuda Guest WIFI,pole 15 NW
2025-10-20T21:10:24.814025+00:00,26.673062166666668,-81.80432533333334,2e:70:4e:d0:89:14,-80,2437,6,Bermuda Guest WIFI,pole 21
2025-10-20T21:10:24.814025+00:00,26.673062166666668,-81.80432533333334,28:70:4e:dd:d0:4a,-80,5240,49,Bermuda,pole 13 SW
2025-10-20T21:10:24.814025+00:00,26.673062166666668,-81.80432533333334,2e:70:4e:dd:d0:4a,-80,5240,49,Bermuda Guest WIFI,pole 13 SW
2025-10-20T21:10:24.814025+00:00,26.673062166666668,-81.80432533333334,02:fe:5d:bd:17:a0,-81,2462,11,Pvt.WFR_Denali.3310,Unknown
2025-10-20T21:10:24.814025+00:00,26.673062166666668,-81.80432533333334,02:01:c3:3f:83:4a,-83,5785,158,New Aire,Unknown
2025-10-20T21:10:24.814025+00:00,26.673062166666668,-81.80432533333334,06:69:f4:1e:1e:66,-84,2462,11,Newmar2324,Unknown
2025-10-20T21:10:24.814025+00:00,26.673062166666668,-81.80432533333334,2e:70:4e:d0:87:50,-86,5745,150,Bermuda Guest WIFI,pole 13 E
2025-10-20T21:10:24.814025+00:00,26.673061666666666,-81.80432533333334,28:70:4e:d0:87:5e,-67,2462,11,Bermuda,pole 15 S
2025-10-20T21:10:24.814025+00:00,26.673061666666666,-81.80432533333334,28:70:4e:d0:88:21,-68,2412,1,Bermuda,pole 14
2025-10-20T21:10:24.814025+00:00,26.673061666666666,-81.80432533333334,2e:70:4e:d0:87:5e,-68,2462,11,Bermuda Guest WIFI,pole 15 S
2025-10-20T21:10:24.814025+00:00,26.673061666666666,-81.80432533333334,28:70:4e:d2:c9:b0,-73,2437,6,Bermuda,pole 15 NW
2025-10-20T21:10:24.814025+00:00,26.673061666666666,-81.80432533333334,2e:70:4e:d2:92:aa,-73,2437,6,Bermuda Guest WIFI,pole 12 N
2025-10-20T21:10:24.814025+00:00,26.673061666666666,-81.80432533333334,02:01:c3:3f:83:49,-77,2437,6,New Aire,Unknown
2025-10-20T21:10:24.814025+00:00,26.673061666666666,-81.80432533333334,2e:70:4e:d0:87:5f,-78,5240,49,Bermuda Guest WIFI,pole 15 S
2025-10-20T21:10:24.814025+00:00,26.673061666666666,-81.80432533333334,28:70:4e:d2:c9:b1,-78,5220,45,Bermuda,pole 15 NW
2025-10-20T21:10:24.814025+00:00,26.673061666666666,-81.80432533333334,2e:70:4e:d2:c9:b1,-78,5220,45,Bermuda Guest WIFI,pole 15 NW
2025-10-20T21:10:24.814025+00:00,26.673061666666666,-81.80432533333334,28:70:4e:d0:87:5f,-79,5240,49,Bermuda,pole 15 S
2025-10-20T21:10:24.814025+00:00,26.673061666666666,-81.80432533333334,28:70:4e:dd:d0:4a,-79,5240,49,Bermuda,pole 13 SW
2025-10-20T21:10:24.814025+00:00,26.673061666666666,-81.80432533333334,2e:70:4e:d2:c9:b0,-80,2437,6,Bermuda Guest WIFI,pole 15 NW
2025-10-20T21:10:24.814025+00:00,26.673061666666666,-81.80432533333334,2e:70:4e:d0:89:14,-80,2437,6,Bermuda Guest WIFI,pole 21
2025-10-20T21:10:24.814025+00:00,26.673061666666666,-81.80432533333334,2e:70:4e:dd:d0:4a,-80,5240,49,Bermuda Guest WIFI,pole 13 SW
2025-10-20T21:10:24.814025+00:00,26.673061666666666,-81.80432533333334,02:fe:5d:bd:17:a0,-81,2462,11,Pvt.WFR_Denali.3310,Unknown
2025-10-20T21:10:24.814025+00:00,26.673061666666666,-81.80432533333334,2e:70:4e:dd:d0:49,-81,2437,6,Bermuda Guest WIFI,pole 13 SW
2025-10-20T21:10:24.814025+00:00,26.673061666666666,-81.80432533333334,02:01:c3:3f:83:4a,-83,5785,158,New Aire,Unknown
2025-10-20T21:10:24.814025+00:00,26.673061666666666,-81.80432533333334,06:69:f4:1e:1e:66,-84,2462,11,Newmar2324,Unknown
2025-10-20T21:10:24.814025+00:00,26.673061666666666,-81.80432533333334,06:01:c3:3f:83:49,-84,2437,6,Newmar3328,Unknown
2025-10-20T21:10:24.814025+00:00,26.673061666666666,-81.80432533333334,2e:70:4e:d0:87:50,-86,5745,150,Bermuda Guest WIFI,pole 13 E
2025-10-20T21:10:24.814025+00:00,26.673061666666666,-81.80432083333334,28:70:4e:d0:87:5e,-67,2462,11,Bermuda,pole 15 S
2025-10-20T21:10:24.814025+00:00,26.673061666666666,-81.80432083333334,2e:70:4e:d0:87:5e,-68,2462,11,Bermuda Guest WIFI,pole 15 S
2025-10-20T21:10:24.814025+00:00,26.673061666666666,-81.80432083333334,02:fe:5d:bd:17:a0,-69,2462,11,Pvt.WFR_Denali.3310,Unknown
2025-10-20T21:10:24.814025+00:00,26.673061666666666,-81.80432083333334,28:70:4e:d0:88:21,-70,2412,1,Bermuda,pole 14
2025-10-20T21:10:24.814025+00:00,26.673061666666666,-81.80432083333334,2e:70:4e:d2:92:aa,-73,2437,6,Bermuda Guest WIFI,pole 12 N
2025-10-20T21:10:24.814025+00:00,26.673061666666666,-81.80432083333334,06:01:c3:3f:83:49,-75,2437,6,Newmar3328,Unknown
2025-10-20T21:10:24.814025+00:00,26.673061666666666,-81.80432083333334,2e:70:4e:d0:87:5f,-78,5240,49,Bermuda Guest WIFI,pole 15 S
2025-10-20T21:10:24.814025+00:00,26.673061666666666,-81.80432083333334,28:70:4e:d2:c9:b1,-78,5220,45,Bermuda,pole 15 NW
2025-10-20T21:10:24.814025+00:00,26.673061666666666,-81.80432083333334,2e:70:4e:d2:c9:b1,-78,5220,45,Bermuda Guest WIFI,pole 15 NW
2025-10-20T21:10:24.814025+00:00,26.673061666666666,-81.80432083333334,02:01:c3:3f:83:49,-78,2437,6,New Aire,Unknown
2025-10-20T21:10:24.814025+00:00,26.673061666666666,-81.80432083333334,28:70:4e:d0:87:5f,-79,5240,49,Bermuda,pole 15 S
2025-10-20T21:10:24.814025+00:00,26.673061666666666,-81.80432083333334,2e:70:4e:d2:c9:b0,-80,2437,6,Bermuda Guest WIFI,pole 15 NW
2025-10-20T21:10:24.814025+00:00,26.673061666666666,-81.80432083333334,2e:70:4e:d0:89:14,-80,2437,6,Bermuda Guest WIFI,pole 21
2025-10-20T21:10:24.814025+00:00,26.673061666666666,-81.80432083333334,28:70:4e:dd:d0:4a,-81,5240,49,Bermuda,pole 13 SW
2025-10-20T21:10:24.814025+00:00,26.673061666666666,-81.80432083333334,2e:70:4e:dd:d0:4a,-81,5240,49,Bermuda Guest WIFI,pole 13 SW
2025-10-20T21:10:24.814025+00:00,26.673061666666666,-81.80432083333334,2e:70:4e:dd:d0:49,-81,2437,6,Bermuda Guest WIFI,pole 13 SW
2025-10-20T21:10:24.814025+00:00,26.673061666666666,-81.80432083333334,02:01:c3:3f:83:4a,-84,5785,158,New Aire,Unknown
2025-10-20T21:10:24.814025+00:00,26.673061666666666,-81.80432083333334,2e:70:4e:d0:87:50,-84,5745,150,Bermuda Guest WIFI,pole 13 E
2025-10-20T21:10:24.814025+00:00,26.673061666666666,-81.80432083333334,28:70:4e:d0:87:50,-84,5745,150,Bermuda,pole 13 E
2025-10-20T21:11:40.765217+00:00,26.6737235,-81.80433116666667,28:70:4e:d0:88:21,-70,2412,1,Bermuda,pole 14
2025-10-20T21:11:40.765217+00:00,26.6737235,-81.80433116666667,2e:70:4e:d0:88:22,-72,5765,154,Bermuda Guest WIFI,pole 14
2025-10-20T21:11:40.765217+00:00,26.6737235,-81.80433116666667,28:70:4e:d0:88:22,-72,5765,154,Bermuda,pole 14
2025-10-20T21:11:40.765217+00:00,26.6737235,-81.80433116666667,1c:6a:1b:63:f6:f2,-77,5805,162,Bermuda,Outside SE
2025-10-20T21:11:40.765217+00:00,26.6737235,-81.80433116666667,22:6a:1b:63:f6:f2,-77,5805,162,Bermuda Guest WIFI,Outside SE
2025-10-20T21:11:40.765217+00:00,26.6737235,-81.80433116666667,28:70:4e:d0:87:5f,-77,5240,49,Bermuda,pole 15 S
2025-10-20T21:11:40.765217+00:00,26.6737235,-81.80433116666667,2e:70:4e:d0:87:5f,-77,5240,49,Bermuda Guest WIFI,pole 15 S
2025-10-20T21:11:40.765217+00:00,26.6737235,-81.80433116666667,2e:70:4e:d0:87:61,-78,2412,1,Bermuda Guest WIFI,pole 22 NW
2025-10-20T21:11:40.765217+00:00,26.6737235,-81.80433116666667,02:fe:5d:bd:17:a0,-80,2462,11,Pvt.WFR_Denali.3310,Unknown
2025-10-20T21:11:40.765217+00:00,26.6737235,-81.80433116666667,2e:70:4e:d0:87:50,-80,5745,150,Bermuda Guest WIFI,pole 13 E
2025-10-20T21:11:40.765217+00:00,26.6737235,-81.80433116666667,2e:70:4e:d0:87:4f,-80,2462,11,Bermuda Guest WIFI,pole 13 E
2025-10-20T21:11:40.765217+00:00,26.6737235,-81.80433116666667,2e:70:4e:d0:89:14,-81,2437,6,Bermuda Guest WIFI,pole 21
2025-10-20T21:11:40.765217+00:00,26.6737235,-81.80433116666667,22:6a:1b:63:f6:f6,-81,5200,41,Bermuda Guest WIFI,Outside SW
2025-10-20T21:11:40.765217+00:00,26.6737235,-81.80433116666667,2e:70:4e:dd:d0:49,-81,2437,6,Bermuda Guest WIFI,pole 13 SW
2025-10-20T21:11:40.765217+00:00,26.6737235,-81.80433116666667,1c:6a:1b:63:f6:f5,-81,2437,6,Bermuda,Outside SW
2025-10-20T21:11:40.765217+00:00,26.6737235,-81.80433116666667,28:70:4e:d2:c9:b0,-81,2437,6,Bermuda,pole 15 NW
2025-10-20T21:11:40.765217+00:00,26.6737235,-81.80433116666667,28:70:4e:d0:86:c3,-81,5765,154,Bermuda,pole 12 W
2025-10-20T21:11:40.765217+00:00,26.6737235,-81.80433116666667,2e:70:4e:d0:86:c3,-81,5765,154,Bermuda Guest WIFI,pole 12 W
2025-10-20T21:11:40.765217+00:00,26.6737235,-81.80433116666667,2e:70:4e:d0:88:21,-81,2412,1,Bermuda Guest WIFI,pole 14
2025-10-20T21:11:40.765217+00:00,26.6737235,-81.80433116666667,2e:70:4e:d0:89:0b,-81,2412,1,Bermuda Guest WIFI,pole 10
2025-10-20T21:11:40.765217+00:00,26.6737235,-81.80433116666667,28:70:4e:d0:89:0b,-81,2412,1,Bermuda,pole 10
2025-10-20T21:11:40.765217+00:00,26.6737235,-81.80433116666667,06:01:c3:3f:83:49,-81,2437,6,Newmar3328,Unknown
2025-10-20T21:11:40.765217+00:00,26.6737235,-81.80433116666667,28:70:4e:d0:86:c2,-81,2437,6,Bermuda,pole 12 W
2025-10-20T21:11:40.765217+00:00,26.6737235,-81.80433116666667,2e:70:4e:d0:86:c2,-81,2437,6,Bermuda Guest WIFI,pole 12 W
2025-10-20T21:11:40.765217+00:00,26.6737235,-81.80433116666667,2e:70:4e:d2:c9:b0,-81,2437,6,Bermuda Guest WIFI,pole 15 NW
2025-10-20T21:11:40.765217+00:00,26.6737235,-81.80433116666667,28:70:4e:d0:87:4f,-81,2462,11,Bermuda,pole 13 E
2025-10-20T21:11:40.765217+00:00,26.6737235,-81.80433116666667,28:70:4e:d0:87:50,-81,5745,150,Bermuda,pole 13 E
2025-10-20T21:11:40.765217+00:00,26.6737235,-81.80433116666667,28:70:4e:dd:d0:4a,-81,5240,49,Bermuda,pole 13 SW
2025-10-20T21:11:40.765217+00:00,26.6737235,-81.80433116666667,2e:70:4e:dd:d0:4a,-81,5240,49,Bermuda Guest WIFI,pole 13 SW
2025-10-20T21:11:40.765217+00:00,26.6737235,-81.80433116666667,2e:70:4e:d0:88:f9,-81,2412,1,Bermuda Guest WIFI,pole 11
2025-10-20T21:11:40.765217+00:00,26.6737235,-81.80433116666667,02:eb:1f:20:db:aa,-81,2412,1,Pvt.WFR_Teton.2817,Unknown
2025-10-20T21:11:40.765217+00:00,26.6737235,-81.80433116666667,2e:70:4e:d3:d6:28,-81,2412,1,Bermuda Guest WIFI,pole 18 W
2025-10-20T21:11:40.765217+00:00,26.6737235,-81.80433116666667,28:70:4e:d0:88:f9,-81,2412,1,Bermuda,pole 11
2025-10-20T21:11:40.765217+00:00,26.6737235,-81.80433116666667,2e:70:4e:d0:87:73,-81,2412,1,Bermuda Guest WIFI,pole 18 N
2025-10-20T21:11:40.765217+00:00,26.6737235,-81.80433116666667,1c:6a:1b:63:f6:f1,-81,2412,1,Bermuda,Outside SE
2025-10-20T21:11:40.765217+00:00,26.6737235,-81.80433116666667,22:6a:1b:63:f6:f5,-81,2437,6,Bermuda Guest WIFI,Outside SW
2025-10-20T21:11:40.765217+00:00,26.6737235,-81.80433116666667,28:70:4e:d0:89:14,-81,2437,6,Bermuda,pole 21
2025-10-20T21:11:40.765217+00:00,26.6737235,-81.80433116666667,02:01:c3:3f:83:49,-81,2437,6,New Aire,Unknown
2025-10-20T21:11:40.765217+00:00,26.6737235,-81.80433116666667,28:70:4e:d3:d3:88,-81,2437,6,Bermuda,pole 22 SW
2025-10-20T21:11:40.765217+00:00,26.6737235,-81.80433116666667,2e:70:4e:d3:d3:88,-81,2437,6,Bermuda Guest WIFI,pole 22 SW
2025-10-20T21:11:40.765217+00:00,26.6737235,-81.80433116666667,28:70:4e:d0:87:61,-81,2412,1,Bermuda,pole 22 NW
2025-10-20T21:11:40.765217+00:00,26.6737235,-81.80433116666667,28:70:4e:d3:d6:28,-81,2412,1,Bermuda,pole 18 W
2025-10-20T21:11:40.765217+00:00,26.6737235,-81.80433116666667,bc:10:2f:90:9b:ef,-81,2412,1,[fridge]_E30AJT5133269K,Unknown
2025-10-20T21:11:40.765217+00:00,26.6737235,-81.80433116666667,2e:70:4e:d0:87:62,-84,5240,49,Bermuda Guest WIFI,pole 22 NW
2025-10-20T21:11:40.765217+00:00,26.6737235,-81.80433116666667,28:70:4e:d0:88:fa,-85,5765,154,Bermuda,pole 11
2025-10-20T21:11:40.765217+00:00,26.6737235,-81.80433116666667,2e:70:4e:d0:88:fa,-85,5765,154,Bermuda Guest WIFI,pole 11
2025-10-20T21:11:40.765217+00:00,26.6737235,-81.80433116666667,28:70:4e:d0:87:5e,-85,2462,11,Bermuda,pole 15 S
2025-10-20T21:11:40.765217+00:00,26.6737235,-81.80433116666667,28:70:4e:d0:87:62,-85,5240,49,Bermuda,pole 22 NW
2025-10-20T21:11:40.765217+00:00,26.6737235,-81.80433116666667,28:70:4e:d2:92:ab,-86,5745,150,Bermuda,pole 12 N
2025-10-20T21:11:40.765217+00:00,26.6737235,-81.80433116666667,2e:70:4e:d2:92:ab,-86,5745,150,Bermuda Guest WIFI,pole 12 N
2025-10-20T21:11:40.765217+00:00,26.6737235,-81.80433116666667,2e:70:4e:d0:87:5e,-87,2462,11,Bermuda Guest WIFI,pole 15 S
2025-10-20T21:11:40.765217+00:00,26.6737235,-81.80433116666667,2e:70:4e:d3:d3:89,-87,5785,158,Bermuda Guest WIFI,pole 22 SW
2025-10-20T21:11:40.765217+00:00,26.6737235,-81.80433116666667,2e:70:4e:d2:92:aa,-88,2437,6,Bermuda Guest WIFI,pole 12 N
2025-10-20T21:11:40.765217+00:00,26.6737235,-81.80433116666667,28:70:4e:d2:92:aa,-88,2437,6,Bermuda,pole 12 N
2025-10-20T21:11:40.765217+00:00,26.6737235,-81.80433116666667,9e:05:d6:96:22:af,-90,5805,162,Bermuda Guest WIFI,inside5
2025-10-20T21:11:40.765217+00:00,26.6737235,-81.80433116666667,74:83:c2:9a:33:47,-90,2462,11,Bermuda,guard house
2025-10-20T21:11:40.765217+00:00,26.6737235,-81.80433116666667,9c:05:d6:d6:11:ff,-92,5805,162,Bermuda,inside3
2025-10-20T21:11:40.765217+00:00,26.6737235,-81.80433116666667,9e:05:d6:96:11:ff,-93,5805,162,Bermuda Guest WIFI,inside3
2025-10-20T21:11:40.765217+00:00,26.673755833333335,-81.80462966666667,28:70:4e:d0:88:21,-71,2412,1,Bermuda,pole 14
2025-10-20T21:11:40.765217+00:00,26.673755833333335,-81.80462966666667,2e:70:4e:d0:88:22,-72,5765,154,Bermuda Guest WIFI,pole 14
2025-10-20T21:11:40.765217+00:00,26.673755833333335,-81.80462966666667,28:70:4e:d0:88:22,-72,5765,154,Bermuda,pole 14
2025-10-20T21:11:40.765217+00:00,26.673755833333335,-81.80462966666667,1c:6a:1b:63:f6:f2,-77,5805,162,Bermuda,Outside SE
2025-10-20T21:11:40.765217+00:00,26.673755833333335,-81.80462966666667,22:6a:1b:63:f6:f2,-77,5805,162,Bermuda Guest WIFI,Outside SE
2025-10-20T21:11:40.765217+00:00,26.673755833333335,-81.80462966666667,28:70:4e:d0:87:5f,-77,5240,49,Bermuda,pole 15 S
2025-10-20T21:11:40.765217+00:00,26.673755833333335,-81.80462966666667,2e:70:4e:d0:87:5f,-77,5240,49,Bermuda Guest WIFI,pole 15 S
2025-10-20T21:11:40.765217+00:00,26.673755833333335,-81.80462966666667,2e:70:4e:d0:87:61,-78,2412,1,Bermuda Guest WIFI,pole 22 NW
2025-10-20T21:11:40.765217+00:00,26.673755833333335,-81.80462966666667,02:fe:5d:bd:17:a0,-80,2462,11,Pvt.WFR_Denali.3310,Unknown
2025-10-20T21:11:40.765217+00:00,26.673755833333335,-81.80462966666667,2e:70:4e:d0:87:50,-80,5745,150,Bermuda Guest WIFI,pole 13 E
2025-10-20T21:11:40.765217+00:00,26.673755833333335,-81.80462966666667,2e:70:4e:d0:87:4f,-80,2462,11,Bermuda Guest WIFI,pole 13 E
2025-10-20T21:11:40.765217+00:00,26.673755833333335,-81.80462966666667,2e:70:4e:d0:89:14,-81,2437,6,Bermuda Guest WIFI,pole 21
2025-10-20T21:11:40.765217+00:00,26.673755833333335,-81.80462966666667,22:6a:1b:63:f6:f6,-81,5200,41,Bermuda Guest WIFI,Outside SW
2025-10-20T21:11:40.765217+00:00,26.673755833333335,-81.80462966666667,2e:70:4e:dd:d0:49,-81,2437,6,Bermuda Guest WIFI,pole 13 SW
2025-10-20T21:11:40.765217+00:00,26.673755833333335,-81.80462966666667,1c:6a:1b:63:f6:f5,-81,2437,6,Bermuda,Outside SW
2025-10-20T21:11:40.765217+00:00,26.673755833333335,-81.80462966666667,28:70:4e:d2:c9:b0,-81,2437,6,Bermuda,pole 15 NW
2025-10-20T21:11:40.765217+00:00,26.673755833333335,-81.80462966666667,28:70:4e:d0:86:c3,-81,5765,154,Bermuda,pole 12 W
2025-10-20T21:11:40.765217+00:00,26.673755833333335,-81.80462966666667,2e:70:4e:d0:86:c3,-81,5765,154,Bermuda Guest WIFI,pole 12 W
2025-10-20T21:11:40.765217+00:00,26.673755833333335,-81.80462966666667,2e:70:4e:d0:88:21,-81,2412,1,Bermuda Guest WIFI,pole 14
2025-10-20T21:11:40.765217+00:00,26.673755833333335,-81.80462966666667,2e:70:4e:d0:89:0b,-81,2412,1,Bermuda Guest WIFI,pole 10
2025-10-20T21:11:40.765217+00:00,26.673755833333335,-81.80462966666667,28:70:4e:d0:89:0b,-81,2412,1,Bermuda,pole 10
2025-10-20T21:11:40.765217+00:00,26.673755833333335,-81.80462966666667,06:01:c3:3f:83:49,-81,2437,6,Newmar3328,Unknown
2025-10-20T21:11:40.765217+00:00,26.673755833333335,-81.80462966666667,28:70:4e:d0:86:c2,-81,2437,6,Bermuda,pole 12 W
2025-10-20T21:11:40.765217+00:00,26.673755833333335,-81.80462966666667,2e:70:4e:d0:86:c2,-81,2437,6,Bermuda Guest WIFI,pole 12 W
2025-10-20T21:11:40.765217+00:00,26.673755833333335,-81.80462966666667,2e:70:4e:d2:c9:b0,-81,2437,6,Bermuda Guest WIFI,pole 15 NW
2025-10-20T21:11:40.765217+00:00,26.673755833333335,-81.80462966666667,28:70:4e:d0:87:4f,-81,2462,11,Bermuda,pole 13 E
2025-10-20T21:11:40.765217+00:00,26.673755833333335,-81.80462966666667,28:70:4e:d0:87:50,-81,5745,150,Bermuda,pole 13 E
2025-10-20T21:11:40.765217+00:00,26.673755833333335,-81.80462966666667,28:70:4e:dd:d0:4a,-81,5240,49,Bermuda,pole 13 SW
2025-10-20T21:11:40.765217+00:00,26.673755833333335,-81.80462966666667,2e:70:4e:dd:d0:4a,-81,5240,49,Bermuda Guest WIFI,pole 13 SW
2025-10-20T21:11:40.765217+00:00,26.673755833333335,-81.80462966666667,2e:70:4e:d0:88:f9,-81,2412,1,Bermuda Guest WIFI,pole 11
2025-10-20T21:11:40.765217+00:00,26.673755833333335,-81.80462966666667,02:eb:1f:20:db:aa,-81,2412,1,Pvt.WFR_Teton.2817,Unknown
2025-10-20T21:11:40.765217+00:00,26.673755833333335,-81.80462966666667,2e:70:4e:d3:d6:28,-81,2412,1,Bermuda Guest WIFI,pole 18 W
2025-10-20T21:11:40.765217+00:00,26.673755833333335,-81.80462966666667,28:70:4e:d0:88:f9,-81,2412,1,Bermuda,pole 11
2025-10-20T21:11:40.765217+00:00,26.673755833333335,-81.80462966666667,2e:70:4e:d0:87:73,-81,2412,1,Bermuda Guest WIFI,pole 18 N
2025-10-20T21:11:40.765217+00:00,26.673755833333335,-81.80462966666667,1c:6a:1b:63:f6:f1,-81,2412,1,Bermuda,Outside SE
2025-10-20T21:11:40.765217+00:00,26.673755833333335,-81.80462966666667,22:6a:1b:63:f6:f5,-81,2437,6,Bermuda Guest WIFI,Outside SW
2025-10-20T21:11:40.765217+00:00,26.673755833333335,-81.80462966666667,28:70:4e:d0:89:14,-81,2437,6,Bermuda,pole 21
2025-10-20T21:11:40.765217+00:00,26.673755833333335,-81.80462966666667,02:01:c3:3f:83:49,-81,2437,6,New Aire,Unknown
2025-10-20T21:11:40.765217+00:00,26.673755833333335,-81.80462966666667,28:70:4e:d3:d3:88,-81,2437,6,Bermuda,pole 22 SW
2025-10-20T21:11:40.765217+00:00,26.673755833333335,-81.80462966666667,2e:70:4e:d3:d3:88,-81,2437,6,Bermuda Guest WIFI,pole 22 SW
2025-10-20T21:11:40.765217+00:00,26.673755833333335,-81.80462966666667,28:70:4e:d0:87:61,-81,2412,1,Bermuda,pole 22 NW
2025-10-20T21:11:40.765217+00:00,26.673755833333335,-81.80462966666667,28:70:4e:d3:d6:28,-81,2412,1,Bermuda,pole 18 W
2025-10-20T21:11:40.765217+00:00,26.673755833333335,-81.80462966666667,bc:10:2f:90:9b:ef,-81,2412,1,[fridge]_E30AJT5133269K,Unknown
2025-10-20T21:11:40.765217+00:00,26.673755833333335,-81.80462966666667,28:70:4e:d2:92:aa,-82,2437,6,Bermuda,pole 12 N
2025-10-20T21:11:40.765217+00:00,26.673755833333335,-81.80462966666667,2e:70:4e:d0:87:62,-84,5240,49,Bermuda Guest WIFI,pole 22 NW
2025-10-20T21:11:40.765217+00:00,26.673755833333335,-81.80462966666667,28:70:4e:d0:88:fa,-85,5765,154,Bermuda,pole 11
2025-10-20T21:11:40.765217+00:00,26.673755833333335,-81.80462966666667,2e:70:4e:d0:88:fa,-85,5765,154,Bermuda Guest WIFI,pole 11
2025-10-20T21:11:40.765217+00:00,26.673755833333335,-81.80462966666667,28:70:4e:d0:87:5e,-85,2462,11,Bermuda,pole 15 S
2025-10-20T21:11:40.765217+00:00,26.673755833333335,-81.80462966666667,28:70:4e:d0:87:62,-85,5240,49,Bermuda,pole 22 NW
2025-10-20T21:11:40.765217+00:00,26.673755833333335,-81.80462966666667,28:70:4e:d2:92:ab,-86,5745,150,Bermuda,pole 12 N
2025-10-20T21:11:40.765217+00:00,26.673755833333335,-81.80462966666667,2e:70:4e:d2:92:ab,-86,5745,150,Bermuda Guest WIFI,pole 12 N
2025-10-20T21:11:40.765217+00:00,26.673755833333335,-81.80462966666667,2e:70:4e:d0:87:5e,-87,2462,11,Bermuda Guest WIFI,pole 15 S
2025-10-20T21:11:40.765217+00:00,26.673755833333335,-81.80462966666667,2e:70:4e:d3:d3:89,-87,5785,158,Bermuda Guest WIFI,pole 22 SW
2025-10-20T21:11:40.765217+00:00,26.673755833333335,-81.80462966666667,9e:05:d6:96:20:6f,-87,5745,150,Bermuda Guest WIFI,inside1
2025-10-20T21:11:40.765217+00:00,26.673755833333335,-81.80462966666667,9c:05:d6:d6:20:6f,-87,5745,150,Bermuda,inside1
2025-10-20T21:11:40.765217+00:00,26.673755833333335,-81.80462966666667,2e:70:4e:d2:92:aa,-88,2437,6,Bermuda Guest WIFI,pole 12 N
2025-10-20T21:11:40.765217+00:00,26.673755833333335,-81.80462966666667,02:01:c3:3f:83:4a,-88,5785,158,New Aire,Unknown
2025-10-20T21:11:40.765217+00:00,26.673755833333335,-81.80462966666667,9e:05:d6:96:22:af,-90,5805,162,Bermuda Guest WIFI,inside5
2025-10-20T21:11:40.765217+00:00,26.673755833333335,-81.80462966666667,74:83:c2:9a:33:47,-90,2462,11,Bermuda,guard house
2025-10-20T21:11:40.765217+00:00,26.673755833333335,-81.80462966666667,9c:05:d6:d6:11:ff,-92,5805,162,Bermuda,inside3
2025-10-20T21:11:40.765217+00:00,26.673755833333335,-81.80462966666667,9e:05:d6:96:11:ff,-93,5805,162,Bermuda Guest WIFI,inside3
2025-10-20T21:11:40.765217+00:00,26.6737285,-81.80465666666667,28:70:4e:dd:d0:4a,-65,5240,49,Bermuda,pole 13 SW
2025-10-20T21:11:40.765217+00:00,26.6737285,-81.80465666666667,2e:70:4e:d2:92:aa,-67,2437,6,Bermuda Guest WIFI,pole 12 N
2025-10-20T21:11:40.765217+00:00,26.6737285,-81.80465666666667,28:70:4e:d2:92:aa,-67,2437,6,Bermuda,pole 12 N
2025-10-20T21:11:40.765217+00:00,26.6737285,-81.80465666666667,28:70:4e:d0:88:21,-71,2412,1,Bermuda,pole 14
2025-10-20T21:11:40.765217+00:00,26.6737285,-81.80465666666667,02:01:c3:3f:83:49,-72,2437,6,New Aire,Unknown
2025-10-20T21:11:40.765217+00:00,26.6737285,-81.80465666666667,06:01:c3:3f:83:49,-73,2437,6,Newmar3328,Unknown
2025-10-20T21:11:40.765217+00:00,26.6737285,-81.80465666666667,22:6a:1b:63:f6:f5,-77,2437,6,Bermuda Guest WIFI,Outside SW
2025-10-20T21:11:40.765217+00:00,26.6737285,-81.80465666666667,1c:6a:1b:63:f6:f5,-78,2437,6,Bermuda,Outside SW
2025-10-20T21:11:40.765217+00:00,26.6737285,-81.80465666666667,2e:70:4e:dd:d0:49,-78,2437,6,Bermuda Guest WIFI,pole 13 SW
2025-10-20T21:11:40.765217+00:00,26.6737285,-81.80465666666667,28:70:4e:dd:d0:49,-80,2437,6,Bermuda,pole 13 SW
2025-10-20T21:11:40.765217+00:00,26.6737285,-81.80465666666667,28:70:4e:d0:87:5e,-81,2462,11,Bermuda,pole 15 S
2025-10-20T21:11:40.765217+00:00,26.6737285,-81.80465666666667,2e:70:4e:d2:c9:b1,-81,5220,45,Bermuda Guest WIFI,pole 15 NW
2025-10-20T21:11:40.765217+00:00,26.6737285,-81.80465666666667,2e:70:4e:d0:87:5e,-82,2462,11,Bermuda Guest WIFI,pole 15 S
2025-10-20T21:11:40.765217+00:00,26.6737285,-81.80465666666667,28:70:4e:d2:c9:b1,-83,5220,45,Bermuda,pole 15 NW
2025-10-20T21:11:40.765217+00:00,26.6737285,-81.80465666666667,28:70:4e:d2:c9:b0,-84,2437,6,Bermuda,pole 15 NW
2025-10-20T21:11:40.765217+00:00,26.6737285,-81.80465666666667,60:22:32:16:1e:33,-84,5805,162,Bermuda,laundry1
2025-10-20T21:11:40.765217+00:00,26.6737285,-81.80465666666667,62:22:32:16:1e:33,-84,5805,162,Bermuda Guest WIFI,laundry1
2025-10-20T21:11:40.765217+00:00,26.6737285,-81.80465666666667,9c:05:d6:d6:20:6f,-88,5745,150,Bermuda,inside1
2025-10-20T21:12:52.674093+00:00,26.673670333333334,-81.80469616666667,28:70:4e:d0:88:21,-63,2412,1,Bermuda,pole 14
2025-10-20T21:12:52.674093+00:00,26.673670333333334,-81.80469616666667,1c:6a:1b:63:f6:f6,-70,5200,41,Bermuda,Outside SW
2025-10-20T21:12:52.674093+00:00,26.673670333333334,-81.80469616666667,22:6a:1b:63:f6:f6,-70,5200,41,Bermuda Guest WIFI,Outside SW
2025-10-20T21:12:52.674093+00:00,26.673670333333334,-81.80469616666667,28:70:4e:dd:d0:49,-78,2437,6,Bermuda,pole 13 SW
2025-10-20T21:12:52.674093+00:00,26.673670333333334,-81.80469616666667,2e:70:4e:dd:d0:49,-79,2437,6,Bermuda Guest WIFI,pole 13 SW
2025-10-20T21:12:52.674093+00:00,26.673670333333334,-81.80469616666667,2e:70:4e:d0:87:50,-79,5745,150,Bermuda Guest WIFI,pole 13 E
2025-10-20T21:12:52.674093+00:00,26.673670333333334,-81.80469616666667,02:01:c3:3f:83:49,-82,2437,6,New Aire,Unknown
2025-10-20T21:12:52.674093+00:00,26.673670333333334,-81.80469616666667,06:01:c3:3f:83:49,-82,2437,6,Newmar3328,Unknown
2025-10-20T21:12:52.674093+00:00,26.673670333333334,-81.80469616666667,2e:70:4e:d0:88:f9,-83,2412,1,Bermuda Guest WIFI,pole 11
2025-10-20T21:12:52.674093+00:00,26.673670333333334,-81.80469616666667,62:22:32:16:1e:33,-85,5805,162,Bermuda Guest WIFI,laundry1
2025-10-20T21:12:52.674093+00:00,26.673670333333334,-81.80469616666667,60:22:32:16:1e:33,-85,5805,162,Bermuda,laundry1
2025-10-20T21:12:52.674093+00:00,26.673670333333334,-81.80469616666667,60:22:32:16:1e:32,-86,2437,6,Bermuda,laundry1
2025-10-20T21:12:52.674093+00:00,26.673670333333334,-81.80469616666667,02:01:c3:3f:83:4a,-87,5785,158,New Aire,Unknown
2025-10-20T21:12:52.674093+00:00,26.673670333333334,-81.80469616666667,bc:10:2f:90:9b:ef,-88,2412,1,[fridge]_E30AJT5133269K,Unknown
2025-10-20T21:12:52.674093+00:00,26.67344183333333,-81.80483333333333,28:70:4e:d0:88:21,-54,2412,1,Bermuda,pole 14
2025-10-20T21:12:52.674093+00:00,26.67344183333333,-81.80483333333333,2e:70:4e:d0:88:21,-60,2412,1,Bermuda Guest WIFI,pole 14
2025-10-20T21:12:52.674093+00:00,26.67344183333333,-81.80483333333333,28:70:4e:d0:88:22,-65,5765,154,Bermuda,pole 14
2025-10-20T21:12:52.674093+00:00,26.67344183333333,-81.80483333333333,2e:70:4e:d0:88:22,-65,5765,154,Bermuda Guest WIFI,pole 14
2025-10-20T21:12:52.674093+00:00,26.67344183333333,-81.80483333333333,2e:70:4e:dd:d0:49,-68,2437,6,Bermuda Guest WIFI,pole 13 SW
2025-10-20T21:12:52.674093+00:00,26.67344183333333,-81.80483333333333,02:01:c3:3f:83:49,-70,2437,6,New Aire,Unknown
2025-10-20T21:12:52.674093+00:00,26.67344183333333,-81.80483333333333,28:70:4e:dd:d0:49,-70,2437,6,Bermuda,pole 13 SW
2025-10-20T21:12:52.674093+00:00,26.67344183333333,-81.80483333333333,1c:6a:1b:63:f6:f6,-70,5200,41,Bermuda,Outside SW
2025-10-20T21:12:52.674093+00:00,26.67344183333333,-81.80483333333333,22:6a:1b:63:f6:f6,-70,5200,41,Bermuda Guest WIFI,Outside SW
2025-10-20T21:12:52.674093+00:00,26.67344183333333,-81.80483333333333,06:01:c3:3f:83:49,-74,2437,6,Newmar3328,Unknown
2025-10-20T21:12:52.674093+00:00,26.67344183333333,-81.80483333333333,02:fe:5d:bd:17:a0,-75,2462,11,Pvt.WFR_Denali.3310,Unknown
2025-10-20T21:12:52.674093+00:00,26.67344183333333,-81.80483333333333,2e:70:4e:d0:87:50,-79,5745,150,Bermuda Guest WIFI,pole 13 E
2025-10-20T21:12:52.674093+00:00,26.67344183333333,-81.80483333333333,22:6a:1b:63:f6:f2,-80,5805,162,Bermuda Guest WIFI,Outside SE
2025-10-20T21:12:52.674093+00:00,26.67344183333333,-81.80483333333333,2e:70:4e:d0:88:f9,-83,2412,1,Bermuda Guest WIFI,pole 11
2025-10-20T21:12:52.674093+00:00,26.67344183333333,-81.80483333333333,62:22:32:16:1e:33,-85,5805,162,Bermuda Guest WIFI,laundry1
2025-10-20T21:12:52.674093+00:00,26.67344183333333,-81.80483333333333,60:22:32:16:1e:33,-85,5805,162,Bermuda,laundry1
2025-10-20T21:12:52.674093+00:00,26.67344183333333,-81.80483333333333,60:22:32:16:1e:32,-86,2437,6,Bermuda,laundry1
2025-10-20T21:12:52.674093+00:00,26.67344183333333,-81.80483333333333,02:01:c3:3f:83:4a,-86,5785,158,New Aire,Unknown
2025-10-20T21:12:52.674093+00:00,26.67344183333333,-81.80483333333333,9c:05:d6:d6:11:ff,-86,5805,162,Bermuda,inside3
2025-10-20T21:12:52.674093+00:00,26.67344183333333,-81.80483333333333,bc:10:2f:90:9b:ef,-88,2412,1,[fridge]_E30AJT5133269K,Unknown
2025-10-20T21:12:52.674093+00:00,26.67344183333333,-81.80483333333333,9e:05:d6:96:11:ff,-88,5805,162,Bermuda Guest WIFI,inside3
2025-10-20T21:12:52.674093+00:00,26.67344183333333,-81.80483333333333,28:38:5c:1d:53:4d,-88,5765,154,HotspotXvHM,Unknown
2025-10-20T21:12:52.674093+00:00,26.67324483333333,-81.80496833333333,28:70:4e:d0:88:21,-60,2412,1,Bermuda,pole 14
2025-10-20T21:12:52.674093+00:00,26.67324483333333,-81.80496833333333,2e:70:4e:d0:88:21,-60,2412,1,Bermuda Guest WIFI,pole 14
2025-10-20T21:12:52.674093+00:00,26.67324483333333,-81.80496833333333,2e:70:4e:d0:88:22,-65,5765,154,Bermuda Guest WIFI,pole 14
2025-10-20T21:12:52.674093+00:00,26.67324483333333,-81.80496833333333,28:70:4e:d0:88:22,-67,5765,154,Bermuda,pole 14
2025-10-20T21:12:52.674093+00:00,26.67324483333333,-81.80496833333333,02:01:c3:3f:83:49,-68,2437,6,New Aire,Unknown
2025-10-20T21:12:52.674093+00:00,26.67324483333333,-81.80496833333333,06:01:c3:3f:83:49,-68,2437,6,Newmar3328,Unknown
2025-10-20T21:12:52.674093+00:00,26.67324483333333,-81.80496833333333,2e:70:4e:dd:d0:49,-68,2437,6,Bermuda Guest WIFI,pole 13 SW
2025-10-20T21:12:52.674093+00:00,26.67324483333333,-81.80496833333333,1c:6a:1b:63:f6:f6,-70,5200,41,Bermuda,Outside SW
2025-10-20T21:12:52.674093+00:00,26.67324483333333,-81.80496833333333,22:6a:1b:63:f6:f6,-70,5200,41,Bermuda Guest WIFI,Outside SW
2025-10-20T21:12:52.674093+00:00,26.67324483333333,-81.80496833333333,02:01:c3:3f:83:4a,-74,5785,158,New Aire,Unknown
2025-10-20T21:12:52.674093+00:00,26.67324483333333,-81.80496833333333,02:fe:5d:bd:17:a0,-75,2462,11,Pvt.WFR_Denali.3310,Unknown
2025-10-20T21:12:52.674093+00:00,26.67324483333333,-81.80496833333333,02:69:f4:1e:1e:66,-76,2462,11,Pvt.WiFiRanger_Core.2324,Unknown
2025-10-20T21:12:52.674093+00:00,26.67324483333333,-81.80496833333333,06:69:f4:1e:1e:66,-76,2462,11,Newmar2324,Unknown
2025-10-20T21:12:52.674093+00:00,26.67324483333333,-81.80496833333333,28:70:4e:dd:d0:49,-78,2437,6,Bermuda,pole 13 SW
2025-10-20T21:12:52.674093+00:00,26.67324483333333,-81.80496833333333,2e:70:4e:d0:87:50,-79,5745,150,Bermuda Guest WIFI,pole 13 E
2025-10-20T21:12:52.674093+00:00,26.67324483333333,-81.80496833333333,28:70:4e:d0:87:50,-79,5745,150,Bermuda,pole 13 E
2025-10-20T21:12:52.674093+00:00,26.67324483333333,-81.80496833333333,bc:10:2f:90:9b:ef,-80,2412,1,[fridge]_E30AJT5133269K,Unknown
2025-10-20T21:12:52.674093+00:00,26.67324483333333,-81.80496833333333,2e:70:4e:d0:88:f9,-83,2412,1,Bermuda Guest WIFI,pole 11
2025-10-20T21:12:52.674093+00:00,26.67324483333333,-81.80496833333333,62:22:32:16:1e:33,-85,5805,162,Bermuda Guest WIFI,laundry1
2025-10-20T21:12:52.674093+00:00,26.67324483333333,-81.80496833333333,60:22:32:16:1e:33,-85,5805,162,Bermuda,laundry1
2025-10-20T21:12:52.674093+00:00,26.67324483333333,-81.80496833333333,60:22:32:16:1e:32,-86,2437,6,Bermuda,laundry1
2025-10-20T21:12:52.674093+00:00,26.67324483333333,-81.80496833333333,9c:05:d6:d6:11:ff,-86,5805,162,Bermuda,inside3
2025-10-20T21:12:52.674093+00:00,26.67324483333333,-81.80496833333333,22:6a:1b:63:f6:f2,-87,5805,162,Bermuda Guest WIFI,Outside SE
2025-10-20T21:12:52.674093+00:00,26.67324483333333,-81.80496833333333,1c:6a:1b:63:f6:f2,-87,5805,162,Bermuda,Outside SE
2025-10-20T21:12:52.674093+00:00,26.67324483333333,-81.80496833333333,9e:05:d6:96:11:ff,-88,5805,162,Bermuda Guest WIFI,inside3
2025-10-20T21:12:52.674093+00:00,26.67324483333333,-81.80496833333333,28:38:5c:1d:53:4d,-88,5765,154,HotspotXvHM,Unknown
2025-10-20T21:12:52.674093+00:00,26.673152,-81.805046,28:70:4e:d2:92:aa,-53,2437,6,Bermuda,pole 12 N
2025-10-20T21:12:52.674093+00:00,26.673152,-81.805046,2e:70:4e:d2:92:aa,-53,2437,6,Bermuda Guest WIFI,pole 12 N
2025-10-20T21:12:52.674093+00:00,26.673152,-81.805046,2e:70:4e:d0:88:21,-60,2412,1,Bermuda Guest WIFI,pole 14
2025-10-20T21:12:52.674093+00:00,26.673152,-81.805046,28:70:4e:d2:92:ab,-63,5745,150,Bermuda,pole 12 N
2025-10-20T21:12:52.674093+00:00,26.673152,-81.805046,2e:70:4e:d2:92:ab,-63,5745,150,Bermuda Guest WIFI,pole 12 N
2025-10-20T21:12:52.674093+00:00,26.673152,-81.805046,2e:70:4e:d0:88:22,-65,5765,154,Bermuda Guest WIFI,pole 14
2025-10-20T21:12:52.674093+00:00,26.673152,-81.805046,28:70:4e:d0:88:22,-67,5765,154,Bermuda,pole 14
2025-10-20T21:12:52.674093+00:00,26.673152,-81.805046,02:01:c3:3f:83:49,-68,2437,6,New Aire,Unknown
2025-10-20T21:12:52.674093+00:00,26.673152,-81.805046,2e:70:4e:d0:86:c2,-68,2437,6,Bermuda Guest WIFI,pole 12 W
2025-10-20T21:12:52.674093+00:00,26.673152,-81.805046,28:70:4e:d0:86:c2,-69,2437,6,Bermuda,pole 12 W
2025-10-20T21:12:52.674093+00:00,26.673152,-81.805046,28:70:4e:d0:87:50,-71,5745,150,Bermuda,pole 13 E
2025-10-20T21:12:52.674093+00:00,26.673152,-81.805046,28:70:4e:d0:88:21,-72,2412,1,Bermuda,pole 14
2025-10-20T21:12:52.674093+00:00,26.673152,-81.805046,06:01:c3:3f:83:49,-73,2437,6,Newmar3328,Unknown
2025-10-20T21:12:52.674093+00:00,26.673152,-81.805046,02:69:f4:1e:1e:66,-76,2462,11,Pvt.WiFiRanger_Core.2324,Unknown
2025-10-20T21:12:52.674093+00:00,26.673152,-81.805046,06:69:f4:1e:1e:66,-76,2462,11,Newmar2324,Unknown
2025-10-20T21:12:52.674093+00:00,26.673152,-81.805046,28:70:4e:dd:d0:49,-78,2437,6,Bermuda,pole 13 SW
2025-10-20T21:12:52.674093+00:00,26.673152,-81.805046,2e:70:4e:dd:d0:49,-78,2437,6,Bermuda Guest WIFI,pole 13 SW
2025-10-20T21:12:52.674093+00:00,26.673152,-81.805046,2e:70:4e:d0:87:50,-79,5745,150,Bermuda Guest WIFI,pole 13 E
2025-10-20T21:12:52.674093+00:00,26.673152,-81.805046,bc:10:2f:90:9b:ef,-80,2412,1,[fridge]_E30AJT5133269K,Unknown
2025-10-20T21:12:52.674093+00:00,26.673152,-81.805046,02:01:c3:3f:83:4a,-81,5785,158,New Aire,Unknown
2025-10-20T21:12:52.674093+00:00,26.673152,-81.805046,02:fe:5d:bd:17:a0,-81,2462,11,Pvt.WFR_Denali.3310,Unknown
2025-10-20T21:12:52.674093+00:00,26.673152,-81.805046,9c:05:d6:d6:11:ff,-86,5805,162,Bermuda,inside3
2025-10-20T21:12:52.674093+00:00,26.673152,-81.805046,22:6a:1b:63:f6:f2,-87,5805,162,Bermuda Guest WIFI,Outside SE
2025-10-20T21:12:52.674093+00:00,26.673152,-81.805046,1c:6a:1b:63:f6:f2,-87,5805,162,Bermuda,Outside SE
2025-10-20T21:12:52.674093+00:00,26.673152,-81.805046,9e:05:d6:96:11:ff,-88,5805,162,Bermuda Guest WIFI,inside3
2025-10-20T21:12:52.674093+00:00,26.673152,-81.805046,28:38:5c:1d:53:4d,-88,5765,154,HotspotXvHM,Unknown
2025-10-20T21:14:01.363219+00:00,26.673157833333335,-81.80505183333334,2e:70:4e:d2:92:aa,-54,2437,6,Bermuda Guest WIFI,pole 12 N
2025-10-20T21:14:01.363219+00:00,26.673157833333335,-81.80505183333334,28:70:4e:d2:92:aa,-55,2437,6,Bermuda,pole 12 N
2025-10-20T21:14:01.363219+00:00,26.673157833333335,-81.80505183333334,2e:70:4e:d0:86:c2,-64,2437,6,Bermuda Guest WIFI,pole 12 W
2025-10-20T21:14:01.363219+00:00,26.673157833333335,-81.80505183333334,28:70:4e:d0:86:c2,-65,2437,6,Bermuda,pole 12 W
2025-10-20T21:14:01.363219+00:00,26.673157833333335,-81.80505183333334,28:70:4e:d2:92:ab,-65,5745,150,Bermuda,pole 12 N
2025-10-20T21:14:01.363219+00:00,26.673157833333335,-81.80505183333334,02:69:f4:1e:1e:66,-72,2462,11,Pvt.WiFiRanger_Core.2324,Unknown
2025-10-20T21:14:01.363219+00:00,26.673157833333335,-81.80505183333334,06:69:f4:1e:1e:66,-72,2462,11,Newmar2324,Unknown
2025-10-20T21:14:01.363219+00:00,26.673157833333335,-81.80505183333334,28:70:4e:dd:d0:4a,-76,5240,49,Bermuda,pole 13 SW
2025-10-20T21:14:01.363219+00:00,26.673157833333335,-81.80505183333334,2e:70:4e:dd:d0:4a,-76,5240,49,Bermuda Guest WIFI,pole 13 SW
2025-10-20T21:14:01.363219+00:00,26.673157833333335,-81.80505183333334,02:69:f4:1e:1e:69,-84,5180,37,Pvt.WiFiRanger_Core5G.2324,Unknown
2025-10-20T21:14:01.363219+00:00,26.673157833333335,-81.80505183333334,02:01:c3:3f:83:4a,-87,5785,158,New Aire,Unknown
2025-10-20T21:14:01.363219+00:00,26.673157833333335,-81.80505833333333,2e:70:4e:d2:92:aa,-55,2437,6,Bermuda Guest WIFI,pole 12 N
2025-10-20T21:14:01.363219+00:00,26.673157833333335,-81.80505833333333,28:70:4e:d2:92:aa,-57,2437,6,Bermuda,pole 12 N
2025-10-20T21:14:01.363219+00:00,26.673157833333335,-81.80505833333333,28:70:4e:d2:92:ab,-65,5745,150,Bermuda,pole 12 N
2025-10-20T21:14:01.363219+00:00,26.673157833333335,-81.80505833333333,28:70:4e:d0:86:c2,-68,2437,6,Bermuda,pole 12 W
2025-10-20T21:14:01.363219+00:00,26.673157833333335,-81.80505833333333,2e:70:4e:d0:86:c2,-69,2437,6,Bermuda Guest WIFI,pole 12 W
2025-10-20T21:14:01.363219+00:00,26.673157833333335,-81.80505833333333,02:69:f4:1e:1e:66,-73,2462,11,Pvt.WiFiRanger_Core.2324,Unknown
2025-10-20T21:14:01.363219+00:00,26.673157833333335,-81.80505833333333,06:69:f4:1e:1e:66,-74,2462,11,Newmar2324,Unknown
2025-10-20T21:14:01.363219+00:00,26.673157833333335,-81.80505833333333,28:70:4e:dd:d0:4a,-76,5240,49,Bermuda,pole 13 SW
2025-10-20T21:14:01.363219+00:00,26.673157833333335,-81.80505833333333,2e:70:4e:dd:d0:4a,-76,5240,49,Bermuda Guest WIFI,pole 13 SW
2025-10-20T21:14:01.363219+00:00,26.673157833333335,-81.80505833333333,02:01:c3:3f:83:4a,-84,5785,158,New Aire,Unknown
2025-10-20T21:14:01.363219+00:00,26.673157833333335,-81.80505833333333,02:69:f4:1e:1e:69,-84,5180,37,Pvt.WiFiRanger_Core5G.2324,Unknown
2025-10-20T21:14:01.363219+00:00,26.673153166666665,-81.80506416666667,2e:70:4e:d2:92:aa,-53,2437,6,Bermuda Guest WIFI,pole 12 N
2025-10-20T21:14:01.363219+00:00,26.673153166666665,-81.80506416666667,28:70:4e:d2:92:aa,-54,2437,6,Bermuda,pole 12 N
2025-10-20T21:14:01.363219+00:00,26.673153166666665,-81.80506416666667,2e:70:4e:d0:86:c2,-63,2437,6,Bermuda Guest WIFI,pole 12 W
2025-10-20T21:14:01.363219+00:00,26.673153166666665,-81.80506416666667,28:70:4e:d0:86:c2,-65,2437,6,Bermuda,pole 12 W
2025-10-20T21:14:01.363219+00:00,26.673153166666665,-81.80506416666667,28:70:4e:d2:92:ab,-65,5745,150,Bermuda,pole 12 N
2025-10-20T21:14:01.363219+00:00,26.673153166666665,-81.80506416666667,28:70:4e:dd:d0:4a,-68,5240,49,Bermuda,pole 13 SW
2025-10-20T21:14:01.363219+00:00,26.673153166666665,-81.80506416666667,2e:70:4e:dd:d0:4a,-68,5240,49,Bermuda Guest WIFI,pole 13 SW
2025-10-20T21:14:01.363219+00:00,26.673153166666665,-81.80506416666667,02:69:f4:1e:1e:66,-72,2462,11,Pvt.WiFiRanger_Core.2324,Unknown
2025-10-20T21:14:01.363219+00:00,26.673153166666665,-81.80506416666667,06:69:f4:1e:1e:66,-72,2462,11,Newmar2324,Unknown
2025-10-20T21:14:01.363219+00:00,26.673153166666665,-81.80506416666667,2e:70:4e:d0:87:73,-75,2412,1,Bermuda Guest WIFI,pole 18 N
2025-10-20T21:14:01.363219+00:00,26.673153166666665,-81.80506416666667,28:70:4e:d0:89:14,-80,2437,6,Bermuda,pole 21
2025-10-20T21:14:01.363219+00:00,26.673153166666665,-81.80506416666667,02:69:f4:1e:1e:69,-81,5180,37,Pvt.WiFiRanger_Core5G.2324,Unknown
2025-10-20T21:14:01.363219+00:00,26.673153166666665,-81.80506416666667,2e:70:4e:d0:89:02,-82,2462,11,Bermuda Guest WIFI,pole 17
2025-10-20T21:14:01.363219+00:00,26.673153166666665,-81.80506416666667,02:01:c3:3f:83:4a,-86,5785,158,New Aire,Unknown
2025-10-20T21:14:01.363219+00:00,26.673153166666665,-81.80506416666667,28:70:4e:d2:c9:b0,-86,2437,6,Bermuda,pole 15 NW
2025-10-20T21:14:01.363219+00:00,26.673153166666665,-81.80506416666667,62:22:32:16:1e:33,-89,5805,162,Bermuda Guest WIFI,laundry1
2025-10-20T21:14:01.363219+00:00,26.673153166666665,-81.80506416666667,60:22:32:16:1e:33,-90,5805,162,Bermuda,laundry1
2025-10-20T21:14:01.363219+00:00,26.673144,-81.80523616666666,2e:70:4e:d2:92:aa,-53,2437,6,Bermuda Guest WIFI,pole 12 N
2025-10-20T21:14:01.363219+00:00,26.673144,-81.80523616666666,28:70:4e:d2:92:aa,-54,2437,6,Bermuda,pole 12 N
2025-10-20T21:14:01.363219+00:00,26.673144,-81.80523616666666,2e:70:4e:d0:86:c2,-61,2437,6,Bermuda Guest WIFI,pole 12 W
2025-10-20T21:14:01.363219+00:00,26.673144,-81.80523616666666,28:70:4e:d0:86:c2,-62,2437,6,Bermuda,pole 12 W
2025-10-20T21:14:01.363219+00:00,26.673144,-81.80523616666666,2e:70:4e:d2:92:ab,-63,5745,150,Bermuda Guest WIFI,pole 12 N
2025-10-20T21:14:01.363219+00:00,26.673144,-81.80523616666666,28:70:4e:d2:92:ab,-64,5745,150,Bermuda,pole 12 N
2025-10-20T21:14:01.363219+00:00,26.673144,-81.80523616666666,28:70:4e:dd:d0:49,-66,2437,6,Bermuda,pole 13 SW
2025-10-20T21:14:01.363219+00:00,26.673144,-81.80523616666666,28:70:4e:d0:86:c3,-66,5765,154,Bermuda,pole 12 W
2025-10-20T21:14:01.363219+00:00,26.673144,-81.80523616666666,2e:70:4e:d0:86:c3,-66,5765,154,Bermuda Guest WIFI,pole 12 W
2025-10-20T21:14:01.363219+00:00,26.673144,-81.80523616666666,28:70:4e:dd:d0:4a,-68,5240,49,Bermuda,pole 13 SW
2025-10-20T21:14:01.363219+00:00,26.673144,-81.80523616666666,2e:70:4e:dd:d0:4a,-68,5240,49,Bermuda Guest WIFI,pole 13 SW
2025-10-20T21:14:01.363219+00:00,26.673144,-81.80523616666666,28:70:4e:d0:88:f9,-68,2412,1,Bermuda,pole 11
2025-10-20T21:14:01.363219+00:00,26.673144,-81.80523616666666,2e:70:4e:dd:d0:49,-68,2437,6,Bermuda Guest WIFI,pole 13 SW
2025-10-20T21:14:01.363219+00:00,26.673144,-81.80523616666666,2e:70:4e:d0:88:f9,-69,2412,1,Bermuda Guest WIFI,pole 11
2025-10-20T21:14:01.363219+00:00,26.673144,-81.80523616666666,2e:70:4e:d0:87:50,-70,5745,150,Bermuda Guest WIFI,pole 13 E
2025-10-20T21:14:01.363219+00:00,26.673144,-81.80523616666666,02:69:f4:1e:1e:66,-72,2462,11,Pvt.WiFiRanger_Core.2324,Unknown
2025-10-20T21:14:01.363219+00:00,26.673144,-81.80523616666666,06:69:f4:1e:1e:66,-72,2462,11,Newmar2324,Unknown
2025-10-20T21:14:01.363219+00:00,26.673144,-81.80523616666666,2e:70:4e:d0:87:73,-75,2412,1,Bermuda Guest WIFI,pole 18 N
2025-10-20T21:14:01.363219+00:00,26.673144,-81.80523616666666,28:70:4e:d0:89:14,-80,2437,6,Bermuda,pole 21
2025-10-20T21:14:01.363219+00:00,26.673144,-81.80523616666666,02:69:f4:1e:1e:69,-81,5180,37,Pvt.WiFiRanger_Core5G.2324,Unknown
2025-10-20T21:14:01.363219+00:00,26.673144,-81.80523616666666,2e:70:4e:d0:89:02,-82,2462,11,Bermuda Guest WIFI,pole 17
2025-10-20T21:14:01.363219+00:00,26.673144,-81.80523616666666,02:01:c3:3f:83:4a,-86,5785,158,New Aire,Unknown
2025-10-20T21:14:01.363219+00:00,26.673144,-81.80523616666666,28:70:4e:d2:c9:b0,-86,2437,6,Bermuda,pole 15 NW
2025-10-20T21:14:01.363219+00:00,26.673144,-81.80523616666666,62:22:32:16:1e:33,-89,5805,162,Bermuda Guest WIFI,laundry1
2025-10-20T21:14:01.363219+00:00,26.673144,-81.80523616666666,60:22:32:16:1e:33,-90,5805,162,Bermuda,laundry1
2025-10-20T21:15:07.408261+00:00,26.673343833333334,-81.80524983333333,2e:70:4e:dd:d0:4a,-53,5240,49,Bermuda Guest WIFI,pole 13 SW
2025-10-20T21:15:07.408261+00:00,26.673343833333334,-81.80524983333333,28:70:4e:dd:d0:49,-58,2437,6,Bermuda,pole 13 SW
2025-10-20T21:15:07.408261+00:00,26.673343833333334,-81.80524983333333,28:70:4e:dd:d0:4a,-59,5240,49,Bermuda,pole 13 SW
2025-10-20T21:15:07.408261+00:00,26.673343833333334,-81.80524983333333,2e:70:4e:d0:87:50,-59,5745,150,Bermuda Guest WIFI,pole 13 E
2025-10-20T21:15:07.408261+00:00,26.673343833333334,-81.80524983333333,2e:70:4e:d0:87:4f,-60,2462,11,Bermuda Guest WIFI,pole 13 E
2025-10-20T21:15:07.408261+00:00,26.673343833333334,-81.80524983333333,28:70:4e:d0:87:50,-60,5745,150,Bermuda,pole 13 E
2025-10-20T21:15:07.408261+00:00,26.673343833333334,-81.80524983333333,28:70:4e:d0:87:4f,-62,2462,11,Bermuda,pole 13 E
2025-10-20T21:15:07.408261+00:00,26.673343833333334,-81.80524983333333,2e:70:4e:d2:92:aa,-62,2437,6,Bermuda Guest WIFI,pole 12 N
2025-10-20T21:15:07.408261+00:00,26.673343833333334,-81.80524983333333,02:69:f4:1e:1e:66,-64,2462,11,Pvt.WiFiRanger_Core.2324,Unknown
2025-10-20T21:15:07.408261+00:00,26.673343833333334,-81.80524983333333,28:70:4e:d2:92:aa,-65,2437,6,Bermuda,pole 12 N
2025-10-20T21:15:07.408261+00:00,26.673343833333334,-81.80524983333333,2e:70:4e:d0:86:c2,-66,2437,6,Bermuda Guest WIFI,pole 12 W
2025-10-20T21:15:07.408261+00:00,26.673343833333334,-81.80524983333333,06:69:f4:1e:1e:66,-66,2462,11,Newmar2324,Unknown
2025-10-20T21:15:07.408261+00:00,26.673343833333334,-81.80524983333333,28:70:4e:d0:86:c2,-68,2437,6,Bermuda,pole 12 W
2025-10-20T21:15:07.408261+00:00,26.673343833333334,-81.80524983333333,2e:70:4e:dd:d0:49,-68,2437,6,Bermuda Guest WIFI,pole 13 SW
2025-10-20T21:15:07.408261+00:00,26.673343833333334,-81.80524983333333,2e:70:4e:d0:88:f9,-69,2412,1,Bermuda Guest WIFI,pole 11
2025-10-20T21:15:07.408261+00:00,26.673343833333334,-81.80524983333333,28:70:4e:d0:88:21,-70,2412,1,Bermuda,pole 14
2025-10-20T21:15:07.408261+00:00,26.673343833333334,-81.80524983333333,02:01:c3:3f:83:49,-70,2437,6,New Aire,Unknown
2025-10-20T21:15:07.408261+00:00,26.673343833333334,-81.80524983333333,06:01:c3:3f:83:49,-74,2437,6,Newmar3328,Unknown
2025-10-20T21:15:07.408261+00:00,26.673343833333334,-81.80524983333333,2e:70:4e:d0:88:21,-77,2412,1,Bermuda Guest WIFI,pole 14
2025-10-20T21:15:07.408261+00:00,26.673343833333334,-81.80524983333333,2e:70:4e:d0:87:5e,-80,2462,11,Bermuda Guest WIFI,pole 15 S
2025-10-20T21:15:07.408261+00:00,26.673343833333334,-81.80524983333333,2e:70:4e:d0:88:22,-81,5765,154,Bermuda Guest WIFI,pole 14
2025-10-20T21:15:07.408261+00:00,26.673343833333334,-81.80524983333333,02:01:c3:3f:83:4a,-87,5785,158,New Aire,Unknown
2025-10-20T21:15:07.408261+00:00,26.673514333333333,-81.80514933333333,2e:70:4e:dd:d0:49,-47,2437,6,Bermuda Guest WIFI,pole 13 SW
2025-10-20T21:15:07.408261+00:00,26.673514333333333,-81.80514933333333,28:70:4e:dd:d0:49,-53,2437,6,Bermuda,pole 13 SW
2025-10-20T21:15:07.408261+00:00,26.673514333333333,-81.80514933333333,2e:70:4e:dd:d0:4a,-53,5240,49,Bermuda Guest WIFI,pole 13 SW
2025-10-20T21:15:07.408261+00:00,26.673514333333333,-81.80514933333333,28:70:4e:dd:d0:4a,-55,5240,49,Bermuda,pole 13 SW
2025-10-20T21:15:07.408261+00:00,26.673514333333333,-81.80514933333333,28:70:4e:d0:87:50,-59,5745,150,Bermuda,pole 13 E
2025-10-20T21:15:07.408261+00:00,26.673514333333333,-81.80514933333333,2e:70:4e:d0:87:50,-59,5745,150,Bermuda Guest WIFI,pole 13 E
2025-10-20T21:15:07.408261+00:00,26.673514333333333,-81.80514933333333,2e:70:4e:d2:92:aa,-62,2437,6,Bermuda Guest WIFI,pole 12 N
2025-10-20T21:15:07.408261+00:00,26.673514333333333,-81.80514933333333,28:70:4e:d2:92:aa,-65,2437,6,Bermuda,pole 12 N
2025-10-20T21:15:07.408261+00:00,26.673514333333333,-81.80514933333333,02:69:f4:1e:1e:66,-65,2462,11,Pvt.WiFiRanger_Core.2324,Unknown
2025-10-20T21:15:07.408261+00:00,26.673514333333333,-81.80514933333333,06:69:f4:1e:1e:66,-65,2462,11,Newmar2324,Unknown
2025-10-20T21:15:07.408261+00:00,26.673514333333333,-81.80514933333333,2e:70:4e:d0:86:c2,-66,2437,6,Bermuda Guest WIFI,pole 12 W
2025-10-20T21:15:07.408261+00:00,26.673514333333333,-81.80514933333333,28:70:4e:d0:86:c2,-68,2437,6,Bermuda,pole 12 W
2025-10-20T21:15:07.408261+00:00,26.673514333333333,-81.80514933333333,28:70:4e:d0:87:4f,-68,2462,11,Bermuda,pole 13 E
2025-10-20T21:15:07.408261+00:00,26.673514333333333,-81.80514933333333,2e:70:4e:d0:87:4f,-68,2462,11,Bermuda Guest WIFI,pole 13 E
2025-10-20T21:15:07.408261+00:00,26.673514333333333,-81.80514933333333,2e:70:4e:d0:88:f9,-69,2412,1,Bermuda Guest WIFI,pole 11
2025-10-20T21:15:07.408261+00:00,26.673514333333333,-81.80514933333333,28:70:4e:d0:88:21,-70,2412,1,Bermuda,pole 14
2025-10-20T21:15:07.408261+00:00,26.673514333333333,-81.80514933333333,02:01:c3:3f:83:49,-70,2437,6,New Aire,Unknown
2025-10-20T21:15:07.408261+00:00,26.673514333333333,-81.80514933333333,28:70:4e:d2:92:ab,-73,5745,150,Bermuda,pole 12 N
2025-10-20T21:15:07.408261+00:00,26.673514333333333,-81.80514933333333,2e:70:4e:d2:92:ab,-73,5745,150,Bermuda Guest WIFI,pole 12 N
2025-10-20T21:15:07.408261+00:00,26.673514333333333,-81.80514933333333,06:01:c3:3f:83:49,-74,2437,6,Newmar3328,Unknown
2025-10-20T21:15:07.408261+00:00,26.673514333333333,-81.80514933333333,2e:70:4e:d0:88:21,-77,2412,1,Bermuda Guest WIFI,pole 14
2025-10-20T21:15:07.408261+00:00,26.673514333333333,-81.80514933333333,2e:70:4e:d0:87:5e,-80,2462,11,Bermuda Guest WIFI,pole 15 S
2025-10-20T21:15:07.408261+00:00,26.673514333333333,-81.80514933333333,2e:70:4e:d0:88:22,-81,5765,154,Bermuda Guest WIFI,pole 14
2025-10-20T21:15:07.408261+00:00,26.673514333333333,-81.80514933333333,02:69:f4:1e:1e:69,-81,5180,37,Pvt.WiFiRanger_Core5G.2324,Unknown
2025-10-20T21:15:07.408261+00:00,26.673514333333333,-81.80514933333333,2e:70:4e:d0:89:02,-82,2462,11,Bermuda Guest WIFI,pole 17
2025-10-20T21:15:07.408261+00:00,26.673514333333333,-81.80514933333333,02:01:c3:3f:83:4a,-87,5785,158,New Aire,Unknown
2025-10-20T21:15:07.408261+00:00,26.673514333333333,-81.80514933333333,28:70:4e:d0:88:a9,-87,5745,150,Bermuda,pole 04
2025-10-20T21:15:07.408261+00:00,26.673514333333333,-81.80514933333333,2e:70:4e:d0:88:a9,-89,5745,150,Bermuda Guest WIFI,pole 04
2025-10-20T21:15:07.408261+00:00,26.673760166666668,-81.80511366666667,28:70:4e:dd:d0:49,-53,2437,6,Bermuda,pole 13 SW
2025-10-20T21:15:07.408261+00:00,26.673760166666668,-81.80511366666667,2e:70:4e:dd:d0:49,-53,2437,6,Bermuda Guest WIFI,pole 13 SW
2025-10-20T21:15:07.408261+00:00,26.673760166666668,-81.80511366666667,2e:70:4e:dd:d0:4a,-53,5240,49,Bermuda Guest WIFI,pole 13 SW
2025-10-20T21:15:07.408261+00:00,26.673760166666668,-81.80511366666667,28:70:4e:dd:d0:4a,-55,5240,49,Bermuda,pole 13 SW
2025-10-20T21:15:07.408261+00:00,26.673760166666668,-81.80511366666667,28:70:4e:d0:87:50,-59,5745,150,Bermuda,pole 13 E
2025-10-20T21:15:07.408261+00:00,26.673760166666668,-81.80511366666667,2e:70:4e:d0:87:50,-59,5745,150,Bermuda Guest WIFI,pole 13 E
2025-10-20T21:15:07.408261+00:00,26.673760166666668,-81.80511366666667,2e:70:4e:d2:92:aa,-62,2437,6,Bermuda Guest WIFI,pole 12 N
2025-10-20T21:15:07.408261+00:00,26.673760166666668,-81.80511366666667,28:70:4e:d2:92:aa,-65,2437,6,Bermuda,pole 12 N
2025-10-20T21:15:07.408261+00:00,26.673760166666668,-81.80511366666667,02:69:f4:1e:1e:66,-65,2462,11,Pvt.WiFiRanger_Core.2324,Unknown
2025-10-20T21:15:07.408261+00:00,26.673760166666668,-81.80511366666667,2e:70:4e:d0:86:c2,-66,2437,6,Bermuda Guest WIFI,pole 12 W
2025-10-20T21:15:07.408261+00:00,26.673760166666668,-81.80511366666667,28:70:4e:d0:86:c2,-68,2437,6,Bermuda,pole 12 W
2025-10-20T21:15:07.408261+00:00,26.673760166666668,-81.80511366666667,28:70:4e:d0:87:4f,-68,2462,11,Bermuda,pole 13 E
2025-10-20T21:15:07.408261+00:00,26.673760166666668,-81.80511366666667,2e:70:4e:d0:87:4f,-68,2462,11,Bermuda Guest WIFI,pole 13 E
2025-10-20T21:15:07.408261+00:00,26.673760166666668,-81.80511366666667,2e:70:4e:d0:88:f9,-69,2412,1,Bermuda Guest WIFI,pole 11
2025-10-20T21:15:07.408261+00:00,26.673760166666668,-81.80511366666667,28:70:4e:d0:88:21,-70,2412,1,Bermuda,pole 14
2025-10-20T21:15:07.408261+00:00,26.673760166666668,-81.80511366666667,28:70:4e:d2:92:ab,-73,5745,150,Bermuda,pole 12 N
2025-10-20T21:15:07.408261+00:00,26.673760166666668,-81.80511366666667,06:01:c3:3f:83:49,-76,2437,6,Newmar3328,Unknown
2025-10-20T21:15:07.408261+00:00,26.673760166666668,-81.80511366666667,1c:6a:1b:63:f6:f5,-76,2437,6,Bermuda,Outside SW
2025-10-20T21:15:07.408261+00:00,26.673760166666668,-81.80511366666667,2e:70:4e:d0:88:21,-77,2412,1,Bermuda Guest WIFI,pole 14
2025-10-20T21:15:07.408261+00:00,26.673760166666668,-81.80511366666667,02:01:c3:3f:83:49,-77,2437,6,New Aire,Unknown
2025-10-20T21:15:07.408261+00:00,26.673760166666668,-81.80511366666667,22:6a:1b:63:f6:f5,-77,2437,6,Bermuda Guest WIFI,Outside SW
2025-10-20T21:15:07.408261+00:00,26.673760166666668,-81.80511366666667,02:fe:5d:bd:17:a0,-78,2462,11,Pvt.WFR_Denali.3310,Unknown
2025-10-20T21:15:07.408261+00:00,26.673760166666668,-81.80511366666667,2e:70:4e:d0:88:22,-81,5765,154,Bermuda Guest WIFI,pole 14
2025-10-20T21:15:07.408261+00:00,26.673760166666668,-81.80511366666667,02:69:f4:1e:1e:69,-81,5180,37,Pvt.WiFiRanger_Core5G.2324,Unknown
2025-10-20T21:15:07.408261+00:00,26.673760166666668,-81.80511366666667,2e:70:4e:d0:89:02,-82,2462,11,Bermuda Guest WIFI,pole 17
2025-10-20T21:15:07.408261+00:00,26.673760166666668,-81.80511366666667,06:69:f4:1e:1e:66,-86,2462,11,Newmar2324,Unknown
2025-10-20T21:15:07.408261+00:00,26.673760166666668,-81.80511366666667,02:01:c3:3f:83:4a,-86,5785,158,New Aire,Unknown
2025-10-20T21:15:07.408261+00:00,26.673760166666668,-81.80511366666667,28:70:4e:d0:88:a9,-87,5745,150,Bermuda,pole 04
2025-10-20T21:15:07.408261+00:00,26.673760166666668,-81.80511366666667,2e:70:4e:d2:92:ab,-89,5745,150,Bermuda Guest WIFI,pole 12 N
2025-10-20T21:15:07.408261+00:00,26.673760166666668,-81.80511366666667,2e:70:4e:d0:88:a9,-89,5745,150,Bermuda Guest WIFI,pole 04
2025-10-20T21:15:07.408261+00:00,26.673760166666668,-81.80511366666667,2e:70:4e:d0:87:5e,-90,2462,11,Bermuda Guest WIFI,pole 15 S
2025-10-20T21:15:07.408261+00:00,26.673829,-81.80515816666667,2e:70:4e:dd:d0:49,-53,2437,6,Bermuda Guest WIFI,pole 13 SW
2025-10-20T21:15:07.408261+00:00,26.673829,-81.80515816666667,2e:70:4e:dd:d0:4a,-53,5240,49,Bermuda Guest WIFI,pole 13 SW
2025-10-20T21:15:07.408261+00:00,26.673829,-81.80515816666667,2e:70:4e:d0:87:50,-59,5745,150,Bermuda Guest WIFI,pole 13 E
2025-10-20T21:15:07.408261+00:00,26.673829,-81.80515816666667,2e:70:4e:d2:92:aa,-62,2437,6,Bermuda Guest WIFI,pole 12 N
2025-10-20T21:15:07.408261+00:00,26.673829,-81.80515816666667,28:70:4e:d2:92:aa,-65,2437,6,Bermuda,pole 12 N
2025-10-20T21:15:07.408261+00:00,26.673829,-81.80515816666667,28:70:4e:dd:d0:4a,-67,5240,49,Bermuda,pole 13 SW
2025-10-20T21:15:07.408261+00:00,26.673829,-81.80515816666667,28:70:4e:d0:86:c2,-68,2437,6,Bermuda,pole 12 W
2025-10-20T21:15:07.408261+00:00,26.673829,-81.80515816666667,28:70:4e:d0:87:4f,-68,2462,11,Bermuda,pole 13 E
2025-10-20T21:15:07.408261+00:00,26.673829,-81.80515816666667,2e:70:4e:d0:87:4f,-68,2462,11,Bermuda Guest WIFI,pole 13 E
2025-10-20T21:15:07.408261+00:00,26.673829,-81.80515816666667,28:70:4e:d0:88:21,-70,2412,1,Bermuda,pole 14
2025-10-20T21:15:07.408261+00:00,26.673829,-81.80515816666667,28:70:4e:d0:87:50,-70,5745,150,Bermuda,pole 13 E
2025-10-20T21:15:07.408261+00:00,26.673829,-81.80515816666667,28:70:4e:d2:92:ab,-73,5745,150,Bermuda,pole 12 N
2025-10-20T21:15:07.408261+00:00,26.673829,-81.80515816666667,2e:70:4e:d0:88:21,-77,2412,1,Bermuda Guest WIFI,pole 14
2025-10-20T21:15:07.408261+00:00,26.673829,-81.80515816666667,22:6a:1b:63:f6:f5,-77,2437,6,Bermuda Guest WIFI,Outside SW
2025-10-20T21:15:07.408261+00:00,26.673829,-81.80515816666667,02:01:c3:3f:83:49,-78,2437,6,New Aire,Unknown
2025-10-20T21:15:07.408261+00:00,26.673829,-81.80515816666667,06:69:f4:1e:1e:66,-78,2462,11,Newmar2324,Unknown
2025-10-20T21:15:07.408261+00:00,26.673829,-81.80515816666667,1c:6a:1b:63:f6:f5,-78,2437,6,Bermuda,Outside SW
2025-10-20T21:15:07.408261+00:00,26.673829,-81.80515816666667,02:69:f4:1e:1e:66,-79,2462,11,Pvt.WiFiRanger_Core.2324,Unknown
2025-10-20T21:15:07.408261+00:00,26.673829,-81.80515816666667,06:01:c3:3f:83:49,-80,2437,6,Newmar3328,Unknown
2025-10-20T21:15:07.408261+00:00,26.673829,-81.80515816666667,02:69:f4:1e:1e:69,-81,5180,37,Pvt.WiFiRanger_Core5G.2324,Unknown
2025-10-20T21:15:07.408261+00:00,26.673829,-81.80515816666667,28:70:4e:dd:d0:49,-82,2437,6,Bermuda,pole 13 SW
2025-10-20T21:15:07.408261+00:00,26.673829,-81.80515816666667,2e:70:4e:d0:88:22,-82,5765,154,Bermuda Guest WIFI,pole 14
2025-10-20T21:15:07.408261+00:00,26.673829,-81.80515816666667,2e:70:4e:d0:89:02,-82,2462,11,Bermuda Guest WIFI,pole 17
2025-10-20T21:15:07.408261+00:00,26.673829,-81.80515816666667,28:70:4e:d0:88:22,-82,5765,154,Bermuda,pole 14
2025-10-20T21:15:07.408261+00:00,26.673829,-81.80515816666667,02:fe:5d:bd:17:a0,-83,2462,11,Pvt.WFR_Denali.3310,Unknown
2025-10-20T21:15:07.408261+00:00,26.673829,-81.80515816666667,02:01:c3:3f:83:4a,-86,5785,158,New Aire,Unknown
2025-10-20T21:15:07.408261+00:00,26.673829,-81.80515816666667,28:70:4e:d0:88:a9,-87,5745,150,Bermuda,pole 04
2025-10-20T21:15:07.408261+00:00,26.673829,-81.80515816666667,2e:70:4e:d2:92:ab,-89,5745,150,Bermuda Guest WIFI,pole 12 N
2025-10-20T21:15:07.408261+00:00,26.673829,-81.80515816666667,2e:70:4e:d0:88:a9,-89,5745,150,Bermuda Guest WIFI,pole 04
2025-10-20T21:15:07.408261+00:00,26.673829,-81.80515816666667,2e:70:4e:d0:87:5e,-90,2462,11,Bermuda Guest WIFI,pole 15 S
2025-10-20T21:15:57.411034+00:00,26.673843,-81.805167,2e:70:4e:d0:87:50,-67,5745,150,Bermuda Guest WIFI,pole 13 E
2025-10-20T21:15:57.411034+00:00,26.673843,-81.805167,28:70:4e:d0:87:50,-67,5745,150,Bermuda,pole 13 E
2025-10-20T21:15:57.411034+00:00,26.673843,-81.805167,02:01:c3:3f:83:49,-68,2437,6,New Aire,Unknown
2025-10-20T21:15:57.411034+00:00,26.673843,-81.805167,2e:70:4e:d0:87:4f,-69,2462,11,Bermuda Guest WIFI,pole 13 E
2025-10-20T21:15:57.411034+00:00,26.673843,-81.805167,28:70:4e:d0:87:4f,-69,2462,11,Bermuda,pole 13 E
2025-10-20T21:15:57.411034+00:00,26.673843,-81.805167,22:6a:1b:63:f6:f6,-73,5200,41,Bermuda Guest WIFI,Outside SW
2025-10-20T21:15:57.411034+00:00,26.673843,-81.805167,1c:6a:1b:63:f6:f6,-73,5200,41,Bermuda,Outside SW
2025-10-20T21:15:57.411034+00:00,26.673843,-81.805167,2e:70:4e:d0:88:21,-74,2412,1,Bermuda Guest WIFI,pole 14
2025-10-20T21:15:57.411034+00:00,26.673843,-81.805167,22:6a:1b:63:f6:f2,-75,5805,162,Bermuda Guest WIFI,Outside SE
2025-10-20T21:15:57.411034+00:00,26.673843,-81.805167,1c:6a:1b:63:f6:f2,-76,5805,162,Bermuda,Outside SE
2025-10-20T21:15:57.411034+00:00,26.673843,-81.805167,28:70:4e:dd:d0:4a,-76,5240,49,Bermuda,pole 13 SW
2025-10-20T21:15:57.411034+00:00,26.673843,-81.805167,2e:70:4e:dd:d0:4a,-76,5240,49,Bermuda Guest WIFI,pole 13 SW
2025-10-20T21:15:57.411034+00:00,26.673843,-81.805167,28:70:4e:dd:d0:49,-78,2437,6,Bermuda,pole 13 SW
2025-10-20T21:15:57.411034+00:00,26.673843,-81.805167,2e:70:4e:dd:d0:49,-78,2437,6,Bermuda Guest WIFI,pole 13 SW
2025-10-20T21:15:57.411034+00:00,26.673843,-81.805167,28:70:4e:d2:92:aa,-78,2437,6,Bermuda,pole 12 N
2025-10-20T21:15:57.411034+00:00,26.673843,-81.805167,2e:70:4e:d2:92:aa,-79,2437,6,Bermuda Guest WIFI,pole 12 N
2025-10-20T21:15:57.411034+00:00,26.673843,-81.805167,28:70:4e:d2:92:ab,-79,5745,150,Bermuda,pole 12 N
2025-10-20T21:15:57.411034+00:00,26.673843,-81.805167,2e:70:4e:d2:92:ab,-79,5745,150,Bermuda Guest WIFI,pole 12 N
2025-10-20T21:15:57.411034+00:00,26.673843,-81.805167,28:70:4e:d0:88:22,-79,5765,154,Bermuda,pole 14
2025-10-20T21:15:57.411034+00:00,26.673843,-81.805167,2e:70:4e:d0:88:22,-79,5765,154,Bermuda Guest WIFI,pole 14
2025-10-20T21:15:57.411034+00:00,26.673843,-81.805167,28:70:4e:d0:86:c3,-79,5765,154,Bermuda,pole 12 W
2025-10-20T21:15:57.411034+00:00,26.673843,-81.805167,2e:70:4e:d0:86:c3,-79,5765,154,Bermuda Guest WIFI,pole 12 W
2025-10-20T21:15:57.411034+00:00,26.673843,-81.805167,28:70:4e:d0:86:c2,-80,2437,6,Bermuda,pole 12 W
2025-10-20T21:15:57.411034+00:00,26.673843,-81.805167,22:6a:1b:63:f6:f5,-81,2437,6,Bermuda Guest WIFI,Outside SW
2025-10-20T21:15:57.411034+00:00,26.673843,-81.805167,1c:6a:1b:63:f6:f5,-81,2437,6,Bermuda,Outside SW
2025-10-20T21:15:57.411034+00:00,26.673843,-81.805167,2e:70:4e:d0:86:c2,-82,2437,6,Bermuda Guest WIFI,pole 12 W
2025-10-20T21:15:57.411034+00:00,26.673843,-81.805167,06:01:c3:3f:83:49,-82,2437,6,Newmar3328,Unknown
2025-10-20T21:15:57.411034+00:00,26.673843,-81.805167,28:70:4e:d0:89:0b,-85,2412,1,Bermuda,pole 10
2025-10-20T21:15:57.411034+00:00,26.673843,-81.805167,2e:70:4e:d2:c9:b0,-87,2437,6,Bermuda Guest WIFI,pole 15 NW
2025-10-20T21:15:57.411034+00:00,26.673843,-81.805167,2e:70:4e:d0:89:0b,-87,2412,1,Bermuda Guest WIFI,pole 10
2025-10-20T21:15:57.411034+00:00,26.673843,-81.805167,9e:05:d6:96:11:ff,-88,5805,162,Bermuda Guest WIFI,inside3
2025-10-20T21:15:57.411034+00:00,26.673843,-81.805167,28:70:4e:d2:c9:b0,-89,2437,6,Bermuda,pole 15 NW
2025-10-20T21:15:57.411034+00:00,26.673843,-81.805167,02:69:f4:1e:1e:66,-90,2462,11,Pvt.WiFiRanger_Core.2324,Unknown
2025-10-20T21:15:57.411034+00:00,26.673843,-81.805167,06:69:f4:1e:1e:66,-90,2462,11,Newmar2324,Unknown
2025-10-20T21:15:57.411034+00:00,26.673843,-81.805167,9c:05:d6:d6:11:ff,-90,5805,162,Bermuda,inside3
2025-10-20T21:15:57.411034+00:00,26.673843833333333,-81.80517233333333,2e:70:4e:d0:87:50,-64,5745,150,Bermuda Guest WIFI,pole 13 E
2025-10-20T21:15:57.411034+00:00,26.673843833333333,-81.80517233333333,28:70:4e:d0:87:50,-64,5745,150,Bermuda,pole 13 E
2025-10-20T21:15:57.411034+00:00,26.673843833333333,-81.80517233333333,28:70:4e:dd:d0:4a,-66,5240,49,Bermuda,pole 13 SW
2025-10-20T21:15:57.411034+00:00,26.673843833333333,-81.80517233333333,2e:70:4e:dd:d0:4a,-66,5240,49,Bermuda Guest WIFI,pole 13 SW
2025-10-20T21:15:57.411034+00:00,26.673843833333333,-81.80517233333333,2e:70:4e:d0:87:4f,-68,2462,11,Bermuda Guest WIFI,pole 13 E
2025-10-20T21:15:57.411034+00:00,26.673843833333333,-81.80517233333333,02:01:c3:3f:83:49,-68,2437,6,New Aire,Unknown
2025-10-20T21:15:57.411034+00:00,26.673843833333333,-81.80517233333333,22:6a:1b:63:f6:f6,-69,5200,41,Bermuda Guest WIFI,Outside SW
2025-10-20T21:15:57.411034+00:00,26.673843833333333,-81.80517233333333,28:70:4e:d0:87:4f,-69,2462,11,Bermuda,pole 13 E
2025-10-20T21:15:57.411034+00:00,26.673843833333333,-81.80517233333333,1c:6a:1b:63:f6:f6,-69,5200,41,Bermuda,Outside SW
2025-10-20T21:15:57.411034+00:00,26.673843833333333,-81.80517233333333,2e:70:4e:d0:88:21,-74,2412,1,Bermuda Guest WIFI,pole 14
2025-10-20T21:15:57.411034+00:00,26.673843833333333,-81.80517233333333,22:6a:1b:63:f6:f2,-75,5805,162,Bermuda Guest WIFI,Outside SE
2025-10-20T21:15:57.411034+00:00,26.673843833333333,-81.80517233333333,02:69:f4:1e:1e:66,-76,2462,11,Pvt.WiFiRanger_Core.2324,Unknown
2025-10-20T21:15:57.411034+00:00,26.673843833333333,-81.80517233333333,1c:6a:1b:63:f6:f2,-76,5805,162,Bermuda,Outside SE
2025-10-20T21:15:57.411034+00:00,26.673843833333333,-81.80517233333333,06:69:f4:1e:1e:66,-77,2462,11,Newmar2324,Unknown
2025-10-20T21:15:57.411034+00:00,26.673843833333333,-81.80517233333333,28:70:4e:d2:92:aa,-77,2437,6,Bermuda,pole 12 N
2025-10-20T21:15:57.411034+00:00,26.673843833333333,-81.80517233333333,2e:70:4e:d2:92:aa,-78,2437,6,Bermuda Guest WIFI,pole 12 N
2025-10-20T21:15:57.411034+00:00,26.673843833333333,-81.80517233333333,28:70:4e:d0:86:c2,-78,2437,6,Bermuda,pole 12 W
2025-10-20T21:15:57.411034+00:00,26.673843833333333,-81.80517233333333,2e:70:4e:d0:86:c2,-78,2437,6,Bermuda Guest WIFI,pole 12 W
2025-10-20T21:15:57.411034+00:00,26.673843833333333,-81.80517233333333,28:70:4e:dd:d0:49,-78,2437,6,Bermuda,pole 13 SW
2025-10-20T21:15:57.411034+00:00,26.673843833333333,-81.80517233333333,2e:70:4e:dd:d0:49,-78,2437,6,Bermuda Guest WIFI,pole 13 SW
2025-10-20T21:15:57.411034+00:00,26.673843833333333,-81.80517233333333,22:6a:1b:63:f6:f5,-79,2437,6,Bermuda Guest WIFI,Outside SW
2025-10-20T21:15:57.411034+00:00,26.673843833333333,-81.80517233333333,28:70:4e:d2:92:ab,-79,5745,150,Bermuda,pole 12 N
2025-10-20T21:15:57.411034+00:00,26.673843833333333,-81.80517233333333,2e:70:4e:d2:92:ab,-79,5745,150,Bermuda Guest WIFI,pole 12 N
2025-10-20T21:15:57.411034+00:00,26.673843833333333,-81.80517233333333,1c:6a:1b:63:f6:f5,-79,2437,6,Bermuda,Outside SW
2025-10-20T21:15:57.411034+00:00,26.673843833333333,-81.80517233333333,28:70:4e:d0:88:22,-79,5765,154,Bermuda,pole 14
2025-10-20T21:15:57.411034+00:00,26.673843833333333,-81.80517233333333,2e:70:4e:d0:88:22,-79,5765,154,Bermuda Guest WIFI,pole 14
2025-10-20T21:15:57.411034+00:00,26.673843833333333,-81.80517233333333,28:70:4e:d0:86:c3,-79,5765,154,Bermuda,pole 12 W
2025-10-20T21:15:57.411034+00:00,26.673843833333333,-81.80517233333333,2e:70:4e:d0:86:c3,-79,5765,154,Bermuda Guest WIFI,pole 12 W
2025-10-20T21:15:57.411034+00:00,26.673843833333333,-81.80517233333333,06:01:c3:3f:83:49,-82,2437,6,Newmar3328,Unknown
2025-10-20T21:15:57.411034+00:00,26.673843833333333,-81.80517233333333,28:70:4e:d0:89:0b,-85,2412,1,Bermuda,pole 10
2025-10-20T21:15:57.411034+00:00,26.673843833333333,-81.80517233333333,2e:70:4e:d2:c9:b0,-87,2437,6,Bermuda Guest WIFI,pole 15 NW
2025-10-20T21:15:57.411034+00:00,26.673843833333333,-81.80517233333333,2e:70:4e:d0:89:0b,-87,2412,1,Bermuda Guest WIFI,pole 10
2025-10-20T21:15:57.411034+00:00,26.673843833333333,-81.80517233333333,28:70:4e:d2:c9:b0,-89,2437,6,Bermuda,pole 15 NW
2025-10-20T21:15:57.411034+00:00,26.673843833333333,-81.80517233333333,9e:05:d6:96:11:ff,-90,5805,162,Bermuda Guest WIFI,inside3
2025-10-20T21:15:57.411034+00:00,26.673843833333333,-81.80517233333333,9c:05:d6:d6:11:ff,-91,5805,162,Bermuda,inside3
2025-10-20T21:15:57.411034+00:00,26.673851833333334,-81.80517166666667,2e:70:4e:d0:87:50,-64,5745,150,Bermuda Guest WIFI,pole 13 E
2025-10-20T21:15:57.411034+00:00,26.673851833333334,-81.80517166666667,28:70:4e:d0:87:50,-64,5745,150,Bermuda,pole 13 E
2025-10-20T21:15:57.411034+00:00,26.673851833333334,-81.80517166666667,28:70:4e:dd:d0:4a,-66,5240,49,Bermuda,pole 13 SW
2025-10-20T21:15:57.411034+00:00,26.673851833333334,-81.80517166666667,2e:70:4e:dd:d0:4a,-66,5240,49,Bermuda Guest WIFI,pole 13 SW
2025-10-20T21:15:57.411034+00:00,26.673851833333334,-81.80517166666667,2e:70:4e:d0:87:4f,-68,2462,11,Bermuda Guest WIFI,pole 13 E
2025-10-20T21:15:57.411034+00:00,26.673851833333334,-81.80517166666667,22:6a:1b:63:f6:f6,-69,5200,41,Bermuda Guest WIFI,Outside SW
2025-10-20T21:15:57.411034+00:00,26.673851833333334,-81.80517166666667,28:70:4e:d0:87:4f,-69,2462,11,Bermuda,pole 13 E
2025-10-20T21:15:57.411034+00:00,26.673851833333334,-81.80517166666667,1c:6a:1b:63:f6:f6,-69,5200,41,Bermuda,Outside SW
2025-10-20T21:15:57.411034+00:00,26.673851833333334,-81.80517166666667,22:6a:1b:63:f6:f2,-75,5805,162,Bermuda Guest WIFI,Outside SE
2025-10-20T21:15:57.411034+00:00,26.673851833333334,-81.80517166666667,02:69:f4:1e:1e:66,-76,2462,11,Pvt.WiFiRanger_Core.2324,Unknown
2025-10-20T21:15:57.411034+00:00,26.673851833333334,-81.80517166666667,28:70:4e:dd:d0:49,-76,2437,6,Bermuda,pole 13 SW
2025-10-20T21:15:57.411034+00:00,26.673851833333334,-81.80517166666667,1c:6a:1b:63:f6:f2,-76,5805,162,Bermuda,Outside SE
2025-10-20T21:15:57.411034+00:00,26.673851833333334,-81.80517166666667,06:69:f4:1e:1e:66,-77,2462,11,Newmar2324,Unknown
2025-10-20T21:15:57.411034+00:00,26.673851833333334,-81.80517166666667,28:70:4e:d2:92:aa,-77,2437,6,Bermuda,pole 12 N
2025-10-20T21:15:57.411034+00:00,26.673851833333334,-81.80517166666667,2e:70:4e:d2:92:aa,-78,2437,6,Bermuda Guest WIFI,pole 12 N
2025-10-20T21:15:57.411034+00:00,26.673851833333334,-81.80517166666667,28:70:4e:d0:86:c2,-78,2437,6,Bermuda,pole 12 W
2025-10-20T21:15:57.411034+00:00,26.673851833333334,-81.80517166666667,2e:70:4e:d0:86:c2,-78,2437,6,Bermuda Guest WIFI,pole 12 W
2025-10-20T21:15:57.411034+00:00,26.673851833333334,-81.80517166666667,28:70:4e:d0:88:22,-78,5765,154,Bermuda,pole 14
2025-10-20T21:15:57.411034+00:00,26.673851833333334,-81.80517166666667,2e:70:4e:d0:88:22,-78,5765,154,Bermuda Guest WIFI,pole 14
2025-10-20T21:15:57.411034+00:00,26.673851833333334,-81.80517166666667,22:6a:1b:63:f6:f5,-79,2437,6,Bermuda Guest WIFI,Outside SW
2025-10-20T21:15:57.411034+00:00,26.673851833333334,-81.80517166666667,28:70:4e:d2:92:ab,-79,5745,150,Bermuda,pole 12 N
2025-10-20T21:15:57.411034+00:00,26.673851833333334,-81.80517166666667,2e:70:4e:d2:92:ab,-79,5745,150,Bermuda Guest WIFI,pole 12 N
2025-10-20T21:15:57.411034+00:00,26.673851833333334,-81.80517166666667,1c:6a:1b:63:f6:f5,-79,2437,6,Bermuda,Outside SW
2025-10-20T21:15:57.411034+00:00,26.673851833333334,-81.80517166666667,28:70:4e:d0:86:c3,-79,5765,154,Bermuda,pole 12 W
2025-10-20T21:15:57.411034+00:00,26.673851833333334,-81.80517166666667,2e:70:4e:d0:86:c3,-79,5765,154,Bermuda Guest WIFI,pole 12 W
2025-10-20T21:15:57.411034+00:00,26.673851833333334,-81.80517166666667,02:01:c3:3f:83:49,-82,2437,6,New Aire,Unknown
2025-10-20T21:15:57.411034+00:00,26.673851833333334,-81.80517166666667,9c:05:d6:d6:11:ff,-87,5805,162,Bermuda,inside3
2025-10-20T21:15:57.411034+00:00,26.673851833333334,-81.80517166666667,9e:05:d6:96:11:ff,-88,5805,162,Bermuda Guest WIFI,inside3
2025-10-20T21:17:05.929341+00:00,26.673843833333333,-81.8051745,28:70:4e:d0:87:4f,-67,2462,11,Bermuda,pole 13 E
2025-10-20T21:17:05.929341+00:00,26.673843833333333,-81.8051745,2e:70:4e:d0:87:4f,-67,2462,11,Bermuda Guest WIFI,pole 13 E
2025-10-20T21:17:05.929341+00:00,26.673843833333333,-81.8051745,2e:70:4e:d0:88:22,-75,5765,154,Bermuda Guest WIFI,pole 14
2025-10-20T21:17:05.929341+00:00,26.673843833333333,-81.8051745,28:70:4e:dd:d0:49,-77,2437,6,Bermuda,pole 13 SW
2025-10-20T21:17:05.929341+00:00,26.673843833333333,-81.8051745,02:01:c3:3f:83:49,-79,2437,6,New Aire,Unknown
2025-10-20T21:17:05.929341+00:00,26.673843833333333,-81.8051745,02:fe:5d:bd:17:a0,-82,2462,11,Pvt.WFR_Denali.3310,Unknown
2025-10-20T21:17:05.929341+00:00,26.673843833333333,-81.8051745,28:70:4e:d0:89:0b,-86,2412,1,Bermuda,pole 10
2025-10-20T21:17:05.929341+00:00,26.673843833333333,-81.8051745,2e:70:4e:d0:87:5e,-90,2462,11,Bermuda Guest WIFI,pole 15 S
2025-10-20T21:17:05.929341+00:00,26.673843833333333,-81.8051745,9c:05:d6:d6:11:ff,-91,5805,162,Bermuda,inside3
2025-10-20T21:17:05.929341+00:00,26.673855833333334,-81.80517266666666,2e:70:4e:d0:87:50,-66,5745,150,Bermuda Guest WIFI,pole 13 E
2025-10-20T21:17:05.929341+00:00,26.673855833333334,-81.80517266666666,28:70:4e:d0:87:4f,-67,2462,11,Bermuda,pole 13 E
2025-10-20T21:17:05.929341+00:00,26.673855833333334,-81.80517266666666,2e:70:4e:d0:87:4f,-67,2462,11,Bermuda Guest WIFI,pole 13 E
2025-10-20T21:17:05.929341+00:00,26.673855833333334,-81.80517266666666,28:70:4e:d0:87:50,-67,5745,150,Bermuda,pole 13 E
2025-10-20T21:17:05.929341+00:00,26.673855833333334,-81.80517266666666,28:70:4e:dd:d0:49,-72,2437,6,Bermuda,pole 13 SW
2025-10-20T21:17:05.929341+00:00,26.673855833333334,-81.80517266666666,02:69:f4:1e:1e:66,-73,2462,11,Pvt.WiFiRanger_Core.2324,Unknown
2025-10-20T21:17:05.929341+00:00,26.673855833333334,-81.80517266666666,06:69:f4:1e:1e:66,-74,2462,11,Newmar2324,Unknown
2025-10-20T21:17:05.929341+00:00,26.673855833333334,-81.80517266666666,2e:70:4e:d0:88:22,-75,5765,154,Bermuda Guest WIFI,pole 14
2025-10-20T21:17:05.929341+00:00,26.673855833333334,-81.80517266666666,02:01:c3:3f:83:49,-80,2437,6,New Aire,Unknown
2025-10-20T21:17:05.929341+00:00,26.673855833333334,-81.80517266666666,06:01:c3:3f:83:49,-80,2437,6,Newmar3328,Unknown
2025-10-20T21:17:05.929341+00:00,26.673855833333334,-81.80517266666666,02:fe:5d:bd:17:a0,-82,2462,11,Pvt.WFR_Denali.3310,Unknown
2025-10-20T21:17:05.929341+00:00,26.673855833333334,-81.80517266666666,2e:70:4e:d2:c9:b0,-85,2437,6,Bermuda Guest WIFI,pole 15 NW
2025-10-20T21:17:05.929341+00:00,26.673855833333334,-81.80517266666666,28:70:4e:d0:89:0b,-86,2412,1,Bermuda,pole 10
2025-10-20T21:17:05.929341+00:00,26.673855833333334,-81.80517266666666,28:70:4e:d0:88:fa,-88,5765,154,Bermuda,pole 11
2025-10-20T21:17:05.929341+00:00,26.673855833333334,-81.80517266666666,9c:05:d6:d6:11:ff,-89,5805,162,Bermuda,inside3
2025-10-20T21:17:05.929341+00:00,26.673855833333334,-81.80517266666666,2e:70:4e:d0:87:5e,-90,2462,11,Bermuda Guest WIFI,pole 15 S
2025-10-20T21:17:05.929341+00:00,26.673855833333334,-81.80517266666666,9e:05:d6:96:11:ff,-90,5805,162,Bermuda Guest WIFI,inside3
2025-10-20T21:17:05.929341+00:00,26.673823,-81.80514583333333,28:70:4e:d0:87:4f,-64,2462,11,Bermuda,pole 13 E
2025-10-20T21:17:05.929341+00:00,26.673823,-81.80514583333333,2e:70:4e:d0:87:4f,-64,2462,11,Bermuda Guest WIFI,pole 13 E
2025-10-20T21:17:05.929341+00:00,26.673823,-81.80514583333333,2e:70:4e:d0:87:50,-66,5745,150,Bermuda Guest WIFI,pole 13 E
2025-10-20T21:17:05.929341+00:00,26.673823,-81.80514583333333,28:70:4e:d0:87:50,-67,5745,150,Bermuda,pole 13 E
2025-10-20T21:17:05.929341+00:00,26.673823,-81.80514583333333,2e:70:4e:dd:d0:49,-72,2437,6,Bermuda Guest WIFI,pole 13 SW
2025-10-20T21:17:05.929341+00:00,26.673823,-81.80514583333333,28:70:4e:dd:d0:49,-73,2437,6,Bermuda,pole 13 SW
2025-10-20T21:17:05.929341+00:00,26.673823,-81.80514583333333,02:69:f4:1e:1e:66,-73,2462,11,Pvt.WiFiRanger_Core.2324,Unknown
2025-10-20T21:17:05.929341+00:00,26.673823,-81.80514583333333,02:fe:5d:bd:17:a0,-75,2462,11,Pvt.WFR_Denali.3310,Unknown
2025-10-20T21:17:05.929341+00:00,26.673823,-81.80514583333333,2e:70:4e:d0:88:22,-75,5765,154,Bermuda Guest WIFI,pole 14
2025-10-20T21:17:05.929341+00:00,26.673823,-81.80514583333333,22:6a:1b:63:f6:f5,-75,2437,6,Bermuda Guest WIFI,Outside SW
2025-10-20T21:17:05.929341+00:00,26.673823,-81.80514583333333,28:70:4e:d0:86:c2,-76,2437,6,Bermuda,pole 12 W
2025-10-20T21:17:05.929341+00:00,26.673823,-81.80514583333333,02:01:c3:3f:83:49,-80,2437,6,New Aire,Unknown
2025-10-20T21:17:05.929341+00:00,26.673823,-81.80514583333333,06:01:c3:3f:83:49,-80,2437,6,Newmar3328,Unknown
2025-10-20T21:17:05.929341+00:00,26.673823,-81.80514583333333,28:70:4e:d0:88:fa,-81,5765,154,Bermuda,pole 11
2025-10-20T21:17:05.929341+00:00,26.673823,-81.80514583333333,2e:70:4e:d0:86:c2,-81,2437,6,Bermuda Guest WIFI,pole 12 W
2025-10-20T21:17:05.929341+00:00,26.673823,-81.80514583333333,28:70:4e:d0:86:c3,-82,5765,154,Bermuda,pole 12 W
2025-10-20T21:17:05.929341+00:00,26.673823,-81.80514583333333,2e:70:4e:d0:88:fa,-82,5765,154,Bermuda Guest WIFI,pole 11
2025-10-20T21:17:05.929341+00:00,26.673823,-81.80514583333333,2e:70:4e:d0:86:c3,-82,5765,154,Bermuda Guest WIFI,pole 12 W
2025-10-20T21:17:05.929341+00:00,26.673823,-81.80514583333333,02:69:f4:1e:1e:69,-83,5180,37,Pvt.WiFiRanger_Core5G.2324,Unknown
2025-10-20T21:17:05.929341+00:00,26.673823,-81.80514583333333,06:69:f4:1e:1e:66,-84,2462,11,Newmar2324,Unknown
2025-10-20T21:17:05.929341+00:00,26.673823,-81.80514583333333,2e:70:4e:d2:c9:b0,-85,2437,6,Bermuda Guest WIFI,pole 15 NW
2025-10-20T21:17:05.929341+00:00,26.673823,-81.80514583333333,28:70:4e:d0:89:0b,-86,2412,1,Bermuda,pole 10
2025-10-20T21:17:05.929341+00:00,26.673823,-81.80514583333333,9c:05:d6:d6:11:ff,-89,5805,162,Bermuda,inside3
2025-10-20T21:17:05.929341+00:00,26.673823,-81.80514583333333,2e:70:4e:d0:87:5e,-90,2462,11,Bermuda Guest WIFI,pole 15 S
2025-10-20T21:17:05.929341+00:00,26.673823,-81.80514583333333,9e:05:d6:96:11:ff,-90,5805,162,Bermuda Guest WIFI,inside3
2025-10-20T21:17:05.929341+00:00,26.673811666666666,-81.80515266666667,28:70:4e:d0:87:4f,-60,2462,11,Bermuda,pole 13 E
2025-10-20T21:17:05.929341+00:00,26.673811666666666,-81.80515266666667,2e:70:4e:d0:87:4f,-61,2462,11,Bermuda Guest WIFI,pole 13 E
2025-10-20T21:17:05.929341+00:00,26.673811666666666,-81.80515266666667,28:70:4e:d0:88:21,-66,2412,1,Bermuda,pole 14
2025-10-20T21:17:05.929341+00:00,26.673811666666666,-81.80515266666667,2e:70:4e:dd:d0:49,-72,2437,6,Bermuda Guest WIFI,pole 13 SW
2025-10-20T21:17:05.929341+00:00,26.673811666666666,-81.80515266666667,28:70:4e:dd:d0:49,-73,2437,6,Bermuda,pole 13 SW
2025-10-20T21:17:05.929341+00:00,26.673811666666666,-81.80515266666667,02:69:f4:1e:1e:66,-73,2462,11,Pvt.WiFiRanger_Core.2324,Unknown
2025-10-20T21:17:05.929341+00:00,26.673811666666666,-81.80515266666667,06:01:c3:3f:83:49,-74,2437,6,Newmar3328,Unknown
2025-10-20T21:17:05.929341+00:00,26.673811666666666,-81.80515266666667,28:70:4e:d0:87:50,-74,5745,150,Bermuda,pole 13 E
2025-10-20T21:17:05.929341+00:00,26.673811666666666,-81.80515266666667,02:fe:5d:bd:17:a0,-75,2462,11,Pvt.WFR_Denali.3310,Unknown
2025-10-20T21:17:05.929341+00:00,26.673811666666666,-81.80515266666667,2e:70:4e:d0:87:50,-75,5745,150,Bermuda Guest WIFI,pole 13 E
2025-10-20T21:17:05.929341+00:00,26.673811666666666,-81.80515266666667,22:6a:1b:63:f6:f5,-75,2437,6,Bermuda Guest WIFI,Outside SW
2025-10-20T21:17:05.929341+00:00,26.673811666666666,-81.80515266666667,2e:70:4e:d0:88:22,-76,5765,154,Bermuda Guest WIFI,pole 14
2025-10-20T21:17:05.929341+00:00,26.673811666666666,-81.80515266666667,28:70:4e:d0:86:c2,-76,2437,6,Bermuda,pole 12 W
2025-10-20T21:17:05.929341+00:00,26.673811666666666,-81.80515266666667,02:01:c3:3f:83:49,-80,2437,6,New Aire,Unknown
2025-10-20T21:17:05.929341+00:00,26.673811666666666,-81.80515266666667,28:70:4e:d0:88:fa,-81,5765,154,Bermuda,pole 11
2025-10-20T21:17:05.929341+00:00,26.673811666666666,-81.80515266666667,2e:70:4e:d0:86:c2,-81,2437,6,Bermuda Guest WIFI,pole 12 W
2025-10-20T21:17:05.929341+00:00,26.673811666666666,-81.80515266666667,28:70:4e:d0:86:c3,-82,5765,154,Bermuda,pole 12 W
2025-10-20T21:17:05.929341+00:00,26.673811666666666,-81.80515266666667,2e:70:4e:d0:88:fa,-82,5765,154,Bermuda Guest WIFI,pole 11
2025-10-20T21:17:05.929341+00:00,26.673811666666666,-81.80515266666667,2e:70:4e:d0:86:c3,-82,5765,154,Bermuda Guest WIFI,pole 12 W
2025-10-20T21:17:05.929341+00:00,26.673811666666666,-81.80515266666667,02:69:f4:1e:1e:69,-83,5180,37,Pvt.WiFiRanger_Core5G.2324,Unknown
2025-10-20T21:17:05.929341+00:00,26.673811666666666,-81.80515266666667,06:69:f4:1e:1e:66,-84,2462,11,Newmar2324,Unknown
2025-10-20T21:17:05.929341+00:00,26.673811666666666,-81.80515266666667,2e:70:4e:d2:c9:b0,-85,2437,6,Bermuda Guest WIFI,pole 15 NW
2025-10-20T21:17:05.929341+00:00,26.673811666666666,-81.80515266666667,9c:05:d6:d6:11:ff,-89,5805,162,Bermuda,inside3
2025-10-20T21:17:05.929341+00:00,26.673811666666666,-81.80515266666667,2e:70:4e:d0:87:5e,-90,2462,11,Bermuda Guest WIFI,pole 15 S
2025-10-20T21:17:05.929341+00:00,26.673811666666666,-81.80515266666667,9e:05:d6:96:11:ff,-90,5805,162,Bermuda Guest WIFI,inside3
2025-10-20T21:18:14.538211+00:00,26.673785833333334,-81.8051285,28:70:4e:d0:87:4f,-60,2462,11,Bermuda,pole 13 E
2025-10-20T21:18:14.538211+00:00,26.673785833333334,-81.8051285,28:70:4e:dd:d0:4a,-62,5240,49,Bermuda,pole 13 SW
2025-10-20T21:18:14.538211+00:00,26.673785833333334,-81.8051285,2e:70:4e:dd:d0:4a,-62,5240,49,Bermuda Guest WIFI,pole 13 SW
2025-10-20T21:18:14.538211+00:00,26.673785833333334,-81.8051285,2e:70:4e:d0:87:4f,-65,2462,11,Bermuda Guest WIFI,pole 13 E
2025-10-20T21:18:14.538211+00:00,26.673785833333334,-81.8051285,28:70:4e:d0:87:50,-68,5745,150,Bermuda,pole 13 E
2025-10-20T21:18:14.538211+00:00,26.673785833333334,-81.8051285,2e:70:4e:d0:87:50,-68,5745,150,Bermuda Guest WIFI,pole 13 E
2025-10-20T21:18:14.538211+00:00,26.673785833333334,-81.8051285,1c:6a:1b:63:f6:f5,-74,2437,6,Bermuda,Outside SW
2025-10-20T21:18:14.538211+00:00,26.673785833333334,-81.8051285,22:6a:1b:63:f6:f5,-74,2437,6,Bermuda Guest WIFI,Outside SW
2025-10-20T21:18:14.538211+00:00,26.673785833333334,-81.8051285,28:70:4e:dd:d0:49,-78,2437,6,Bermuda,pole 13 SW
2025-10-20T21:18:14.538211+00:00,26.673785833333334,-81.8051285,2e:70:4e:dd:d0:49,-78,2437,6,Bermuda Guest WIFI,pole 13 SW
2025-10-20T21:18:14.538211+00:00,26.673706,-81.80507616666667,28:70:4e:dd:d0:4a,-62,5240,49,Bermuda,pole 13 SW
2025-10-20T21:18:14.538211+00:00,26.673706,-81.80507616666667,2e:70:4e:dd:d0:4a,-62,5240,49,Bermuda Guest WIFI,pole 13 SW
2025-10-20T21:18:14.538211+00:00,26.673706,-81.80507616666667,2e:70:4e:d0:87:4f,-65,2462,11,Bermuda Guest WIFI,pole 13 E
2025-10-20T21:18:14.538211+00:00,26.673706,-81.80507616666667,28:70:4e:d0:87:4f,-66,2462,11,Bermuda,pole 13 E
2025-10-20T21:18:14.538211+00:00,26.673706,-81.80507616666667,2e:70:4e:dd:d0:49,-67,2437,6,Bermuda Guest WIFI,pole 13 SW
2025-10-20T21:18:14.538211+00:00,26.673706,-81.80507616666667,28:70:4e:d0:87:50,-68,5745,150,Bermuda,pole 13 E
2025-10-20T21:18:14.538211+00:00,26.673706,-81.80507616666667,2e:70:4e:d0:87:50,-68,5745,150,Bermuda Guest WIFI,pole 13 E
2025-10-20T21:18:14.538211+00:00,26.673706,-81.80507616666667,28:70:4e:dd:d0:49,-69,2437,6,Bermuda,pole 13 SW
2025-10-20T21:18:14.538211+00:00,26.673706,-81.80507616666667,28:70:4e:d0:88:21,-71,2412,1,Bermuda,pole 14
2025-10-20T21:18:14.538211+00:00,26.673706,-81.80507616666667,1c:6a:1b:63:f6:f5,-74,2437,6,Bermuda,Outside SW
2025-10-20T21:18:14.538211+00:00,26.673706,-81.80507616666667,22:6a:1b:63:f6:f5,-74,2437,6,Bermuda Guest WIFI,Outside SW
2025-10-20T21:18:14.538211+00:00,26.673706,-81.80507616666667,02:01:c3:3f:83:49,-76,2437,6,New Aire,Unknown
2025-10-20T21:18:14.538211+00:00,26.673682333333332,-81.80506716666666,28:70:4e:dd:d0:4a,-62,5240,49,Bermuda,pole 13 SW
2025-10-20T21:18:14.538211+00:00,26.673682333333332,-81.80506716666666,2e:70:4e:dd:d0:4a,-62,5240,49,Bermuda Guest WIFI,pole 13 SW
2025-10-20T21:18:14.538211+00:00,26.673682333333332,-81.80506716666666,2e:70:4e:d0:87:4f,-65,2462,11,Bermuda Guest WIFI,pole 13 E
2025-10-20T21:18:14.538211+00:00,26.673682333333332,-81.80506716666666,2e:70:4e:dd:d0:49,-67,2437,6,Bermuda Guest WIFI,pole 13 SW
2025-10-20T21:18:14.538211+00:00,26.673682333333332,-81.80506716666666,28:70:4e:d0:87:50,-68,5745,150,Bermuda,pole 13 E
2025-10-20T21:18:14.538211+00:00,26.673682333333332,-81.80506716666666,2e:70:4e:d0:87:50,-68,5745,150,Bermuda Guest WIFI,pole 13 E
2025-10-20T21:18:14.538211+00:00,26.673682333333332,-81.80506716666666,28:70:4e:dd:d0:49,-69,2437,6,Bermuda,pole 13 SW
2025-10-20T21:18:14.538211+00:00,26.673682333333332,-81.80506716666666,28:70:4e:d0:87:4f,-70,2462,11,Bermuda,pole 13 E
2025-10-20T21:18:14.538211+00:00,26.673682333333332,-81.80506716666666,28:70:4e:d0:88:21,-71,2412,1,Bermuda,pole 14
2025-10-20T21:18:14.538211+00:00,26.673682333333332,-81.80506716666666,1c:6a:1b:63:f6:f5,-74,2437,6,Bermuda,Outside SW
2025-10-20T21:18:14.538211+00:00,26.673682333333332,-81.80506716666666,22:6a:1b:63:f6:f5,-74,2437,6,Bermuda Guest WIFI,Outside SW
2025-10-20T21:18:14.538211+00:00,26.673682333333332,-81.80506716666666,02:01:c3:3f:83:49,-76,2437,6,New Aire,Unknown
2025-10-20T21:18:14.538211+00:00,26.673682333333332,-81.80506716666666,02:69:f4:1e:1e:66,-82,2462,11,Pvt.WiFiRanger_Core.2324,Unknown
2025-10-20T21:18:14.538211+00:00,26.673682333333332,-81.80506716666666,06:69:f4:1e:1e:66,-83,2462,11,Newmar2324,Unknown
2025-10-20T21:18:14.538211+00:00,26.673682333333332,-81.80506716666666,02:69:f4:1e:1e:69,-83,5180,37,Pvt.WiFiRanger_Core5G.2324,Unknown
2025-10-20T21:18:14.538211+00:00,26.673682333333332,-81.80506716666666,9c:05:d6:d6:11:ff,-91,5805,162,Bermuda,inside3
2025-10-20T21:18:14.538211+00:00,26.673682333333332,-81.80506716666666,9e:05:d6:96:11:ff,-91,5805,162,Bermuda Guest WIFI,inside3
2025-10-20T21:18:14.538211+00:00,26.673683166666667,-81.80505733333334,28:70:4e:dd:d0:49,-52,2437,6,Bermuda,pole 13 SW
2025-10-20T21:18:14.538211+00:00,26.673683166666667,-81.80505733333334,2e:70:4e:dd:d0:49,-53,2437,6,Bermuda Guest WIFI,pole 13 SW
2025-10-20T21:18:14.538211+00:00,26.673683166666667,-81.80505733333334,28:70:4e:d0:87:4f,-67,2462,11,Bermuda,pole 13 E
2025-10-20T21:18:14.538211+00:00,26.673683166666667,-81.80505733333334,28:70:4e:d0:88:21,-71,2412,1,Bermuda,pole 14
2025-10-20T21:18:14.538211+00:00,26.673683166666667,-81.80505733333334,02:01:c3:3f:83:49,-71,2437,6,New Aire,Unknown
2025-10-20T21:18:14.538211+00:00,26.673683166666667,-81.80505733333334,2e:70:4e:d0:88:f9,-76,2412,1,Bermuda Guest WIFI,pole 11
2025-10-20T21:18:14.538211+00:00,26.673683166666667,-81.80505733333334,02:69:f4:1e:1e:66,-82,2462,11,Pvt.WiFiRanger_Core.2324,Unknown
2025-10-20T21:18:14.538211+00:00,26.673683166666667,-81.80505733333334,06:69:f4:1e:1e:66,-83,2462,11,Newmar2324,Unknown
2025-10-20T21:18:14.538211+00:00,26.673683166666667,-81.80505733333334,02:69:f4:1e:1e:69,-83,5180,37,Pvt.WiFiRanger_Core5G.2324,Unknown
2025-10-20T21:18:14.538211+00:00,26.673683166666667,-81.80505733333334,02:01:c3:3f:83:4a,-90,5825,166,New Aire,Unknown
2025-10-20T21:18:14.538211+00:00,26.673683166666667,-81.80505733333334,9c:05:d6:d6:11:ff,-91,5805,162,Bermuda,inside3
2025-10-20T21:18:14.538211+00:00,26.673683166666667,-81.80505733333334,9e:05:d6:96:11:ff,-91,5805,162,Bermuda Guest WIFI,inside3
2025-10-20T21:19:25.750308+00:00,26.673746166666668,-81.80500466666666,28:70:4e:d0:87:4f,-65,2462,11,Bermuda,pole 13 E
2025-10-20T21:19:25.750308+00:00,26.673746166666668,-81.80500466666666,02:fe:5d:bd:17:a0,-71,2462,11,Pvt.WFR_Denali.3310,Unknown
2025-10-20T21:19:25.750308+00:00,26.673746166666668,-81.80500466666666,2e:70:4e:d0:87:4f,-71,2462,11,Bermuda Guest WIFI,pole 13 E
2025-10-20T21:19:25.750308+00:00,26.673746166666668,-81.80500466666666,06:69:f4:1e:1e:66,-79,2462,11,Newmar2324,Unknown
2025-10-20T21:19:25.750308+00:00,26.673746166666668,-81.80500466666666,02:69:f4:1e:1e:69,-81,5180,37,Pvt.WiFiRanger_Core5G.2324,Unknown
2025-10-20T21:19:25.750308+00:00,26.673746166666668,-81.80500466666666,02:01:c3:3f:83:4a,-84,5825,166,New Aire,Unknown
2025-10-20T21:19:25.750308+00:00,26.673746166666668,-81.80500466666666,2e:70:4e:d0:89:0b,-88,2412,1,Bermuda Guest WIFI,pole 10
2025-10-20T21:19:25.750308+00:00,26.673832166666667,-81.80468983333333,1c:6a:1b:63:f6:f6,-63,5200,41,Bermuda,Outside SW
2025-10-20T21:19:25.750308+00:00,26.673832166666667,-81.80468983333333,22:6a:1b:63:f6:f6,-63,5200,41,Bermuda Guest WIFI,Outside SW
2025-10-20T21:19:25.750308+00:00,26.673832166666667,-81.80468983333333,2e:70:4e:dd:d0:49,-64,2437,6,Bermuda Guest WIFI,pole 13 SW
2025-10-20T21:19:25.750308+00:00,26.673832166666667,-81.80468983333333,28:70:4e:d0:87:4f,-69,2462,11,Bermuda,pole 13 E
2025-10-20T21:19:25.750308+00:00,26.673832166666667,-81.80468983333333,28:70:4e:dd:d0:49,-72,2437,6,Bermuda,pole 13 SW
2025-10-20T21:19:25.750308+00:00,26.673832166666667,-81.80468983333333,02:fe:5d:bd:17:a0,-72,2462,11,Pvt.WFR_Denali.3310,Unknown
2025-10-20T21:19:25.750308+00:00,26.673832166666667,-81.80468983333333,28:70:4e:d0:88:22,-73,5765,154,Bermuda,pole 14
2025-10-20T21:19:25.750308+00:00,26.673832166666667,-81.80468983333333,2e:70:4e:d0:88:22,-73,5765,154,Bermuda Guest WIFI,pole 14
2025-10-20T21:19:25.750308+00:00,26.673832166666667,-81.80468983333333,2e:70:4e:d0:87:4f,-74,2462,11,Bermuda Guest WIFI,pole 13 E
2025-10-20T21:19:25.750308+00:00,26.673832166666667,-81.80468983333333,1c:6a:1b:63:f6:f5,-75,2437,6,Bermuda,Outside SW
2025-10-20T21:19:25.750308+00:00,26.673832166666667,-81.80468983333333,02:01:c3:3f:83:49,-75,2437,6,New Aire,Unknown
2025-10-20T21:19:25.750308+00:00,26.673832166666667,-81.80468983333333,28:70:4e:d0:86:c2,-75,2437,6,Bermuda,pole 12 W
2025-10-20T21:19:25.750308+00:00,26.673832166666667,-81.80468983333333,02:69:f4:1e:1e:66,-77,2462,11,Pvt.WiFiRanger_Core.2324,Unknown
2025-10-20T21:19:25.750308+00:00,26.673832166666667,-81.80468983333333,06:69:f4:1e:1e:66,-78,2462,11,Newmar2324,Unknown
2025-10-20T21:19:25.750308+00:00,26.673832166666667,-81.80468983333333,9c:05:d6:d6:25:73,-79,5220,45,Bermuda,inside4
2025-10-20T21:19:25.750308+00:00,26.673832166666667,-81.80468983333333,28:70:4e:d2:92:aa,-81,2437,6,Bermuda,pole 12 N
2025-10-20T21:19:25.750308+00:00,26.673832166666667,-81.80468983333333,9e:05:d6:96:25:73,-81,5220,45,Bermuda Guest WIFI,inside4
2025-10-20T21:19:25.750308+00:00,26.673832166666667,-81.80468983333333,2e:70:4e:d2:92:aa,-82,2437,6,Bermuda Guest WIFI,pole 12 N
2025-10-20T21:19:25.750308+00:00,26.673832166666667,-81.80468983333333,22:6a:1b:63:f6:f5,-85,2437,6,Bermuda Guest WIFI,Outside SW
2025-10-20T21:19:25.750308+00:00,26.673832166666667,-81.80468983333333,28:70:4e:d0:87:5e,-87,2462,11,Bermuda,pole 15 S
2025-10-20T21:19:25.750308+00:00,26.673832166666667,-81.80468983333333,28:70:4e:d2:92:ab,-87,5745,150,Bermuda,pole 12 N
2025-10-20T21:19:25.750308+00:00,26.673832166666667,-81.80468983333333,2e:70:4e:d2:92:ab,-87,5745,150,Bermuda Guest WIFI,pole 12 N
2025-10-20T21:19:25.750308+00:00,26.673832166666667,-81.80468983333333,02:01:c3:3f:83:4a,-87,5825,166,New Aire,Unknown
2025-10-20T21:19:25.750308+00:00,26.673832166666667,-81.80468983333333,9c:05:d6:d6:20:6f,-88,5745,150,Bermuda,inside1
2025-10-20T21:19:25.750308+00:00,26.673751333333332,-81.804334,1c:6a:1b:63:f6:f6,-63,5200,41,Bermuda,Outside SW
2025-10-20T21:19:25.750308+00:00,26.673751333333332,-81.804334,22:6a:1b:63:f6:f6,-63,5200,41,Bermuda Guest WIFI,Outside SW
2025-10-20T21:19:25.750308+00:00,26.673751333333332,-81.804334,2e:70:4e:dd:d0:49,-64,2437,6,Bermuda Guest WIFI,pole 13 SW
2025-10-20T21:19:25.750308+00:00,26.673751333333332,-81.804334,28:70:4e:d0:87:4f,-69,2462,11,Bermuda,pole 13 E
2025-10-20T21:19:25.750308+00:00,26.673751333333332,-81.804334,28:70:4e:d0:88:22,-73,5765,154,Bermuda,pole 14
2025-10-20T21:19:25.750308+00:00,26.673751333333332,-81.804334,2e:70:4e:d0:88:22,-73,5765,154,Bermuda Guest WIFI,pole 14
2025-10-20T21:19:25.750308+00:00,26.673751333333332,-81.804334,2e:70:4e:d0:87:4f,-74,2462,11,Bermuda Guest WIFI,pole 13 E
2025-10-20T21:19:25.750308+00:00,26.673751333333332,-81.804334,1c:6a:1b:63:f6:f5,-75,2437,6,Bermuda,Outside SW
2025-10-20T21:19:25.750308+00:00,26.673751333333332,-81.804334,02:01:c3:3f:83:49,-75,2437,6,New Aire,Unknown
2025-10-20T21:19:25.750308+00:00,26.673751333333332,-81.804334,28:70:4e:dd:d0:49,-75,2437,6,Bermuda,pole 13 SW
2025-10-20T21:19:25.750308+00:00,26.673751333333332,-81.804334,28:70:4e:d0:86:c2,-75,2437,6,Bermuda,pole 12 W
2025-10-20T21:19:25.750308+00:00,26.673751333333332,-81.804334,02:fe:5d:bd:17:a0,-75,2462,11,Pvt.WFR_Denali.3310,Unknown
2025-10-20T21:19:25.750308+00:00,26.673751333333332,-81.804334,02:69:f4:1e:1e:66,-77,2462,11,Pvt.WiFiRanger_Core.2324,Unknown
2025-10-20T21:19:25.750308+00:00,26.673751333333332,-81.804334,06:69:f4:1e:1e:66,-78,2462,11,Newmar2324,Unknown
2025-10-20T21:19:25.750308+00:00,26.673751333333332,-81.804334,9c:05:d6:d6:25:73,-79,5220,45,Bermuda,inside4
2025-10-20T21:19:25.750308+00:00,26.673751333333332,-81.804334,28:70:4e:d2:92:aa,-81,2437,6,Bermuda,pole 12 N
2025-10-20T21:19:25.750308+00:00,26.673751333333332,-81.804334,9e:05:d6:96:25:73,-81,5220,45,Bermuda Guest WIFI,inside4
2025-10-20T21:19:25.750308+00:00,26.673751333333332,-81.804334,2e:70:4e:d0:88:fa,-81,5765,154,Bermuda Guest WIFI,pole 11
2025-10-20T21:19:25.750308+00:00,26.673751333333332,-81.804334,2e:70:4e:d2:92:aa,-82,2437,6,Bermuda Guest WIFI,pole 12 N
2025-10-20T21:19:25.750308+00:00,26.673751333333332,-81.804334,28:70:4e:d0:87:5e,-83,2462,11,Bermuda,pole 15 S
2025-10-20T21:19:25.750308+00:00,26.673751333333332,-81.804334,22:6a:1b:63:f6:f5,-85,2437,6,Bermuda Guest WIFI,Outside SW
2025-10-20T21:19:25.750308+00:00,26.673751333333332,-81.804334,62:22:32:16:1e:33,-86,5805,162,Bermuda Guest WIFI,laundry1
2025-10-20T21:19:25.750308+00:00,26.673751333333332,-81.804334,28:70:4e:d2:92:ab,-87,5745,150,Bermuda,pole 12 N
2025-10-20T21:19:25.750308+00:00,26.673751333333332,-81.804334,2e:70:4e:d2:92:ab,-87,5745,150,Bermuda Guest WIFI,pole 12 N
2025-10-20T21:19:25.750308+00:00,26.673751333333332,-81.804334,02:01:c3:3f:83:4a,-87,5825,166,New Aire,Unknown
2025-10-20T21:19:25.750308+00:00,26.673751333333332,-81.804334,60:22:32:16:1e:33,-87,5805,162,Bermuda,laundry1
2025-10-20T21:19:25.750308+00:00,26.673751333333332,-81.804334,9c:05:d6:d6:20:6f,-88,5745,150,Bermuda,inside1
2025-10-20T21:19:25.750308+00:00,26.673631333333333,-81.80407933333333,1c:6a:1b:63:f6:f6,-63,5200,41,Bermuda,Outside SW
2025-10-20T21:19:25.750308+00:00,26.673631333333333,-81.80407933333333,22:6a:1b:63:f6:f6,-63,5200,41,Bermuda Guest WIFI,Outside SW
2025-10-20T21:19:25.750308+00:00,26.673631333333333,-81.80407933333333,2e:70:4e:dd:d0:49,-64,2437,6,Bermuda Guest WIFI,pole 13 SW
2025-10-20T21:19:25.750308+00:00,26.673631333333333,-81.80407933333333,28:70:4e:d0:87:4f,-69,2462,11,Bermuda,pole 13 E
2025-10-20T21:19:25.750308+00:00,26.673631333333333,-81.80407933333333,74:83:c2:9b:33:47,-72,5180,37,Bermuda,guard house
2025-10-20T21:19:25.750308+00:00,26.673631333333333,-81.80407933333333,7a:83:c2:9b:33:47,-72,5180,37,Bermuda Guest WIFI,guard house
2025-10-20T21:19:25.750308+00:00,26.673631333333333,-81.80407933333333,28:70:4e:d0:88:22,-73,5765,154,Bermuda,pole 14
2025-10-20T21:19:25.750308+00:00,26.673631333333333,-81.80407933333333,2e:70:4e:d0:88:22,-73,5765,154,Bermuda Guest WIFI,pole 14
2025-10-20T21:19:25.750308+00:00,26.673631333333333,-81.80407933333333,2e:70:4e:d0:87:4f,-74,2462,11,Bermuda Guest WIFI,pole 13 E
2025-10-20T21:19:25.750308+00:00,26.673631333333333,-81.80407933333333,1c:6a:1b:63:f6:f5,-75,2437,6,Bermuda,Outside SW
2025-10-20T21:19:25.750308+00:00,26.673631333333333,-81.80407933333333,02:01:c3:3f:83:49,-75,2437,6,New Aire,Unknown
2025-10-20T21:19:25.750308+00:00,26.673631333333333,-81.80407933333333,28:70:4e:d0:86:c2,-75,2437,6,Bermuda,pole 12 W
2025-10-20T21:19:25.750308+00:00,26.673631333333333,-81.80407933333333,02:fe:5d:bd:17:a0,-75,2462,11,Pvt.WFR_Denali.3310,Unknown
2025-10-20T21:19:25.750308+00:00,26.673631333333333,-81.80407933333333,02:69:f4:1e:1e:66,-77,2462,11,Pvt.WiFiRanger_Core.2324,Unknown
2025-10-20T21:19:25.750308+00:00,26.673631333333333,-81.80407933333333,28:70:4e:dd:d0:49,-78,2437,6,Bermuda,pole 13 SW
2025-10-20T21:19:25.750308+00:00,26.673631333333333,-81.80407933333333,9c:05:d6:d6:25:73,-79,5220,45,Bermuda,inside4
2025-10-20T21:19:25.750308+00:00,26.673631333333333,-81.80407933333333,2e:70:4e:d0:89:14,-79,2437,6,Bermuda Guest WIFI,pole 21
2025-10-20T21:19:25.750308+00:00,26.673631333333333,-81.80407933333333,28:70:4e:d0:89:14,-80,2437,6,Bermuda,pole 21
2025-10-20T21:19:25.750308+00:00,26.673631333333333,-81.80407933333333,28:70:4e:d2:92:aa,-81,2437,6,Bermuda,pole 12 N
2025-10-20T21:19:25.750308+00:00,26.673631333333333,-81.80407933333333,9e:05:d6:96:25:73,-81,5220,45,Bermuda Guest WIFI,inside4
2025-10-20T21:19:25.750308+00:00,26.673631333333333,-81.80407933333333,2e:70:4e:d0:88:fa,-81,5765,154,Bermuda Guest WIFI,pole 11
2025-10-20T21:19:25.750308+00:00,26.673631333333333,-81.80407933333333,2e:70:4e:d2:92:aa,-83,2437,6,Bermuda Guest WIFI,pole 12 N
2025-10-20T21:19:25.750308+00:00,26.673631333333333,-81.80407933333333,28:70:4e:d0:89:0b,-83,2412,1,Bermuda,pole 10
2025-10-20T21:19:25.750308+00:00,26.673631333333333,-81.80407933333333,22:6a:1b:63:f6:f5,-85,2437,6,Bermuda Guest WIFI,Outside SW
2025-10-20T21:19:25.750308+00:00,26.673631333333333,-81.80407933333333,2e:70:4e:d0:89:0b,-85,2412,1,Bermuda Guest WIFI,pole 10
2025-10-20T21:19:25.750308+00:00,26.673631333333333,-81.80407933333333,1c:6a:1b:63:f6:f2,-86,5805,162,Bermuda,Outside SE
2025-10-20T21:19:25.750308+00:00,26.673631333333333,-81.80407933333333,22:6a:1b:63:f6:f2,-86,5805,162,Bermuda Guest WIFI,Outside SE
2025-10-20T21:19:25.750308+00:00,26.673631333333333,-81.80407933333333,28:70:4e:d0:87:5e,-87,2462,11,Bermuda,pole 15 S
2025-10-20T21:19:25.750308+00:00,26.673631333333333,-81.80407933333333,28:70:4e:d2:92:ab,-87,5745,150,Bermuda,pole 12 N
2025-10-20T21:19:25.750308+00:00,26.673631333333333,-81.80407933333333,2e:70:4e:d2:92:ab,-87,5745,150,Bermuda Guest WIFI,pole 12 N
2025-10-20T21:19:25.750308+00:00,26.673631333333333,-81.80407933333333,02:01:c3:3f:83:4a,-87,5825,166,New Aire,Unknown
2025-10-20T21:19:25.750308+00:00,26.673631333333333,-81.80407933333333,60:22:32:16:1e:33,-87,5805,162,Bermuda,laundry1
2025-10-20T21:19:25.750308+00:00,26.673631333333333,-81.80407933333333,9c:05:d6:d6:20:6f,-88,5745,150,Bermuda,inside1
2025-10-20T21:19:25.750308+00:00,26.673631333333333,-81.80407933333333,06:69:f4:1e:1e:66,-89,2462,11,Newmar2324,Unknown
2025-10-20T21:19:25.750308+00:00,26.673631333333333,-81.80407933333333,62:22:32:16:1e:33,-89,5805,162,Bermuda Guest WIFI,laundry1
2025-10-20T21:19:25.750308+00:00,26.673631333333333,-81.80407933333333,2e:70:4e:d0:87:dc,-91,2462,11,Bermuda Guest WIFI,pole 07
2025-10-20T21:20:11.070256+00:00,26.679367833333334,-81.80184933333334,02:8f:5a:2b:36:96,-76,2452,9,Pvt.WFR_Spruce.8727,Unknown
2025-10-20T21:20:11.070256+00:00,26.679367833333334,-81.80184933333334,02:17:1a:c6:75:e5,-77,2452,9,Winegard2ghzC675E2,Unknown
2025-10-20T21:20:11.070256+00:00,26.679367833333334,-81.80184933333334,06:8f:5a:2b:36:96,-79,2452,9,Newmar8727,Unknown
2025-10-20T21:20:11.070256+00:00,26.679367833333334,-81.80184933333334,02:17:1a:c6:1c:49,-79,2462,11,Pvt.WFR_Denali.7805,Unknown
2025-10-20T21:20:11.070256+00:00,26.679367833333334,-81.80184933333334,12:17:1a:c6:71:cc,-79,5180,37,Winegard5ghzC671CA,Unknown
2025-10-20T21:20:11.070256+00:00,26.679367833333334,-81.80184933333334,12:17:1a:c6:75:e4,-81,5180,37,Winegard5ghzC675E2,Unknown
2025-10-20T21:20:11.070256+00:00,26.679367833333334,-81.80184933333334,02:01:c3:8f:c0:fe,-84,2437,6,Pvt.WFR_Spruce.7782,Unknown
2025-10-20T21:20:11.070256+00:00,26.679367833333334,-81.80184933333334,02:17:1a:c6:71:cd,-85,2412,1,Winegard2ghzC671CA,Unknown
2025-10-20T21:20:11.070256+00:00,26.679367833333334,-81.80184933333334,02:17:1a:c9:47:71,-86,2437,6,Winegard2ghzC9476F,Unknown
2025-10-20T21:20:11.070256+00:00,26.679367833333334,-81.80184933333334,ee:60:34:27:c7:c5,-86,2412,1,STARLINK,Unknown
2025-10-20T21:20:11.070256+00:00,26.679367833333334,-81.80184933333334,44:ee:14:de:5c:0b,-87,2447,8,ENVOY_099579,Unknown
2025-10-20T21:20:11.070256+00:00,26.679367833333334,-81.80184933333334,02:1e:57:8e:fd:40,-88,2437,6,Pvt.WFR_Spruce.7226,Unknown
2025-10-20T21:20:11.070256+00:00,26.679367833333334,-81.80184933333334,2e:70:4e:d3:d3:88,-89,2437,6,Bermuda Guest WIFI,pole 22 SW
2025-10-20T21:20:11.070256+00:00,26.679367833333334,-81.80184933333334,02:17:1a:c5:b3:3d,-89,2437,6,REVRV_8366,Unknown
2025-10-20T21:20:11.070256+00:00,26.679367833333334,-81.80184933333334,06:1e:57:8e:fd:40,-90,2437,6,Newmar7226,Unknown
2025-10-20T21:20:11.070256+00:00,26.679367833333334,-81.80184933333334,00:17:1a:d6:c9:e0,-91,2437,6,Winegard2ghzD6C9DF,Unknown
2025-10-20T21:20:11.070256+00:00,26.680516666666666,-81.801845,02:8f:5a:2b:36:96,-76,2452,9,Pvt.WFR_Spruce.8727,Unknown
2025-10-20T21:20:11.070256+00:00,26.680516666666666,-81.801845,02:17:1a:c6:75:e5,-77,2452,9,Winegard2ghzC675E2,Unknown
2025-10-20T21:20:11.070256+00:00,26.680516666666666,-81.801845,06:8f:5a:2b:36:96,-79,2452,9,Newmar8727,Unknown
2025-10-20T21:20:11.070256+00:00,26.680516666666666,-81.801845,02:17:1a:c6:1c:49,-79,2462,11,Pvt.WFR_Denali.7805,Unknown
2025-10-20T21:20:11.070256+00:00,26.680516666666666,-81.801845,12:17:1a:c6:71:cc,-79,5180,37,Winegard5ghzC671CA,Unknown
2025-10-20T21:20:11.070256+00:00,26.680516666666666,-81.801845,64:cb:e9:5a:fc:06,-79,2462,11,AD_401_WIN_056905_WW-fc06,Unknown
2025-10-20T21:20:11.070256+00:00,26.680516666666666,-81.801845,c6:4f:d5:8b:f4:d9,-80,2437,6,Middleton3,Unknown
2025-10-20T21:20:11.070256+00:00,26.680516666666666,-81.801845,12:17:1a:c6:75:e4,-81,5180,37,Winegard5ghzC675E2,Unknown
2025-10-20T21:20:11.070256+00:00,26.680516666666666,-81.801845,2e:d7:5b:ba:5f:04,-83,2437,6,Sarita,Unknown
2025-10-20T21:20:11.070256+00:00,26.680516666666666,-81.801845,02:01:c3:8f:c0:fe,-84,2437,6,Pvt.WFR_Spruce.7782,Unknown
2025-10-20T21:20:11.070256+00:00,26.680516666666666,-81.801845,02:17:1a:c6:71:cd,-85,2412,1,Winegard2ghzC671CA,Unknown
2025-10-20T21:20:11.070256+00:00,26.680516666666666,-81.801845,44:ee:14:de:5c:0b,-85,2447,8,ENVOY_099579,Unknown
2025-10-20T21:20:11.070256+00:00,26.680516666666666,-81.801845,02:17:1a:c9:47:71,-86,2437,6,Winegard2ghzC9476F,Unknown
2025-10-20T21:20:11.070256+00:00,26.680516666666666,-81.801845,ee:60:34:27:c7:c5,-86,2412,1,STARLINK,Unknown
2025-10-20T21:20:11.070256+00:00,26.680516666666666,-81.801845,02:1e:57:8e:fd:40,-88,2437,6,Pvt.WFR_Spruce.7226,Unknown
2025-10-20T21:20:11.070256+00:00,26.680516666666666,-81.801845,02:17:1a:c5:b3:3d,-89,2437,6,REVRV_8366,Unknown
2025-10-20T21:20:11.070256+00:00,26.680516666666666,-81.801845,98:03:8e:ba:ed:5a,-89,2422,3,TP-Link_Extender,Unknown
2025-10-20T21:20:11.070256+00:00,26.680516666666666,-81.801845,06:1e:57:8e:fd:40,-90,2437,6,Newmar7226,Unknown
2025-10-20T21:20:11.070256+00:00,26.680516666666666,-81.801845,00:17:1a:d6:c9:e0,-91,2437,6,Winegard2ghzD6C9DF,Unknown
2025-10-20T21:20:11.070256+00:00,26.681424333333332,-81.801856,02:17:1a:c6:75:e5,-77,2452,9,Winegard2ghzC675E2,Unknown
2025-10-20T21:20:11.070256+00:00,26.681424333333332,-81.801856,02:17:1a:c6:1c:49,-79,2462,11,Pvt.WFR_Denali.7805,Unknown
2025-10-20T21:20:11.070256+00:00,26.681424333333332,-81.801856,12:17:1a:c6:71:cc,-79,5180,37,Winegard5ghzC671CA,Unknown
2025-10-20T21:20:11.070256+00:00,26.681424333333332,-81.801856,64:cb:e9:5a:fc:06,-79,2462,11,AD_401_WIN_056905_WW-fc06,Unknown
2025-10-20T21:20:11.070256+00:00,26.681424333333332,-81.801856,46:d1:fa:d2:79:b3,-79,2462,11,KING_D279B2,Unknown
2025-10-20T21:20:11.070256+00:00,26.681424333333332,-81.801856,c6:4f:d5:8b:f4:d9,-80,2437,6,Middleton3,Unknown
2025-10-20T21:20:11.070256+00:00,26.681424333333332,-81.801856,12:17:1a:c6:75:e4,-81,5180,37,Winegard5ghzC675E2,Unknown
2025-10-20T21:20:11.070256+00:00,26.681424333333332,-81.801856,2e:d7:5b:ba:5f:04,-83,2437,6,Sarita,Unknown
2025-10-20T21:20:11.070256+00:00,26.681424333333332,-81.801856,44:ee:14:de:5c:0b,-85,2447,8,ENVOY_099579,Unknown
2025-10-20T21:20:11.070256+00:00,26.681424333333332,-81.801856,10:56:ca:89:5d:ca,-85,2437,6,Airstream_Guest_A52F,Unknown
2025-10-20T21:20:11.070256+00:00,26.681424333333332,-81.801856,02:1e:57:8e:fd:40,-88,2437,6,Pvt.WFR_Spruce.7226,Unknown
2025-10-20T21:20:11.070256+00:00,26.681424333333332,-81.801856,10:56:ca:89:5d:c9,-88,2437,6,Airstream_A52F,Unknown
2025-10-20T21:20:11.070256+00:00,26.681424333333332,-81.801856,02:17:1a:c5:b3:3d,-89,2437,6,REVRV_8366,Unknown
2025-10-20T21:20:11.070256+00:00,26.681424333333332,-81.801856,98:03:8e:ba:ed:5a,-89,2422,3,TP-Link_Extender,Unknown
2025-10-20T21:20:11.070256+00:00,26.681424333333332,-81.801856,06:1e:57:8e:fd:40,-90,2437,6,Newmar7226,Unknown
2025-10-20T21:20:11.070256+00:00,26.681424333333332,-81.801856,00:17:1a:d6:c9:e0,-91,2437,6,Winegard2ghzD6C9DF,Unknown
2025-10-20T21:20:11.070256+00:00,26.681712333333333,-81.80188016666666,64:cb:e9:5a:fc:06,-79,2462,11,AD_401_WIN_056905_WW-fc06,Unknown
2025-10-20T21:20:11.070256+00:00,26.681712333333333,-81.80188016666666,46:d1:fa:d2:79:b3,-79,2462,11,KING_D279B2,Unknown
2025-10-20T21:20:11.070256+00:00,26.681712333333333,-81.80188016666666,c6:4f:d5:8b:f4:d9,-80,2437,6,Middleton3,Unknown
2025-10-20T21:20:11.070256+00:00,26.681712333333333,-81.80188016666666,22:fc:58:26:64:17,-82,2412,1,Atlas,Unknown
2025-10-20T21:20:11.070256+00:00,26.681712333333333,-81.80188016666666,2e:d7:5b:ba:5f:04,-83,2437,6,Sarita,Unknown
2025-10-20T21:20:11.070256+00:00,26.681712333333333,-81.80188016666666,44:ee:14:de:5c:0b,-85,2447,8,ENVOY_099579,Unknown
2025-10-20T21:20:11.070256+00:00,26.681712333333333,-81.80188016666666,10:56:ca:89:5d:ca,-85,2437,6,Airstream_Guest_A52F,Unknown
2025-10-20T21:20:11.070256+00:00,26.681712333333333,-81.80188016666666,10:56:ca:89:5d:c9,-88,2437,6,Airstream_A52F,Unknown
2025-10-20T21:20:11.070256+00:00,26.681712333333333,-81.80188016666666,98:03:8e:ba:ed:5a,-89,2422,3,TP-Link_Extender,Unknown
2025-10-20T21:21:51.066400+00:00,26.682227833333332,-81.8019375,d4:68:4d:21:01:28,-75,2462,11,easylinx241,Unknown
2025-10-20T21:21:51.066400+00:00,26.682227833333332,-81.8019375,46:d1:fa:d2:79:b3,-79,2462,11,KING_D279B2,Unknown
2025-10-20T21:21:51.066400+00:00,26.682227833333332,-81.8019375,10:56:ca:89:5d:ca,-81,2437,6,Airstream_Guest_A52F,Unknown
2025-10-20T21:21:51.066400+00:00,26.682227833333332,-81.8019375,10:56:ca:89:5d:c9,-82,2437,6,Airstream_A52F,Unknown
2025-10-20T21:21:51.066400+00:00,26.682227833333332,-81.8019375,22:fc:58:26:64:17,-82,2412,1,Atlas,Unknown
2025-10-20T21:21:51.066400+00:00,26.682227833333332,-81.8019375,88:ad:43:cc:ca:28,-84,2462,11,MetroPCS,Unknown
2025-10-20T21:21:51.066400+00:00,26.682227833333332,-81.8019375,88:ad:43:cc:ca:30,-84,5220,45,MetroPCS,Unknown
2025-10-20T21:21:51.066400+00:00,26.682227833333332,-81.8019375,92:ad:43:cc:ca:30,-85,5220,45,xfinitywifi,Unknown
2025-10-20T21:21:51.066400+00:00,26.682227833333332,-81.8019375,8e:ad:43:cc:ca:30,-85,5220,45,Xfinity Mobile,Unknown
2025-10-20T21:21:51.066400+00:00,26.682227833333332,-81.8019375,4a:bd:ce:d9:9e:37,-88,5785,158,weldcat996,Unknown
2025-10-20T21:21:51.066400+00:00,26.682227833333332,-81.8019375,4a:bd:ce:d9:9e:31,-89,5785,158,xfinitywifi,Unknown
2025-10-20T21:21:51.066400+00:00,26.682764333333335,-81.80098516666666,22:fc:58:26:64:17,-68,2412,1,Atlas,Unknown
2025-10-20T21:21:51.066400+00:00,26.682764333333335,-81.80098516666666,7e:ff:f1:2a:71:f2,-68,2462,11,STARLINK,Unknown
2025-10-20T21:21:51.066400+00:00,26.682764333333335,-81.80098516666666,7e:ff:f1:4a:71:f2,-71,5765,154,STARLINK,Unknown
2025-10-20T21:21:51.066400+00:00,26.682764333333335,-81.80098516666666,d4:68:4d:21:01:28,-75,2462,11,easylinx241,Unknown
2025-10-20T21:21:51.066400+00:00,26.682764333333335,-81.80098516666666,22:8d:ea:23:b8:8a,-75,2462,11,Dueker StarLink,Unknown
2025-10-20T21:21:51.066400+00:00,26.682764333333335,-81.80098516666666,22:fc:58:46:64:17,-78,5765,154,Atlas,Unknown
2025-10-20T21:21:51.066400+00:00,26.682764333333335,-81.80098516666666,7e:ff:f1:3a:71:f2,-78,5200,41,STARLINK,Unknown
2025-10-20T21:21:51.066400+00:00,26.682764333333335,-81.80098516666666,22:8d:ea:33:b8:8a,-79,5240,49,Dueker StarLink,Unknown
2025-10-20T21:21:51.066400+00:00,26.682764333333335,-81.80098516666666,10:56:ca:89:5d:ca,-81,2437,6,Airstream_Guest_A52F,Unknown
2025-10-20T21:21:51.066400+00:00,26.682764333333335,-81.80098516666666,10:56:ca:89:5d:c9,-82,2437,6,Airstream_A52F,Unknown
2025-10-20T21:21:51.066400+00:00,26.682764333333335,-81.80098516666666,88:ad:43:cc:ca:28,-84,2462,11,MetroPCS,Unknown
2025-10-20T21:21:51.066400+00:00,26.682764333333335,-81.80098516666666,88:ad:43:cc:ca:30,-84,5220,45,MetroPCS,Unknown
2025-10-20T21:21:51.066400+00:00,26.682764333333335,-81.80098516666666,46:d1:fa:d2:79:b3,-85,2462,11,KING_D279B2,Unknown
2025-10-20T21:21:51.066400+00:00,26.682764333333335,-81.80098516666666,92:ad:43:cc:ca:30,-85,5220,45,xfinitywifi,Unknown
2025-10-20T21:21:51.066400+00:00,26.682764333333335,-81.80098516666666,8e:ad:43:cc:ca:30,-85,5220,45,Xfinity Mobile,Unknown
2025-10-20T21:21:51.066400+00:00,26.682764333333335,-81.80098516666666,4a:bd:ce:d9:9e:37,-88,5785,158,weldcat996,Unknown
2025-10-20T21:21:51.066400+00:00,26.682764333333335,-81.80098516666666,4a:bd:ce:d9:9e:31,-89,5785,158,xfinitywifi,Unknown
2025-10-20T21:21:51.066400+00:00,26.683269166666665,-81.800165,22:fc:58:26:64:17,-68,2412,1,Atlas,Unknown
2025-10-20T21:21:51.066400+00:00,26.683269166666665,-81.800165,7e:ff:f1:2a:71:f2,-68,2462,11,STARLINK,Unknown
2025-10-20T21:21:51.066400+00:00,26.683269166666665,-81.800165,7e:ff:f1:4a:71:f2,-71,5765,154,STARLINK,Unknown
2025-10-20T21:21:51.066400+00:00,26.683269166666665,-81.800165,d4:68:4d:21:01:28,-75,2462,11,easylinx241,Unknown
2025-10-20T21:21:51.066400+00:00,26.683269166666665,-81.800165,22:fc:58:46:64:17,-78,5765,154,Atlas,Unknown
2025-10-20T21:21:51.066400+00:00,26.683269166666665,-81.800165,7e:ff:f1:3a:71:f2,-78,5200,41,STARLINK,Unknown
2025-10-20T21:21:51.066400+00:00,26.683269166666665,-81.800165,22:8d:ea:33:b8:8a,-79,5240,49,Dueker StarLink,Unknown
2025-10-20T21:21:51.066400+00:00,26.683269166666665,-81.800165,10:56:ca:89:5d:ca,-81,2437,6,Airstream_Guest_A52F,Unknown
2025-10-20T21:21:51.066400+00:00,26.683269166666665,-81.800165,10:56:ca:89:5d:c9,-82,2437,6,Airstream_A52F,Unknown
2025-10-20T21:21:51.066400+00:00,26.683269166666665,-81.800165,02:6a:e3:72:d4:6d,-83,2462,11,CenturyLink8194,Unknown
2025-10-20T21:21:51.066400+00:00,26.683269166666665,-81.800165,88:ad:43:cc:ca:28,-84,2462,11,MetroPCS,Unknown
2025-10-20T21:21:51.066400+00:00,26.683269166666665,-81.800165,88:ad:43:cc:ca:30,-84,5220,45,MetroPCS,Unknown
2025-10-20T21:21:51.066400+00:00,26.683269166666665,-81.800165,46:d1:fa:d2:79:b3,-85,2462,11,KING_D279B2,Unknown
2025-10-20T21:21:51.066400+00:00,26.683269166666665,-81.800165,92:ad:43:cc:ca:30,-85,5220,45,xfinitywifi,Unknown
2025-10-20T21:21:51.066400+00:00,26.683269166666665,-81.800165,8e:ad:43:cc:ca:30,-85,5220,45,Xfinity Mobile,Unknown
2025-10-20T21:21:51.066400+00:00,26.683269166666665,-81.800165,22:8d:ea:23:b8:8a,-86,2462,11,Dueker StarLink,Unknown
2025-10-20T21:21:51.066400+00:00,26.683269166666665,-81.800165,4a:bd:ce:d9:9e:37,-88,5785,158,weldcat996,Unknown
2025-10-20T21:21:51.066400+00:00,26.683269166666665,-81.800165,4a:bd:ce:d9:9e:31,-89,5785,158,xfinitywifi,Unknown
2025-10-20T21:21:51.066400+00:00,26.683729666666668,-81.79931683333334,22:fc:58:26:64:17,-68,2412,1,Atlas,Unknown
2025-10-20T21:21:51.066400+00:00,26.683729666666668,-81.79931683333334,7e:ff:f1:2a:71:f2,-68,2462,11,STARLINK,Unknown
2025-10-20T21:21:51.066400+00:00,26.683729666666668,-81.79931683333334,7e:ff:f1:4a:71:f2,-71,5765,154,STARLINK,Unknown
2025-10-20T21:21:51.066400+00:00,26.683729666666668,-81.79931683333334,d4:68:4d:21:01:28,-75,2462,11,easylinx241,Unknown
2025-10-20T21:21:51.066400+00:00,26.683729666666668,-81.79931683333334,22:fc:58:46:64:17,-78,5765,154,Atlas,Unknown
2025-10-20T21:21:51.066400+00:00,26.683729666666668,-81.79931683333334,7e:ff:f1:3a:71:f2,-78,5200,41,STARLINK,Unknown
2025-10-20T21:21:51.066400+00:00,26.683729666666668,-81.79931683333334,22:8d:ea:33:b8:8a,-79,5240,49,Dueker StarLink,Unknown
2025-10-20T21:21:51.066400+00:00,26.683729666666668,-81.79931683333334,d0:c3:5a:13:26:de,-81,5805,162,HotspotNZjX,Unknown
2025-10-20T21:21:51.066400+00:00,26.683729666666668,-81.79931683333334,40:45:da:3e:11:ac,-82,5180,37,CarLinkAP828,Unknown
2025-10-20T21:21:51.066400+00:00,26.683729666666668,-81.79931683333334,32:b4:b8:28:fd:2b,-84,2437,6,My VW 3862,Unknown
2025-10-20T21:21:51.066400+00:00,26.683729666666668,-81.79931683333334,46:d1:fa:d2:79:b3,-85,2462,11,KING_D279B2,Unknown
2025-10-20T21:21:51.066400+00:00,26.683729666666668,-81.79931683333334,22:8d:ea:23:b8:8a,-86,2462,11,Dueker StarLink,Unknown
2025-10-20T21:21:51.066400+00:00,26.683729666666668,-81.79931683333334,26:7c:46:a7:7c:ae,-86,5745,150,PROJa77cae,Unknown
2025-10-20T21:21:51.066400+00:00,26.683729666666668,-81.79931683333334,4a:bd:ce:d9:9e:37,-88,5785,158,weldcat996,Unknown
2025-10-20T21:21:51.066400+00:00,26.683729666666668,-81.79931683333334,02:6a:e3:72:d4:6d,-88,2462,11,CenturyLink8194,Unknown
2025-10-20T21:21:51.066400+00:00,26.683729666666668,-81.79931683333334,4a:bd:ce:d9:9e:31,-89,5785,158,xfinitywifi,Unknown
2025-10-20T21:22:28.771683+00:00,26.6843235,-81.798241,22:fc:58:26:64:17,-68,2412,1,Atlas,Unknown
2025-10-20T21:22:28.771683+00:00,26.6843235,-81.798241,7e:ff:f1:2a:71:f2,-68,2462,11,STARLINK,Unknown
2025-10-20T21:22:28.771683+00:00,26.6843235,-81.798241,7e:ff:f1:4a:71:f2,-71,5765,154,STARLINK,Unknown
2025-10-20T21:22:28.771683+00:00,26.6843235,-81.798241,e2:a1:a1:dd:07:bc,-75,2437,6,\x00\x00\x00\x00\x00\x00\x00\x00\x00\x00\x00\x00\x00\x00\x00,Unknown
2025-10-20T21:22:28.771683+00:00,26.6843235,-81.798241,7c:fc:3c:b5:68:9f,-76,5765,154,HotspotwhLY,Unknown
2025-10-20T21:22:28.771683+00:00,26.6843235,-81.798241,22:fc:58:46:64:17,-78,5765,154,Atlas,Unknown
2025-10-20T21:22:28.771683+00:00,26.6843235,-81.798241,7e:ff:f1:3a:71:f2,-78,5200,41,STARLINK,Unknown
2025-10-20T21:22:28.771683+00:00,26.6843235,-81.798241,d6:26:a4:51:03:f9,-78,2437,6,Audi_MMI_8123,Unknown
2025-10-20T21:22:28.771683+00:00,26.6843235,-81.798241,22:8d:ea:33:b8:8a,-79,5240,49,Dueker StarLink,Unknown
2025-10-20T21:22:28.771683+00:00,26.6843235,-81.798241,d0:c3:5a:13:26:de,-81,5805,162,HotspotNZjX,Unknown
2025-10-20T21:22:28.771683+00:00,26.6843235,-81.798241,7c:0c:f6:0b:59:3a,-81,2437,6,Dash-7440,Unknown
2025-10-20T21:22:28.771683+00:00,26.6843235,-81.798241,40:45:da:3e:11:ac,-82,5180,37,CarLinkAP828,Unknown
2025-10-20T21:22:28.771683+00:00,26.6843235,-81.798241,00:54:af:aa:fc:69,-82,2412,1,HotspotFC69,Unknown
2025-10-20T21:22:28.771683+00:00,26.6843235,-81.798241,ce:57:63:f1:a1:d1,-83,5745,150,Car-a1d1,Unknown
2025-10-20T21:22:28.771683+00:00,26.6843235,-81.798241,32:b4:b8:28:fd:2b,-84,2437,6,My VW 3862,Unknown
2025-10-20T21:22:28.771683+00:00,26.6843235,-81.798241,46:d1:fa:d2:79:b3,-85,2462,11,KING_D279B2,Unknown
2025-10-20T21:22:28.771683+00:00,26.6843235,-81.798241,8e:53:e6:01:0f:27,-85,2442,7,myGMC 0F27,Unknown
2025-10-20T21:22:28.771683+00:00,26.6843235,-81.798241,22:8d:ea:23:b8:8a,-86,2462,11,Dueker StarLink,Unknown
2025-10-20T21:22:28.771683+00:00,26.6843235,-81.798241,26:7c:46:a7:7c:ae,-86,5745,150,PROJa77cae,Unknown
2025-10-20T21:22:28.771683+00:00,26.6843235,-81.798241,c4:a8:28:24:55:c8,-87,2462,11,864993060127918,Unknown
2025-10-20T21:22:28.771683+00:00,26.6843235,-81.798241,02:6a:e3:72:d4:6d,-88,2462,11,CenturyLink8194,Unknown
2025-10-20T21:22:28.771683+00:00,26.6843235,-81.798241,f8:55:cd:e9:38:65,-88,2437,6,HotspotiCQg,Unknown
2025-10-20T21:22:28.771683+00:00,26.6843235,-81.798241,00:08:22:56:4c:79,-92,5765,154,AndroidAP_5392,Unknown
2025-10-20T21:22:28.771683+00:00,26.684334,-81.79822366666667,40:45:da:3e:11:ac,-70,5180,37,CarLinkAP828,Unknown
2025-10-20T21:22:28.771683+00:00,26.684334,-81.79822366666667,e2:a1:a1:dd:07:bc,-75,2437,6,\x00\x00\x00\x00\x00\x00\x00\x00\x00\x00\x00\x00\x00\x00\x00,Unknown
2025-10-20T21:22:28.771683+00:00,26.684334,-81.79822366666667,7c:fc:3c:b5:68:9f,-76,5765,154,HotspotwhLY,Unknown
2025-10-20T21:22:28.771683+00:00,26.684334,-81.79822366666667,d6:26:a4:51:03:f9,-78,2437,6,Audi_MMI_8123,Unknown
2025-10-20T21:22:28.771683+00:00,26.684334,-81.79822366666667,d0:c3:5a:13:26:de,-81,5805,162,HotspotNZjX,Unknown
2025-10-20T21:22:28.771683+00:00,26.684334,-81.79822366666667,7c:0c:f6:0b:59:3a,-81,2437,6,Dash-7440,Unknown
2025-10-20T21:22:28.771683+00:00,26.684334,-81.79822366666667,5a:e4:03:03:41:9a,-81,2442,7,myGMC 419A,Unknown
2025-10-20T21:22:28.771683+00:00,26.684334,-81.79822366666667,00:54:af:aa:fc:69,-82,2412,1,HotspotFC69,Unknown
2025-10-20T21:22:28.771683+00:00,26.684334,-81.79822366666667,ce:57:63:f1:a1:d1,-83,5745,150,Car-a1d1,Unknown
2025-10-20T21:22:28.771683+00:00,26.684334,-81.79822366666667,32:b4:b8:28:fd:2b,-84,2437,6,My VW 3862,Unknown
2025-10-20T21:22:28.771683+00:00,26.684334,-81.79822366666667,12:e8:a7:c2:d9:4e,-84,2442,7,BrianWiFi,Unknown
2025-10-20T21:22:28.771683+00:00,26.684334,-81.79822366666667,8e:53:e6:01:0f:27,-85,2442,7,myGMC 0F27,Unknown
2025-10-20T21:22:28.771683+00:00,26.684334,-81.79822366666667,22:8d:ea:23:b8:8a,-86,2462,11,Dueker StarLink,Unknown
2025-10-20T21:22:28.771683+00:00,26.684334,-81.79822366666667,26:7c:46:a7:7c:ae,-86,5745,150,PROJa77cae,Unknown
2025-10-20T21:22:28.771683+00:00,26.684334,-81.79822366666667,f8:96:fe:57:d7:83,-86,2437,6,myGMC7714,Unknown
2025-10-20T21:22:28.771683+00:00,26.684334,-81.79822366666667,c4:a8:28:24:55:c8,-87,2462,11,864993060127918,Unknown
2025-10-20T21:22:28.771683+00:00,26.684334,-81.79822366666667,02:6a:e3:72:d4:6d,-88,2462,11,CenturyLink8194,Unknown
2025-10-20T21:22:28.771683+00:00,26.684334,-81.79822366666667,f8:55:cd:e9:38:65,-88,2437,6,HotspotiCQg,Unknown
2025-10-20T21:22:28.771683+00:00,26.684334,-81.79822366666667,2e:dc:ad:be:49:5b,-91,2412,1,myChevrolet,Unknown
2025-10-20T21:22:28.771683+00:00,26.684334,-81.79822366666667,00:08:22:56:4c:79,-92,5765,154,AndroidAP_5392,Unknown
2025-10-20T21:22:28.771683+00:00,26.684343166666668,-81.79821033333333,40:45:da:3e:11:ac,-70,5180,37,CarLinkAP828,Unknown
2025-10-20T21:22:28.771683+00:00,26.684343166666668,-81.79821033333333,02:24:a5:55:35:64,-70,2412,1,myChevrolet,Unknown
2025-10-20T21:22:28.771683+00:00,26.684343166666668,-81.79821033333333,e2:a1:a1:dd:07:bc,-75,2437,6,\x00\x00\x00\x00\x00\x00\x00\x00\x00\x00\x00\x00\x00\x00\x00,Unknown
2025-10-20T21:22:28.771683+00:00,26.684343166666668,-81.79821033333333,7c:fc:3c:b5:68:9f,-76,5765,154,HotspotwhLY,Unknown
2025-10-20T21:22:28.771683+00:00,26.684343166666668,-81.79821033333333,d6:26:a4:51:03:f9,-78,2437,6,Audi_MMI_8123,Unknown
2025-10-20T21:22:28.771683+00:00,26.684343166666668,-81.79821033333333,d0:c3:5a:13:26:de,-81,5805,162,HotspotNZjX,Unknown
2025-10-20T21:22:28.771683+00:00,26.684343166666668,-81.79821033333333,7c:0c:f6:0b:59:3a,-81,2437,6,Dash-7440,Unknown
2025-10-20T21:22:28.771683+00:00,26.684343166666668,-81.79821033333333,5a:e4:03:03:41:9a,-81,2442,7,myGMC 419A,Unknown
2025-10-20T21:22:28.771683+00:00,26.684343166666668,-81.79821033333333,00:54:af:aa:fc:69,-82,2412,1,HotspotFC69,Unknown
2025-10-20T21:22:28.771683+00:00,26.684343166666668,-81.79821033333333,ce:57:63:f1:a1:d1,-83,5745,150,Car-a1d1,Unknown
2025-10-20T21:22:28.771683+00:00,26.684343166666668,-81.79821033333333,32:b4:b8:28:fd:2b,-84,2437,6,My VW 3862,Unknown
2025-10-20T21:22:28.771683+00:00,26.684343166666668,-81.79821033333333,12:e8:a7:c2:d9:4e,-84,2442,7,BrianWiFi,Unknown
2025-10-20T21:22:28.771683+00:00,26.684343166666668,-81.79821033333333,8e:53:e6:01:0f:27,-85,2442,7,myGMC 0F27,Unknown
2025-10-20T21:22:28.771683+00:00,26.684343166666668,-81.79821033333333,26:7c:46:a7:7c:ae,-86,5745,150,PROJa77cae,Unknown
2025-10-20T21:22:28.771683+00:00,26.684343166666668,-81.79821033333333,02:49:a5:55:35:64,-86,5220,45,myChevrolet,Unknown
2025-10-20T21:22:28.771683+00:00,26.684343166666668,-81.79821033333333,c4:a8:28:24:55:c8,-87,2462,11,864993060127918,Unknown
2025-10-20T21:22:28.771683+00:00,26.684343166666668,-81.79821033333333,02:6a:e3:72:d4:6d,-88,2462,11,CenturyLink8194,Unknown
2025-10-20T21:22:28.771683+00:00,26.684343166666668,-81.79821033333333,f8:55:cd:e9:38:65,-88,2437,6,HotspotiCQg,Unknown
2025-10-20T21:22:28.771683+00:00,26.684343166666668,-81.79821033333333,2e:dc:ad:be:49:5b,-91,2412,1,myChevrolet,Unknown
2025-10-20T21:22:28.771683+00:00,26.684343166666668,-81.79821033333333,f8:96:fe:57:d7:83,-91,2437,6,myGMC7714,Unknown
2025-10-20T21:22:28.771683+00:00,26.684343166666668,-81.79821033333333,b2:00:73:ce:4c:e9,-91,2462,11,DIRECT-BMW 80956,Unknown
2025-10-20T21:22:28.771683+00:00,26.684343166666668,-81.79821033333333,00:08:22:56:4c:79,-92,5765,154,AndroidAP_5392,Unknown
2025-10-20T21:22:28.771683+00:00,26.684352166666667,-81.79820033333333,40:45:da:3e:11:ac,-70,5180,37,CarLinkAP828,Unknown
2025-10-20T21:22:28.771683+00:00,26.684352166666667,-81.79820033333333,e2:a1:a1:dd:07:bc,-75,2437,6,\x00\x00\x00\x00\x00\x00\x00\x00\x00\x00\x00\x00\x00\x00\x00,Unknown
2025-10-20T21:22:28.771683+00:00,26.684352166666667,-81.79820033333333,7c:fc:3c:b5:68:9f,-76,5765,154,HotspotwhLY,Unknown
2025-10-20T21:22:28.771683+00:00,26.684352166666667,-81.79820033333333,d6:26:a4:51:03:f9,-78,2437,6,Audi_MMI_8123,Unknown
2025-10-20T21:22:28.771683+00:00,26.684352166666667,-81.79820033333333,7c:0c:f6:0b:59:3a,-81,2437,6,Dash-7440,Unknown
2025-10-20T21:22:28.771683+00:00,26.684352166666667,-81.79820033333333,5a:e4:03:03:41:9a,-81,2442,7,myGMC 419A,Unknown
2025-10-20T21:22:28.771683+00:00,26.684352166666667,-81.79820033333333,00:54:af:aa:fc:69,-82,2412,1,HotspotFC69,Unknown
2025-10-20T21:22:28.771683+00:00,26.684352166666667,-81.79820033333333,ce:57:63:f1:a1:d1,-83,5745,150,Car-a1d1,Unknown
2025-10-20T21:22:28.771683+00:00,26.684352166666667,-81.79820033333333,12:e8:a7:c2:d9:4e,-84,2442,7,BrianWiFi,Unknown
2025-10-20T21:22:28.771683+00:00,26.684352166666667,-81.79820033333333,8e:53:e6:01:0f:27,-85,2442,7,myGMC 0F27,Unknown
2025-10-20T21:22:28.771683+00:00,26.684352166666667,-81.79820033333333,02:24:a5:55:35:64,-86,2412,1,myChevrolet,Unknown
2025-10-20T21:22:28.771683+00:00,26.684352166666667,-81.79820033333333,02:49:a5:55:35:64,-86,5220,45,myChevrolet,Unknown
2025-10-20T21:22:28.771683+00:00,26.684352166666667,-81.79820033333333,c4:a8:28:24:55:c8,-87,2462,11,864993060127918,Unknown
2025-10-20T21:22:28.771683+00:00,26.684352166666667,-81.79820033333333,f8:55:cd:e9:38:65,-88,2437,6,HotspotiCQg,Unknown
2025-10-20T21:22:28.771683+00:00,26.684352166666667,-81.79820033333333,2e:dc:ad:be:49:5b,-91,2412,1,myChevrolet,Unknown
2025-10-20T21:22:28.771683+00:00,26.684352166666667,-81.79820033333333,f8:96:fe:57:d7:83,-91,2437,6,myGMC7714,Unknown
2025-10-20T21:22:28.771683+00:00,26.684352166666667,-81.79820033333333,b2:00:73:ce:4c:e9,-91,2462,11,DIRECT-BMW 80956,Unknown
2025-10-20T21:22:28.771683+00:00,26.684352166666667,-81.79820033333333,00:08:22:56:4c:79,-92,5765,154,AndroidAP_5392,Unknown
2025-10-20T21:23:04.070219+00:00,26.684503833333334,-81.798024,f8:55:cd:e9:38:65,-70,2437,6,HotspotiCQg,Unknown
2025-10-20T21:23:04.070219+00:00,26.684503833333334,-81.798024,2e:dc:ad:be:49:5b,-79,2412,1,myChevrolet,Unknown
2025-10-20T21:23:04.070219+00:00,26.684503833333334,-81.798024,02:24:a5:4c:28:2e,-82,2412,1,myChevrolet1888,Unknown
2025-10-20T21:23:04.070219+00:00,26.684503833333334,-81.798024,02:24:a5:55:35:64,-86,2412,1,myChevrolet,Unknown
2025-10-20T21:23:04.070219+00:00,26.684503833333334,-81.798024,02:49:a5:55:35:64,-86,5220,45,myChevrolet,Unknown
2025-10-20T21:23:04.070219+00:00,26.684503833333334,-81.798024,d0:c3:5a:0f:8a:64,-87,5785,158,HotspotZmLh,Unknown
2025-10-20T21:23:04.070219+00:00,26.684503833333334,-81.798024,26:7c:46:8c:8e:91,-89,5745,150,PROJ8c8e91,Unknown
2025-10-20T21:23:04.070219+00:00,26.684503833333334,-81.798024,c4:f8:39:0c:60:71,-90,2437,6,MyVolvoaHXYa6,Unknown
2025-10-20T21:23:04.070219+00:00,26.684503833333334,-81.798024,f8:96:fe:57:d7:83,-91,2437,6,myGMC7714,Unknown
2025-10-20T21:23:04.070219+00:00,26.684503833333334,-81.798024,b2:00:73:ce:4c:e9,-91,2462,11,DIRECT-BMW 80956,Unknown
2025-10-20T21:23:04.070219+00:00,26.6856575,-81.798144,f8:55:cd:e9:38:65,-70,2437,6,HotspotiCQg,Unknown
2025-10-20T21:23:04.070219+00:00,26.6856575,-81.798144,2e:dc:ad:be:49:5b,-79,2412,1,myChevrolet,Unknown
2025-10-20T21:23:04.070219+00:00,26.6856575,-81.798144,02:24:a5:4c:28:2e,-82,2412,1,myChevrolet1888,Unknown
2025-10-20T21:23:04.070219+00:00,26.6856575,-81.798144,02:24:a5:55:35:64,-86,2412,1,myChevrolet,Unknown
2025-10-20T21:23:04.070219+00:00,26.6856575,-81.798144,d0:c3:5a:0f:8a:64,-87,5785,158,HotspotZmLh,Unknown
2025-10-20T21:23:04.070219+00:00,26.6856575,-81.798144,26:7c:46:8c:8e:91,-89,5745,150,PROJ8c8e91,Unknown
2025-10-20T21:23:04.070219+00:00,26.6856575,-81.798144,c4:f8:39:0c:60:71,-90,2437,6,MyVolvoaHXYa6,Unknown
2025-10-20T21:23:04.070219+00:00,26.687089666666665,-81.79837716666667,f8:55:cd:e9:38:65,-70,2437,6,HotspotiCQg,Unknown
2025-10-20T21:23:04.070219+00:00,26.687089666666665,-81.79837716666667,2e:dc:ad:be:49:5b,-79,2412,1,myChevrolet,Unknown
2025-10-20T21:23:04.070219+00:00,26.687089666666665,-81.79837716666667,02:24:a5:4c:28:2e,-82,2412,1,myChevrolet1888,Unknown
2025-10-20T21:23:04.070219+00:00,26.687089666666665,-81.79837716666667,d0:c3:5a:0f:8a:64,-87,5785,158,HotspotZmLh,Unknown
2025-10-20T21:23:04.070219+00:00,26.687089666666665,-81.79837716666667,ba:9f:09:93:6f:64,-87,2462,11,myChevrolet,Unknown
2025-10-20T21:23:04.070219+00:00,26.687089666666665,-81.79837716666667,26:7c:46:8c:8e:91,-89,5745,150,PROJ8c8e91,Unknown
2025-10-20T21:23:04.070219+00:00,26.687089666666665,-81.79837716666667,c4:f8:39:0c:60:71,-90,2437,6,MyVolvoaHXYa6,Unknown
2025-10-20T21:23:04.070219+00:00,26.687089666666665,-81.79837716666667,d0:c3:5a:01:22:a7,-90,5785,158,Hotspot8cmK,Unknown
2025-10-20T21:23:04.070219+00:00,26.6887775,-81.79856366666667,f8:55:cd:e9:38:65,-70,2437,6,HotspotiCQg,Unknown
2025-10-20T21:23:04.070219+00:00,26.6887775,-81.79856366666667,2e:dc:ad:be:49:5b,-79,2412,1,myChevrolet,Unknown
2025-10-20T21:23:04.070219+00:00,26.6887775,-81.79856366666667,ce:22:26:ee:de:d6,-79,2412,1,myChevrolet,Unknown
2025-10-20T21:23:04.070219+00:00,26.6887775,-81.79856366666667,02:24:a5:4c:28:2e,-82,2412,1,myChevrolet1888,Unknown
2025-10-20T21:23:04.070219+00:00,26.6887775,-81.79856366666667,d0:c3:5a:0f:8a:64,-87,5785,158,HotspotZmLh,Unknown
2025-10-20T21:23:04.070219+00:00,26.6887775,-81.79856366666667,ba:9f:09:93:6f:64,-87,2462,11,myChevrolet,Unknown
2025-10-20T21:23:04.070219+00:00,26.6887775,-81.79856366666667,26:7c:46:8c:8e:91,-89,5745,150,PROJ8c8e91,Unknown
2025-10-20T21:23:04.070219+00:00,26.6887775,-81.79856366666667,c4:f8:39:0c:60:71,-90,2437,6,MyVolvoaHXYa6,Unknown
2025-10-20T21:23:04.070219+00:00,26.6887775,-81.79856366666667,d0:c3:5a:01:22:a7,-90,5785,158,Hotspot8cmK,Unknown
2025-10-20T21:23:42.666338+00:00,26.692621166666665,-81.79863533333334,ce:22:26:ee:de:d6,-79,2412,1,myChevrolet,Unknown
2025-10-20T21:23:42.666338+00:00,26.692621166666665,-81.79863533333334,ba:9f:09:93:6f:64,-87,2462,11,myChevrolet,Unknown
2025-10-20T21:23:42.666338+00:00,26.692621166666665,-81.79863533333334,d0:c3:5a:01:22:a7,-90,5785,158,Hotspot8cmK,Unknown
2025-10-20T21:23:42.666338+00:00,26.694583666666666,-81.79868183333333,ce:22:26:ee:de:d6,-79,2412,1,myChevrolet,Unknown
2025-10-20T21:23:42.666338+00:00,26.694583666666666,-81.79868183333333,6a:4e:32:19:96:39,-81,2462,11,Verizon-SM-A546V-0F14,Unknown
2025-10-20T21:23:42.666338+00:00,26.694583666666666,-81.79868183333333,d0:c3:5a:13:d6:d5,-84,5805,162,HotspotZq9Z,Unknown
2025-10-20T21:23:42.666338+00:00,26.694583666666666,-81.79868183333333,ba:9f:09:93:6f:64,-87,2462,11,myChevrolet,Unknown
2025-10-20T21:23:42.666338+00:00,26.694583666666666,-81.79868183333333,26:7c:46:ab:2b:be,-87,5745,150,PROJab2bbe,Unknown
2025-10-20T21:23:42.666338+00:00,26.694583666666666,-81.79868183333333,38:f8:f6:6a:23:08,-88,2462,11,ORH-308,Unknown
2025-10-20T21:23:42.666338+00:00,26.694583666666666,-81.79868183333333,38:f8:f6:6a:27:08,-88,2462,11,ORH-209,Unknown
2025-10-20T21:23:42.666338+00:00,26.694583666666666,-81.79868183333333,d0:c3:5a:01:22:a7,-90,5785,158,Hotspot8cmK,Unknown
2025-10-20T21:23:42.666338+00:00,26.6970915,-81.79904166666667,ce:22:26:ee:de:d6,-79,2412,1,myChevrolet,Unknown
2025-10-20T21:23:42.666338+00:00,26.6970915,-81.79904166666667,6a:4e:32:19:96:39,-81,2462,11,Verizon-SM-A546V-0F14,Unknown
2025-10-20T21:23:42.666338+00:00,26.6970915,-81.79904166666667,f4:ca:e7:78:75:6f,-83,2437,6,Verizon_7DPB6F,Unknown
2025-10-20T21:23:42.666338+00:00,26.6970915,-81.79904166666667,d0:c3:5a:13:d6:d5,-84,5805,162,HotspotZq9Z,Unknown
2025-10-20T21:23:42.666338+00:00,26.6970915,-81.79904166666667,26:7c:46:ab:2b:be,-87,5745,150,PROJab2bbe,Unknown
2025-10-20T21:23:42.666338+00:00,26.6970915,-81.79904166666667,38:f8:f6:6a:23:08,-88,2462,11,ORH-308,Unknown
2025-10-20T21:23:42.666338+00:00,26.6970915,-81.79904166666667,38:f8:f6:6a:27:08,-88,2462,11,ORH-209,Unknown
2025-10-20T21:23:42.666338+00:00,26.6993285,-81.79975833333333,6a:4e:32:19:96:39,-81,2462,11,Verizon-SM-A546V-0F14,Unknown
2025-10-20T21:23:42.666338+00:00,26.6993285,-81.79975833333333,f4:ca:e7:78:75:6f,-83,2437,6,Verizon_7DPB6F,Unknown
2025-10-20T21:23:42.666338+00:00,26.6993285,-81.79975833333333,d0:c3:5a:13:d6:d5,-84,5805,162,HotspotZq9Z,Unknown
2025-10-20T21:23:42.666338+00:00,26.6993285,-81.79975833333333,26:7c:46:ab:2b:be,-87,5745,150,PROJab2bbe,Unknown
2025-10-20T21:23:42.666338+00:00,26.6993285,-81.79975833333333,38:f8:f6:6a:23:08,-88,2462,11,ORH-308,Unknown
2025-10-20T21:23:42.666338+00:00,26.6993285,-81.79975833333333,38:f8:f6:6a:27:08,-88,2462,11,ORH-209,Unknown
2025-10-20T21:24:20.069818+00:00,26.702821166666666,-81.80178216666667,f4:ca:e7:78:75:6f,-83,2437,6,Verizon_7DPB6F,Unknown
2025-10-20T21:24:20.069818+00:00,26.702821166666666,-81.80178216666667,f8:55:cd:f0:c2:49,-83,5805,162,HotspotSmgK,Unknown
2025-10-20T21:24:20.069818+00:00,26.704243166666668,-81.80290283333333,f8:55:cd:f0:c2:49,-83,5805,162,HotspotSmgK,Unknown
2025-10-20T21:24:20.069818+00:00,26.705819666666667,-81.80414983333333,84:70:51:3f:ec:34,-82,2452,9,MXDGUJ,Unknown
2025-10-20T21:24:20.069818+00:00,26.705819666666667,-81.80414983333333,f8:55:cd:f0:c2:49,-83,5805,162,HotspotSmgK,Unknown
2025-10-20T21:24:20.069818+00:00,26.706667,-81.80481983333334,ec:d9:09:35:b8:5b,-79,2437,6,TOYOTA Camry-2.4g_35b85b,Unknown
2025-10-20T21:24:20.069818+00:00,26.706667,-81.80481983333334,f8:55:cd:f0:c2:49,-83,5805,162,HotspotSmgK,Unknown
2025-10-20T21:24:20.069818+00:00,26.706667,-81.80481983333334,ec:d9:09:35:b8:5a,-84,5765,154,Smartphone_connect_35b85a,Unknown
2025-10-20T21:24:20.069818+00:00,26.706667,-81.80481983333334,84:70:51:3f:ec:34,-88,2452,9,MXDGUJ,Unknown
2025-10-20T21:24:20.069818+00:00,26.706667,-81.80481983333334,02:54:af:f0:99:a2,-89,2462,11,Hotspot99A2,Unknown
2025-10-20T21:24:56.905475+00:00,26.70731766666667,-81.80533116666666,ec:d9:09:35:b8:5b,-79,2437,6,TOYOTA Camry-2.4g_35b85b,Unknown
2025-10-20T21:24:56.905475+00:00,26.70731766666667,-81.80533116666666,ec:d9:09:35:b8:5a,-84,5765,154,Smartphone_connect_35b85a,Unknown
2025-10-20T21:24:56.905475+00:00,26.70731766666667,-81.80533116666666,84:70:51:3f:ec:34,-88,2452,9,MXDGUJ,Unknown
2025-10-20T21:24:56.905475+00:00,26.70731766666667,-81.80533116666666,02:54:af:f0:99:a2,-89,2462,11,Hotspot99A2,Unknown
2025-10-20T21:24:56.905475+00:00,26.707725166666666,-81.80565183333333,ec:d9:09:35:b8:5b,-79,2437,6,TOYOTA Camry-2.4g_35b85b,Unknown
2025-10-20T21:24:56.905475+00:00,26.707725166666666,-81.80565183333333,ec:d9:09:35:b8:5a,-84,5765,154,Smartphone_connect_35b85a,Unknown
2025-10-20T21:24:56.905475+00:00,26.707725166666666,-81.80565183333333,84:70:51:3f:ec:34,-88,2452,9,MXDGUJ,Unknown
2025-10-20T21:24:56.905475+00:00,26.707725166666666,-81.80565183333333,02:54:af:f0:99:a2,-89,2462,11,Hotspot99A2,Unknown
2025-10-20T21:24:56.905475+00:00,26.707725166666666,-81.80565183333333,f8:55:cd:65:99:e7,-91,5805,162,HotspotTB4f,Unknown
2025-10-20T21:24:56.905475+00:00,26.707866166666665,-81.80576116666667,2a:03:eb:c4:37:63,-84,2412,1,myChevrolet1411,Unknown
2025-10-20T21:24:56.905475+00:00,26.707866166666665,-81.80576116666667,02:54:af:f0:99:a2,-86,2462,11,Hotspot99A2,Unknown
2025-10-20T21:24:56.905475+00:00,26.707866166666665,-81.80576116666667,f8:55:cd:65:99:e7,-91,5805,162,HotspotTB4f,Unknown
2025-10-20T21:24:56.905475+00:00,26.708113666666666,-81.80595516666666,2a:03:eb:c4:37:63,-84,2412,1,myChevrolet1411,Unknown
2025-10-20T21:24:56.905475+00:00,26.708113666666666,-81.80595516666666,02:54:af:f0:99:a2,-89,2462,11,Hotspot99A2,Unknown
2025-10-20T21:24:56.905475+00:00,26.708113666666666,-81.80595516666666,5a:e4:03:05:d1:8a,-89,5765,154,DIRECT-MBUX 81835,Unknown
2025-10-20T21:24:56.905475+00:00,26.708113666666666,-81.80595516666666,f8:55:cd:65:99:e7,-91,5805,162,HotspotTB4f,Unknown
2025-10-20T21:24:56.905475+00:00,26.708113666666666,-81.80595516666666,bc:42:8c:bc:83:20,-92,2437,6,MY SENTRA4587,Unknown
2025-10-20T21:25:34.889601+00:00,26.709044166666665,-81.80669783333333,2a:03:eb:c4:37:63,-84,2412,1,myChevrolet1411,Unknown
2025-10-20T21:25:34.889601+00:00,26.709044166666665,-81.80669783333333,02:54:af:f0:99:a2,-89,2462,11,Hotspot99A2,Unknown
2025-10-20T21:25:34.889601+00:00,26.709044166666665,-81.80669783333333,5a:e4:03:05:d1:8a,-89,5765,154,DIRECT-MBUX 81835,Unknown
2025-10-20T21:25:34.889601+00:00,26.709044166666665,-81.80669783333333,bc:42:8c:bc:83:20,-92,2437,6,MY SENTRA4587,Unknown
2025-10-20T21:25:34.889601+00:00,26.7097145,-81.8072315,0c:c1:19:38:45:91,-76,5180,37,CARLINK-C0120C,Unknown
2025-10-20T21:25:34.889601+00:00,26.7097145,-81.8072315,d0:c3:5a:05:aa:6a,-85,5785,158,HotspotSDZF,Unknown
2025-10-20T21:25:34.889601+00:00,26.7097145,-81.8072315,02:54:af:f0:99:a2,-89,2462,11,Hotspot99A2,Unknown
2025-10-20T21:25:34.889601+00:00,26.7097145,-81.8072315,5a:e4:03:05:d1:8a,-89,5765,154,DIRECT-MBUX 81835,Unknown
2025-10-20T21:25:34.889601+00:00,26.7097145,-81.8072315,a8:40:0b:65:5c:83,-91,5805,162,HotspotUER9,Unknown
2025-10-20T21:25:34.889601+00:00,26.7097145,-81.8072315,bc:42:8c:bc:83:20,-92,2437,6,MY SENTRA4587,Unknown
2025-10-20T21:25:34.889601+00:00,26.7107105,-81.80801716666667,0c:c1:19:38:45:91,-76,5180,37,CARLINK-C0120C,Unknown
2025-10-20T21:25:34.889601+00:00,26.7107105,-81.80801716666667,d0:c3:5a:05:aa:6a,-85,5785,158,HotspotSDZF,Unknown
2025-10-20T21:25:34.889601+00:00,26.7107105,-81.80801716666667,72:a6:35:f6:d8:c8,-85,2437,6,CHEVROLET9429,Unknown
2025-10-20T21:25:34.889601+00:00,26.7107105,-81.80801716666667,02:54:af:f0:99:a2,-86,2462,11,Hotspot99A2,Unknown
2025-10-20T21:25:34.889601+00:00,26.7107105,-81.80801716666667,a8:40:0b:65:5c:83,-91,5805,162,HotspotUER9,Unknown
2025-10-20T21:25:34.889601+00:00,26.711537166666666,-81.808609,0c:c1:19:38:45:91,-76,5180,37,CARLINK-C0120C,Unknown
2025-10-20T21:25:34.889601+00:00,26.711537166666666,-81.808609,02:54:af:f0:99:a2,-80,2462,11,Hotspot99A2,Unknown
2025-10-20T21:25:34.889601+00:00,26.711537166666666,-81.808609,5a:e4:03:30:aa:90,-82,2442,7,myChevrolet,Unknown
2025-10-20T21:25:34.889601+00:00,26.711537166666666,-81.808609,d0:c3:5a:05:aa:6a,-85,5785,158,HotspotSDZF,Unknown
2025-10-20T21:25:34.889601+00:00,26.711537166666666,-81.808609,72:a6:35:f6:d8:c8,-85,2437,6,CHEVROLET9429,Unknown
2025-10-20T21:25:34.889601+00:00,26.711537166666666,-81.808609,5a:e4:03:50:aa:90,-89,5220,45,myChevrolet,Unknown
2025-10-20T21:25:34.889601+00:00,26.711537166666666,-81.808609,62:e6:f0:4b:0b:65,-90,2442,7,MyChevy,Unknown
2025-10-20T21:25:34.889601+00:00,26.711537166666666,-81.808609,a8:40:0b:65:5c:83,-91,5805,162,HotspotUER9,Unknown
2025-10-20T21:26:15.321983+00:00,26.7135985,-81.80984916666667,02:54:af:f0:99:a2,-80,2462,11,Hotspot99A2,Unknown
2025-10-20T21:26:15.321983+00:00,26.7135985,-81.80984916666667,5a:e4:03:30:aa:90,-82,2442,7,myChevrolet,Unknown
2025-10-20T21:26:15.321983+00:00,26.7135985,-81.80984916666667,72:a6:35:f6:d8:c8,-85,2437,6,CHEVROLET9429,Unknown
2025-10-20T21:26:15.321983+00:00,26.7135985,-81.80984916666667,5a:e4:03:50:aa:90,-89,5220,45,myChevrolet,Unknown
2025-10-20T21:26:15.321983+00:00,26.7135985,-81.80984916666667,62:e6:f0:4b:0b:65,-90,2442,7,MyChevy,Unknown
2025-10-20T21:26:15.321983+00:00,26.713791166666667,-81.8099585,02:54:af:f0:99:a2,-80,2462,11,Hotspot99A2,Unknown
2025-10-20T21:26:15.321983+00:00,26.713791166666667,-81.8099585,5a:e4:03:30:aa:90,-82,2442,7,myChevrolet,Unknown
2025-10-20T21:26:15.321983+00:00,26.713791166666667,-81.8099585,5a:e4:03:50:aa:90,-89,5220,45,myChevrolet,Unknown
2025-10-20T21:26:15.321983+00:00,26.713791166666667,-81.8099585,d0:c3:5a:0f:35:41,-89,5805,162,Hotspotr5bL,Unknown
2025-10-20T21:26:15.321983+00:00,26.713791166666667,-81.8099585,62:e6:f0:4b:0b:65,-90,2442,7,MyChevy,Unknown
2025-10-20T21:26:15.321983+00:00,26.713794166666666,-81.80996066666667,d0:c3:5a:0f:35:41,-89,5805,162,Hotspotr5bL,Unknown
2025-10-20T21:26:15.321983+00:00,26.713794166666666,-81.80996066666667,2a:38:5c:fc:dd:8f,-89,5745,150,PROJfcdd8f,Unknown
2025-10-20T21:26:15.321983+00:00,26.714177,-81.810171,d0:c3:5a:0f:35:41,-89,5805,162,Hotspotr5bL,Unknown
2025-10-20T21:26:15.321983+00:00,26.714177,-81.810171,2a:38:5c:fc:dd:8f,-89,5745,150,PROJfcdd8f,Unknown
2025-10-20T21:26:57.079634+00:00,26.714919333333334,-81.81058383333334,9c:50:d1:4f:0f:59,-65,2437,6,Vehicle Hotspot,Unknown
2025-10-20T21:26:57.079634+00:00,26.714919333333334,-81.81058383333334,00:6f:f2:55:86:9e,-82,2462,11,Winston,Unknown
2025-10-20T21:26:57.079634+00:00,26.714919333333334,-81.81058383333334,16:03:93:b6:49:89,-86,5745,150,CHEVROLET9007,Unknown
2025-10-20T21:26:57.079634+00:00,26.714919333333334,-81.81058383333334,2a:38:5c:fc:dd:8f,-89,5745,150,PROJfcdd8f,Unknown
2025-10-20T21:26:57.079634+00:00,26.714919333333334,-81.81058383333334,2a:38:5c:39:55:cb,-90,5745,150,PROJ3955cb,Unknown
2025-10-20T21:26:57.079634+00:00,26.7151345,-81.81104366666666,9c:50:d1:4f:0f:59,-65,2437,6,Vehicle Hotspot,Unknown
2025-10-20T21:26:57.079634+00:00,26.7151345,-81.81104366666666,00:6f:f2:55:86:9e,-82,2462,11,Winston,Unknown
2025-10-20T21:26:57.079634+00:00,26.7151345,-81.81104366666666,16:03:93:b6:49:89,-86,5745,150,CHEVROLET9007,Unknown
2025-10-20T21:26:57.079634+00:00,26.7151345,-81.81104366666666,2a:38:5c:39:55:cb,-90,5745,150,PROJ3955cb,Unknown
2025-10-20T21:26:57.079634+00:00,26.715136666666666,-81.81174216666666,00:6f:f2:55:86:9e,-64,2462,11,Winston,Unknown
2025-10-20T21:26:57.079634+00:00,26.715136666666666,-81.81174216666666,9c:50:d1:4f:0f:59,-65,2437,6,Vehicle Hotspot,Unknown
2025-10-20T21:26:57.079634+00:00,26.715136666666666,-81.81174216666666,8a:5a:85:fa:b6:67,-71,2462,11,myGMC b667,Unknown
2025-10-20T21:26:57.079634+00:00,26.715136666666666,-81.81174216666666,ee:65:cc:27:76:a9,-72,5745,150,PROJ2776a9,Unknown
2025-10-20T21:26:57.079634+00:00,26.715136666666666,-81.81174216666666,02:24:a5:5f:f4:aa,-81,2412,1,myChevrolet2337,Unknown
2025-10-20T21:26:57.079634+00:00,26.715136666666666,-81.81174216666666,28:38:5c:2b:a8:3e,-81,5805,162,HotspotWgaM,Unknown
2025-10-20T21:26:57.079634+00:00,26.715136666666666,-81.81174216666666,48:eb:62:3d:8f:21,-84,2462,11,TOYOTA Camry_8F21623D48EB,Unknown
2025-10-20T21:26:57.079634+00:00,26.715136666666666,-81.81174216666666,b8:13:32:4b:c1:ac,-84,5180,37,SC200-EA7A22G06483,Unknown
2025-10-20T21:26:57.079634+00:00,26.715136666666666,-81.81174216666666,16:03:93:b6:49:89,-86,5745,150,CHEVROLET9007,Unknown
2025-10-20T21:26:57.079634+00:00,26.715136666666666,-81.81174216666666,8a:5a:85:ea:b6:67,-86,5220,45,myGMC b667,Unknown
2025-10-20T21:26:57.079634+00:00,26.715136666666666,-81.81174216666666,22:ad:56:24:74:2e,-88,2437,6,Hotspot742E,Unknown
2025-10-20T21:26:57.079634+00:00,26.715136666666666,-81.81174216666666,2a:38:5c:39:55:cb,-90,5745,150,PROJ3955cb,Unknown
2025-10-20T21:26:57.079634+00:00,26.715159333333332,-81.8124325,00:6f:f2:55:86:9e,-64,2462,11,Winston,Unknown
2025-10-20T21:26:57.079634+00:00,26.715159333333332,-81.8124325,9c:50:d1:4f:0f:59,-65,2437,6,Vehicle Hotspot,Unknown
2025-10-20T21:26:57.079634+00:00,26.715159333333332,-81.8124325,8a:5a:85:fa:b6:67,-71,2462,11,myGMC b667,Unknown
2025-10-20T21:26:57.079634+00:00,26.715159333333332,-81.8124325,ee:65:cc:27:76:a9,-72,5745,150,PROJ2776a9,Unknown
2025-10-20T21:26:57.079634+00:00,26.715159333333332,-81.8124325,02:24:a5:c6:28:98,-80,2462,11,MiniKing,Unknown
2025-10-20T21:26:57.079634+00:00,26.715159333333332,-81.8124325,02:24:a5:5f:f4:aa,-81,2412,1,myChevrolet2337,Unknown
2025-10-20T21:26:57.079634+00:00,26.715159333333332,-81.8124325,28:38:5c:2b:a8:3e,-81,5805,162,HotspotWgaM,Unknown
2025-10-20T21:26:57.079634+00:00,26.715159333333332,-81.8124325,48:eb:62:3d:8f:21,-84,2462,11,TOYOTA Camry_8F21623D48EB,Unknown
2025-10-20T21:26:57.079634+00:00,26.715159333333332,-81.8124325,b8:13:32:4b:c1:ac,-84,5180,37,SC200-EA7A22G06483,Unknown
2025-10-20T21:26:57.079634+00:00,26.715159333333332,-81.8124325,16:03:93:b6:49:89,-86,5745,150,CHEVROLET9007,Unknown
2025-10-20T21:26:57.079634+00:00,26.715159333333332,-81.8124325,8a:5a:85:ea:b6:67,-86,5220,45,myGMC b667,Unknown
2025-10-20T21:26:57.079634+00:00,26.715159333333332,-81.8124325,22:ad:56:24:74:2e,-88,2437,6,Hotspot742E,Unknown
2025-10-20T21:26:57.079634+00:00,26.715159333333332,-81.8124325,28:38:5c:e2:11:cb,-88,5805,162,HotspotrD43,Unknown
2025-10-20T21:26:57.079634+00:00,26.715159333333332,-81.8124325,2a:38:5c:39:55:cb,-90,5745,150,PROJ3955cb,Unknown
2025-10-20T21:27:34.891361+00:00,26.715162,-81.81454866666667,00:6f:f2:55:86:9e,-64,2462,11,Winston,Unknown
2025-10-20T21:27:34.891361+00:00,26.715162,-81.81454866666667,8a:5a:85:fa:b6:67,-71,2462,11,myGMC b667,Unknown
2025-10-20T21:27:34.891361+00:00,26.715162,-81.81454866666667,ee:65:cc:27:76:a9,-72,5745,150,PROJ2776a9,Unknown
2025-10-20T21:27:34.891361+00:00,26.715162,-81.81454866666667,fc:db:21:54:3b:36,-78,2437,6,HicksWiFi,Unknown
2025-10-20T21:27:34.891361+00:00,26.715162,-81.81454866666667,02:24:a5:c6:28:98,-80,2462,11,MiniKing,Unknown
2025-10-20T21:27:34.891361+00:00,26.715162,-81.81454866666667,02:24:a5:5f:f4:aa,-81,2412,1,myChevrolet2337,Unknown
2025-10-20T21:27:34.891361+00:00,26.715162,-81.81454866666667,28:38:5c:2b:a8:3e,-81,5805,162,HotspotWgaM,Unknown
2025-10-20T21:27:34.891361+00:00,26.715162,-81.81454866666667,48:eb:62:3d:8f:21,-84,2462,11,TOYOTA Camry_8F21623D48EB,Unknown
2025-10-20T21:27:34.891361+00:00,26.715162,-81.81454866666667,b8:13:32:4b:c1:ac,-84,5180,37,SC200-EA7A22G06483,Unknown
2025-10-20T21:27:34.891361+00:00,26.715162,-81.81454866666667,8a:5a:85:ea:b6:67,-86,5220,45,myGMC b667,Unknown
2025-10-20T21:27:34.891361+00:00,26.715162,-81.81454866666667,18:a5:ff:9e:9d:1a,-86,2457,10,TMOBILE-9D18,Unknown
2025-10-20T21:27:34.891361+00:00,26.715162,-81.81454866666667,22:ad:56:24:74:2e,-88,2437,6,Hotspot742E,Unknown
2025-10-20T21:27:34.891361+00:00,26.715162,-81.81454866666667,28:38:5c:e2:11:cb,-88,5805,162,HotspotrD43,Unknown
2025-10-20T21:27:34.891361+00:00,26.715162,-81.81454866666667,18:a5:ff:b0:8c:7c,-88,2457,10,TMOBILE-8C7A,Unknown
2025-10-20T21:27:34.891361+00:00,26.715168,-81.81605816666666,0e:8d:cb:5e:2a:e7,-77,5660,133,Loves-Customer-WiFi,Unknown
2025-10-20T21:27:34.891361+00:00,26.715168,-81.81605816666666,fc:db:21:54:3b:36,-78,2437,6,HicksWiFi,Unknown
2025-10-20T21:27:34.891361+00:00,26.715168,-81.81605816666666,0a:8d:cb:5e:2a:e7,-78,5660,133,Loves-Services,Unknown
2025-10-20T21:27:34.891361+00:00,26.715168,-81.81605816666666,02:24:a5:c6:28:98,-80,2462,11,MiniKing,Unknown
2025-10-20T21:27:34.891361+00:00,26.715168,-81.81605816666666,b8:13:32:4b:c1:ac,-84,5180,37,SC200-EA7A22G06483,Unknown
2025-10-20T21:27:34.891361+00:00,26.715168,-81.81605816666666,8a:5a:85:ea:b6:67,-86,5220,45,myGMC b667,Unknown
2025-10-20T21:27:34.891361+00:00,26.715168,-81.81605816666666,18:a5:ff:9e:9d:1a,-86,2457,10,TMOBILE-9D18,Unknown
2025-10-20T21:27:34.891361+00:00,26.715168,-81.81605816666666,28:38:5c:e2:11:cb,-88,5805,162,HotspotrD43,Unknown
2025-10-20T21:27:34.891361+00:00,26.715168,-81.81605816666666,18:a5:ff:b0:8c:7c,-88,2457,10,TMOBILE-8C7A,Unknown
2025-10-20T21:27:34.891361+00:00,26.715184,-81.8173085,0e:8d:cb:5e:2a:e7,-77,5660,133,Loves-Customer-WiFi,Unknown
2025-10-20T21:27:34.891361+00:00,26.715184,-81.8173085,fc:db:21:54:3b:36,-78,2437,6,HicksWiFi,Unknown
2025-10-20T21:27:34.891361+00:00,26.715184,-81.8173085,0a:8d:cb:5e:2a:e7,-78,5660,133,Loves-Services,Unknown
2025-10-20T21:27:34.891361+00:00,26.715184,-81.8173085,18:a5:ff:9e:9d:1a,-86,2457,10,TMOBILE-9D18,Unknown
2025-10-20T21:27:34.891361+00:00,26.715184,-81.8173085,18:a5:ff:b0:8c:7c,-88,2457,10,TMOBILE-8C7A,Unknown
2025-10-20T21:27:34.891361+00:00,26.7151975,-81.81859016666667,0e:8d:cb:5e:2a:e7,-77,5660,133,Loves-Customer-WiFi,Unknown
2025-10-20T21:27:34.891361+00:00,26.7151975,-81.81859016666667,fc:db:21:54:3b:36,-78,2437,6,HicksWiFi,Unknown
2025-10-20T21:27:34.891361+00:00,26.7151975,-81.81859016666667,0a:8d:cb:5e:2a:e7,-78,5660,133,Loves-Services,Unknown
2025-10-20T21:27:34.891361+00:00,26.7151975,-81.81859016666667,18:a5:ff:9e:9d:1a,-86,2457,10,TMOBILE-9D18,Unknown
2025-10-20T21:27:34.891361+00:00,26.7151975,-81.81859016666667,18:a5:ff:b0:8c:7c,-88,2457,10,TMOBILE-8C7A,Unknown
2025-10-20T21:28:12.786208+00:00,26.715196166666665,-81.82135633333333,66:05:e4:36:5b:88,-87,5180,37,Uconnect-66663335,Unknown
2025-10-20T21:28:12.786208+00:00,26.715196166666665,-81.82135633333333,c6:4f:d5:78:a2:78,-88,5745,150,Extreme Divers,Unknown
2025-10-20T21:28:12.786208+00:00,26.715196166666665,-81.82135633333333,c6:4f:d5:78:a2:7a,-89,5745,150,xfinitywifi,Unknown
2025-10-20T21:28:12.786208+00:00,26.715196833333334,-81.822644,00:54:af:a7:7d:9d,-82,2452,9,Hotspot7D9D,Unknown
2025-10-20T21:28:12.786208+00:00,26.715196833333334,-81.822644,f6:9f:c2:d2:57:5b,-85,5745,150,TEST,Unknown
2025-10-20T21:28:12.786208+00:00,26.715196833333334,-81.822644,f0:9f:c2:d2:57:5b,-86,5745,150,Fast Wave 5G,Unknown
2025-10-20T21:28:12.786208+00:00,26.715196833333334,-81.822644,66:05:e4:36:5b:88,-87,5180,37,Uconnect-66663335,Unknown
2025-10-20T21:28:12.786208+00:00,26.715196833333334,-81.822644,c6:4f:d5:78:a2:78,-88,5745,150,Extreme Divers,Unknown
2025-10-20T21:28:12.786208+00:00,26.715196833333334,-81.822644,c6:4f:d5:78:a2:7a,-89,5745,150,xfinitywifi,Unknown
2025-10-20T21:28:12.786208+00:00,26.715195,-81.82392666666667,0a:a7:c0:2f:34:20,-76,5220,45,1179,Unknown
2025-10-20T21:28:12.786208+00:00,26.715195,-81.82392666666667,00:54:af:a7:7d:9d,-82,2452,9,Hotspot7D9D,Unknown
2025-10-20T21:28:12.786208+00:00,26.715195,-81.82392666666667,28:38:5c:f9:16:a3,-83,5785,158,Hotspotjxn4,Unknown
2025-10-20T21:28:12.786208+00:00,26.715195,-81.82392666666667,66:05:e4:36:5b:88,-85,5180,37,Uconnect-66663335,Unknown
2025-10-20T21:28:12.786208+00:00,26.715195,-81.82392666666667,f6:9f:c2:d2:57:5b,-85,5745,150,TEST,Unknown
2025-10-20T21:28:12.786208+00:00,26.715195,-81.82392666666667,f0:9f:c2:d1:af:6c,-85,2412,1,Fast Wave,Unknown
2025-10-20T21:28:12.786208+00:00,26.715195,-81.82392666666667,54:af:97:f7:39:2a,-85,2427,4,Office Extender,Unknown
2025-10-20T21:28:12.786208+00:00,26.715195,-81.82392666666667,78:f2:9e:8c:57:68,-85,2462,11,Tort,Unknown
2025-10-20T21:28:12.786208+00:00,26.715195,-81.82392666666667,f0:9f:c2:d2:57:5b,-86,5745,150,Fast Wave 5G,Unknown
2025-10-20T21:28:12.786208+00:00,26.715195,-81.82392666666667,c6:4f:d5:78:a2:78,-88,5745,150,Extreme Divers,Unknown
2025-10-20T21:28:12.786208+00:00,26.715195,-81.82392666666667,c6:4f:d5:78:a2:7a,-89,5745,150,xfinitywifi,Unknown
2025-10-20T21:28:12.786208+00:00,26.715195,-81.82392666666667,26:7c:46:a0:15:63,-89,5745,150,PROJa01563,Unknown
2025-10-20T21:28:12.786208+00:00,26.715195166666668,-81.825397,54:af:97:f7:39:2a,-68,2427,4,Office Extender,Unknown
2025-10-20T21:28:12.786208+00:00,26.715195166666668,-81.825397,0a:a7:c0:2f:34:20,-76,5220,45,1179,Unknown
2025-10-20T21:28:12.786208+00:00,26.715195166666668,-81.825397,ac:8b:a9:26:f7:47,-78,2412,1,FGCTitle,Unknown
2025-10-20T21:28:12.786208+00:00,26.715195166666668,-81.825397,00:54:af:a7:7d:9d,-82,2452,9,Hotspot7D9D,Unknown
2025-10-20T21:28:12.786208+00:00,26.715195166666668,-81.825397,28:38:5c:f9:16:a3,-82,5785,158,Hotspotjxn4,Unknown
2025-10-20T21:28:12.786208+00:00,26.715195166666668,-81.825397,26:7c:46:a0:15:63,-83,5745,150,PROJa01563,Unknown
2025-10-20T21:28:12.786208+00:00,26.715195166666668,-81.825397,54:af:97:f7:39:2b,-83,5220,45,Office Extender,Unknown
2025-10-20T21:28:12.786208+00:00,26.715195166666668,-81.825397,66:05:e4:36:5b:88,-85,5180,37,Uconnect-66663335,Unknown
2025-10-20T21:28:12.786208+00:00,26.715195166666668,-81.825397,f6:9f:c2:d2:57:5b,-85,5745,150,TEST,Unknown
2025-10-20T21:28:12.786208+00:00,26.715195166666668,-81.825397,f0:9f:c2:d1:af:6c,-85,2412,1,Fast Wave,Unknown
2025-10-20T21:28:12.786208+00:00,26.715195166666668,-81.825397,78:f2:9e:8c:57:68,-85,2462,11,Tort,Unknown
2025-10-20T21:28:12.786208+00:00,26.715195166666668,-81.825397,f0:9f:c2:d2:57:5b,-86,5745,150,Fast Wave 5G,Unknown
2025-10-20T21:28:12.786208+00:00,26.715195166666668,-81.825397,c6:4f:d5:78:a2:78,-88,5745,150,Extreme Divers,Unknown
2025-10-20T21:28:12.786208+00:00,26.715195166666668,-81.825397,c6:4f:d5:78:a2:7a,-89,5745,150,xfinitywifi,Unknown
2025-10-20T21:28:12.786208+00:00,26.715195166666668,-81.825397,ac:8b:a9:26:f7:48,-89,5805,162,FGCTitle,Unknown
2025-10-20T21:28:49.079126+00:00,26.715211833333335,-81.82844783333333,54:af:97:f7:39:2a,-68,2427,4,Office Extender,Unknown
2025-10-20T21:28:49.079126+00:00,26.715211833333335,-81.82844783333333,0a:a7:c0:2f:34:20,-76,5220,45,1179,Unknown
2025-10-20T21:28:49.079126+00:00,26.715211833333335,-81.82844783333333,ac:8b:a9:26:f7:47,-78,2412,1,FGCTitle,Unknown
2025-10-20T21:28:49.079126+00:00,26.715211833333335,-81.82844783333333,54:af:97:f7:39:2b,-83,5220,45,Office Extender,Unknown
2025-10-20T21:28:49.079126+00:00,26.715211833333335,-81.82844783333333,66:05:e4:36:5b:88,-85,5180,37,Uconnect-66663335,Unknown
2025-10-20T21:28:49.079126+00:00,26.715211833333335,-81.82844783333333,f0:9f:c2:d1:af:6c,-85,2412,1,Fast Wave,Unknown
2025-10-20T21:28:49.079126+00:00,26.715211833333335,-81.82844783333333,78:f2:9e:8c:57:68,-85,2462,11,Tort,Unknown
2025-10-20T21:28:49.079126+00:00,26.715211833333335,-81.82844783333333,28:38:5c:f9:16:a3,-88,5785,158,Hotspotjxn4,Unknown
2025-10-20T21:28:49.079126+00:00,26.715211833333335,-81.82844783333333,ac:8b:a9:26:f7:48,-89,5805,162,FGCTitle,Unknown
2025-10-20T21:28:49.079126+00:00,26.715211833333335,-81.82844783333333,26:7c:46:a0:15:63,-90,5745,150,PROJa01563,Unknown
2025-10-20T21:28:49.079126+00:00,26.715168833333333,-81.82995216666667,54:af:97:f7:39:2a,-68,2427,4,Office Extender,Unknown
2025-10-20T21:28:49.079126+00:00,26.715168833333333,-81.82995216666667,ac:8b:a9:26:f7:47,-78,2412,1,FGCTitle,Unknown
2025-10-20T21:28:49.079126+00:00,26.715168833333333,-81.82995216666667,54:af:97:f7:39:2b,-83,5220,45,Office Extender,Unknown
2025-10-20T21:28:49.079126+00:00,26.715168833333333,-81.82995216666667,28:38:5c:f9:16:a3,-88,5785,158,Hotspotjxn4,Unknown
2025-10-20T21:28:49.079126+00:00,26.715168833333333,-81.82995216666667,ac:8b:a9:26:f7:48,-89,5805,162,FGCTitle,Unknown
2025-10-20T21:28:49.079126+00:00,26.715168833333333,-81.82995216666667,26:7c:46:a0:15:63,-90,5745,150,PROJa01563,Unknown
2025-10-20T21:28:49.079126+00:00,26.714804,-81.83184366666667,7c:9e:bd:b6:06:01,-74,2412,1,MLG74530,Unknown
2025-10-20T21:28:49.079126+00:00,26.714804,-81.83184366666667,2e:e7:2e:e5:ca:37,-76,2437,6,GMC1241,Unknown
2025-10-20T21:28:49.079126+00:00,26.714804,-81.83184366666667,2e:18:d1:e5:ca:37,-86,5765,154,GMC1241,Unknown
2025-10-20T21:28:49.079126+00:00,26.714804,-81.83184366666667,28:38:5c:f9:16:a3,-88,5785,158,Hotspotjxn4,Unknown
2025-10-20T21:28:49.079126+00:00,26.714804,-81.83184366666667,26:7c:46:a0:15:63,-90,5745,150,PROJa01563,Unknown
2025-10-20T21:28:49.079126+00:00,26.7141255,-81.83352083333334,7c:9e:bd:b6:06:01,-74,2412,1,MLG74530,Unknown
2025-10-20T21:28:49.079126+00:00,26.7141255,-81.83352083333334,2e:e7:2e:e5:ca:37,-76,2437,6,GMC1241,Unknown
2025-10-20T21:28:49.079126+00:00,26.7141255,-81.83352083333334,2e:18:d1:e5:ca:37,-86,5765,154,GMC1241,Unknown
2025-10-20T21:28:49.079126+00:00,26.7141255,-81.83352083333334,28:38:5c:f9:16:a3,-88,5785,158,Hotspotjxn4,Unknown
2025-10-20T21:28:49.079126+00:00,26.7141255,-81.83352083333334,26:7c:46:a0:15:63,-90,5745,150,PROJa01563,Unknown
2025-10-20T21:29:29.079829+00:00,26.712409,-81.83582283333334,7c:9e:bd:b6:06:01,-74,2412,1,MLG74530,Unknown
2025-10-20T21:29:29.079829+00:00,26.712409,-81.83582283333334,2e:e7:2e:e5:ca:37,-76,2437,6,GMC1241,Unknown
2025-10-20T21:29:29.079829+00:00,26.712409,-81.83582283333334,2e:18:d1:e5:ca:37,-86,5765,154,GMC1241,Unknown
2025-10-20T21:29:29.079829+00:00,26.712409,-81.83582283333334,28:38:5c:34:53:41,-89,5765,154,HotspotHUu7,Unknown
2025-10-20T21:29:29.079829+00:00,26.7114855,-81.8367715,a2:c9:eb:12:87:58,-72,2427,4,LCU_Wireless,Unknown
2025-10-20T21:29:29.079829+00:00,26.7114855,-81.8367715,28:38:5c:34:53:41,-89,5765,154,HotspotHUu7,Unknown
2025-10-20T21:29:29.079829+00:00,26.710303166666666,-81.8379965,a2:c9:eb:12:87:58,-72,2427,4,LCU_Wireless,Unknown
2025-10-20T21:29:29.079829+00:00,26.710303166666666,-81.8379965,28:38:5c:34:53:41,-89,5765,154,HotspotHUu7,Unknown
2025-10-20T21:29:29.079829+00:00,26.709390666666668,-81.838937,a2:c9:eb:12:87:58,-72,2427,4,LCU_Wireless,Unknown
2025-10-20T21:29:29.079829+00:00,26.709390666666668,-81.838937,28:38:5c:34:53:41,-89,5765,154,HotspotHUu7,Unknown
2025-10-20T21:30:07.902940+00:00,26.7073865,-81.84100216666667,68:f0:d0:06:d3:4f,-74,2412,1,Skybell_C1BC127368 \x20,Unknown
2025-10-20T21:30:07.902940+00:00,26.706454333333333,-81.84196816666666,68:f0:d0:06:d3:4f,-81,2412,1,Skybell_C1BC127368 \x20,Unknown
2025-10-20T21:30:07.902940+00:00,26.705608,-81.84295883333333,68:f0:d0:06:d3:4f,-81,2412,1,Skybell_C1BC127368 \x20,Unknown
2025-10-20T21:30:07.902940+00:00,26.704880666666668,-81.84384333333334,68:f0:d0:06:d3:4f,-81,2412,1,Skybell_C1BC127368 \x20,Unknown
2025-10-20T21:30:07.902940+00:00,26.704880666666668,-81.84384333333334,c4:b3:01:de:b5:cb,-83,5745,150,B1 FaithNet 5GHz,Unknown
2025-10-20T21:30:43.792210+00:00,26.703859,-81.845095,2c:58:4f:3c:29:4c,-81,2462,11,pedro1,Unknown
2025-10-20T21:30:43.792210+00:00,26.703859,-81.845095,c4:b3:01:de:b5:cb,-83,5745,150,B1 FaithNet 5GHz,Unknown
2025-10-20T21:30:43.792210+00:00,26.703859,-81.845095,02:24:a5:e7:96:48,-84,2412,1,myChevrolet6823,Unknown
2025-10-20T21:30:43.792210+00:00,26.703859,-81.845095,2c:58:4f:3c:29:4d,-84,5745,150,pedro1,Unknown
2025-10-20T21:30:43.792210+00:00,26.703859,-81.845095,3e:58:4f:3c:29:4d,-84,5745,150,xfinitywifi,Unknown
2025-10-20T21:30:43.792210+00:00,26.703859,-81.845095,18:a5:ff:c1:27:6b,-85,5200,41,HarvestHome,Unknown
2025-10-20T21:30:43.792210+00:00,26.703859,-81.845095,ec:aa:a0:d2:6c:e8,-86,2437,6,Lorna,Unknown
2025-10-20T21:30:43.792210+00:00,26.703859,-81.845095,22:ad:56:29:26:74,-87,2412,1,Hotspot2674,Unknown
2025-10-20T21:30:43.792210+00:00,26.703575333333333,-81.84544166666667,ec:aa:a0:d2:6c:e8,-79,2437,6,Lorna,Unknown
2025-10-20T21:30:43.792210+00:00,26.703575333333333,-81.84544166666667,2c:58:4f:3c:29:4c,-81,2462,11,pedro1,Unknown
2025-10-20T21:30:43.792210+00:00,26.703575333333333,-81.84544166666667,18:a5:ff:c1:27:6a,-81,2432,5,HarvestHome,Unknown
2025-10-20T21:30:43.792210+00:00,26.703575333333333,-81.84544166666667,c4:b3:01:de:b5:cb,-83,5745,150,B1 FaithNet 5GHz,Unknown
2025-10-20T21:30:43.792210+00:00,26.703575333333333,-81.84544166666667,02:24:a5:e7:96:48,-84,2412,1,myChevrolet6823,Unknown
2025-10-20T21:30:43.792210+00:00,26.703575333333333,-81.84544166666667,2c:58:4f:3c:29:4d,-84,5745,150,pedro1,Unknown
2025-10-20T21:30:43.792210+00:00,26.703575333333333,-81.84544166666667,3e:58:4f:3c:29:4d,-84,5745,150,xfinitywifi,Unknown
2025-10-20T21:30:43.792210+00:00,26.703575333333333,-81.84544166666667,18:a5:ff:c1:27:6b,-85,5200,41,HarvestHome,Unknown
2025-10-20T21:30:43.792210+00:00,26.703575333333333,-81.84544166666667,22:ad:56:29:26:74,-87,2412,1,Hotspot2674,Unknown
2025-10-20T21:30:43.792210+00:00,26.703261666666666,-81.84583216666667,ba:5e:71:0a:06:55,-76,2412,1,CBCI-2FF6-2.4,Unknown
2025-10-20T21:30:43.792210+00:00,26.703261666666666,-81.84583216666667,98:0d:67:f9:1e:7d,-80,2412,1,CenturyLink5040,Unknown
2025-10-20T21:30:43.792210+00:00,26.703261666666666,-81.84583216666667,2c:58:4f:3c:29:4c,-81,2462,11,pedro1,Unknown
2025-10-20T21:30:43.792210+00:00,26.703261666666666,-81.84583216666667,18:a5:ff:c1:27:6a,-81,2432,5,HarvestHome,Unknown
2025-10-20T21:30:43.792210+00:00,26.703261666666666,-81.84583216666667,02:24:a5:e7:96:48,-84,2412,1,myChevrolet6823,Unknown
2025-10-20T21:30:43.792210+00:00,26.703261666666666,-81.84583216666667,2c:58:4f:3c:29:4d,-84,5745,150,pedro1,Unknown
2025-10-20T21:30:43.792210+00:00,26.703261666666666,-81.84583216666667,3e:58:4f:3c:29:4d,-84,5745,150,xfinitywifi,Unknown
2025-10-20T21:30:43.792210+00:00,26.703261666666666,-81.84583216666667,94:e8:c5:ff:c4:ca,-84,5805,162,Xfinity Mobile,Unknown
2025-10-20T21:30:43.792210+00:00,26.703261666666666,-81.84583216666667,94:e8:c5:ff:c4:cb,-84,5805,162,xfinitywifi,Unknown
2025-10-20T21:30:43.792210+00:00,26.703261666666666,-81.84583216666667,18:a5:ff:c1:27:6b,-85,5200,41,HarvestHome,Unknown
2025-10-20T21:30:43.792210+00:00,26.703261666666666,-81.84583216666667,d2:40:ef:64:41:ab,-85,2437,6,My MIB LQTG,Unknown
2025-10-20T21:30:43.792210+00:00,26.703261666666666,-81.84583216666667,98:0d:67:f9:1e:7e,-86,5785,158,CenturyLink5040_5G,Unknown
2025-10-20T21:30:43.792210+00:00,26.703261666666666,-81.84583216666667,22:ad:56:29:26:74,-87,2412,1,Hotspot2674,Unknown
2025-10-20T21:30:43.792210+00:00,26.703261666666666,-81.84583216666667,ec:aa:a0:d2:6c:e8,-88,2437,6,Lorna,Unknown
2025-10-20T21:30:43.792210+00:00,26.7032595,-81.845833,ba:5e:71:0a:06:55,-76,2412,1,CBCI-2FF6-2.4,Unknown
2025-10-20T21:30:43.792210+00:00,26.7032595,-81.845833,98:0d:67:f9:1e:7d,-77,2412,1,CenturyLink5040,Unknown
2025-10-20T21:30:43.792210+00:00,26.7032595,-81.845833,98:0d:67:f9:1e:7e,-80,5785,158,CenturyLink5040_5G,Unknown
2025-10-20T21:30:43.792210+00:00,26.7032595,-81.845833,2c:58:4f:3c:29:4c,-81,2462,11,pedro1,Unknown
2025-10-20T21:30:43.792210+00:00,26.7032595,-81.845833,18:a5:ff:c1:27:6a,-83,2432,5,HarvestHome,Unknown
2025-10-20T21:30:43.792210+00:00,26.7032595,-81.845833,02:24:a5:e7:96:48,-84,2412,1,myChevrolet6823,Unknown
2025-10-20T21:30:43.792210+00:00,26.7032595,-81.845833,2c:58:4f:3c:29:4d,-84,5745,150,pedro1,Unknown
2025-10-20T21:30:43.792210+00:00,26.7032595,-81.845833,3e:58:4f:3c:29:4d,-84,5745,150,xfinitywifi,Unknown
2025-10-20T21:30:43.792210+00:00,26.7032595,-81.845833,94:e8:c5:ff:c4:ca,-84,5805,162,Xfinity Mobile,Unknown
2025-10-20T21:30:43.792210+00:00,26.7032595,-81.845833,94:e8:c5:ff:c4:cb,-84,5805,162,xfinitywifi,Unknown
2025-10-20T21:30:43.792210+00:00,26.7032595,-81.845833,18:a5:ff:c1:27:6b,-85,5200,41,HarvestHome,Unknown
2025-10-20T21:30:43.792210+00:00,26.7032595,-81.845833,d2:40:ef:64:41:ab,-85,2437,6,My MIB LQTG,Unknown
2025-10-20T21:30:43.792210+00:00,26.7032595,-81.845833,22:ad:56:29:26:74,-87,2412,1,Hotspot2674,Unknown
2025-10-20T21:30:43.792210+00:00,26.7032595,-81.845833,ec:aa:a0:d2:6c:e8,-88,2437,6,Lorna,Unknown
2025-10-20T21:30:43.792210+00:00,26.7032595,-81.845833,ba:5e:71:11:06:56,-89,5745,150,CBCI-2FF6-5,Unknown
2025-10-20T21:30:43.792210+00:00,26.7032595,-81.845833,ba:5e:71:11:06:50,-90,5745,150,xfinitywifi,Unknown
2025-10-20T21:31:23.674287+00:00,26.703224833333334,-81.84587683333334,98:0d:67:f9:1e:7d,-73,2412,1,CenturyLink5040,Unknown
2025-10-20T21:31:23.674287+00:00,26.703224833333334,-81.84587683333334,ba:5e:71:0a:06:55,-76,2412,1,CBCI-2FF6-2.4,Unknown
2025-10-20T21:31:23.674287+00:00,26.703224833333334,-81.84587683333334,58:41:46:ec:c4:13,-82,5180,37,ROVE_R2-4K-DUAL_ecc413,Unknown
2025-10-20T21:31:23.674287+00:00,26.703224833333334,-81.84587683333334,18:a5:ff:c1:27:6a,-83,2432,5,HarvestHome,Unknown
2025-10-20T21:31:23.674287+00:00,26.703224833333334,-81.84587683333334,98:0d:67:f9:1e:7e,-83,5785,158,CenturyLink5040_5G,Unknown
2025-10-20T21:31:23.674287+00:00,26.703224833333334,-81.84587683333334,94:e8:c5:ff:c4:ca,-84,5805,162,Xfinity Mobile,Unknown
2025-10-20T21:31:23.674287+00:00,26.703224833333334,-81.84587683333334,08:86:3b:d4:79:f7,-84,2437,6,belkin.9f7,Unknown
2025-10-20T21:31:23.674287+00:00,26.703224833333334,-81.84587683333334,d2:40:ef:64:41:ab,-85,2437,6,My MIB LQTG,Unknown
2025-10-20T21:31:23.674287+00:00,26.703224833333334,-81.84587683333334,94:e8:c5:ff:c4:cb,-86,5805,162,xfinitywifi,Unknown
2025-10-20T21:31:23.674287+00:00,26.703224833333334,-81.84587683333334,ec:aa:a0:d2:6c:e8,-88,2437,6,Lorna,Unknown
2025-10-20T21:31:23.674287+00:00,26.703224833333334,-81.84587683333334,ba:5e:71:11:06:56,-89,5745,150,CBCI-2FF6-5,Unknown
2025-10-20T21:31:23.674287+00:00,26.703224833333334,-81.84587683333334,ba:5e:71:11:06:50,-90,5745,150,xfinitywifi,Unknown
2025-10-20T21:31:23.674287+00:00,26.703224833333334,-81.84587683333334,08:86:3b:d4:79:f9,-93,5805,162,belkin.9f7.5GHz,Unknown
2025-10-20T21:31:23.674287+00:00,26.7032255,-81.84587783333333,98:0d:67:f9:1e:7d,-74,2412,1,CenturyLink5040,Unknown
2025-10-20T21:31:23.674287+00:00,26.7032255,-81.84587783333333,98:0d:67:f9:1e:7e,-82,5785,158,CenturyLink5040_5G,Unknown
2025-10-20T21:31:23.674287+00:00,26.7032255,-81.84587783333333,08:86:3b:d4:79:f7,-82,2437,6,belkin.9f7,Unknown
2025-10-20T21:31:23.674287+00:00,26.7032255,-81.84587783333333,58:41:46:ec:c4:13,-82,5180,37,ROVE_R2-4K-DUAL_ecc413,Unknown
2025-10-20T21:31:23.674287+00:00,26.7032255,-81.84587783333333,18:a5:ff:c1:27:6a,-83,2432,5,HarvestHome,Unknown
2025-10-20T21:31:23.674287+00:00,26.7032255,-81.84587783333333,94:e8:c5:ff:c4:cb,-86,5805,162,xfinitywifi,Unknown
2025-10-20T21:31:23.674287+00:00,26.7032255,-81.84587783333333,ba:5e:71:11:06:56,-89,5745,150,CBCI-2FF6-5,Unknown
2025-10-20T21:31:23.674287+00:00,26.7032255,-81.84587783333333,ba:5e:71:11:06:50,-90,5745,150,xfinitywifi,Unknown
2025-10-20T21:31:23.674287+00:00,26.7032255,-81.84587783333333,08:86:3b:d4:79:f9,-93,5805,162,belkin.9f7.5GHz,Unknown
2025-10-20T21:31:23.674287+00:00,26.703121666666668,-81.8459995,ba:5e:71:0a:06:55,-75,2412,1,CBCI-2FF6-2.4,Unknown
2025-10-20T21:31:23.674287+00:00,26.703121666666668,-81.8459995,58:41:46:ec:c4:13,-76,5180,37,ROVE_R2-4K-DUAL_ecc413,Unknown
2025-10-20T21:31:23.674287+00:00,26.703121666666668,-81.8459995,98:0d:67:f9:1e:7e,-80,5785,158,CenturyLink5040_5G,Unknown
2025-10-20T21:31:23.674287+00:00,26.703121666666668,-81.8459995,34:a6:ef:9b:bc:67,-82,2437,6,V300_7GIF6202,Unknown
2025-10-20T21:31:23.674287+00:00,26.703121666666668,-81.8459995,18:a5:ff:c1:27:6a,-83,2432,5,HarvestHome,Unknown
2025-10-20T21:31:23.674287+00:00,26.703121666666668,-81.8459995,ba:5e:71:11:06:50,-85,5745,150,xfinitywifi,Unknown
2025-10-20T21:31:23.674287+00:00,26.703121666666668,-81.8459995,08:86:3b:d4:79:f7,-85,2437,6,belkin.9f7,Unknown
2025-10-20T21:31:23.674287+00:00,26.703121666666668,-81.8459995,00:14:3e:46:40:40,-85,2412,1,ES 10,Unknown
2025-10-20T21:31:23.674287+00:00,26.703121666666668,-81.8459995,98:0d:67:f9:1e:7d,-86,2412,1,CenturyLink5040,Unknown
2025-10-20T21:31:23.674287+00:00,26.703121666666668,-81.8459995,94:e8:c5:ff:c4:cb,-86,5805,162,xfinitywifi,Unknown
2025-10-20T21:31:23.674287+00:00,26.703121666666668,-81.8459995,ba:5e:71:11:06:56,-86,5745,150,CBCI-2FF6-5,Unknown
2025-10-20T21:31:23.674287+00:00,26.703121666666668,-81.8459995,08:86:3b:d4:79:f9,-91,5805,162,belkin.9f7.5GHz,Unknown
2025-10-20T21:31:23.674287+00:00,26.702972,-81.84618016666667,ba:5e:71:0a:06:55,-72,2412,1,CBCI-2FF6-2.4,Unknown
2025-10-20T21:31:23.674287+00:00,26.702972,-81.84618016666667,94:e8:c5:ff:c4:cb,-75,5805,162,xfinitywifi,Unknown
2025-10-20T21:31:23.674287+00:00,26.702972,-81.84618016666667,94:e8:c5:ff:c4:ca,-75,5805,162,Xfinity Mobile,Unknown
2025-10-20T21:31:23.674287+00:00,26.702972,-81.84618016666667,ba:5e:71:11:06:56,-76,5745,150,CBCI-2FF6-5,Unknown
2025-10-20T21:31:23.674287+00:00,26.702972,-81.84618016666667,ba:5e:71:11:06:50,-76,5745,150,xfinitywifi,Unknown
2025-10-20T21:31:23.674287+00:00,26.702972,-81.84618016666667,98:0d:67:f9:1e:7e,-80,5785,158,CenturyLink5040_5G,Unknown
2025-10-20T21:31:23.674287+00:00,26.702972,-81.84618016666667,58:41:46:ec:c4:13,-82,5180,37,ROVE_R2-4K-DUAL_ecc413,Unknown
2025-10-20T21:31:23.674287+00:00,26.702972,-81.84618016666667,34:a6:ef:9b:bc:67,-82,2437,6,V300_7GIF6202,Unknown
2025-10-20T21:31:23.674287+00:00,26.702972,-81.84618016666667,18:a5:ff:c1:27:6a,-83,2432,5,HarvestHome,Unknown
2025-10-20T21:31:23.674287+00:00,26.702972,-81.84618016666667,ba:5e:71:11:06:52,-84,5745,150,Xfinity Mobile,Unknown
2025-10-20T21:31:23.674287+00:00,26.702972,-81.84618016666667,00:14:3e:46:40:40,-85,2412,1,ES 10,Unknown
2025-10-20T21:31:23.674287+00:00,26.702972,-81.84618016666667,98:0d:67:f9:1e:7d,-86,2412,1,CenturyLink5040,Unknown
2025-10-20T21:31:23.674287+00:00,26.702972,-81.84618016666667,08:86:3b:d4:79:f7,-86,2437,6,belkin.9f7,Unknown
2025-10-20T21:31:23.674287+00:00,26.702972,-81.84618016666667,e2:cf:61:fc:94:06,-87,2412,1,ATTEG3vVxd,Unknown
2025-10-20T21:31:23.674287+00:00,26.702972,-81.84618016666667,ec:d9:09:9f:81:60,-87,5200,41,Smartphone_connect_9f8160,Unknown
2025-10-20T21:31:23.674287+00:00,26.702972,-81.84618016666667,08:86:3b:d4:79:f9,-91,5805,162,belkin.9f7.5GHz,Unknown
2025-10-20T21:32:03.005100+00:00,26.702304166666668,-81.846998,ba:5e:71:0a:06:55,-72,2412,1,CBCI-2FF6-2.4,Unknown
2025-10-20T21:32:03.005100+00:00,26.702304166666668,-81.846998,ba:5e:71:11:06:56,-76,5745,150,CBCI-2FF6-5,Unknown
2025-10-20T21:32:03.005100+00:00,26.702304166666668,-81.846998,ba:5e:71:11:06:50,-76,5745,150,xfinitywifi,Unknown
2025-10-20T21:32:03.005100+00:00,26.702304166666668,-81.846998,98:0d:67:f9:1e:7e,-80,5785,158,CenturyLink5040_5G,Unknown
2025-10-20T21:32:03.005100+00:00,26.702304166666668,-81.846998,58:41:46:ec:c4:13,-82,5180,37,ROVE_R2-4K-DUAL_ecc413,Unknown
2025-10-20T21:32:03.005100+00:00,26.702304166666668,-81.846998,94:e8:c5:ff:c4:cb,-83,5805,162,xfinitywifi,Unknown
2025-10-20T21:32:03.005100+00:00,26.702304166666668,-81.846998,94:e8:c5:ff:c4:ca,-83,5805,162,Xfinity Mobile,Unknown
2025-10-20T21:32:03.005100+00:00,26.702304166666668,-81.846998,ba:5e:71:11:06:52,-84,5745,150,Xfinity Mobile,Unknown
2025-10-20T21:32:03.005100+00:00,26.702304166666668,-81.846998,08:86:3b:d4:79:f7,-86,2437,6,belkin.9f7,Unknown
2025-10-20T21:32:03.005100+00:00,26.702304166666668,-81.846998,e2:cf:61:fc:94:06,-87,2412,1,ATTEG3vVxd,Unknown
2025-10-20T21:32:03.005100+00:00,26.702304166666668,-81.846998,ec:d9:09:9f:81:60,-87,5200,41,Smartphone_connect_9f8160,Unknown
2025-10-20T21:32:03.005100+00:00,26.702304166666668,-81.846998,08:86:3b:d4:79:f9,-91,5805,162,belkin.9f7.5GHz,Unknown
2025-10-20T21:32:03.005100+00:00,26.702041333333334,-81.84731833333333,ba:5e:71:0a:06:55,-72,2412,1,CBCI-2FF6-2.4,Unknown
2025-10-20T21:32:03.005100+00:00,26.702041333333334,-81.84731833333333,ba:5e:71:11:06:56,-76,5745,150,CBCI-2FF6-5,Unknown
2025-10-20T21:32:03.005100+00:00,26.702041333333334,-81.84731833333333,ba:5e:71:11:06:50,-76,5745,150,xfinitywifi,Unknown
2025-10-20T21:32:03.005100+00:00,26.702041333333334,-81.84731833333333,58:41:46:ec:c4:13,-82,5180,37,ROVE_R2-4K-DUAL_ecc413,Unknown
2025-10-20T21:32:03.005100+00:00,26.702041333333334,-81.84731833333333,94:e8:c5:ff:c4:cb,-83,5805,162,xfinitywifi,Unknown
2025-10-20T21:32:03.005100+00:00,26.702041333333334,-81.84731833333333,94:e8:c5:ff:c4:ca,-83,5805,162,Xfinity Mobile,Unknown
2025-10-20T21:32:03.005100+00:00,26.702041333333334,-81.84731833333333,ba:5e:71:11:06:52,-84,5745,150,Xfinity Mobile,Unknown
2025-10-20T21:32:03.005100+00:00,26.702041333333334,-81.84731833333333,08:86:3b:d4:79:f7,-86,2437,6,belkin.9f7,Unknown
2025-10-20T21:32:03.005100+00:00,26.702041333333334,-81.84731833333333,e2:cf:61:fc:94:06,-87,2412,1,ATTEG3vVxd,Unknown
2025-10-20T21:32:03.005100+00:00,26.702041333333334,-81.84731833333333,ec:d9:09:9f:81:60,-87,5200,41,Smartphone_connect_9f8160,Unknown
2025-10-20T21:32:03.005100+00:00,26.7013315,-81.8481325,72:13:01:26:4e:89,-80,2437,6,TheFBI,Unknown
2025-10-20T21:32:03.005100+00:00,26.7013315,-81.8481325,94:e8:c5:ff:c4:cb,-83,5805,162,xfinitywifi,Unknown
2025-10-20T21:32:03.005100+00:00,26.7013315,-81.8481325,94:e8:c5:ff:c4:ca,-83,5805,162,Xfinity Mobile,Unknown
2025-10-20T21:32:03.005100+00:00,26.7013315,-81.8481325,ec:d9:09:9f:81:60,-87,5200,41,Smartphone_connect_9f8160,Unknown
2025-10-20T21:32:03.005100+00:00,26.700755166666667,-81.84883866666667,72:13:01:26:4e:89,-80,2437,6,TheFBI,Unknown
2025-10-20T21:32:03.005100+00:00,26.700755166666667,-81.84883866666667,20:a6:cd:29:05:e1,-82,2412,1,McDonalds Free WiFi,Unknown
2025-10-20T21:32:03.005100+00:00,26.700755166666667,-81.84883866666667,20:a6:cd:29:05:e2,-82,2412,1,eBOS,Unknown
2025-10-20T21:32:03.005100+00:00,26.700755166666667,-81.84883866666667,d4:5d:df:54:fd:f8,-82,2462,11,CBCI-35C7-2.4,Unknown
2025-10-20T21:32:03.005100+00:00,26.700755166666667,-81.84883866666667,94:e8:c5:ff:c4:cb,-83,5805,162,xfinitywifi,Unknown
2025-10-20T21:32:03.005100+00:00,26.700755166666667,-81.84883866666667,94:e8:c5:ff:c4:ca,-83,5805,162,Xfinity Mobile,Unknown
2025-10-20T21:32:03.005100+00:00,26.700755166666667,-81.84883866666667,ba:9f:09:79:99:70,-88,2437,6,DIRECT-MBUX 32872,Unknown
2025-10-20T21:32:03.005100+00:00,26.700755166666667,-81.84883866666667,40:ae:30:71:0c:8f,-89,2457,10,ABC POS_2.4G,Unknown
2025-10-20T21:32:03.005100+00:00,26.700755166666667,-81.84883866666667,22:ad:56:b6:67:92,-91,2437,6,Hotspot6792,Unknown
2025-10-20T21:32:03.005100+00:00,26.700755166666667,-81.84883866666667,12:e8:a7:ae:13:a6,-91,2442,7,123k45678,Unknown
2025-10-20T21:32:03.005100+00:00,26.700755166666667,-81.84883866666667,ba:9f:09:69:99:70,-91,5765,154,DIRECT-MBUX 32872,Unknown
2025-10-20T21:32:40.561911+00:00,26.700176,-81.84954816666666,72:13:01:26:4e:89,-80,2437,6,TheFBI,Unknown
2025-10-20T21:32:40.561911+00:00,26.700176,-81.84954816666666,20:a6:cd:29:05:e1,-82,2412,1,McDonalds Free WiFi,Unknown
2025-10-20T21:32:40.561911+00:00,26.700176,-81.84954816666666,20:a6:cd:29:05:e2,-82,2412,1,eBOS,Unknown
2025-10-20T21:32:40.561911+00:00,26.700176,-81.84954816666666,d4:5d:df:54:fd:f8,-82,2462,11,CBCI-35C7-2.4,Unknown
2025-10-20T21:32:40.561911+00:00,26.700176,-81.84954816666666,ba:9f:09:79:99:70,-88,2437,6,DIRECT-MBUX 32872,Unknown
2025-10-20T21:32:40.561911+00:00,26.700176,-81.84954816666666,40:ae:30:71:0c:8f,-89,2457,10,ABC POS_2.4G,Unknown
2025-10-20T21:32:40.561911+00:00,26.700176,-81.84954816666666,22:ad:56:b6:67:92,-91,2437,6,Hotspot6792,Unknown
2025-10-20T21:32:40.561911+00:00,26.700176,-81.84954816666666,12:e8:a7:ae:13:a6,-91,2442,7,123k45678,Unknown
2025-10-20T21:32:40.561911+00:00,26.700176,-81.84954816666666,ba:9f:09:69:99:70,-91,5765,154,DIRECT-MBUX 32872,Unknown
2025-10-20T21:32:40.561911+00:00,26.700176666666668,-81.84954833333333,20:a6:cd:29:05:e1,-82,2412,1,McDonalds Free WiFi,Unknown
2025-10-20T21:32:40.561911+00:00,26.700176666666668,-81.84954833333333,20:a6:cd:29:05:e2,-82,2412,1,eBOS,Unknown
2025-10-20T21:32:40.561911+00:00,26.700176666666668,-81.84954833333333,d4:5d:df:54:fd:f8,-82,2462,11,CBCI-35C7-2.4,Unknown
2025-10-20T21:32:40.561911+00:00,26.700176666666668,-81.84954833333333,ba:9f:09:79:99:70,-88,2437,6,DIRECT-MBUX 32872,Unknown
2025-10-20T21:32:40.561911+00:00,26.700176666666668,-81.84954833333333,16:fc:6c:b6:49:89,-88,2437,6,CHEVROLET9007,Unknown
2025-10-20T21:32:40.561911+00:00,26.700176666666668,-81.84954833333333,40:ae:30:71:0c:8f,-89,2457,10,ABC POS_2.4G,Unknown
2025-10-20T21:32:40.561911+00:00,26.700176666666668,-81.84954833333333,22:ad:56:b6:67:92,-91,2437,6,Hotspot6792,Unknown
2025-10-20T21:32:40.561911+00:00,26.700176666666668,-81.84954833333333,12:e8:a7:ae:13:a6,-91,2442,7,123k45678,Unknown
2025-10-20T21:32:40.561911+00:00,26.700176666666668,-81.84954833333333,ba:9f:09:69:99:70,-91,5765,154,DIRECT-MBUX 32872,Unknown
2025-10-20T21:32:40.561911+00:00,26.7001765,-81.849547,1e:67:12:4e:3b:dd,-86,2462,11,edge plus 2023_8368,Unknown
2025-10-20T21:32:40.561911+00:00,26.7001765,-81.849547,16:fc:6c:b6:49:89,-88,2437,6,CHEVROLET9007,Unknown
2025-10-20T21:32:40.561911+00:00,26.700176,-81.849549,1e:67:12:4e:3b:dd,-74,2462,11,edge plus 2023_8368,Unknown
2025-10-20T21:32:40.561911+00:00,26.700176,-81.849549,16:fc:6c:b6:49:89,-88,2437,6,CHEVROLET9007,Unknown
2025-10-20T21:32:40.561911+00:00,26.700176,-81.849549,84:70:51:c9:8f:ee,-89,5745,150,CarPlay_8fee,Unknown
2025-10-20T21:33:16.664159+00:00,26.700174666666666,-81.84955066666667,1e:67:12:4e:3b:dd,-78,2462,11,edge plus 2023_8368,Unknown
2025-10-20T21:33:16.664159+00:00,26.700174666666666,-81.84955066666667,20:a6:cd:29:05:e2,-80,2412,1,eBOS,Unknown
2025-10-20T21:33:16.664159+00:00,26.700174666666666,-81.84955066666667,84:70:51:c9:8f:ee,-89,5745,150,CarPlay_8fee,Unknown
2025-10-20T21:33:16.664159+00:00,26.70017483333333,-81.84954733333333,1e:67:12:4e:3b:dd,-74,2462,11,edge plus 2023_8368,Unknown
2025-10-20T21:33:16.664159+00:00,26.70017483333333,-81.84954733333333,34:a6:ef:9b:bc:67,-74,2437,6,V300_7GIF6202,Unknown
2025-10-20T21:33:16.664159+00:00,26.70017483333333,-81.84954733333333,00:14:3e:46:40:40,-77,2412,1,ES 10,Unknown
2025-10-20T21:33:16.664159+00:00,26.70017483333333,-81.84954733333333,20:a6:cd:29:05:e2,-80,2412,1,eBOS,Unknown
2025-10-20T21:33:16.664159+00:00,26.70017483333333,-81.84954733333333,84:70:51:c9:8f:ee,-89,5745,150,CarPlay_8fee,Unknown
2025-10-20T21:33:16.664159+00:00,26.70017483333333,-81.84954733333333,bc:82:5d:31:79:22,-89,2462,11,WiFi Hotspot 8708,Unknown
2025-10-20T21:33:16.664159+00:00,26.700174166666667,-81.849548,1e:67:12:4e:3b:dd,-73,2462,11,edge plus 2023_8368,Unknown
2025-10-20T21:33:16.664159+00:00,26.700174166666667,-81.849548,34:a6:ef:9b:bc:67,-74,2437,6,V300_7GIF6202,Unknown
2025-10-20T21:33:16.664159+00:00,26.700174166666667,-81.849548,20:a6:cd:29:05:e2,-80,2412,1,eBOS,Unknown
2025-10-20T21:33:16.664159+00:00,26.700174166666667,-81.849548,00:14:3e:46:40:40,-82,2412,1,ES 10,Unknown
2025-10-20T21:33:16.664159+00:00,26.700174166666667,-81.849548,8e:53:e6:3f:5e:59,-84,2437,6,myChevrolet 5e59,Unknown
2025-10-20T21:33:16.664159+00:00,26.700174166666667,-81.849548,bc:82:5d:31:79:22,-89,2462,11,WiFi Hotspot 8708,Unknown
2025-10-20T21:33:16.664159+00:00,26.700174,-81.8495485,34:a6:ef:9b:bc:67,-75,2437,6,V300_7GIF6202,Unknown
2025-10-20T21:33:16.664159+00:00,26.700174,-81.8495485,00:14:3e:46:40:40,-76,2412,1,ES 10,Unknown
2025-10-20T21:33:16.664159+00:00,26.700174,-81.8495485,20:a6:cd:29:05:e2,-80,2412,1,eBOS,Unknown
2025-10-20T21:33:16.664159+00:00,26.700174,-81.8495485,1e:67:12:4e:3b:dd,-81,2462,11,edge plus 2023_8368,Unknown
2025-10-20T21:33:16.664159+00:00,26.700174,-81.8495485,8e:53:e6:3f:5e:59,-84,2437,6,myChevrolet 5e59,Unknown
2025-10-20T21:33:16.664159+00:00,26.700174,-81.8495485,b4:6d:c2:ed:f1:05,-84,5180,37,CarWiFi_be73da,Unknown
2025-10-20T21:33:16.664159+00:00,26.700174,-81.8495485,b8:41:d9:05:41:8c,-86,5200,41,ROVE_R2-4K-DUAL_05418c,Unknown
2025-10-20T21:33:16.664159+00:00,26.700174,-81.8495485,bc:82:5d:31:79:22,-89,2462,11,WiFi Hotspot 8708,Unknown
2025-10-20T21:33:54.784076+00:00,26.700174,-81.84954916666666,1e:67:12:4e:3b:dd,-69,2462,11,edge plus 2023_8368,Unknown
2025-10-20T21:33:54.784076+00:00,26.700174,-81.84954916666666,00:14:3e:46:40:40,-75,2412,1,ES 10,Unknown
2025-10-20T21:33:54.784076+00:00,26.700174,-81.84954916666666,34:a6:ef:9b:bc:67,-75,2437,6,V300_7GIF6202,Unknown
2025-10-20T21:33:54.784076+00:00,26.700174,-81.84954916666666,8e:53:e6:3f:5e:59,-84,2437,6,myChevrolet 5e59,Unknown
2025-10-20T21:33:54.784076+00:00,26.700174,-81.84954916666666,b4:6d:c2:ed:f1:05,-84,5180,37,CarWiFi_be73da,Unknown
2025-10-20T21:33:54.784076+00:00,26.700174,-81.84954916666666,b8:41:d9:05:41:8c,-86,5200,41,ROVE_R2-4K-DUAL_05418c,Unknown
2025-10-20T21:33:54.784076+00:00,26.700174,-81.84954916666666,bc:82:5d:31:79:22,-89,2462,11,WiFi Hotspot 8708,Unknown
2025-10-20T21:33:54.784076+00:00,26.700174,-81.84954916666666,84:70:51:c9:8f:ee,-91,5745,150,CarPlay_8fee,Unknown
2025-10-20T21:33:54.784076+00:00,26.7001745,-81.84954733333333,1e:67:12:4e:3b:dd,-68,2462,11,edge plus 2023_8368,Unknown
2025-10-20T21:33:54.784076+00:00,26.7001745,-81.84954733333333,34:a6:ef:9b:bc:67,-75,2437,6,V300_7GIF6202,Unknown
2025-10-20T21:33:54.784076+00:00,26.7001745,-81.84954733333333,00:14:3e:46:40:40,-79,2412,1,ES 10,Unknown
2025-10-20T21:33:54.784076+00:00,26.7001745,-81.84954733333333,b4:6d:c2:ed:f1:05,-84,5180,37,CarWiFi_be73da,Unknown
2025-10-20T21:33:54.784076+00:00,26.7001745,-81.84954733333333,b8:41:d9:05:41:8c,-86,5200,41,ROVE_R2-4K-DUAL_05418c,Unknown
2025-10-20T21:33:54.784076+00:00,26.7001745,-81.84954733333333,84:70:51:c9:8f:ee,-88,5745,150,CarPlay_8fee,Unknown
2025-10-20T21:33:54.784076+00:00,26.7001745,-81.84954733333333,bc:82:5d:31:79:22,-89,2462,11,WiFi Hotspot 8708,Unknown
2025-10-20T21:33:54.784076+00:00,26.700170333333332,-81.84955283333333,1e:67:12:4e:3b:dd,-71,2462,11,edge plus 2023_8368,Unknown
2025-10-20T21:33:54.784076+00:00,26.700170333333332,-81.84955283333333,34:a6:ef:9b:bc:67,-75,2437,6,V300_7GIF6202,Unknown
2025-10-20T21:33:54.784076+00:00,26.700170333333332,-81.84955283333333,00:14:3e:46:40:40,-79,2412,1,ES 10,Unknown
2025-10-20T21:33:54.784076+00:00,26.700170333333332,-81.84955283333333,bc:82:5d:31:79:22,-79,2462,11,WiFi Hotspot 8708,Unknown
2025-10-20T21:33:54.784076+00:00,26.700170333333332,-81.84955283333333,84:70:51:c9:8f:ee,-90,5745,150,CarPlay_8fee,Unknown
2025-10-20T21:33:54.784076+00:00,26.699953666666666,-81.84981533333334,1e:67:12:4e:3b:dd,-71,2462,11,edge plus 2023_8368,Unknown
2025-10-20T21:33:54.784076+00:00,26.699953666666666,-81.84981533333334,34:a6:ef:9b:bc:67,-75,2437,6,V300_7GIF6202,Unknown
2025-10-20T21:33:54.784076+00:00,26.699953666666666,-81.84981533333334,00:14:3e:46:40:40,-79,2412,1,ES 10,Unknown
2025-10-20T21:33:54.784076+00:00,26.699953666666666,-81.84981533333334,bc:82:5d:31:79:22,-79,2462,11,WiFi Hotspot 8708,Unknown
2025-10-20T21:33:54.784076+00:00,26.699953666666666,-81.84981533333334,84:70:51:c9:8f:ee,-90,5745,150,CarPlay_8fee,Unknown
2025-10-20T21:34:31.663725+00:00,26.698999333333333,-81.850987,1e:67:12:4e:3b:dd,-71,2462,11,edge plus 2023_8368,Unknown
2025-10-20T21:34:31.663725+00:00,26.698999333333333,-81.850987,34:a6:ef:9b:bc:67,-75,2437,6,V300_7GIF6202,Unknown
2025-10-20T21:34:31.663725+00:00,26.698999333333333,-81.850987,bc:82:5d:31:79:22,-79,2462,11,WiFi Hotspot 8708,Unknown
2025-10-20T21:34:31.663725+00:00,26.698999333333333,-81.850987,22:ad:56:b6:67:92,-85,2437,6,Hotspot6792,Unknown
2025-10-20T21:34:31.663725+00:00,26.698999333333333,-81.850987,24:7c:46:36:40:9f,-85,5805,162,HotspotPVVL,Unknown
2025-10-20T21:34:31.663725+00:00,26.698999333333333,-81.850987,26:7c:46:bb:01:c5,-88,5745,150,PROJbb01c5,Unknown
2025-10-20T21:34:31.663725+00:00,26.698999333333333,-81.850987,84:70:51:c9:8f:ee,-90,5745,150,CarPlay_8fee,Unknown
2025-10-20T21:34:31.663725+00:00,26.698258666666668,-81.85181433333334,1e:67:12:4e:3b:dd,-71,2462,11,edge plus 2023_8368,Unknown
2025-10-20T21:34:31.663725+00:00,26.698258666666668,-81.85181433333334,32:b4:b8:e8:1c:58,-82,2437,6,My VW 8758,Unknown
2025-10-20T21:34:31.663725+00:00,26.698258666666668,-81.85181433333334,22:ad:56:b6:67:92,-85,2437,6,Hotspot6792,Unknown
2025-10-20T21:34:31.663725+00:00,26.698258666666668,-81.85181433333334,24:7c:46:36:40:9f,-85,5805,162,HotspotPVVL,Unknown
2025-10-20T21:34:31.663725+00:00,26.698258666666668,-81.85181433333334,fa:25:fe:99:cf:0a,-87,2412,1,myChevrolet6882,Unknown
2025-10-20T21:34:31.663725+00:00,26.698258666666668,-81.85181433333334,16:03:93:b6:49:89,-87,5745,150,CHEVROLET9007,Unknown
2025-10-20T21:34:31.663725+00:00,26.698258666666668,-81.85181433333334,10:13:31:3f:4a:3b,-87,5240,49,CenturyLink5281-5G,Unknown
2025-10-20T21:34:31.663725+00:00,26.698258666666668,-81.85181433333334,26:7c:46:bb:01:c5,-88,5745,150,PROJbb01c5,Unknown
2025-10-20T21:34:31.663725+00:00,26.698258666666668,-81.85181433333334,34:a6:ef:9b:bc:67,-91,2437,6,V300_7GIF6202,Unknown
2025-10-20T21:34:31.663725+00:00,26.698258666666668,-81.85181433333334,c2:c4:f9:71:54:43,-91,2462,11,MBUX 66117,Unknown
2025-10-20T21:34:31.663725+00:00,26.6972645,-81.85273716666667,c8:9e:43:35:5b:93,-78,2412,1,NETGEAR71,Unknown
2025-10-20T21:34:31.663725+00:00,26.6972645,-81.85273716666667,32:b4:b8:e8:1c:58,-82,2437,6,My VW 8758,Unknown
2025-10-20T21:34:31.663725+00:00,26.6972645,-81.85273716666667,22:ad:56:b6:67:92,-85,2437,6,Hotspot6792,Unknown
2025-10-20T21:34:31.663725+00:00,26.6972645,-81.85273716666667,24:7c:46:36:40:9f,-85,5805,162,HotspotPVVL,Unknown
2025-10-20T21:34:31.663725+00:00,26.6972645,-81.85273716666667,10:13:31:3f:4a:3b,-85,5240,49,CenturyLink5281-5G,Unknown
2025-10-20T21:34:31.663725+00:00,26.6972645,-81.85273716666667,fa:25:fe:99:cf:0a,-87,2412,1,myChevrolet6882,Unknown
2025-10-20T21:34:31.663725+00:00,26.6972645,-81.85273716666667,26:7c:46:bb:01:c5,-88,5745,150,PROJbb01c5,Unknown
2025-10-20T21:34:31.663725+00:00,26.6972645,-81.85273716666667,16:03:93:b6:49:89,-88,5745,150,CHEVROLET9007,Unknown
2025-10-20T21:34:31.663725+00:00,26.6972645,-81.85273716666667,34:a6:ef:9b:bc:67,-91,2437,6,V300_7GIF6202,Unknown
2025-10-20T21:34:31.663725+00:00,26.6972645,-81.85273716666667,c2:c4:f9:71:54:43,-91,2462,11,MBUX 66117,Unknown
2025-10-20T21:34:31.663725+00:00,26.696173166666668,-81.853742,3e:2d:9e:fa:12:cb,-77,2437,6,CBCI-12C6,Unknown
2025-10-20T21:34:31.663725+00:00,26.696173166666668,-81.853742,c8:9e:43:35:5b:93,-78,2412,1,NETGEAR71,Unknown
2025-10-20T21:34:31.663725+00:00,26.696173166666668,-81.853742,08:bf:b8:21:bd:5c,-80,2452,9,Sasser Home 2.4ghz,Unknown
2025-10-20T21:34:31.663725+00:00,26.696173166666668,-81.853742,32:b4:b8:e8:1c:58,-82,2437,6,My VW 8758,Unknown
2025-10-20T21:34:31.663725+00:00,26.696173166666668,-81.853742,22:ad:56:b6:67:92,-85,2437,6,Hotspot6792,Unknown
2025-10-20T21:34:31.663725+00:00,26.696173166666668,-81.853742,24:7c:46:36:40:9f,-85,5805,162,HotspotPVVL,Unknown
2025-10-20T21:34:31.663725+00:00,26.696173166666668,-81.853742,10:13:31:3f:4a:3b,-85,5240,49,CenturyLink5281-5G,Unknown
2025-10-20T21:34:31.663725+00:00,26.696173166666668,-81.853742,fa:25:fe:99:cf:0a,-87,2412,1,myChevrolet6882,Unknown
2025-10-20T21:34:31.663725+00:00,26.696173166666668,-81.853742,26:7c:46:bb:01:c5,-88,5745,150,PROJbb01c5,Unknown
2025-10-20T21:34:31.663725+00:00,26.696173166666668,-81.853742,16:03:93:b6:49:89,-88,5745,150,CHEVROLET9007,Unknown
2025-10-20T21:34:31.663725+00:00,26.696173166666668,-81.853742,3e:2d:9e:9d:1b:f1,-88,2437,6,Jsto,Unknown
2025-10-20T21:34:31.663725+00:00,26.696173166666668,-81.853742,3e:2d:9e:01:12:cc,-89,5745,150,CBCI-12C6,Unknown
2025-10-20T21:34:31.663725+00:00,26.696173166666668,-81.853742,34:a6:ef:9b:bc:67,-91,2437,6,V300_7GIF6202,Unknown
2025-10-20T21:34:31.663725+00:00,26.696173166666668,-81.853742,c2:c4:f9:71:54:43,-91,2462,11,MBUX 66117,Unknown
2025-10-20T21:35:07.782379+00:00,26.693992833333333,-81.85591516666666,72:13:01:f5:47:39,-64,2462,11,hemi-one,Unknown
2025-10-20T21:35:07.782379+00:00,26.693992833333333,-81.85591516666666,3e:2d:9e:fa:12:cb,-77,2437,6,CBCI-12C6,Unknown
2025-10-20T21:35:07.782379+00:00,26.693992833333333,-81.85591516666666,72:13:01:fc:47:3a,-77,5220,45,hemi-one,Unknown
2025-10-20T21:35:07.782379+00:00,26.693992833333333,-81.85591516666666,72:13:01:fc:47:3c,-77,5220,45,xfinitywifi,Unknown
2025-10-20T21:35:07.782379+00:00,26.693992833333333,-81.85591516666666,c8:9e:43:35:5b:93,-78,2412,1,NETGEAR71,Unknown
2025-10-20T21:35:07.782379+00:00,26.693992833333333,-81.85591516666666,08:bf:b8:21:bd:5c,-80,2452,9,Sasser Home 2.4ghz,Unknown
2025-10-20T21:35:07.782379+00:00,26.693992833333333,-81.85591516666666,32:b4:b8:e8:1c:58,-82,2437,6,My VW 8758,Unknown
2025-10-20T21:35:07.782379+00:00,26.693992833333333,-81.85591516666666,c6:4f:d5:fd:b2:a1,-83,2437,6,Able,Unknown
2025-10-20T21:35:07.782379+00:00,26.693992833333333,-81.85591516666666,10:13:31:3f:4a:3b,-85,5240,49,CenturyLink5281-5G,Unknown
2025-10-20T21:35:07.782379+00:00,26.693992833333333,-81.85591516666666,fa:25:fe:99:cf:0a,-87,2412,1,myChevrolet6882,Unknown
2025-10-20T21:35:07.782379+00:00,26.693992833333333,-81.85591516666666,16:03:93:b6:49:89,-88,5745,150,CHEVROLET9007,Unknown
2025-10-20T21:35:07.782379+00:00,26.693992833333333,-81.85591516666666,3e:2d:9e:9d:1b:f1,-88,2437,6,Jsto,Unknown
2025-10-20T21:35:07.782379+00:00,26.693992833333333,-81.85591516666666,3e:2d:9e:01:12:cc,-89,5745,150,CBCI-12C6,Unknown
2025-10-20T21:35:07.782379+00:00,26.693992833333333,-81.85591516666666,34:a6:ef:9b:bc:67,-91,2437,6,V300_7GIF6202,Unknown
2025-10-20T21:35:07.782379+00:00,26.693992833333333,-81.85591516666666,c2:c4:f9:71:54:43,-91,2462,11,MBUX 66117,Unknown
2025-10-20T21:35:07.782379+00:00,26.692513,-81.85743383333333,72:13:01:f5:47:39,-64,2462,11,hemi-one,Unknown
2025-10-20T21:35:07.782379+00:00,26.692513,-81.85743383333333,3e:2d:9e:fa:12:cb,-77,2437,6,CBCI-12C6,Unknown
2025-10-20T21:35:07.782379+00:00,26.692513,-81.85743383333333,72:13:01:fc:47:3a,-77,5220,45,hemi-one,Unknown
2025-10-20T21:35:07.782379+00:00,26.692513,-81.85743383333333,72:13:01:fc:47:3c,-77,5220,45,xfinitywifi,Unknown
2025-10-20T21:35:07.782379+00:00,26.692513,-81.85743383333333,c8:9e:43:35:5b:93,-78,2412,1,NETGEAR71,Unknown
2025-10-20T21:35:07.782379+00:00,26.692513,-81.85743383333333,08:bf:b8:21:bd:5c,-80,2452,9,Sasser Home 2.4ghz,Unknown
2025-10-20T21:35:07.782379+00:00,26.692513,-81.85743383333333,f8:79:0a:f1:62:49,-83,2462,11,Luislabrador75,Unknown
2025-10-20T21:35:07.782379+00:00,26.692513,-81.85743383333333,00:54:af:52:ce:cc,-84,2447,8,HotspotCECC,Unknown
2025-10-20T21:35:07.782379+00:00,26.692513,-81.85743383333333,10:13:31:3f:4a:3b,-85,5240,49,CenturyLink5281-5G,Unknown
2025-10-20T21:35:07.782379+00:00,26.692513,-81.85743383333333,16:03:93:b6:49:89,-88,5745,150,CHEVROLET9007,Unknown
2025-10-20T21:35:07.782379+00:00,26.692513,-81.85743383333333,3e:2d:9e:9d:1b:f1,-88,2437,6,Jsto,Unknown
2025-10-20T21:35:07.782379+00:00,26.692513,-81.85743383333333,c6:4f:d5:fd:b2:a1,-88,2437,6,Able,Unknown
2025-10-20T21:35:07.782379+00:00,26.692513,-81.85743383333333,3e:2d:9e:01:12:cc,-89,5745,150,CBCI-12C6,Unknown
2025-10-20T21:35:07.782379+00:00,26.692513,-81.85743383333333,50:ba:7d:7f:99:ef,-91,2437,6,Ricks,Unknown
2025-10-20T21:35:07.782379+00:00,26.691308,-81.85908366666666,72:13:01:f5:47:39,-64,2462,11,hemi-one,Unknown
2025-10-20T21:35:07.782379+00:00,26.691308,-81.85908366666666,72:13:01:fc:47:3a,-77,5220,45,hemi-one,Unknown
2025-10-20T21:35:07.782379+00:00,26.691308,-81.85908366666666,72:13:01:fc:47:3c,-77,5220,45,xfinitywifi,Unknown
2025-10-20T21:35:07.782379+00:00,26.691308,-81.85908366666666,f8:79:0a:f1:62:49,-83,2462,11,Luislabrador75,Unknown
2025-10-20T21:35:07.782379+00:00,26.691308,-81.85908366666666,00:54:af:52:ce:cc,-84,2447,8,HotspotCECC,Unknown
2025-10-20T21:35:07.782379+00:00,26.691308,-81.85908366666666,c6:4f:d5:fd:b2:a1,-88,2437,6,Able,Unknown
2025-10-20T21:35:07.782379+00:00,26.691308,-81.85908366666666,50:ba:7d:7f:99:ef,-91,2437,6,Ricks,Unknown
2025-10-20T21:35:07.782379+00:00,26.6908005,-81.86060816666667,72:13:01:f5:47:39,-64,2462,11,hemi-one,Unknown
2025-10-20T21:35:07.782379+00:00,26.6908005,-81.86060816666667,72:13:01:fc:47:3a,-77,5220,45,hemi-one,Unknown
2025-10-20T21:35:07.782379+00:00,26.6908005,-81.86060816666667,72:13:01:fc:47:3c,-77,5220,45,xfinitywifi,Unknown
2025-10-20T21:35:07.782379+00:00,26.6908005,-81.86060816666667,28:7a:ee:bc:da:aa,-78,5240,49,Xfinity Mobile,Unknown
2025-10-20T21:35:07.782379+00:00,26.6908005,-81.86060816666667,28:7a:ee:bc:da:ab,-79,5240,49,xfinitywifi,Unknown
2025-10-20T21:35:07.782379+00:00,26.6908005,-81.86060816666667,f8:79:0a:f1:62:49,-83,2462,11,Luislabrador75,Unknown
2025-10-20T21:35:07.782379+00:00,26.6908005,-81.86060816666667,00:54:af:52:ce:cc,-84,2447,8,HotspotCECC,Unknown
2025-10-20T21:35:07.782379+00:00,26.6908005,-81.86060816666667,c6:4f:d5:fd:b2:a1,-88,2437,6,Able,Unknown
2025-10-20T21:35:07.782379+00:00,26.6908005,-81.86060816666667,e8:26:89:4c:6d:e2,-89,2437,6,the593,Unknown
2025-10-20T21:35:07.782379+00:00,26.6908005,-81.86060816666667,c8:b5:ad:5d:2b:32,-89,5280,57,the593,Unknown
2025-10-20T21:35:07.782379+00:00,26.6908005,-81.86060816666667,c8:b5:ad:5d:2b:33,-89,5280,57,TSC_Customer_Wi-Fi,Unknown
2025-10-20T21:35:07.782379+00:00,26.6908005,-81.86060816666667,50:ba:7d:7f:99:ef,-91,2437,6,Ricks,Unknown
2025-10-20T21:35:46.626699+00:00,26.689411333333332,-81.86338833333333,28:7a:ee:bc:da:aa,-78,5240,49,Xfinity Mobile,Unknown
2025-10-20T21:35:46.626699+00:00,26.689411333333332,-81.86338833333333,28:7a:ee:bc:da:ab,-79,5240,49,xfinitywifi,Unknown
2025-10-20T21:35:46.626699+00:00,26.689411333333332,-81.86338833333333,e8:26:89:4c:6d:e2,-89,2437,6,the593,Unknown
2025-10-20T21:35:46.626699+00:00,26.689411333333332,-81.86338833333333,c8:b5:ad:5d:2b:32,-89,5280,57,the593,Unknown
2025-10-20T21:35:46.626699+00:00,26.689411333333332,-81.86338833333333,c8:b5:ad:5d:2b:33,-89,5280,57,TSC_Customer_Wi-Fi,Unknown
2025-10-20T21:35:46.626699+00:00,26.688412,-81.86495033333334,28:7a:ee:86:74:2b,-76,5765,154,xfinitywifi,Unknown
2025-10-20T21:35:46.626699+00:00,26.688412,-81.86495033333334,28:7a:ee:86:74:2a,-77,5765,154,Xfinity Mobile,Unknown
2025-10-20T21:35:46.626699+00:00,26.688412,-81.86495033333334,28:7a:ee:bc:da:aa,-78,5240,49,Xfinity Mobile,Unknown
2025-10-20T21:35:46.626699+00:00,26.688412,-81.86495033333334,28:7a:ee:bc:da:ab,-79,5240,49,xfinitywifi,Unknown
2025-10-20T21:35:46.626699+00:00,26.688412,-81.86495033333334,28:7a:ee:bf:15:0a,-80,5765,154,Xfinity Mobile,Unknown
2025-10-20T21:35:46.626699+00:00,26.688412,-81.86495033333334,28:7a:ee:bf:15:0b,-81,5765,154,xfinitywifi,Unknown
2025-10-20T21:35:46.626699+00:00,26.688412,-81.86495033333334,3c:7a:8a:2a:08:8c,-82,5180,37,HOME-0888,Unknown
2025-10-20T21:35:46.626699+00:00,26.688412,-81.86495033333334,28:7a:ee:bf:10:0a,-83,5805,162,Xfinity Mobile,Unknown
2025-10-20T21:35:46.626699+00:00,26.688412,-81.86495033333334,28:7a:ee:bf:10:0b,-85,5805,162,xfinitywifi,Unknown
2025-10-20T21:35:46.626699+00:00,26.688412,-81.86495033333334,e6:55:b8:1a:26:fe,-87,5785,158,TruGuest,Unknown
2025-10-20T21:35:46.626699+00:00,26.688412,-81.86495033333334,e2:55:b8:1a:26:fe,-88,5785,158,Trulieve,Unknown
2025-10-20T21:35:46.626699+00:00,26.688412,-81.86495033333334,ee:55:b8:1a:26:fe,-88,5785,158,PCI-2839,Unknown
2025-10-20T21:35:46.626699+00:00,26.688412,-81.86495033333334,e8:26:89:4c:6d:e2,-89,2437,6,the593,Unknown
2025-10-20T21:35:46.626699+00:00,26.688412,-81.86495033333334,c8:b5:ad:5d:2b:32,-89,5280,57,the593,Unknown
2025-10-20T21:35:46.626699+00:00,26.688412,-81.86495033333334,c8:b5:ad:5d:2b:33,-89,5280,57,TSC_Customer_Wi-Fi,Unknown
2025-10-20T21:35:46.626699+00:00,26.688412,-81.86495033333334,5e:7d:7d:48:a6:46,-90,5220,45,xfinitywifi,Unknown
2025-10-20T21:35:46.626699+00:00,26.68762733333333,-81.86623333333333,28:7a:ee:bf:10:0a,-67,5805,162,Xfinity Mobile,Unknown
2025-10-20T21:35:46.626699+00:00,26.68762733333333,-81.86623333333333,28:7a:ee:bf:10:0b,-67,5805,162,xfinitywifi,Unknown
2025-10-20T21:35:46.626699+00:00,26.68762733333333,-81.86623333333333,28:7a:ee:86:74:2b,-76,5765,154,xfinitywifi,Unknown
2025-10-20T21:35:46.626699+00:00,26.68762733333333,-81.86623333333333,28:7a:ee:86:74:2a,-77,5765,154,Xfinity Mobile,Unknown
2025-10-20T21:35:46.626699+00:00,26.68762733333333,-81.86623333333333,28:7a:ee:bf:15:0a,-82,5765,154,Xfinity Mobile,Unknown
2025-10-20T21:35:46.626699+00:00,26.68762733333333,-81.86623333333333,3c:7a:8a:2a:08:8c,-82,5180,37,HOME-0888,Unknown
2025-10-20T21:35:46.626699+00:00,26.68762733333333,-81.86623333333333,28:7a:ee:bf:15:0b,-83,5765,154,xfinitywifi,Unknown
2025-10-20T21:35:46.626699+00:00,26.68762733333333,-81.86623333333333,e6:55:b8:1a:26:fe,-87,5785,158,TruGuest,Unknown
2025-10-20T21:35:46.626699+00:00,26.68762733333333,-81.86623333333333,20:9c:b4:5a:da:c3,-87,2462,11,NON-RIS-PWL,Unknown
2025-10-20T21:35:46.626699+00:00,26.68762733333333,-81.86623333333333,e2:55:b8:1a:26:fe,-88,5785,158,Trulieve,Unknown
2025-10-20T21:35:46.626699+00:00,26.68762733333333,-81.86623333333333,ee:55:b8:1a:26:fe,-88,5785,158,PCI-2839,Unknown
2025-10-20T21:35:46.626699+00:00,26.68762733333333,-81.86623333333333,5e:7d:7d:48:a6:46,-90,5220,45,xfinitywifi,Unknown
2025-10-20T21:35:46.626699+00:00,26.686829333333332,-81.86754433333333,28:7a:ee:b5:c1:7b,-67,5765,154,xfinitywifi,Unknown
2025-10-20T21:35:46.626699+00:00,26.686829333333332,-81.86754433333333,28:7a:ee:b5:c1:7a,-68,5765,154,Xfinity Mobile,Unknown
2025-10-20T21:35:46.626699+00:00,26.686829333333332,-81.86754433333333,28:7a:ee:86:74:2b,-76,5765,154,xfinitywifi,Unknown
2025-10-20T21:35:46.626699+00:00,26.686829333333332,-81.86754433333333,28:7a:ee:86:74:2a,-77,5765,154,Xfinity Mobile,Unknown
2025-10-20T21:35:46.626699+00:00,26.686829333333332,-81.86754433333333,28:7a:ee:81:d9:fb,-79,5805,162,xfinitywifi,Unknown
2025-10-20T21:35:46.626699+00:00,26.686829333333332,-81.86754433333333,28:7a:ee:81:d9:fa,-80,5805,162,Xfinity Mobile,Unknown
2025-10-20T21:35:46.626699+00:00,26.686829333333332,-81.86754433333333,28:7a:ee:bf:15:0a,-82,5765,154,Xfinity Mobile,Unknown
2025-10-20T21:35:46.626699+00:00,26.686829333333332,-81.86754433333333,3c:7a:8a:2a:08:8c,-82,5180,37,HOME-0888,Unknown
2025-10-20T21:35:46.626699+00:00,26.686829333333332,-81.86754433333333,28:7a:ee:bf:10:0a,-83,5805,162,Xfinity Mobile,Unknown
2025-10-20T21:35:46.626699+00:00,26.686829333333332,-81.86754433333333,28:7a:ee:bf:15:0b,-83,5765,154,xfinitywifi,Unknown
2025-10-20T21:35:46.626699+00:00,26.686829333333332,-81.86754433333333,28:7a:ee:bf:10:0b,-84,5805,162,xfinitywifi,Unknown
2025-10-20T21:35:46.626699+00:00,26.686829333333332,-81.86754433333333,88:57:1d:d6:14:9d,-85,2412,1,[range]_E30AJT7113716L,Unknown
2025-10-20T21:35:46.626699+00:00,26.686829333333332,-81.86754433333333,4a:bd:ce:5c:b3:06,-86,5220,45,TeeRoy,Unknown
2025-10-20T21:35:46.626699+00:00,26.686829333333332,-81.86754433333333,4a:bd:ce:5c:b3:00,-86,5220,45,xfinitywifi,Unknown
2025-10-20T21:35:46.626699+00:00,26.686829333333332,-81.86754433333333,e6:55:b8:1a:26:fe,-87,5785,158,TruGuest,Unknown
2025-10-20T21:35:46.626699+00:00,26.686829333333332,-81.86754433333333,20:9c:b4:5a:da:c3,-87,2462,11,NON-RIS-PWL,Unknown
2025-10-20T21:35:46.626699+00:00,26.686829333333332,-81.86754433333333,e2:55:b8:1a:26:fe,-88,5785,158,Trulieve,Unknown
2025-10-20T21:35:46.626699+00:00,26.686829333333332,-81.86754433333333,ee:55:b8:1a:26:fe,-88,5785,158,PCI-2839,Unknown
2025-10-20T21:35:46.626699+00:00,26.686829333333332,-81.86754433333333,5e:7d:7d:48:a6:46,-90,5220,45,xfinitywifi,Unknown
2025-10-20T21:36:25.010370+00:00,26.685039333333332,-81.8705865,28:7a:ee:b5:c1:7b,-67,5765,154,xfinitywifi,Unknown
2025-10-20T21:36:25.010370+00:00,26.685039333333332,-81.8705865,28:7a:ee:b5:c1:7a,-68,5765,154,Xfinity Mobile,Unknown
2025-10-20T21:36:25.010370+00:00,26.685039333333332,-81.8705865,28:7a:ee:81:d9:fb,-79,5805,162,xfinitywifi,Unknown
2025-10-20T21:36:25.010370+00:00,26.685039333333332,-81.8705865,28:7a:ee:81:d9:fa,-80,5805,162,Xfinity Mobile,Unknown
2025-10-20T21:36:25.010370+00:00,26.685039333333332,-81.8705865,28:7a:ee:bf:15:0a,-82,5765,154,Xfinity Mobile,Unknown
2025-10-20T21:36:25.010370+00:00,26.685039333333332,-81.8705865,28:7a:ee:bf:10:0a,-83,5805,162,Xfinity Mobile,Unknown
2025-10-20T21:36:25.010370+00:00,26.685039333333332,-81.8705865,28:7a:ee:bf:15:0b,-83,5765,154,xfinitywifi,Unknown
2025-10-20T21:36:25.010370+00:00,26.685039333333332,-81.8705865,28:7a:ee:bf:10:0b,-84,5805,162,xfinitywifi,Unknown
2025-10-20T21:36:25.010370+00:00,26.685039333333332,-81.8705865,88:57:1d:d6:14:9d,-85,2412,1,[range]_E30AJT7113716L,Unknown
2025-10-20T21:36:25.010370+00:00,26.685039333333332,-81.8705865,4a:bd:ce:5c:b3:06,-86,5220,45,TeeRoy,Unknown
2025-10-20T21:36:25.010370+00:00,26.685039333333332,-81.8705865,4a:bd:ce:5c:b3:00,-86,5220,45,xfinitywifi,Unknown
2025-10-20T21:36:25.010370+00:00,26.685039333333332,-81.8705865,20:9c:b4:5a:da:c3,-87,2462,11,NON-RIS-PWL,Unknown
2025-10-20T21:36:25.010370+00:00,26.684322166666668,-81.872235,28:7a:ee:b5:c1:7b,-67,5765,154,xfinitywifi,Unknown
2025-10-20T21:36:25.010370+00:00,26.684322166666668,-81.872235,28:7a:ee:b5:c1:7a,-68,5765,154,Xfinity Mobile,Unknown
2025-10-20T21:36:25.010370+00:00,26.684322166666668,-81.872235,28:7a:ee:81:d9:fb,-79,5805,162,xfinitywifi,Unknown
2025-10-20T21:36:25.010370+00:00,26.684322166666668,-81.872235,28:7a:ee:81:d9:fa,-80,5805,162,Xfinity Mobile,Unknown
2025-10-20T21:36:25.010370+00:00,26.684322166666668,-81.872235,a4:11:62:63:71:82,-82,2437,6,NTGR_VMB_1352818150,Unknown
2025-10-20T21:36:25.010370+00:00,26.684322166666668,-81.872235,28:7a:ee:bf:10:0a,-83,5805,162,Xfinity Mobile,Unknown
2025-10-20T21:36:25.010370+00:00,26.684322166666668,-81.872235,28:7a:ee:bf:10:0b,-84,5805,162,xfinitywifi,Unknown
2025-10-20T21:36:25.010370+00:00,26.684322166666668,-81.872235,88:57:1d:d6:14:9d,-85,2412,1,[range]_E30AJT7113716L,Unknown
2025-10-20T21:36:25.010370+00:00,26.684322166666668,-81.872235,4a:bd:ce:5c:b3:06,-86,5220,45,TeeRoy,Unknown
2025-10-20T21:36:25.010370+00:00,26.684322166666668,-81.872235,4a:bd:ce:5c:b3:00,-86,5220,45,xfinitywifi,Unknown
2025-10-20T21:36:25.010370+00:00,26.684322166666668,-81.872235,54:07:7d:7c:68:70,-88,2412,1,CBCI-DE1E-2.4_2GEXT,Unknown
2025-10-20T21:36:25.010370+00:00,26.683865,-81.87356466666667,58:19:f8:d6:d7:0d,-78,2437,6,NLRod22,Unknown
2025-10-20T21:36:25.010370+00:00,26.683865,-81.87356466666667,18:a5:ff:7d:c1:ec,-79,2437,6,TMOBILE-C1EA,Unknown
2025-10-20T21:36:25.010370+00:00,26.683865,-81.87356466666667,da:bd:34:a0:c9:18,-79,2462,11,Galaxy A16 5G Edyn.,Unknown
2025-10-20T21:36:25.010370+00:00,26.683865,-81.87356466666667,a4:11:62:63:71:82,-82,2437,6,NTGR_VMB_1352818150,Unknown
2025-10-20T21:36:25.010370+00:00,26.683865,-81.87356466666667,cc:00:f1:22:1f:87,-82,2412,1,TMOBILE-1F81,Unknown
2025-10-20T21:36:25.010370+00:00,26.683865,-81.87356466666667,e2:db:d1:49:5d:12,-82,2437,6,FBISurveillanceVan,Unknown
2025-10-20T21:36:25.010370+00:00,26.683865,-81.87356466666667,ba:a5:35:9f:3c:ae,-86,5785,158,xfinitywifi,Unknown
2025-10-20T21:36:25.010370+00:00,26.683865,-81.87356466666667,72:13:01:f9:8f:52,-87,5220,45,NotafreeWiFi,Unknown
2025-10-20T21:36:25.010370+00:00,26.683865,-81.87356466666667,54:07:7d:7c:68:70,-88,2412,1,CBCI-DE1E-2.4_2GEXT,Unknown
2025-10-20T21:36:25.010370+00:00,26.683865,-81.87356466666667,ba:a5:35:9f:3c:ac,-88,5785,158,Dean,Unknown
2025-10-20T21:36:25.010370+00:00,26.683865,-81.87356466666667,72:13:01:f9:8f:54,-88,5220,45,xfinitywifi,Unknown
2025-10-20T21:36:25.010370+00:00,26.683865,-81.87356466666667,e2:db:d1:50:5d:15,-92,5785,158,xfinitywifi,Unknown
2025-10-20T21:36:25.010370+00:00,26.683413166666668,-81.8753725,58:19:f8:d6:d7:0d,-78,2437,6,NLRod22,Unknown
2025-10-20T21:36:25.010370+00:00,26.683413166666668,-81.8753725,18:a5:ff:7d:c1:ec,-79,2437,6,TMOBILE-C1EA,Unknown
2025-10-20T21:36:25.010370+00:00,26.683413166666668,-81.8753725,da:bd:34:a0:c9:18,-79,2462,11,Galaxy A16 5G Edyn.,Unknown
2025-10-20T21:36:25.010370+00:00,26.683413166666668,-81.8753725,a4:11:62:63:71:82,-82,2437,6,NTGR_VMB_1352818150,Unknown
2025-10-20T21:36:25.010370+00:00,26.683413166666668,-81.8753725,cc:00:f1:22:1f:87,-82,2412,1,TMOBILE-1F81,Unknown
2025-10-20T21:36:25.010370+00:00,26.683413166666668,-81.8753725,e2:db:d1:49:5d:12,-82,2437,6,FBISurveillanceVan,Unknown
2025-10-20T21:36:25.010370+00:00,26.683413166666668,-81.8753725,ba:a5:35:9f:3c:ae,-86,5785,158,xfinitywifi,Unknown
2025-10-20T21:36:25.010370+00:00,26.683413166666668,-81.8753725,72:13:01:f9:8f:52,-87,5220,45,NotafreeWiFi,Unknown
2025-10-20T21:36:25.010370+00:00,26.683413166666668,-81.8753725,54:07:7d:7c:68:70,-88,2412,1,CBCI-DE1E-2.4_2GEXT,Unknown
2025-10-20T21:36:25.010370+00:00,26.683413166666668,-81.8753725,ba:a5:35:9f:3c:ac,-88,5785,158,Dean,Unknown
2025-10-20T21:36:25.010370+00:00,26.683413166666668,-81.8753725,72:13:01:f9:8f:54,-88,5220,45,xfinitywifi,Unknown
2025-10-20T21:36:25.010370+00:00,26.683413166666668,-81.8753725,e2:db:d1:50:5d:15,-92,5785,158,xfinitywifi,Unknown
2025-10-20T21:37:06.081394+00:00,26.682793666666665,-81.87861066666666,58:19:f8:d6:d7:0d,-78,2437,6,NLRod22,Unknown
2025-10-20T21:37:06.081394+00:00,26.682793666666665,-81.87861066666666,ce:22:26:5a:48:a0,-78,2412,1,myBuick,Unknown
2025-10-20T21:37:06.081394+00:00,26.682793666666665,-81.87861066666666,28:7a:ee:bf:0f:9b,-78,5805,162,xfinitywifi,Unknown
2025-10-20T21:37:06.081394+00:00,26.682793666666665,-81.87861066666666,da:bd:34:a0:c9:18,-79,2462,11,Galaxy A16 5G Edyn.,Unknown
2025-10-20T21:37:06.081394+00:00,26.682793666666665,-81.87861066666666,28:7a:ee:bf:0f:9a,-79,5805,162,Xfinity Mobile,Unknown
2025-10-20T21:37:06.081394+00:00,26.682793666666665,-81.87861066666666,e2:db:d1:49:5d:12,-82,2437,6,FBISurveillanceVan,Unknown
2025-10-20T21:37:06.081394+00:00,26.682793666666665,-81.87861066666666,42:0f:c1:f1:5a:b9,-83,2412,1,Tire Brothers,Unknown
2025-10-20T21:37:06.081394+00:00,26.682793666666665,-81.87861066666666,ba:a5:35:9f:3c:ae,-86,5785,158,xfinitywifi,Unknown
2025-10-20T21:37:06.081394+00:00,26.682793666666665,-81.87861066666666,72:13:01:f9:8f:52,-87,5220,45,NotafreeWiFi,Unknown
2025-10-20T21:37:06.081394+00:00,26.682793666666665,-81.87861066666666,ba:a5:35:9f:3c:ac,-88,5785,158,Dean,Unknown
2025-10-20T21:37:06.081394+00:00,26.682793666666665,-81.87861066666666,72:13:01:f9:8f:54,-88,5220,45,xfinitywifi,Unknown
2025-10-20T21:37:06.081394+00:00,26.682793666666665,-81.87861066666666,e2:db:d1:50:5d:15,-92,5785,158,xfinitywifi,Unknown
2025-10-20T21:37:06.081394+00:00,26.6824565,-81.88044183333334,28:7a:ee:85:04:6a,-71,5240,49,Xfinity Mobile,Unknown
2025-10-20T21:37:06.081394+00:00,26.6824565,-81.88044183333334,28:7a:ee:85:04:6b,-72,5240,49,xfinitywifi,Unknown
2025-10-20T21:37:06.081394+00:00,26.6824565,-81.88044183333334,ac:91:9b:98:4b:66,-74,2462,11,Verizon_NC9M6G,Unknown
2025-10-20T21:37:06.081394+00:00,26.6824565,-81.88044183333334,30:df:17:64:05:4b,-76,2462,11,TOYOTA RAV4-2.4g_64054b,Unknown
2025-10-20T21:37:06.081394+00:00,26.6824565,-81.88044183333334,ce:22:26:5a:48:a0,-78,2412,1,myBuick,Unknown
2025-10-20T21:37:06.081394+00:00,26.6824565,-81.88044183333334,28:7a:ee:bf:0f:9b,-78,5805,162,xfinitywifi,Unknown
2025-10-20T21:37:06.081394+00:00,26.6824565,-81.88044183333334,28:7a:ee:bf:0f:9a,-79,5805,162,Xfinity Mobile,Unknown
2025-10-20T21:37:06.081394+00:00,26.6824565,-81.88044183333334,42:0f:c1:f1:5a:b9,-83,2412,1,Tire Brothers,Unknown
2025-10-20T21:37:06.081394+00:00,26.6824565,-81.88044183333334,ac:91:9b:98:4b:67,-89,5745,150,Verizon_NC9M6G,Unknown
2025-10-20T21:37:06.081394+00:00,26.682285,-81.8818405,ac:91:9b:98:4b:66,-74,2462,11,Verizon_NC9M6G,Unknown
2025-10-20T21:37:06.081394+00:00,26.682285,-81.8818405,ce:22:26:5a:48:a0,-75,2412,1,myBuick,Unknown
2025-10-20T21:37:06.081394+00:00,26.682285,-81.8818405,30:df:17:64:05:4b,-76,2462,11,TOYOTA RAV4-2.4g_64054b,Unknown
2025-10-20T21:37:06.081394+00:00,26.682285,-81.8818405,28:7a:ee:bf:0f:9b,-78,5805,162,xfinitywifi,Unknown
2025-10-20T21:37:06.081394+00:00,26.682285,-81.8818405,28:7a:ee:bf:0f:9a,-79,5805,162,Xfinity Mobile,Unknown
2025-10-20T21:37:06.081394+00:00,26.682285,-81.8818405,fa:25:fe:ef:d0:7a,-79,2412,1,myChevrolet0980,Unknown
2025-10-20T21:37:06.081394+00:00,26.682285,-81.8818405,28:7a:ee:85:04:6a,-80,5240,49,Xfinity Mobile,Unknown
2025-10-20T21:37:06.081394+00:00,26.682285,-81.8818405,28:7a:ee:85:04:6b,-81,5240,49,xfinitywifi,Unknown
2025-10-20T21:37:06.081394+00:00,26.682285,-81.8818405,42:0f:c1:f1:5a:b9,-83,2412,1,Tire Brothers,Unknown
2025-10-20T21:37:06.081394+00:00,26.682285,-81.8818405,00:54:af:aa:d4:a8,-83,2452,9,HotspotD4A8,Unknown
2025-10-20T21:37:06.081394+00:00,26.682285,-81.8818405,ce:44:26:5a:48:a0,-84,5180,37,myBuick,Unknown
2025-10-20T21:37:06.081394+00:00,26.682285,-81.8818405,28:7a:ee:b5:6a:7a,-86,5805,162,Xfinity Mobile,Unknown
2025-10-20T21:37:06.081394+00:00,26.682285,-81.8818405,28:7a:ee:b5:6a:7b,-86,5805,162,xfinitywifi,Unknown
2025-10-20T21:37:06.081394+00:00,26.682285,-81.8818405,ac:91:9b:98:4b:67,-89,5745,150,Verizon_NC9M6G,Unknown
2025-10-20T21:37:06.081394+00:00,26.6821705,-81.883365,00:26:b4:c4:47:11,-68,2412,1,SYNC_YU890252,Unknown
2025-10-20T21:37:06.081394+00:00,26.6821705,-81.883365,ac:91:9b:98:4b:66,-74,2462,11,Verizon_NC9M6G,Unknown
2025-10-20T21:37:06.081394+00:00,26.6821705,-81.883365,ce:22:26:5a:48:a0,-75,2412,1,myBuick,Unknown
2025-10-20T21:37:06.081394+00:00,26.6821705,-81.883365,30:df:17:64:05:4b,-76,2462,11,TOYOTA RAV4-2.4g_64054b,Unknown
2025-10-20T21:37:06.081394+00:00,26.6821705,-81.883365,28:7a:ee:bf:0f:9b,-78,5805,162,xfinitywifi,Unknown
2025-10-20T21:37:06.081394+00:00,26.6821705,-81.883365,28:7a:ee:bf:0f:9a,-79,5805,162,Xfinity Mobile,Unknown
2025-10-20T21:37:06.081394+00:00,26.6821705,-81.883365,fa:25:fe:ef:d0:7a,-79,2412,1,myChevrolet0980,Unknown
2025-10-20T21:37:06.081394+00:00,26.6821705,-81.883365,28:7a:ee:85:04:6a,-80,5240,49,Xfinity Mobile,Unknown
2025-10-20T21:37:06.081394+00:00,26.6821705,-81.883365,28:7a:ee:85:04:6b,-81,5240,49,xfinitywifi,Unknown
2025-10-20T21:37:06.081394+00:00,26.6821705,-81.883365,42:0f:c1:f1:5a:b9,-83,2412,1,Tire Brothers,Unknown
2025-10-20T21:37:06.081394+00:00,26.6821705,-81.883365,00:54:af:aa:d4:a8,-83,2452,9,HotspotD4A8,Unknown
2025-10-20T21:37:06.081394+00:00,26.6821705,-81.883365,ce:44:26:5a:48:a0,-84,5180,37,myBuick,Unknown
2025-10-20T21:37:06.081394+00:00,26.6821705,-81.883365,28:7a:ee:b5:6a:7a,-86,5805,162,Xfinity Mobile,Unknown
2025-10-20T21:37:06.081394+00:00,26.6821705,-81.883365,28:7a:ee:b5:6a:7b,-86,5805,162,xfinitywifi,Unknown
2025-10-20T21:37:06.081394+00:00,26.6821705,-81.883365,28:38:5c:33:d5:25,-86,5785,158,Hotspot9PQ4,Unknown
2025-10-20T21:37:06.081394+00:00,26.6821705,-81.883365,ac:91:9b:98:4b:67,-89,5745,150,Verizon_NC9M6G,Unknown
2025-10-20T21:37:06.081394+00:00,26.6821705,-81.883365,cc:c0:79:50:4b:d9,-90,5745,150,Audi_MMI_6880 5GHz,Unknown
2025-10-20T21:37:44.567531+00:00,26.6822045,-81.88715466666666,00:26:b4:c4:47:11,-68,2412,1,SYNC_YU890252,Unknown
2025-10-20T21:37:44.567531+00:00,26.6822045,-81.88715466666666,42:0f:c1:3d:e0:0b,-74,2437,6,CBCI-E006,Unknown
2025-10-20T21:37:44.567531+00:00,26.6822045,-81.88715466666666,ce:22:26:5a:48:a0,-75,2412,1,myBuick,Unknown
2025-10-20T21:37:44.567531+00:00,26.6822045,-81.88715466666666,3e:2d:9e:af:15:a9,-76,2437,6,CBCI-15A4,Unknown
2025-10-20T21:37:44.567531+00:00,26.6822045,-81.88715466666666,fa:25:fe:ef:d0:7a,-79,2412,1,myChevrolet0980,Unknown
2025-10-20T21:37:44.567531+00:00,26.6822045,-81.88715466666666,28:7a:ee:85:04:6a,-80,5240,49,Xfinity Mobile,Unknown
2025-10-20T21:37:44.567531+00:00,26.6822045,-81.88715466666666,28:7a:ee:85:04:6b,-81,5240,49,xfinitywifi,Unknown
2025-10-20T21:37:44.567531+00:00,26.6822045,-81.88715466666666,00:54:af:aa:d4:a8,-83,2452,9,HotspotD4A8,Unknown
2025-10-20T21:37:44.567531+00:00,26.6822045,-81.88715466666666,ce:44:26:5a:48:a0,-84,5180,37,myBuick,Unknown
2025-10-20T21:37:44.567531+00:00,26.6822045,-81.88715466666666,e2:55:a8:80:94:06,-84,2462,11,029029,Unknown
2025-10-20T21:37:44.567531+00:00,26.6822045,-81.88715466666666,18:a5:ff:34:28:48,-85,2432,5,TMOBILE-2846,Unknown
2025-10-20T21:37:44.567531+00:00,26.6822045,-81.88715466666666,28:7a:ee:b5:6a:7a,-86,5805,162,Xfinity Mobile,Unknown
2025-10-20T21:37:44.567531+00:00,26.6822045,-81.88715466666666,28:7a:ee:b5:6a:7b,-86,5805,162,xfinitywifi,Unknown
2025-10-20T21:37:44.567531+00:00,26.6822045,-81.88715466666666,28:38:5c:33:d5:25,-86,5785,158,Hotspot9PQ4,Unknown
2025-10-20T21:37:44.567531+00:00,26.6822045,-81.88715466666666,0a:58:28:1c:e8:b2,-86,5180,37,Gail WiFi,Unknown
2025-10-20T21:37:44.567531+00:00,26.6822045,-81.88715466666666,00:54:af:5b:2d:b8,-87,2412,1,Hotspot2DB8,Unknown
2025-10-20T21:37:44.567531+00:00,26.6822045,-81.88715466666666,cc:c0:79:50:4b:d9,-90,5745,150,Audi_MMI_6880 5GHz,Unknown
2025-10-20T21:37:44.567531+00:00,26.6822045,-81.88715466666666,18:a5:ff:34:28:49,-90,5745,150,TMOBILE-2846,Unknown
2025-10-20T21:37:44.567531+00:00,26.682218833333334,-81.88887933333334,00:26:b4:c4:47:11,-68,2412,1,SYNC_YU890252,Unknown
2025-10-20T21:37:44.567531+00:00,26.682218833333334,-81.88887933333334,42:0f:c1:3d:e0:0b,-74,2437,6,CBCI-E006,Unknown
2025-10-20T21:37:44.567531+00:00,26.682218833333334,-81.88887933333334,2a:1b:45:4d:25:2f,-75,5805,162,Chris-Tel Wifi,Unknown
2025-10-20T21:37:44.567531+00:00,26.682218833333334,-81.88887933333334,3e:2d:9e:af:15:a9,-76,2437,6,CBCI-15A4,Unknown
2025-10-20T21:37:44.567531+00:00,26.682218833333334,-81.88887933333334,2a:1b:45:2d:25:2f,-78,2412,1,CTC SLOW,Unknown
2025-10-20T21:37:44.567531+00:00,26.682218833333334,-81.88887933333334,c6:4f:d5:89:b2:39,-79,2437,6,Piney1637,Unknown
2025-10-20T21:37:44.567531+00:00,26.682218833333334,-81.88887933333334,ce:44:26:5a:48:a0,-84,5180,37,myBuick,Unknown
2025-10-20T21:37:44.567531+00:00,26.682218833333334,-81.88887933333334,e2:55:a8:80:94:06,-84,2462,11,029029,Unknown
2025-10-20T21:37:44.567531+00:00,26.682218833333334,-81.88887933333334,c6:4f:d5:90:b2:3c,-84,5785,158,xfinitywifi,Unknown
2025-10-20T21:37:44.567531+00:00,26.682218833333334,-81.88887933333334,18:a5:ff:34:28:48,-85,2432,5,TMOBILE-2846,Unknown
2025-10-20T21:37:44.567531+00:00,26.682218833333334,-81.88887933333334,28:38:5c:33:d5:25,-86,5785,158,Hotspot9PQ4,Unknown
2025-10-20T21:37:44.567531+00:00,26.682218833333334,-81.88887933333334,0a:58:28:1c:e8:b2,-86,5180,37,Gail WiFi,Unknown
2025-10-20T21:37:44.567531+00:00,26.682218833333334,-81.88887933333334,00:54:af:5b:2d:b8,-87,2412,1,Hotspot2DB8,Unknown
2025-10-20T21:37:44.567531+00:00,26.682218833333334,-81.88887933333334,de:22:9f:cd:e1:2e,-87,2437,6,AP00003446,Unknown
2025-10-20T21:37:44.567531+00:00,26.682218833333334,-81.88887933333334,c6:4f:d5:90:b2:3a,-87,5785,158,Piney1637,Unknown
2025-10-20T21:37:44.567531+00:00,26.682218833333334,-81.88887933333334,c6:4f:d5:90:b2:3e,-89,5785,158,Xfinity Mobile,Unknown
2025-10-20T21:37:44.567531+00:00,26.682218833333334,-81.88887933333334,cc:c0:79:50:4b:d9,-90,5745,150,Audi_MMI_6880 5GHz,Unknown
2025-10-20T21:37:44.567531+00:00,26.682218833333334,-81.88887933333334,18:a5:ff:34:28:49,-90,5745,150,TMOBILE-2846,Unknown
2025-10-20T21:37:44.567531+00:00,26.682231666666667,-81.89102983333333,42:0f:c1:3d:e0:0b,-74,2437,6,CBCI-E006,Unknown
2025-10-20T21:37:44.567531+00:00,26.682231666666667,-81.89102983333333,2a:1b:45:4d:25:2f,-75,5805,162,Chris-Tel Wifi,Unknown
2025-10-20T21:37:44.567531+00:00,26.682231666666667,-81.89102983333333,3e:2d:9e:af:15:a9,-76,2437,6,CBCI-15A4,Unknown
2025-10-20T21:37:44.567531+00:00,26.682231666666667,-81.89102983333333,2a:1b:45:2d:25:2f,-78,2412,1,CTC SLOW,Unknown
2025-10-20T21:37:44.567531+00:00,26.682231666666667,-81.89102983333333,28:7a:ee:86:41:7a,-78,5765,154,Xfinity Mobile,Unknown
2025-10-20T21:37:44.567531+00:00,26.682231666666667,-81.89102983333333,c6:4f:d5:89:b2:39,-79,2437,6,Piney1637,Unknown
2025-10-20T21:37:44.567531+00:00,26.682231666666667,-81.89102983333333,28:7a:ee:86:41:7b,-79,5765,154,xfinitywifi,Unknown
2025-10-20T21:37:44.567531+00:00,26.682231666666667,-81.89102983333333,c0:d7:aa:dd:89:d2,-79,5180,37,TMOBILE,Unknown
2025-10-20T21:37:44.567531+00:00,26.682231666666667,-81.89102983333333,e2:55:a8:80:94:06,-84,2462,11,029029,Unknown
2025-10-20T21:37:44.567531+00:00,26.682231666666667,-81.89102983333333,c6:4f:d5:90:b2:3c,-84,5785,158,xfinitywifi,Unknown
2025-10-20T21:37:44.567531+00:00,26.682231666666667,-81.89102983333333,18:a5:ff:34:28:48,-85,2432,5,TMOBILE-2846,Unknown
2025-10-20T21:37:44.567531+00:00,26.682231666666667,-81.89102983333333,0a:58:28:1c:e8:b2,-86,5180,37,Gail WiFi,Unknown
2025-10-20T21:37:44.567531+00:00,26.682231666666667,-81.89102983333333,00:1d:43:40:39:2c,-86,2462,11,WiFi pro_40392D,Unknown
2025-10-20T21:37:44.567531+00:00,26.682231666666667,-81.89102983333333,00:54:af:5b:2d:b8,-87,2412,1,Hotspot2DB8,Unknown
2025-10-20T21:37:44.567531+00:00,26.682231666666667,-81.89102983333333,de:22:9f:cd:e1:2e,-87,2437,6,AP00003446,Unknown
2025-10-20T21:37:44.567531+00:00,26.682231666666667,-81.89102983333333,c6:4f:d5:90:b2:3a,-87,5785,158,Piney1637,Unknown
2025-10-20T21:37:44.567531+00:00,26.682231666666667,-81.89102983333333,c6:4f:d5:90:b2:3e,-89,5785,158,Xfinity Mobile,Unknown
2025-10-20T21:37:44.567531+00:00,26.682231666666667,-81.89102983333333,18:a5:ff:34:28:49,-90,5745,150,TMOBILE-2846,Unknown
2025-10-20T21:37:44.567531+00:00,26.6822365,-81.89303016666666,42:0f:c1:3d:e0:0b,-74,2437,6,CBCI-E006,Unknown
2025-10-20T21:37:44.567531+00:00,26.6822365,-81.89303016666666,2a:1b:45:4d:25:2f,-75,5805,162,Chris-Tel Wifi,Unknown
2025-10-20T21:37:44.567531+00:00,26.6822365,-81.89303016666666,8c:0f:6f:95:ec:c8,-75,2412,1,CBCI-C422,Unknown
2025-10-20T21:37:44.567531+00:00,26.6822365,-81.89303016666666,62:e6:f0:ce:eb:50,-75,5180,37,DIRECT-cb-AndroidAP,Unknown
2025-10-20T21:37:44.567531+00:00,26.6822365,-81.89303016666666,3e:2d:9e:af:15:a9,-76,2437,6,CBCI-15A4,Unknown
2025-10-20T21:37:44.567531+00:00,26.6822365,-81.89303016666666,bc:07:1d:75:31:44,-77,2412,1,CBCI-C422_EXT,Unknown
2025-10-20T21:37:44.567531+00:00,26.6822365,-81.89303016666666,2a:1b:45:2d:25:2f,-78,2412,1,CTC SLOW,Unknown
2025-10-20T21:37:44.567531+00:00,26.6822365,-81.89303016666666,28:7a:ee:86:41:7a,-78,5765,154,Xfinity Mobile,Unknown
2025-10-20T21:37:44.567531+00:00,26.6822365,-81.89303016666666,c6:4f:d5:89:b2:39,-79,2437,6,Piney1637,Unknown
2025-10-20T21:37:44.567531+00:00,26.6822365,-81.89303016666666,28:7a:ee:86:41:7b,-79,5765,154,xfinitywifi,Unknown
2025-10-20T21:37:44.567531+00:00,26.6822365,-81.89303016666666,c0:d7:aa:dd:89:d2,-79,5180,37,TMOBILE,Unknown
2025-10-20T21:37:44.567531+00:00,26.6822365,-81.89303016666666,ac:df:9f:49:7d:50,-79,2437,6,TMOBILE-7D4E,Unknown
2025-10-20T21:37:44.567531+00:00,26.6822365,-81.89303016666666,8c:0f:6f:95:ec:d0,-79,5240,49,ecpoutdoors5g,Unknown
2025-10-20T21:37:44.567531+00:00,26.6822365,-81.89303016666666,bc:07:1d:75:31:45,-80,5745,150,CBCI-C422_5G_EXT,Unknown
2025-10-20T21:37:44.567531+00:00,26.6822365,-81.89303016666666,a8:6e:84:36:9c:9c,-81,2437,6,In God We Trust_EXT,Unknown
2025-10-20T21:37:44.567531+00:00,26.6822365,-81.89303016666666,e2:55:a8:80:94:06,-84,2462,11,029029,Unknown
2025-10-20T21:37:44.567531+00:00,26.6822365,-81.89303016666666,c6:4f:d5:90:b2:3c,-84,5785,158,xfinitywifi,Unknown
2025-10-20T21:37:44.567531+00:00,26.6822365,-81.89303016666666,14:91:82:14:bd:0a,-84,2462,11,In God We Trust,Unknown
2025-10-20T21:37:44.567531+00:00,26.6822365,-81.89303016666666,18:a5:ff:34:28:48,-85,2432,5,TMOBILE-2846,Unknown
2025-10-20T21:37:44.567531+00:00,26.6822365,-81.89303016666666,ae:ae:19:57:9a:ea,-85,2462,11,DIRECT-roku-478-5ACE20,Unknown
2025-10-20T21:37:44.567531+00:00,26.6822365,-81.89303016666666,3e:82:c0:d8:00:b6,-85,5745,150,MHTbandwifi-5,Unknown
2025-10-20T21:37:44.567531+00:00,26.6822365,-81.89303016666666,0a:58:28:1c:e8:b2,-86,5180,37,Gail WiFi,Unknown
2025-10-20T21:37:44.567531+00:00,26.6822365,-81.89303016666666,00:1d:43:40:39:2c,-86,2462,11,WiFi pro_40392D,Unknown
2025-10-20T21:37:44.567531+00:00,26.6822365,-81.89303016666666,00:54:af:5b:2d:b8,-87,2412,1,Hotspot2DB8,Unknown
2025-10-20T21:37:44.567531+00:00,26.6822365,-81.89303016666666,de:22:9f:cd:e1:2e,-87,2437,6,AP00003446,Unknown
2025-10-20T21:37:44.567531+00:00,26.6822365,-81.89303016666666,c6:4f:d5:90:b2:3a,-87,5785,158,Piney1637,Unknown
2025-10-20T21:37:44.567531+00:00,26.6822365,-81.89303016666666,00:e0:20:70:8b:39,-87,2412,1,WiFi-Repeater,Unknown
2025-10-20T21:37:44.567531+00:00,26.6822365,-81.89303016666666,c6:4f:d5:90:b2:3e,-89,5785,158,Xfinity Mobile,Unknown
2025-10-20T21:37:44.567531+00:00,26.6822365,-81.89303016666666,18:a5:ff:34:28:49,-90,5745,150,TMOBILE-2846,Unknown
2025-10-20T21:38:25.084352+00:00,26.682238,-81.8953775,8c:0f:6f:95:ec:c8,-75,2412,1,CBCI-C422,Unknown
2025-10-20T21:38:25.084352+00:00,26.682238,-81.8953775,62:e6:f0:ce:eb:50,-75,5180,37,DIRECT-cb-AndroidAP,Unknown
2025-10-20T21:38:25.084352+00:00,26.682238,-81.8953775,bc:07:1d:75:31:44,-77,2412,1,CBCI-C422_EXT,Unknown
2025-10-20T21:38:25.084352+00:00,26.682238,-81.8953775,28:7a:ee:86:41:7a,-78,5765,154,Xfinity Mobile,Unknown
2025-10-20T21:38:25.084352+00:00,26.682238,-81.8953775,28:7a:ee:86:41:7b,-79,5765,154,xfinitywifi,Unknown
2025-10-20T21:38:25.084352+00:00,26.682238,-81.8953775,c0:d7:aa:dd:89:d2,-79,5180,37,TMOBILE,Unknown
2025-10-20T21:38:25.084352+00:00,26.682238,-81.8953775,ac:df:9f:49:7d:50,-79,2437,6,TMOBILE-7D4E,Unknown
2025-10-20T21:38:25.084352+00:00,26.682238,-81.8953775,8c:0f:6f:95:ec:d0,-79,5240,49,ecpoutdoors5g,Unknown
2025-10-20T21:38:25.084352+00:00,26.682238,-81.8953775,bc:07:1d:75:31:45,-80,5745,150,CBCI-C422_5G_EXT,Unknown
2025-10-20T21:38:25.084352+00:00,26.682238,-81.8953775,a8:6e:84:36:9c:9c,-81,2437,6,In God We Trust_EXT,Unknown
2025-10-20T21:38:25.084352+00:00,26.682238,-81.8953775,54:ba:7d:98:a7:62,-83,5785,158,adams4film,Unknown
2025-10-20T21:38:25.084352+00:00,26.682238,-81.8953775,14:91:82:14:bd:0a,-84,2462,11,In God We Trust,Unknown
2025-10-20T21:38:25.084352+00:00,26.682238,-81.8953775,ae:ae:19:57:9a:ea,-85,2462,11,DIRECT-roku-478-5ACE20,Unknown
2025-10-20T21:38:25.084352+00:00,26.682238,-81.8953775,3e:82:c0:d8:00:b6,-85,5745,150,MHTbandwifi-5,Unknown
2025-10-20T21:38:25.084352+00:00,26.682238,-81.8953775,00:1d:43:40:39:2c,-86,2462,11,WiFi pro_40392D,Unknown
2025-10-20T21:38:25.084352+00:00,26.682238,-81.8953775,00:e0:20:70:8b:39,-87,2412,1,WiFi-Repeater,Unknown
2025-10-20T21:38:25.084352+00:00,26.682238,-81.8953775,28:38:5c:f9:16:a3,-89,5785,158,Hotspotjxn4,Unknown
2025-10-20T21:38:25.084352+00:00,26.682239,-81.89541133333333,8c:0f:6f:95:ec:c8,-75,2412,1,CBCI-C422,Unknown
2025-10-20T21:38:25.084352+00:00,26.682239,-81.89541133333333,62:e6:f0:ce:eb:50,-75,5180,37,DIRECT-cb-AndroidAP,Unknown
2025-10-20T21:38:25.084352+00:00,26.682239,-81.89541133333333,bc:07:1d:75:31:44,-77,2412,1,CBCI-C422_EXT,Unknown
2025-10-20T21:38:25.084352+00:00,26.682239,-81.89541133333333,ac:df:9f:49:7d:50,-79,2437,6,TMOBILE-7D4E,Unknown
2025-10-20T21:38:25.084352+00:00,26.682239,-81.89541133333333,8c:0f:6f:95:ec:d0,-79,5240,49,ecpoutdoors5g,Unknown
2025-10-20T21:38:25.084352+00:00,26.682239,-81.89541133333333,bc:07:1d:75:31:45,-80,5745,150,CBCI-C422_5G_EXT,Unknown
2025-10-20T21:38:25.084352+00:00,26.682239,-81.89541133333333,a8:6e:84:36:9c:9c,-81,2437,6,In God We Trust_EXT,Unknown
2025-10-20T21:38:25.084352+00:00,26.682239,-81.89541133333333,54:ba:7d:98:a7:62,-83,5785,158,adams4film,Unknown
2025-10-20T21:38:25.084352+00:00,26.682239,-81.89541133333333,14:91:82:14:bd:0a,-84,2462,11,In God We Trust,Unknown
2025-10-20T21:38:25.084352+00:00,26.682239,-81.89541133333333,ae:ae:19:57:9a:ea,-85,2462,11,DIRECT-roku-478-5ACE20,Unknown
2025-10-20T21:38:25.084352+00:00,26.682239,-81.89541133333333,3e:82:c0:d8:00:b6,-85,5745,150,MHTbandwifi-5,Unknown
2025-10-20T21:38:25.084352+00:00,26.682239,-81.89541133333333,00:e0:20:70:8b:39,-87,2412,1,WiFi-Repeater,Unknown
2025-10-20T21:38:25.084352+00:00,26.682239,-81.89541133333333,28:38:5c:f9:16:a3,-89,5785,158,Hotspotjxn4,Unknown
2025-10-20T21:38:25.084352+00:00,26.68223933333333,-81.89601883333333,28:7a:ee:86:41:1a,-76,5805,162,Xfinity Mobile,Unknown
2025-10-20T21:38:25.084352+00:00,26.68223933333333,-81.89601883333333,28:7a:ee:86:41:1b,-76,5805,162,xfinitywifi,Unknown
2025-10-20T21:38:25.084352+00:00,26.68223933333333,-81.89601883333333,28:38:5c:f1:d0:f7,-81,5805,162,HotspotZhiz,Unknown
2025-10-20T21:38:25.084352+00:00,26.68223933333333,-81.89601883333333,54:ba:7d:98:a7:62,-83,5785,158,adams4film,Unknown
2025-10-20T21:38:25.084352+00:00,26.68223933333333,-81.89601883333333,50:ba:7d:6c:9a:63,-85,2437,6,SoftWashDepot,Unknown
2025-10-20T21:38:25.084352+00:00,26.68223933333333,-81.89601883333333,28:38:5c:f9:16:a3,-89,5785,158,Hotspotjxn4,Unknown
2025-10-20T21:38:25.084352+00:00,26.68223933333333,-81.89601883333333,26:7c:46:9a:b5:0d,-89,5745,150,PROJ9ab50d,Unknown
2025-10-20T21:38:25.084352+00:00,26.6822385,-81.89674,1c:93:7c:58:57:bf,-79,2462,11,Home,Unknown
2025-10-20T21:38:25.084352+00:00,26.6822385,-81.89674,28:38:5c:f1:d0:f7,-81,5805,162,HotspotZhiz,Unknown
2025-10-20T21:38:25.084352+00:00,26.6822385,-81.89674,3c:b7:4b:76:a4:fd,-82,2437,6,Fernandez,Unknown
2025-10-20T21:38:25.084352+00:00,26.6822385,-81.89674,f8:55:cd:a2:c0:3f,-82,5805,162,HotspotNeuX,Unknown
2025-10-20T21:38:25.084352+00:00,26.6822385,-81.89674,54:ba:7d:98:a7:62,-83,5785,158,adams4film,Unknown
2025-10-20T21:38:25.084352+00:00,26.6822385,-81.89674,28:7a:ee:86:41:1a,-83,5805,162,Xfinity Mobile,Unknown
2025-10-20T21:38:25.084352+00:00,26.6822385,-81.89674,28:7a:ee:86:41:1b,-84,5805,162,xfinitywifi,Unknown
2025-10-20T21:38:25.084352+00:00,26.6822385,-81.89674,50:ba:7d:6c:9a:63,-85,2437,6,SoftWashDepot,Unknown
2025-10-20T21:38:25.084352+00:00,26.6822385,-81.89674,c8:9e:43:34:14:94,-85,5765,154,NETGEAR16-5G,Unknown
2025-10-20T21:38:25.084352+00:00,26.6822385,-81.89674,88:9e:68:21:46:58,-88,5785,158,xfinitywifi,Unknown
2025-10-20T21:38:25.084352+00:00,26.6822385,-81.89674,28:38:5c:f9:16:a3,-89,5785,158,Hotspotjxn4,Unknown
2025-10-20T21:38:25.084352+00:00,26.6822385,-81.89674,26:7c:46:9a:b5:0d,-89,5745,150,PROJ9ab50d,Unknown
2025-10-20T21:39:05.679387+00:00,26.682244833333332,-81.89837566666667,ac:df:9f:a8:d0:ee,-69,2432,5,TMOBILE-D0EC,Unknown
2025-10-20T21:39:05.679387+00:00,26.682244833333332,-81.89837566666667,74:78:a6:eb:7f:80,-73,5200,41,E-Learning,Unknown
2025-10-20T21:39:05.679387+00:00,26.682244833333332,-81.89837566666667,74:78:a6:eb:7f:83,-73,5200,41,DM5M4E2N2U,Unknown
2025-10-20T21:39:05.679387+00:00,26.682244833333332,-81.89837566666667,c6:4f:d5:bc:6a:d5,-75,2412,1,CBCI-6AD0,Unknown
2025-10-20T21:39:05.679387+00:00,26.682244833333332,-81.89837566666667,48:a2:e6:ed:75:8f,-77,2412,1,HVP_48a2e6ee2aed-Pairing,Unknown
2025-10-20T21:39:05.679387+00:00,26.682244833333332,-81.89837566666667,1c:93:7c:58:57:bf,-79,2462,11,Home,Unknown
2025-10-20T21:39:05.679387+00:00,26.682244833333332,-81.89837566666667,c6:4f:d5:c3:6a:d0,-79,5805,162,xfinitywifi,Unknown
2025-10-20T21:39:05.679387+00:00,26.682244833333332,-81.89837566666667,28:38:5c:f9:16:a3,-81,5785,158,Hotspotjxn4,Unknown
2025-10-20T21:39:05.679387+00:00,26.682244833333332,-81.89837566666667,28:38:5c:f1:d0:f7,-81,5805,162,HotspotZhiz,Unknown
2025-10-20T21:39:05.679387+00:00,26.682244833333332,-81.89837566666667,c6:4f:d5:c3:6a:d6,-81,5805,162,CBCI-6AD0,Unknown
2025-10-20T21:39:05.679387+00:00,26.682244833333332,-81.89837566666667,3c:b7:4b:76:a4:fd,-82,2437,6,Fernandez,Unknown
2025-10-20T21:39:05.679387+00:00,26.682244833333332,-81.89837566666667,f8:55:cd:a2:c0:3f,-82,5805,162,HotspotNeuX,Unknown
2025-10-20T21:39:05.679387+00:00,26.682244833333332,-81.89837566666667,28:7a:ee:86:41:1a,-83,5805,162,Xfinity Mobile,Unknown
2025-10-20T21:39:05.679387+00:00,26.682244833333332,-81.89837566666667,28:7a:ee:86:41:1b,-84,5805,162,xfinitywifi,Unknown
2025-10-20T21:39:05.679387+00:00,26.682244833333332,-81.89837566666667,50:ba:7d:6c:9a:63,-85,2437,6,SoftWashDepot,Unknown
2025-10-20T21:39:05.679387+00:00,26.682244833333332,-81.89837566666667,c8:9e:43:34:14:94,-85,5765,154,NETGEAR16-5G,Unknown
2025-10-20T21:39:05.679387+00:00,26.682244833333332,-81.89837566666667,26:7c:46:a0:15:63,-86,5745,150,PROJa01563,Unknown
2025-10-20T21:39:05.679387+00:00,26.682244833333332,-81.89837566666667,74:78:a6:eb:8d:c0,-86,5240,49,E-Learning,Unknown
2025-10-20T21:39:05.679387+00:00,26.682244833333332,-81.89837566666667,74:78:a6:eb:8d:c3,-86,5240,49,DM5M4E2N2U,Unknown
2025-10-20T21:39:05.679387+00:00,26.682244833333332,-81.89837566666667,88:9e:68:21:46:58,-88,5785,158,xfinitywifi,Unknown
2025-10-20T21:39:05.679387+00:00,26.682244833333332,-81.89837566666667,26:7c:46:9a:b5:0d,-89,5745,150,PROJ9ab50d,Unknown
2025-10-20T21:39:05.679387+00:00,26.682244833333332,-81.89837566666667,c6:4f:d5:c3:6a:d2,-89,5805,162,Xfinity Mobile,Unknown
2025-10-20T21:39:05.679387+00:00,26.682244833333332,-81.89837566666667,ce:ad:15:2e:56:89,-91,2462,11,SETUP,Unknown
2025-10-20T21:39:05.679387+00:00,26.682244833333332,-81.89837566666667,40:d5:21:53:2f:b1,-91,5745,150,Kia_40w6,Unknown
2025-10-20T21:39:05.679387+00:00,26.6822435,-81.89850483333333,46:eb:2e:a0:62:fe,-66,2412,1,myChevrolet,Unknown
2025-10-20T21:39:05.679387+00:00,26.6822435,-81.89850483333333,ac:df:9f:a8:d0:ee,-70,2432,5,TMOBILE-D0EC,Unknown
2025-10-20T21:39:05.679387+00:00,26.6822435,-81.89850483333333,74:78:a6:eb:7f:80,-73,5200,41,E-Learning,Unknown
2025-10-20T21:39:05.679387+00:00,26.6822435,-81.89850483333333,74:78:a6:eb:7f:83,-73,5200,41,DM5M4E2N2U,Unknown
2025-10-20T21:39:05.679387+00:00,26.6822435,-81.89850483333333,c6:4f:d5:bc:6a:d5,-75,2412,1,CBCI-6AD0,Unknown
2025-10-20T21:39:05.679387+00:00,26.6822435,-81.89850483333333,c6:4f:d5:c3:6a:d6,-75,5805,162,CBCI-6AD0,Unknown
2025-10-20T21:39:05.679387+00:00,26.6822435,-81.89850483333333,c6:4f:d5:c3:6a:d0,-75,5805,162,xfinitywifi,Unknown
2025-10-20T21:39:05.679387+00:00,26.6822435,-81.89850483333333,48:a2:e6:ed:75:8f,-77,2412,1,HVP_48a2e6ee2aed-Pairing,Unknown
2025-10-20T21:39:05.679387+00:00,26.6822435,-81.89850483333333,1c:93:7c:58:57:bf,-79,2462,11,Home,Unknown
2025-10-20T21:39:05.679387+00:00,26.6822435,-81.89850483333333,3c:b7:4b:76:a4:fd,-82,2437,6,Fernandez,Unknown
2025-10-20T21:39:05.679387+00:00,26.6822435,-81.89850483333333,f8:55:cd:a2:c0:3f,-82,5805,162,HotspotNeuX,Unknown
2025-10-20T21:39:05.679387+00:00,26.6822435,-81.89850483333333,28:7a:ee:86:41:1a,-83,5805,162,Xfinity Mobile,Unknown
2025-10-20T21:39:05.679387+00:00,26.6822435,-81.89850483333333,c6:4f:d5:c3:6a:d2,-83,5805,162,Xfinity Mobile,Unknown
2025-10-20T21:39:05.679387+00:00,26.6822435,-81.89850483333333,28:38:5c:f9:16:a3,-84,5785,158,Hotspotjxn4,Unknown
2025-10-20T21:39:05.679387+00:00,26.6822435,-81.89850483333333,28:7a:ee:86:41:1b,-84,5805,162,xfinitywifi,Unknown
2025-10-20T21:39:05.679387+00:00,26.6822435,-81.89850483333333,38:94:ed:58:f1:e1,-84,2412,1,HVP_48a2e6ee2aed-Pairing_2GEXT,Unknown
2025-10-20T21:39:05.679387+00:00,26.6822435,-81.89850483333333,c8:9e:43:34:14:94,-85,5765,154,NETGEAR16-5G,Unknown
2025-10-20T21:39:05.679387+00:00,26.6822435,-81.89850483333333,26:7c:46:a0:15:63,-86,5745,150,PROJa01563,Unknown
2025-10-20T21:39:05.679387+00:00,26.6822435,-81.89850483333333,74:78:a6:eb:8d:c0,-86,5240,49,E-Learning,Unknown
2025-10-20T21:39:05.679387+00:00,26.6822435,-81.89850483333333,74:78:a6:eb:8d:c3,-86,5240,49,DM5M4E2N2U,Unknown
2025-10-20T21:39:05.679387+00:00,26.6822435,-81.89850483333333,88:9e:68:21:46:58,-88,5785,158,xfinitywifi,Unknown
2025-10-20T21:39:05.679387+00:00,26.6822435,-81.89850483333333,ce:ad:15:2e:56:89,-91,2462,11,SETUP,Unknown
2025-10-20T21:39:05.679387+00:00,26.6822435,-81.89850483333333,40:d5:21:53:2f:b1,-91,5745,150,Kia_40w6,Unknown
2025-10-20T21:39:05.679387+00:00,26.68224633333333,-81.89886416666667,46:eb:2e:a0:62:fe,-66,2412,1,myChevrolet,Unknown
2025-10-20T21:39:05.679387+00:00,26.68224633333333,-81.89886416666667,ac:df:9f:a8:d0:ee,-70,2432,5,TMOBILE-D0EC,Unknown
2025-10-20T21:39:05.679387+00:00,26.68224633333333,-81.89886416666667,c6:4f:d5:bc:6a:d5,-75,2412,1,CBCI-6AD0,Unknown
2025-10-20T21:39:05.679387+00:00,26.68224633333333,-81.89886416666667,48:a2:e6:ed:75:8f,-77,2412,1,HVP_48a2e6ee2aed-Pairing,Unknown
2025-10-20T21:39:05.679387+00:00,26.68224633333333,-81.89886416666667,74:78:a6:eb:7f:80,-77,5200,41,E-Learning,Unknown
2025-10-20T21:39:05.679387+00:00,26.68224633333333,-81.89886416666667,74:78:a6:eb:7f:83,-77,5200,41,DM5M4E2N2U,Unknown
2025-10-20T21:39:05.679387+00:00,26.68224633333333,-81.89886416666667,fa:6d:cc:f4:d8:eb,-79,2442,7,myGMC D8EB,Unknown
2025-10-20T21:39:05.679387+00:00,26.68224633333333,-81.89886416666667,38:94:ed:58:f1:e1,-80,2412,1,HVP_48a2e6ee2aed-Pairing_2GEXT,Unknown
2025-10-20T21:39:05.679387+00:00,26.68224633333333,-81.89886416666667,28:38:5c:f9:16:a3,-84,5785,158,Hotspotjxn4,Unknown
2025-10-20T21:39:05.679387+00:00,26.68224633333333,-81.89886416666667,74:78:a6:eb:8d:c3,-85,5240,49,DM5M4E2N2U,Unknown
2025-10-20T21:39:05.679387+00:00,26.68224633333333,-81.89886416666667,26:7c:46:a0:15:63,-86,5745,150,PROJa01563,Unknown
2025-10-20T21:39:05.679387+00:00,26.68224633333333,-81.89886416666667,74:78:a6:eb:8d:c0,-86,5240,49,E-Learning,Unknown
2025-10-20T21:39:05.679387+00:00,26.68224633333333,-81.89886416666667,c6:4f:d5:c3:6a:d6,-87,5805,162,CBCI-6AD0,Unknown
2025-10-20T21:39:05.679387+00:00,26.68224633333333,-81.89886416666667,c6:4f:d5:c3:6a:d0,-87,5805,162,xfinitywifi,Unknown
2025-10-20T21:39:05.679387+00:00,26.68224633333333,-81.89886416666667,ce:ad:15:2e:56:89,-91,2462,11,SETUP,Unknown
2025-10-20T21:39:05.679387+00:00,26.68224633333333,-81.89886416666667,c6:4f:d5:c3:6a:d2,-91,5805,162,Xfinity Mobile,Unknown
2025-10-20T21:39:05.679387+00:00,26.68224633333333,-81.89886416666667,40:d5:21:53:2f:b1,-91,5745,150,Kia_40w6,Unknown
2025-10-20T21:39:05.679387+00:00,26.682263333333335,-81.89964183333333,46:eb:2e:a0:62:fe,-66,2412,1,myChevrolet,Unknown
2025-10-20T21:39:05.679387+00:00,26.682263333333335,-81.89964183333333,ac:df:9f:a8:d0:ee,-70,2432,5,TMOBILE-D0EC,Unknown
2025-10-20T21:39:05.679387+00:00,26.682263333333335,-81.89964183333333,c6:4f:d5:bc:6a:d5,-75,2412,1,CBCI-6AD0,Unknown
2025-10-20T21:39:05.679387+00:00,26.682263333333335,-81.89964183333333,48:a2:e6:ed:75:8f,-77,2412,1,HVP_48a2e6ee2aed-Pairing,Unknown
2025-10-20T21:39:05.679387+00:00,26.682263333333335,-81.89964183333333,74:78:a6:eb:7f:80,-77,5200,41,E-Learning,Unknown
2025-10-20T21:39:05.679387+00:00,26.682263333333335,-81.89964183333333,74:78:a6:eb:7f:83,-77,5200,41,DM5M4E2N2U,Unknown
2025-10-20T21:39:05.679387+00:00,26.682263333333335,-81.89964183333333,fa:6d:cc:f4:d8:eb,-79,2442,7,myGMC D8EB,Unknown
2025-10-20T21:39:05.679387+00:00,26.682263333333335,-81.89964183333333,38:94:ed:58:f1:e1,-80,2412,1,HVP_48a2e6ee2aed-Pairing_2GEXT,Unknown
2025-10-20T21:39:05.679387+00:00,26.682263333333335,-81.89964183333333,ae:4c:a5:a6:bc:e5,-81,2412,1,Office,Unknown
2025-10-20T21:39:05.679387+00:00,26.682263333333335,-81.89964183333333,28:38:5c:f9:16:a3,-84,5785,158,Hotspotjxn4,Unknown
2025-10-20T21:39:05.679387+00:00,26.682263333333335,-81.89964183333333,74:78:a6:eb:8d:c3,-85,5240,49,DM5M4E2N2U,Unknown
2025-10-20T21:39:05.679387+00:00,26.682263333333335,-81.89964183333333,6c:b0:ce:47:a0:69,-85,2462,11,WIFINETWORK1- 2.4_2GEXT,Unknown
2025-10-20T21:39:05.679387+00:00,26.682263333333335,-81.89964183333333,26:7c:46:a0:15:63,-86,5745,150,PROJa01563,Unknown
2025-10-20T21:39:05.679387+00:00,26.682263333333335,-81.89964183333333,74:78:a6:eb:8d:c0,-86,5240,49,E-Learning,Unknown
2025-10-20T21:39:05.679387+00:00,26.682263333333335,-81.89964183333333,c6:4f:d5:c3:6a:d6,-87,5805,162,CBCI-6AD0,Unknown
2025-10-20T21:39:05.679387+00:00,26.682263333333335,-81.89964183333333,c6:4f:d5:c3:6a:d0,-87,5805,162,xfinitywifi,Unknown
2025-10-20T21:39:05.679387+00:00,26.682263333333335,-81.89964183333333,2c:05:47:de:7d:d8,-88,2437,6,V100_IHF8C402,Unknown
2025-10-20T21:39:05.679387+00:00,26.682263333333335,-81.89964183333333,3e:2d:9e:b6:15:a8,-88,5745,150,CBCI-15AA,Unknown
2025-10-20T21:39:05.679387+00:00,26.682263333333335,-81.89964183333333,3e:2d:9e:b6:15:aa,-88,5745,150,xfinitywifi,Unknown
2025-10-20T21:39:05.679387+00:00,26.682263333333335,-81.89964183333333,ce:ad:15:2e:56:89,-91,2462,11,SETUP,Unknown
2025-10-20T21:39:05.679387+00:00,26.682263333333335,-81.89964183333333,c6:4f:d5:c3:6a:d2,-91,5805,162,Xfinity Mobile,Unknown
2025-10-20T21:39:05.679387+00:00,26.682263333333335,-81.89964183333333,40:d5:21:53:2f:b1,-91,5745,150,Kia_40w6,Unknown
2025-10-20T21:39:41.580631+00:00,26.682337166666667,-81.90208116666666,46:eb:2e:a0:62:fe,-66,2412,1,myChevrolet,Unknown
2025-10-20T21:39:41.580631+00:00,26.682337166666667,-81.90208116666666,ac:df:9f:a8:d0:ee,-70,2432,5,TMOBILE-D0EC,Unknown
2025-10-20T21:39:41.580631+00:00,26.682337166666667,-81.90208116666666,74:78:a6:eb:7f:80,-77,5200,41,E-Learning,Unknown
2025-10-20T21:39:41.580631+00:00,26.682337166666667,-81.90208116666666,74:78:a6:eb:7f:83,-77,5200,41,DM5M4E2N2U,Unknown
2025-10-20T21:39:41.580631+00:00,26.682337166666667,-81.90208116666666,fa:6d:cc:f4:d8:eb,-79,2442,7,myGMC D8EB,Unknown
2025-10-20T21:39:41.580631+00:00,26.682337166666667,-81.90208116666666,38:94:ed:58:f1:e1,-80,2412,1,HVP_48a2e6ee2aed-Pairing_2GEXT,Unknown
2025-10-20T21:39:41.580631+00:00,26.682337166666667,-81.90208116666666,ae:4c:a5:a6:bc:e5,-81,2412,1,Office,Unknown
2025-10-20T21:39:41.580631+00:00,26.682337166666667,-81.90208116666666,28:38:5c:f9:16:a3,-84,5785,158,Hotspotjxn4,Unknown
2025-10-20T21:39:41.580631+00:00,26.682337166666667,-81.90208116666666,74:78:a6:eb:8d:c3,-85,5240,49,DM5M4E2N2U,Unknown
2025-10-20T21:39:41.580631+00:00,26.682337166666667,-81.90208116666666,6c:b0:ce:47:a0:69,-85,2462,11,WIFINETWORK1- 2.4_2GEXT,Unknown
2025-10-20T21:39:41.580631+00:00,26.682337166666667,-81.90208116666666,00:54:af:f9:6c:ca,-85,2452,9,Hotspot6CCA,Unknown
2025-10-20T21:39:41.580631+00:00,26.682337166666667,-81.90208116666666,c6:4f:d5:c3:6a:d6,-87,5805,162,CBCI-6AD0,Unknown
2025-10-20T21:39:41.580631+00:00,26.682337166666667,-81.90208116666666,c6:4f:d5:c3:6a:d0,-87,5805,162,xfinitywifi,Unknown
2025-10-20T21:39:41.580631+00:00,26.682337166666667,-81.90208116666666,9e:50:d1:8f:c9:af,-87,5200,41,My VW 7403,Unknown
2025-10-20T21:39:41.580631+00:00,26.682337166666667,-81.90208116666666,2c:05:47:de:7d:d8,-88,2437,6,V100_IHF8C402,Unknown
2025-10-20T21:39:41.580631+00:00,26.682337166666667,-81.90208116666666,3e:2d:9e:b6:15:a8,-88,5745,150,CBCI-15AA,Unknown
2025-10-20T21:39:41.580631+00:00,26.682337166666667,-81.90208116666666,3e:2d:9e:b6:15:aa,-88,5745,150,xfinitywifi,Unknown
2025-10-20T21:39:41.580631+00:00,26.682337166666667,-81.90208116666666,c6:4f:d5:c3:6a:d2,-91,5805,162,Xfinity Mobile,Unknown
2025-10-20T21:39:41.580631+00:00,26.682367166666666,-81.90327783333333,ee:55:a8:19:fb:4e,-76,2412,1,notes,Unknown
2025-10-20T21:39:41.580631+00:00,26.682367166666666,-81.90327783333333,ea:55:a8:19:fb:4e,-76,2412,1,sip,Unknown
2025-10-20T21:39:41.580631+00:00,26.682367166666666,-81.90327783333333,74:78:a6:eb:7f:80,-77,5200,41,E-Learning,Unknown
2025-10-20T21:39:41.580631+00:00,26.682367166666666,-81.90327783333333,74:78:a6:eb:7f:83,-77,5200,41,DM5M4E2N2U,Unknown
2025-10-20T21:39:41.580631+00:00,26.682367166666666,-81.90327783333333,e2:55:a8:19:fb:4e,-77,2412,1,smll,Unknown
2025-10-20T21:39:41.580631+00:00,26.682367166666666,-81.90327783333333,46:27:45:a3:b3:1e,-77,2462,11,[LG_Wall-Mount A/C]b31e,Unknown
2025-10-20T21:39:41.580631+00:00,26.682367166666666,-81.90327783333333,e4:55:a8:19:fb:4e,-78,2412,1,Starbucks WiFi,Unknown
2025-10-20T21:39:41.580631+00:00,26.682367166666666,-81.90327783333333,ae:4c:a5:a6:bc:e5,-81,2412,1,Office,Unknown
2025-10-20T21:39:41.580631+00:00,26.682367166666666,-81.90327783333333,ba:a5:35:8c:76:06,-84,5745,150,xfinitywifi,Unknown
2025-10-20T21:39:41.580631+00:00,26.682367166666666,-81.90327783333333,74:78:a6:eb:8d:c3,-85,5240,49,DM5M4E2N2U,Unknown
2025-10-20T21:39:41.580631+00:00,26.682367166666666,-81.90327783333333,6c:b0:ce:47:a0:69,-85,2462,11,WIFINETWORK1- 2.4_2GEXT,Unknown
2025-10-20T21:39:41.580631+00:00,26.682367166666666,-81.90327783333333,00:54:af:f9:6c:ca,-85,2452,9,Hotspot6CCA,Unknown
2025-10-20T21:39:41.580631+00:00,26.682367166666666,-81.90327783333333,9e:50:d1:8f:c9:af,-87,5200,41,My VW 7403,Unknown
2025-10-20T21:39:41.580631+00:00,26.682367166666666,-81.90327783333333,2c:05:47:de:7d:d8,-88,2437,6,V100_IHF8C402,Unknown
2025-10-20T21:39:41.580631+00:00,26.682367166666666,-81.90327783333333,3e:2d:9e:b6:15:a8,-88,5745,150,CBCI-15AA,Unknown
2025-10-20T21:39:41.580631+00:00,26.682367166666666,-81.90327783333333,3e:2d:9e:b6:15:aa,-88,5745,150,xfinitywifi,Unknown
2025-10-20T21:39:41.580631+00:00,26.682367166666666,-81.90327783333333,ba:a5:35:8c:76:00,-90,5745,150,Xfinity Mobile,Unknown
2025-10-20T21:39:41.580631+00:00,26.682375666666665,-81.904192,ee:55:a8:19:fb:4e,-76,2412,1,notes,Unknown
2025-10-20T21:39:41.580631+00:00,26.682375666666665,-81.904192,ea:55:a8:19:fb:4e,-76,2412,1,sip,Unknown
2025-10-20T21:39:41.580631+00:00,26.682375666666665,-81.904192,e2:55:a8:19:fb:4e,-77,2412,1,smll,Unknown
2025-10-20T21:39:41.580631+00:00,26.682375666666665,-81.904192,e4:55:a8:19:fb:4e,-78,2412,1,Starbucks WiFi,Unknown
2025-10-20T21:39:41.580631+00:00,26.682375666666665,-81.904192,a2:ff:70:23:51:31,-78,2437,6,Fdh1959,Unknown
2025-10-20T21:39:41.580631+00:00,26.682375666666665,-81.904192,ba:a5:35:8c:76:06,-84,5745,150,xfinitywifi,Unknown
2025-10-20T21:39:41.580631+00:00,26.682375666666665,-81.904192,9c:3d:cf:56:dd:fc,-84,2412,1,NETGEAR06,Unknown
2025-10-20T21:39:41.580631+00:00,26.682375666666665,-81.904192,00:54:af:f9:6c:ca,-85,2452,9,Hotspot6CCA,Unknown
2025-10-20T21:39:41.580631+00:00,26.682375666666665,-81.904192,a2:ff:70:2a:51:32,-86,5785,158,Fdh1959,Unknown
2025-10-20T21:39:41.580631+00:00,26.682375666666665,-81.904192,a2:ff:70:2a:51:34,-86,5785,158,xfinitywifi,Unknown
2025-10-20T21:39:41.580631+00:00,26.682375666666665,-81.904192,9e:50:d1:8f:c9:af,-87,5200,41,My VW 7403,Unknown
2025-10-20T21:39:41.580631+00:00,26.682375666666665,-81.904192,46:27:45:a3:b3:1e,-88,2462,11,[LG_Wall-Mount A/C]b31e,Unknown
2025-10-20T21:39:41.580631+00:00,26.682375666666665,-81.904192,fe:aa:a0:b5:9f:e8,-88,5240,49,xfinitywifi,Unknown
2025-10-20T21:39:41.580631+00:00,26.682375666666665,-81.904192,bc:42:8c:b8:a7:fc,-89,2452,9,MY ROGUE4795,Unknown
2025-10-20T21:39:41.580631+00:00,26.682375666666665,-81.904192,ba:a5:35:8c:76:00,-90,5745,150,Xfinity Mobile,Unknown
2025-10-20T21:39:41.580631+00:00,26.682375666666665,-81.904192,ec:aa:a0:b5:9f:e8,-90,5240,49,TheGirls,Unknown
2025-10-20T21:39:41.580631+00:00,26.682375666666665,-81.904192,a2:ff:70:2a:51:36,-91,5785,158,Xfinity Mobile,Unknown
2025-10-20T21:39:41.580631+00:00,26.682375666666665,-81.904192,d6:8d:26:18:30:d5,-92,2462,11,[LG_Wall-Mount A/C]30d5,Unknown
2025-10-20T21:39:41.580631+00:00,26.682378666666665,-81.90453183333334,ee:55:a8:19:fb:4e,-76,2412,1,notes,Unknown
2025-10-20T21:39:41.580631+00:00,26.682378666666665,-81.90453183333334,ea:55:a8:19:fb:4e,-76,2412,1,sip,Unknown
2025-10-20T21:39:41.580631+00:00,26.682378666666665,-81.90453183333334,e2:55:a8:19:fb:4e,-77,2412,1,smll,Unknown
2025-10-20T21:39:41.580631+00:00,26.682378666666665,-81.90453183333334,e4:55:a8:19:fb:4e,-78,2412,1,Starbucks WiFi,Unknown
2025-10-20T21:39:41.580631+00:00,26.682378666666665,-81.90453183333334,a2:ff:70:23:51:31,-78,2437,6,Fdh1959,Unknown
2025-10-20T21:39:41.580631+00:00,26.682378666666665,-81.90453183333334,a0:cd:f3:60:ca:2f,-82,2462,11,TOYOTA Camry_CA2FF360A0CD,Unknown
2025-10-20T21:39:41.580631+00:00,26.682378666666665,-81.90453183333334,ba:a5:35:8c:76:06,-84,5745,150,xfinitywifi,Unknown
2025-10-20T21:39:41.580631+00:00,26.682378666666665,-81.90453183333334,9c:3d:cf:56:dd:fc,-84,2412,1,NETGEAR06,Unknown
2025-10-20T21:39:41.580631+00:00,26.682378666666665,-81.90453183333334,00:54:af:f9:6c:ca,-85,2452,9,Hotspot6CCA,Unknown
2025-10-20T21:39:41.580631+00:00,26.682378666666665,-81.90453183333334,a2:ff:70:2a:51:32,-86,5785,158,Fdh1959,Unknown
2025-10-20T21:39:41.580631+00:00,26.682378666666665,-81.90453183333334,a2:ff:70:2a:51:34,-86,5785,158,xfinitywifi,Unknown
2025-10-20T21:39:41.580631+00:00,26.682378666666665,-81.90453183333334,9e:50:d1:8f:c9:af,-87,5200,41,My VW 7403,Unknown
2025-10-20T21:39:41.580631+00:00,26.682378666666665,-81.90453183333334,46:27:45:a3:b3:1e,-88,2462,11,[LG_Wall-Mount A/C]b31e,Unknown
2025-10-20T21:39:41.580631+00:00,26.682378666666665,-81.90453183333334,fe:aa:a0:b5:9f:e8,-88,5240,49,xfinitywifi,Unknown
2025-10-20T21:39:41.580631+00:00,26.682378666666665,-81.90453183333334,bc:42:8c:b8:a7:fc,-89,2452,9,MY ROGUE4795,Unknown
2025-10-20T21:39:41.580631+00:00,26.682378666666665,-81.90453183333334,ba:a5:35:8c:76:00,-90,5745,150,Xfinity Mobile,Unknown
2025-10-20T21:39:41.580631+00:00,26.682378666666665,-81.90453183333334,ec:aa:a0:b5:9f:e8,-90,5240,49,TheGirls,Unknown
2025-10-20T21:39:41.580631+00:00,26.682378666666665,-81.90453183333334,a2:ff:70:2a:51:36,-91,5785,158,Xfinity Mobile,Unknown
2025-10-20T21:39:41.580631+00:00,26.682378666666665,-81.90453183333334,d6:8d:26:18:30:d5,-92,2462,11,[LG_Wall-Mount A/C]30d5,Unknown
2025-10-20T21:40:19.082301+00:00,26.682381166666666,-81.90453483333333,a0:cd:f3:60:ca:2f,-73,2462,11,TOYOTA Camry_CA2FF360A0CD,Unknown
2025-10-20T21:40:19.082301+00:00,26.682381166666666,-81.90453483333333,ec:aa:a0:b5:9f:e0,-76,2462,11,TheGirls,Unknown
2025-10-20T21:40:19.082301+00:00,26.682381166666666,-81.90453483333333,a2:ff:70:23:51:31,-77,2437,6,Fdh1959,Unknown
2025-10-20T21:40:19.082301+00:00,26.682381166666666,-81.90453483333333,9c:3d:cf:56:dd:fc,-84,2412,1,NETGEAR06,Unknown
2025-10-20T21:40:19.082301+00:00,26.682381166666666,-81.90453483333333,a2:ff:70:2a:51:32,-86,5785,158,Fdh1959,Unknown
2025-10-20T21:40:19.082301+00:00,26.682381166666666,-81.90453483333333,a2:ff:70:2a:51:34,-86,5785,158,xfinitywifi,Unknown
2025-10-20T21:40:19.082301+00:00,26.682381166666666,-81.90453483333333,28:38:5c:f9:16:a3,-87,5785,158,Hotspotjxn4,Unknown
2025-10-20T21:40:19.082301+00:00,26.682381166666666,-81.90453483333333,46:27:45:a3:b3:1e,-88,2462,11,[LG_Wall-Mount A/C]b31e,Unknown
2025-10-20T21:40:19.082301+00:00,26.682381166666666,-81.90453483333333,fe:aa:a0:b5:9f:e8,-88,5240,49,xfinitywifi,Unknown
2025-10-20T21:40:19.082301+00:00,26.682381166666666,-81.90453483333333,bc:42:8c:b8:a7:fc,-89,2452,9,MY ROGUE4795,Unknown
2025-10-20T21:40:19.082301+00:00,26.682381166666666,-81.90453483333333,ec:aa:a0:b5:9f:e8,-90,5240,49,TheGirls,Unknown
2025-10-20T21:40:19.082301+00:00,26.682381166666666,-81.90453483333333,a2:ff:70:2a:51:36,-91,5785,158,Xfinity Mobile,Unknown
2025-10-20T21:40:19.082301+00:00,26.682381166666666,-81.90453483333333,26:7c:46:a0:15:63,-91,5745,150,PROJa01563,Unknown
2025-10-20T21:40:19.082301+00:00,26.682381166666666,-81.90453483333333,d6:8d:26:18:30:d5,-92,2462,11,[LG_Wall-Mount A/C]30d5,Unknown
2025-10-20T21:40:19.082301+00:00,26.682381833333334,-81.90453383333333,a0:cd:f3:60:ca:2f,-73,2462,11,TOYOTA Camry_CA2FF360A0CD,Unknown
2025-10-20T21:40:19.082301+00:00,26.682381833333334,-81.90453383333333,ec:aa:a0:b5:9f:e0,-76,2462,11,TheGirls,Unknown
2025-10-20T21:40:19.082301+00:00,26.682381833333334,-81.90453383333333,a2:ff:70:23:51:31,-77,2437,6,Fdh1959,Unknown
2025-10-20T21:40:19.082301+00:00,26.682381833333334,-81.90453383333333,28:38:5c:f9:16:a3,-87,5785,158,Hotspotjxn4,Unknown
2025-10-20T21:40:19.082301+00:00,26.682381833333334,-81.90453383333333,fe:aa:a0:b5:9f:e8,-88,5240,49,xfinitywifi,Unknown
2025-10-20T21:40:19.082301+00:00,26.682381833333334,-81.90453383333333,ec:aa:a0:b5:9f:e8,-90,5240,49,TheGirls,Unknown
2025-10-20T21:40:19.082301+00:00,26.682381833333334,-81.90453383333333,26:7c:46:a0:15:63,-91,5745,150,PROJa01563,Unknown
2025-10-20T21:40:19.082301+00:00,26.682384666666668,-81.90453316666667,ec:aa:a0:b5:9f:e0,-74,2462,11,TheGirls,Unknown
2025-10-20T21:40:19.082301+00:00,26.682384666666668,-81.90453316666667,a2:ff:70:23:51:31,-77,2437,6,Fdh1959,Unknown
2025-10-20T21:40:19.082301+00:00,26.682384666666668,-81.90453316666667,a0:cd:f3:60:ca:2f,-78,2462,11,TOYOTA Camry_CA2FF360A0CD,Unknown
2025-10-20T21:40:19.082301+00:00,26.682384666666668,-81.90453316666667,e2:55:a8:a2:eb:d4,-84,2437,6,Popeyes Internal,Unknown
2025-10-20T21:40:19.082301+00:00,26.682384666666668,-81.90453316666667,28:38:5c:f9:16:a3,-88,5785,158,Hotspotjxn4,Unknown
2025-10-20T21:40:19.082301+00:00,26.682384666666668,-81.90453316666667,26:7c:46:a0:15:63,-88,5745,150,PROJa01563,Unknown
2025-10-20T21:40:19.082301+00:00,26.682387833333333,-81.9045335,ec:aa:a0:b5:9f:e0,-74,2462,11,TheGirls,Unknown
2025-10-20T21:40:19.082301+00:00,26.682387833333333,-81.9045335,a2:ff:70:23:51:31,-78,2437,6,Fdh1959,Unknown
2025-10-20T21:40:19.082301+00:00,26.682387833333333,-81.9045335,a0:cd:f3:60:ca:2f,-81,2462,11,TOYOTA Camry_CA2FF360A0CD,Unknown
2025-10-20T21:40:19.082301+00:00,26.682387833333333,-81.9045335,e2:55:a8:a2:eb:d4,-84,2437,6,Popeyes Internal,Unknown
2025-10-20T21:40:19.082301+00:00,26.682387833333333,-81.9045335,28:38:5c:f9:16:a3,-88,5785,158,Hotspotjxn4,Unknown
2025-10-20T21:40:19.082301+00:00,26.682387833333333,-81.9045335,26:7c:46:a0:15:63,-88,5745,150,PROJa01563,Unknown
2025-10-20T21:40:55.086510+00:00,26.682394833333333,-81.904535,a2:ff:70:23:51:31,-76,2437,6,Fdh1959,Unknown
2025-10-20T21:40:55.086510+00:00,26.682394833333333,-81.904535,ec:aa:a0:b5:9f:e0,-76,2462,11,TheGirls,Unknown
2025-10-20T21:40:55.086510+00:00,26.682394833333333,-81.904535,a0:cd:f3:60:ca:2f,-81,2462,11,TOYOTA Camry_CA2FF360A0CD,Unknown
2025-10-20T21:40:55.086510+00:00,26.682394833333333,-81.904535,e4:55:a8:a2:eb:d4,-86,2437,6,Popeyes Guest,Unknown
2025-10-20T21:40:55.086510+00:00,26.682394833333333,-81.904535,28:38:5c:f9:16:a3,-87,5785,158,Hotspotjxn4,Unknown
2025-10-20T21:40:55.086510+00:00,26.682394833333333,-81.904535,e2:55:a8:a2:eb:d4,-87,2437,6,Popeyes Internal,Unknown
2025-10-20T21:40:55.086510+00:00,26.682394833333333,-81.904535,26:7c:46:a0:15:63,-91,5745,150,PROJa01563,Unknown
2025-10-20T21:40:55.086510+00:00,26.682398166666665,-81.90453616666667,ec:aa:a0:b5:9f:e0,-76,2462,11,TheGirls,Unknown
2025-10-20T21:40:55.086510+00:00,26.682398166666665,-81.90453616666667,a0:cd:f3:60:ca:2f,-81,2462,11,TOYOTA Camry_CA2FF360A0CD,Unknown
2025-10-20T21:40:55.086510+00:00,26.682398166666665,-81.90453616666667,a2:ff:70:23:51:31,-83,2437,6,Fdh1959,Unknown
2025-10-20T21:40:55.086510+00:00,26.682398166666665,-81.90453616666667,e4:55:a8:a2:eb:d4,-86,2437,6,Popeyes Guest,Unknown
2025-10-20T21:40:55.086510+00:00,26.682398166666665,-81.90453616666667,28:38:5c:f9:16:a3,-87,5785,158,Hotspotjxn4,Unknown
2025-10-20T21:40:55.086510+00:00,26.682398166666665,-81.90453616666667,e2:55:a8:a2:eb:d4,-87,2437,6,Popeyes Internal,Unknown
2025-10-20T21:40:55.086510+00:00,26.682398166666665,-81.90453616666667,26:7c:46:a0:15:63,-91,5745,150,PROJa01563,Unknown
2025-10-20T21:40:55.086510+00:00,26.68240266666667,-81.90477766666666,ec:aa:a0:b5:9f:e0,-76,2462,11,TheGirls,Unknown
2025-10-20T21:40:55.086510+00:00,26.68240266666667,-81.90477766666666,a0:cd:f3:60:ca:2f,-78,2462,11,TOYOTA Camry_CA2FF360A0CD,Unknown
2025-10-20T21:40:55.086510+00:00,26.68240266666667,-81.90477766666666,e2:55:a8:a2:eb:d4,-81,2437,6,Popeyes Internal,Unknown
2025-10-20T21:40:55.086510+00:00,26.68240266666667,-81.90477766666666,e4:55:a8:a2:eb:d4,-81,2437,6,Popeyes Guest,Unknown
2025-10-20T21:40:55.086510+00:00,26.68240266666667,-81.90477766666666,a2:ff:70:23:51:31,-83,2437,6,Fdh1959,Unknown
2025-10-20T21:40:55.086510+00:00,26.68240266666667,-81.90477766666666,c4:49:bb:c7:07:20,-86,2412,1,WiFi Hotspot 7540,Unknown
2025-10-20T21:40:55.086510+00:00,26.68240266666667,-81.90477766666666,28:38:5c:f9:16:a3,-87,5785,158,Hotspotjxn4,Unknown
2025-10-20T21:40:55.086510+00:00,26.68240266666667,-81.90477766666666,e4:38:83:c4:d0:46,-88,2462,11,KDFKSZJC,Unknown
2025-10-20T21:40:55.086510+00:00,26.68240266666667,-81.90477766666666,26:7c:46:a0:15:63,-91,5745,150,PROJa01563,Unknown
2025-10-20T21:40:55.086510+00:00,26.682397166666668,-81.90572083333333,ec:aa:a0:b5:9f:e0,-76,2462,11,TheGirls,Unknown
2025-10-20T21:40:55.086510+00:00,26.682397166666668,-81.90572083333333,a0:cd:f3:60:ca:2f,-78,2462,11,TOYOTA Camry_CA2FF360A0CD,Unknown
2025-10-20T21:40:55.086510+00:00,26.682397166666668,-81.90572083333333,e2:55:a8:a2:eb:d4,-81,2437,6,Popeyes Internal,Unknown
2025-10-20T21:40:55.086510+00:00,26.682397166666668,-81.90572083333333,e4:55:a8:a2:eb:d4,-81,2437,6,Popeyes Guest,Unknown
2025-10-20T21:40:55.086510+00:00,26.682397166666668,-81.90572083333333,a2:ff:70:23:51:31,-83,2437,6,Fdh1959,Unknown
2025-10-20T21:40:55.086510+00:00,26.682397166666668,-81.90572083333333,c4:49:bb:c7:07:20,-86,2412,1,WiFi Hotspot 7540,Unknown
2025-10-20T21:40:55.086510+00:00,26.682397166666668,-81.90572083333333,28:38:5c:f9:16:a3,-87,5785,158,Hotspotjxn4,Unknown
2025-10-20T21:40:55.086510+00:00,26.682397166666668,-81.90572083333333,ea:cb:ac:34:03:e5,-87,5220,45,Dunkin' Donuts Guest,Unknown
2025-10-20T21:40:55.086510+00:00,26.682397166666668,-81.90572083333333,e4:38:83:c4:d0:46,-88,2462,11,KDFKSZJC,Unknown
2025-10-20T21:40:55.086510+00:00,26.682397166666668,-81.90572083333333,26:7c:46:a0:15:63,-91,5745,150,PROJa01563,Unknown
2025-10-20T21:41:31.084843+00:00,26.682355166666667,-81.909051,a0:cd:f3:60:ca:2f,-78,2462,11,TOYOTA Camry_CA2FF360A0CD,Unknown
2025-10-20T21:41:31.084843+00:00,26.682355166666667,-81.909051,e2:55:a8:a2:eb:d4,-81,2437,6,Popeyes Internal,Unknown
2025-10-20T21:41:31.084843+00:00,26.682355166666667,-81.909051,e4:55:a8:a2:eb:d4,-81,2437,6,Popeyes Guest,Unknown
2025-10-20T21:41:31.084843+00:00,26.682355166666667,-81.909051,04:bf:6d:d9:b5:da,-81,2437,6,CenturyLink8285,Unknown
2025-10-20T21:41:31.084843+00:00,26.682355166666667,-81.909051,5a:e4:03:95:9a:07,-84,2442,7,myChevrolet 9A07,Unknown
2025-10-20T21:41:31.084843+00:00,26.682355166666667,-81.909051,40:d5:21:d8:a8:aa,-85,2412,1,myChevrolet 6016,Unknown
2025-10-20T21:41:31.084843+00:00,26.682355166666667,-81.909051,c4:49:bb:c7:07:20,-86,2412,1,WiFi Hotspot 7540,Unknown
2025-10-20T21:41:31.084843+00:00,26.682355166666667,-81.909051,ea:cb:ac:34:03:e5,-87,5220,45,Dunkin' Donuts Guest,Unknown
2025-10-20T21:41:31.084843+00:00,26.682355166666667,-81.909051,e4:38:83:c4:d0:46,-88,2462,11,KDFKSZJC,Unknown
2025-10-20T21:41:31.084843+00:00,26.682355166666667,-81.909051,48:4a:e9:55:7b:e0,-88,2412,1,DOTWLAN,Unknown
2025-10-20T21:41:31.084843+00:00,26.682355166666667,-81.909051,48:4a:e9:55:7b:e2,-88,2412,1,FDOT_Consultant,Unknown
2025-10-20T21:41:31.084843+00:00,26.682355166666667,-81.909051,5a:e4:03:f5:9a:07,-93,5220,45,myChevrolet 9A07,Unknown
2025-10-20T21:41:31.084843+00:00,26.681427,-81.91189616666666,a0:cd:f3:60:ca:2f,-76,2462,11,TOYOTA Camry_CA2FF360A0CD,Unknown
2025-10-20T21:41:31.084843+00:00,26.681427,-81.91189616666666,e4:d1:24:21:8f:81,-78,2437,6,NTBC Guest,Unknown
2025-10-20T21:41:31.084843+00:00,26.681427,-81.91189616666666,e4:d1:24:21:8f:80,-80,2437,6,NTBC Admin,Unknown
2025-10-20T21:41:31.084843+00:00,26.681427,-81.91189616666666,04:bf:6d:d9:b5:da,-81,2437,6,CenturyLink8285,Unknown
2025-10-20T21:41:31.084843+00:00,26.681427,-81.91189616666666,5a:e4:03:95:9a:07,-84,2442,7,myChevrolet 9A07,Unknown
2025-10-20T21:41:31.084843+00:00,26.681427,-81.91189616666666,40:d5:21:d8:a8:aa,-85,2412,1,myChevrolet 6016,Unknown
2025-10-20T21:41:31.084843+00:00,26.681427,-81.91189616666666,f8:55:cd:65:3e:54,-87,5805,162,HotspotURUV,Unknown
2025-10-20T21:41:31.084843+00:00,26.681427,-81.91189616666666,76:7f:f0:04:3f:5c,-87,5200,41,ntbc1611office,Unknown
2025-10-20T21:41:31.084843+00:00,26.681427,-81.91189616666666,48:4a:e9:55:7b:e0,-88,2412,1,DOTWLAN,Unknown
2025-10-20T21:41:31.084843+00:00,26.681427,-81.91189616666666,48:4a:e9:55:7b:e2,-88,2412,1,FDOT_Consultant,Unknown
2025-10-20T21:41:31.084843+00:00,26.681427,-81.91189616666666,58:41:46:d9:5a:d6,-89,5180,37,ROVE_R2-4K-DUAL_d95ad6,Unknown
2025-10-20T21:41:31.084843+00:00,26.681427,-81.91189616666666,e4:d1:24:21:8f:91,-91,5805,162,NTBC Guest,Unknown
2025-10-20T21:41:31.084843+00:00,26.681427,-81.91189616666666,e4:d1:24:21:8f:90,-92,5805,162,NTBC Admin,Unknown
2025-10-20T21:41:31.084843+00:00,26.681427,-81.91189616666666,5a:e4:03:f5:9a:07,-93,5220,45,myChevrolet 9A07,Unknown
2025-10-20T21:41:31.084843+00:00,26.680666333333335,-81.91344583333333,72:7f:f0:04:3f:5b,-68,2422,3,ntbc1611office,Unknown
2025-10-20T21:41:31.084843+00:00,26.680666333333335,-81.91344583333333,22:ad:56:a7:06:0a,-70,2412,1,Hotspot060A,Unknown
2025-10-20T21:41:31.084843+00:00,26.680666333333335,-81.91344583333333,a0:cd:f3:60:ca:2f,-81,2462,11,TOYOTA Camry_CA2FF360A0CD,Unknown
2025-10-20T21:41:31.084843+00:00,26.680666333333335,-81.91344583333333,04:bf:6d:d9:b5:da,-81,2437,6,CenturyLink8285,Unknown
2025-10-20T21:41:31.084843+00:00,26.680666333333335,-81.91344583333333,e4:d1:24:21:8f:80,-82,2437,6,NTBC Admin,Unknown
2025-10-20T21:41:31.084843+00:00,26.680666333333335,-81.91344583333333,e4:d1:24:21:8f:81,-82,2437,6,NTBC Guest,Unknown
2025-10-20T21:41:31.084843+00:00,26.680666333333335,-81.91344583333333,5a:e4:03:95:9a:07,-84,2442,7,myChevrolet 9A07,Unknown
2025-10-20T21:41:31.084843+00:00,26.680666333333335,-81.91344583333333,40:d5:21:d8:a8:aa,-85,2412,1,myChevrolet 6016,Unknown
2025-10-20T21:41:31.084843+00:00,26.680666333333335,-81.91344583333333,e4:d1:24:21:8f:91,-85,5805,162,NTBC Guest,Unknown
2025-10-20T21:41:31.084843+00:00,26.680666333333335,-81.91344583333333,e4:d1:24:21:8f:90,-86,5805,162,NTBC Admin,Unknown
2025-10-20T21:41:31.084843+00:00,26.680666333333335,-81.91344583333333,32:b4:b8:30:61:f9,-86,2437,6,My VW 0724,Unknown
2025-10-20T21:41:31.084843+00:00,26.680666333333335,-81.91344583333333,f8:55:cd:65:3e:54,-87,5805,162,HotspotURUV,Unknown
2025-10-20T21:41:31.084843+00:00,26.680666333333335,-81.91344583333333,76:7f:f0:04:3f:5c,-87,5200,41,ntbc1611office,Unknown
2025-10-20T21:41:31.084843+00:00,26.680666333333335,-81.91344583333333,48:4a:e9:55:7b:e0,-88,2412,1,DOTWLAN,Unknown
2025-10-20T21:41:31.084843+00:00,26.680666333333335,-81.91344583333333,48:4a:e9:55:7b:e2,-88,2412,1,FDOT_Consultant,Unknown
2025-10-20T21:41:31.084843+00:00,26.680666333333335,-81.91344583333333,58:41:46:d9:5a:d6,-89,5180,37,ROVE_R2-4K-DUAL_d95ad6,Unknown
2025-10-20T21:41:31.084843+00:00,26.680666333333335,-81.91344583333333,a8:40:0b:14:46:a6,-89,5785,158,HotspotaQiv,Unknown
2025-10-20T21:41:31.084843+00:00,26.680666333333335,-81.91344583333333,2a:38:5c:d9:c6:97,-90,5745,150,PROJd9c697,Unknown
2025-10-20T21:41:31.084843+00:00,26.680666333333335,-81.91344583333333,5a:e4:03:f5:9a:07,-93,5220,45,myChevrolet 9A07,Unknown
2025-10-20T21:42:08.258798+00:00,26.678985333333333,-81.91699033333333,72:7f:f0:04:3f:5b,-68,2422,3,ntbc1611office,Unknown
2025-10-20T21:42:08.258798+00:00,26.678985333333333,-81.91699033333333,22:ad:56:a7:06:0a,-70,2412,1,Hotspot060A,Unknown
2025-10-20T21:42:08.258798+00:00,26.678985333333333,-81.91699033333333,c0:06:c3:ca:79:b3,-73,2452,9,TP-Link_79B4,Unknown
2025-10-20T21:42:08.258798+00:00,26.678985333333333,-81.91699033333333,b0:a7:b9:4a:0f:07,-79,2432,5,TP-Link_0F08,Unknown
2025-10-20T21:42:08.258798+00:00,26.678985333333333,-81.91699033333333,a0:cd:f3:60:ca:2f,-81,2462,11,TOYOTA Camry_CA2FF360A0CD,Unknown
2025-10-20T21:42:08.258798+00:00,26.678985333333333,-81.91699033333333,d2:75:0c:2a:4b:e0,-81,2452,9,Messiah,Unknown
2025-10-20T21:42:08.258798+00:00,26.678985333333333,-81.91699033333333,e4:d1:24:21:8f:80,-82,2437,6,NTBC Admin,Unknown
2025-10-20T21:42:08.258798+00:00,26.678985333333333,-81.91699033333333,e4:d1:24:21:8f:81,-82,2437,6,NTBC Guest,Unknown
2025-10-20T21:42:08.258798+00:00,26.678985333333333,-81.91699033333333,e4:d1:24:21:8f:91,-85,5805,162,NTBC Guest,Unknown
2025-10-20T21:42:08.258798+00:00,26.678985333333333,-81.91699033333333,e4:d1:24:21:8f:90,-86,5805,162,NTBC Admin,Unknown
2025-10-20T21:42:08.258798+00:00,26.678985333333333,-81.91699033333333,32:b4:b8:30:61:f9,-86,2437,6,My VW 0724,Unknown
2025-10-20T21:42:08.258798+00:00,26.678985333333333,-81.91699033333333,f8:55:cd:65:3e:54,-87,5805,162,HotspotURUV,Unknown
2025-10-20T21:42:08.258798+00:00,26.678985333333333,-81.91699033333333,76:7f:f0:04:3f:5c,-87,5200,41,ntbc1611office,Unknown
2025-10-20T21:42:08.258798+00:00,26.678985333333333,-81.91699033333333,58:41:46:d9:5a:d6,-89,5180,37,ROVE_R2-4K-DUAL_d95ad6,Unknown
2025-10-20T21:42:08.258798+00:00,26.678985333333333,-81.91699033333333,a8:40:0b:14:46:a6,-89,5785,158,HotspotaQiv,Unknown
2025-10-20T21:42:08.258798+00:00,26.678985333333333,-81.91699033333333,2a:38:5c:d9:c6:97,-90,5745,150,PROJd9c697,Unknown
2025-10-20T21:42:08.258798+00:00,26.678222833333333,-81.9186075,72:7f:f0:04:3f:5b,-68,2422,3,ntbc1611office,Unknown
2025-10-20T21:42:08.258798+00:00,26.678222833333333,-81.9186075,22:ad:56:a7:06:0a,-70,2412,1,Hotspot060A,Unknown
2025-10-20T21:42:08.258798+00:00,26.678222833333333,-81.9186075,c0:06:c3:ca:79:b3,-73,2452,9,TP-Link_79B4,Unknown
2025-10-20T21:42:08.258798+00:00,26.678222833333333,-81.9186075,86:ea:ed:3e:02:80,-77,2462,11,DIRECT-roku-DGY-82ABB4,Unknown
2025-10-20T21:42:08.258798+00:00,26.678222833333333,-81.9186075,b0:a7:b9:4a:0f:07,-79,2432,5,TP-Link_0F08,Unknown
2025-10-20T21:42:08.258798+00:00,26.678222833333333,-81.9186075,fe:45:1f:3d:73:a3,-80,5220,45,Big Toys Starlink,Unknown
2025-10-20T21:42:08.258798+00:00,26.678222833333333,-81.9186075,d2:75:0c:2a:4b:e0,-81,2452,9,Messiah,Unknown
2025-10-20T21:42:08.258798+00:00,26.678222833333333,-81.9186075,e4:d1:24:21:8f:80,-82,2437,6,NTBC Admin,Unknown
2025-10-20T21:42:08.258798+00:00,26.678222833333333,-81.9186075,e4:d1:24:21:8f:81,-82,2437,6,NTBC Guest,Unknown
2025-10-20T21:42:08.258798+00:00,26.678222833333333,-81.9186075,e4:d1:24:21:8f:91,-85,5805,162,NTBC Guest,Unknown
2025-10-20T21:42:08.258798+00:00,26.678222833333333,-81.9186075,e4:d1:24:21:8f:90,-86,5805,162,NTBC Admin,Unknown
2025-10-20T21:42:08.258798+00:00,26.678222833333333,-81.9186075,32:b4:b8:30:61:f9,-86,2437,6,My VW 0724,Unknown
2025-10-20T21:42:08.258798+00:00,26.678222833333333,-81.9186075,76:7f:f0:04:3f:5c,-87,5200,41,ntbc1611office,Unknown
2025-10-20T21:42:08.258798+00:00,26.678222833333333,-81.9186075,58:41:46:d9:5a:d6,-89,5180,37,ROVE_R2-4K-DUAL_d95ad6,Unknown
2025-10-20T21:42:08.258798+00:00,26.678222833333333,-81.9186075,a8:40:0b:14:46:a6,-89,5785,158,HotspotaQiv,Unknown
2025-10-20T21:42:08.258798+00:00,26.678222833333333,-81.9186075,2a:38:5c:d9:c6:97,-90,5745,150,PROJd9c697,Unknown
2025-10-20T21:42:08.258798+00:00,26.678222833333333,-81.9186075,a0:cd:f3:60:ca:2f,-91,2462,11,TOYOTA Camry_CA2FF360A0CD,Unknown
2025-10-20T21:42:08.258798+00:00,26.678222833333333,-81.9186075,fe:45:1f:4d:73:a3,-92,5765,154,Big Toys Starlink,Unknown
2025-10-20T21:42:08.258798+00:00,26.677502,-81.920128,c0:06:c3:ca:79:b3,-73,2452,9,TP-Link_79B4,Unknown
2025-10-20T21:42:08.258798+00:00,26.677502,-81.920128,86:ea:ed:3e:02:80,-77,2462,11,DIRECT-roku-DGY-82ABB4,Unknown
2025-10-20T21:42:08.258798+00:00,26.677502,-81.920128,b0:a7:b9:4a:0f:07,-79,2432,5,TP-Link_0F08,Unknown
2025-10-20T21:42:08.258798+00:00,26.677502,-81.920128,fe:45:1f:3d:73:a3,-80,5220,45,Big Toys Starlink,Unknown
2025-10-20T21:42:08.258798+00:00,26.677502,-81.920128,d2:75:0c:2a:4b:e0,-81,2452,9,Messiah,Unknown
2025-10-20T21:42:08.258798+00:00,26.677502,-81.920128,a0:cd:f3:60:ca:2f,-85,2462,11,TOYOTA Camry_CA2FF360A0CD,Unknown
2025-10-20T21:42:08.258798+00:00,26.677502,-81.920128,ac:91:9b:f4:83:3a,-90,2437,6,Verizon_PQRQC9,Unknown
2025-10-20T21:42:08.258798+00:00,26.677502,-81.920128,fe:45:1f:4d:73:a3,-92,5765,154,Big Toys Starlink,Unknown
2025-10-20T21:42:08.258798+00:00,26.676811166666667,-81.92158,c0:06:c3:ca:79:b3,-73,2452,9,TP-Link_79B4,Unknown
2025-10-20T21:42:08.258798+00:00,26.676811166666667,-81.92158,86:ea:ed:3e:02:80,-77,2462,11,DIRECT-roku-DGY-82ABB4,Unknown
2025-10-20T21:42:08.258798+00:00,26.676811166666667,-81.92158,b0:a7:b9:4a:0f:07,-79,2432,5,TP-Link_0F08,Unknown
2025-10-20T21:42:08.258798+00:00,26.676811166666667,-81.92158,a0:cd:f3:60:ca:2f,-80,2462,11,TOYOTA Camry_CA2FF360A0CD,Unknown
2025-10-20T21:42:08.258798+00:00,26.676811166666667,-81.92158,fe:45:1f:3d:73:a3,-80,5220,45,Big Toys Starlink,Unknown
2025-10-20T21:42:08.258798+00:00,26.676811166666667,-81.92158,d2:75:0c:2a:4b:e0,-81,2452,9,Messiah,Unknown
2025-10-20T21:42:08.258798+00:00,26.676811166666667,-81.92158,ac:91:9b:f4:83:3a,-90,2437,6,Verizon_PQRQC9,Unknown
2025-10-20T21:42:08.258798+00:00,26.676811166666667,-81.92158,fe:45:1f:4d:73:a3,-92,5765,154,Big Toys Starlink,Unknown
2025-10-20T21:42:44.454585+00:00,26.67578616666667,-81.92385883333333,a0:cd:f3:60:ca:2f,-80,2462,11,TOYOTA Camry_CA2FF360A0CD,Unknown
2025-10-20T21:42:44.454585+00:00,26.67578616666667,-81.92385883333333,fe:45:1f:3d:73:a3,-80,5220,45,Big Toys Starlink,Unknown
2025-10-20T21:42:44.454585+00:00,26.67578616666667,-81.92385883333333,ea:55:a8:29:ca:9b,-83,2412,1,MCW-Guest,Unknown
2025-10-20T21:42:44.454585+00:00,26.67578616666667,-81.92385883333333,ee:55:a8:29:ca:9b,-84,2412,1,MCW-IoT,Unknown
2025-10-20T21:42:44.454585+00:00,26.67578616666667,-81.92385883333333,02:54:af:f2:c1:27,-85,2437,6,HotspotC127,Unknown
2025-10-20T21:42:44.454585+00:00,26.67578616666667,-81.92385883333333,ac:91:9b:f4:83:3a,-90,2437,6,Verizon_PQRQC9,Unknown
2025-10-20T21:42:44.454585+00:00,26.67578616666667,-81.92385883333333,fe:45:1f:4d:73:a3,-92,5765,154,Big Toys Starlink,Unknown
2025-10-20T21:42:44.454585+00:00,26.675837166666668,-81.92414566666666,a0:cd:f3:60:ca:2f,-80,2462,11,TOYOTA Camry_CA2FF360A0CD,Unknown
2025-10-20T21:42:44.454585+00:00,26.675837166666668,-81.92414566666666,ea:55:a8:29:ca:9b,-80,2412,1,MCW-Guest,Unknown
2025-10-20T21:42:44.454585+00:00,26.675837166666668,-81.92414566666666,ee:55:a8:29:ca:9b,-82,2412,1,MCW-IoT,Unknown
2025-10-20T21:42:44.454585+00:00,26.675837166666668,-81.92414566666666,02:54:af:f2:c1:27,-85,2437,6,HotspotC127,Unknown
2025-10-20T21:42:44.454585+00:00,26.675837166666668,-81.92414566666666,42:35:21:3f:d3:14,-86,2437,6,myChevrolet8104,Unknown
2025-10-20T21:42:44.454585+00:00,26.676442833333333,-81.92435333333333,ea:55:a8:29:ca:9b,-81,2412,1,MCW-Guest,Unknown
2025-10-20T21:42:44.454585+00:00,26.676442833333333,-81.92435333333333,ee:55:a8:29:ca:9b,-81,2412,1,MCW-IoT,Unknown
2025-10-20T21:42:44.454585+00:00,26.676442833333333,-81.92435333333333,f2:9e:28:dc:20:12,-84,2437,6,MCW-IoT,Unknown
2025-10-20T21:42:44.454585+00:00,26.676442833333333,-81.92435333333333,02:54:af:f2:c1:27,-85,2437,6,HotspotC127,Unknown
2025-10-20T21:42:44.454585+00:00,26.676442833333333,-81.92435333333333,f6:9e:28:dc:20:12,-85,2437,6,MCW-Guest,Unknown
2025-10-20T21:42:44.454585+00:00,26.676442833333333,-81.92435333333333,ea:55:a8:29:c7:87,-85,2437,6,MCW-Guest,Unknown
2025-10-20T21:42:44.454585+00:00,26.676442833333333,-81.92435333333333,42:35:21:3f:d3:14,-86,2437,6,myChevrolet8104,Unknown
2025-10-20T21:42:44.454585+00:00,26.677278666666666,-81.92453033333334,ea:55:a8:29:ca:9b,-81,2412,1,MCW-Guest,Unknown
2025-10-20T21:42:44.454585+00:00,26.677278666666666,-81.92453033333334,ee:55:a8:29:ca:9b,-81,2412,1,MCW-IoT,Unknown
2025-10-20T21:42:44.454585+00:00,26.677278666666666,-81.92453033333334,f2:9e:28:dc:20:12,-84,2437,6,MCW-IoT,Unknown
2025-10-20T21:42:44.454585+00:00,26.677278666666666,-81.92453033333334,02:54:af:f2:c1:27,-85,2437,6,HotspotC127,Unknown
2025-10-20T21:42:44.454585+00:00,26.677278666666666,-81.92453033333334,f6:9e:28:dc:20:12,-85,2437,6,MCW-Guest,Unknown
2025-10-20T21:42:44.454585+00:00,26.677278666666666,-81.92453033333334,ea:55:a8:29:c7:87,-85,2437,6,MCW-Guest,Unknown
2025-10-20T21:42:44.454585+00:00,26.677278666666666,-81.92453033333334,42:35:21:3f:d3:14,-86,2437,6,myChevrolet8104,Unknown
2025-10-20T21:42:44.454585+00:00,26.677278666666666,-81.92453033333334,80:2a:a8:fc:89:1f,-87,5660,133,CyberSTREET,Unknown
2025-10-20T21:43:22.082039+00:00,26.677231666666668,-81.9261525,00:cb:7a:32:eb:bc,-78,2437,6,VolkElectric,Unknown
2025-10-20T21:43:22.082039+00:00,26.677231666666668,-81.9261525,ea:55:a8:29:ca:9b,-81,2412,1,MCW-Guest,Unknown
2025-10-20T21:43:22.082039+00:00,26.677231666666668,-81.9261525,ee:55:a8:29:ca:9b,-81,2412,1,MCW-IoT,Unknown
2025-10-20T21:43:22.082039+00:00,26.677231666666668,-81.9261525,f2:9e:28:dc:20:12,-84,2437,6,MCW-IoT,Unknown
2025-10-20T21:43:22.082039+00:00,26.677231666666668,-81.9261525,00:68:eb:4b:c0:16,-84,2437,6,DIRECT-15-HP OfficeJet Pro 6970,Unknown
2025-10-20T21:43:22.082039+00:00,26.677231666666668,-81.9261525,f6:9e:28:dc:20:12,-85,2437,6,MCW-Guest,Unknown
2025-10-20T21:43:22.082039+00:00,26.677231666666668,-81.9261525,ea:55:a8:29:c7:87,-85,2437,6,MCW-Guest,Unknown
2025-10-20T21:43:22.082039+00:00,26.677231666666668,-81.9261525,80:2a:a8:fc:89:1f,-87,5660,133,CyberSTREET,Unknown
2025-10-20T21:43:22.082039+00:00,26.676918,-81.92719283333334,00:cb:7a:32:eb:bc,-78,2437,6,VolkElectric,Unknown
2025-10-20T21:43:22.082039+00:00,26.676918,-81.92719283333334,00:68:eb:4b:c0:16,-84,2437,6,DIRECT-15-HP OfficeJet Pro 6970,Unknown
2025-10-20T21:43:22.082039+00:00,26.676918,-81.92719283333334,80:2a:a8:fc:89:1f,-87,5660,133,CyberSTREET,Unknown
2025-10-20T21:43:22.082039+00:00,26.67641933333333,-81.928232,00:cb:7a:32:eb:bc,-78,2437,6,VolkElectric,Unknown
2025-10-20T21:43:22.082039+00:00,26.67641933333333,-81.928232,7c:9e:bd:a0:09:f5,-78,2437,6,IOSiX ELD; 7C9EBDA009F6,Unknown
2025-10-20T21:43:22.082039+00:00,26.67641933333333,-81.928232,00:68:eb:4b:c0:16,-84,2437,6,DIRECT-15-HP OfficeJet Pro 6970,Unknown
2025-10-20T21:43:22.082039+00:00,26.67641933333333,-81.928232,08:33:ed:df:c2:20,-87,2447,8,ATT-WIFI-1792,Unknown
2025-10-20T21:43:22.082039+00:00,26.675789,-81.92955966666666,00:cb:7a:32:eb:bc,-78,2437,6,VolkElectric,Unknown
2025-10-20T21:43:22.082039+00:00,26.675789,-81.92955966666666,7c:9e:bd:a0:09:f5,-78,2437,6,IOSiX ELD; 7C9EBDA009F6,Unknown
2025-10-20T21:43:22.082039+00:00,26.675789,-81.92955966666666,00:68:eb:4b:c0:16,-84,2437,6,DIRECT-15-HP OfficeJet Pro 6970,Unknown
2025-10-20T21:43:22.082039+00:00,26.675789,-81.92955966666666,08:33:ed:df:c2:20,-87,2447,8,ATT-WIFI-1792,Unknown
2025-10-20T21:44:00.080890+00:00,26.674891666666667,-81.9314385,28:7a:ee:bb:a8:aa,-71,5765,154,Xfinity Mobile,Unknown
2025-10-20T21:44:00.080890+00:00,26.674891666666667,-81.9314385,28:7a:ee:bb:a8:ab,-71,5765,154,xfinitywifi,Unknown
2025-10-20T21:44:00.080890+00:00,26.674891666666667,-81.9314385,7c:9e:bd:a0:09:f5,-78,2437,6,IOSiX ELD; 7C9EBDA009F6,Unknown
2025-10-20T21:44:00.080890+00:00,26.674891666666667,-81.9314385,0c:ae:7d:bc:7e:50,-84,2412,1,Ring Setup 4f,Unknown
2025-10-20T21:44:00.080890+00:00,26.674891666666667,-81.9314385,08:33:ed:df:c2:20,-87,2447,8,ATT-WIFI-1792,Unknown
2025-10-20T21:44:00.080890+00:00,26.674891666666667,-81.9314385,52:e0:19:db:e7:8c,-88,2412,1,Ring-dbe78c,Unknown
2025-10-20T21:44:00.080890+00:00,26.674450333333333,-81.9323755,28:7a:ee:bb:a8:ab,-71,5765,154,xfinitywifi,Unknown
2025-10-20T21:44:00.080890+00:00,26.674450333333333,-81.9323755,28:7a:ee:b9:b7:fa,-76,5805,162,Xfinity Mobile,Unknown
2025-10-20T21:44:00.080890+00:00,26.674450333333333,-81.9323755,28:7a:ee:b9:b7:fb,-76,5805,162,xfinitywifi,Unknown
2025-10-20T21:44:00.080890+00:00,26.674450333333333,-81.9323755,52:e0:19:db:e7:8c,-78,2412,1,Ring-dbe78c,Unknown
2025-10-20T21:44:00.080890+00:00,26.674450333333333,-81.9323755,0c:1c:57:a3:2e:47,-80,2412,1,Ring Setup 46,Unknown
2025-10-20T21:44:00.080890+00:00,26.674450333333333,-81.9323755,28:7a:ee:bb:a8:aa,-81,5765,154,Xfinity Mobile,Unknown
2025-10-20T21:44:00.080890+00:00,26.674450333333333,-81.9323755,0c:ae:7d:bc:7e:50,-84,2412,1,Ring Setup 4f,Unknown
2025-10-20T21:44:00.080890+00:00,26.674450333333333,-81.9323755,84:00:2d:d9:41:80,-86,5240,49,DDS-5,Unknown
2025-10-20T21:44:00.080890+00:00,26.674450333333333,-81.9323755,8e:00:2d:d9:41:80,-86,5240,49,xfinitywifi,Unknown
2025-10-20T21:44:00.080890+00:00,26.674450333333333,-81.9323755,02:01:21:7a:43:f9,-87,2447,8,Trademark_5G,Unknown
2025-10-20T21:44:00.080890+00:00,26.674450333333333,-81.9323755,1c:93:7c:da:47:a3,-89,2462,11,DEA Safe House,Unknown
2025-10-20T21:44:00.080890+00:00,26.6739805,-81.93337116666666,28:7a:ee:b9:b7:fa,-77,5805,162,Xfinity Mobile,Unknown
2025-10-20T21:44:00.080890+00:00,26.6739805,-81.93337116666666,28:7a:ee:b9:b7:fb,-77,5805,162,xfinitywifi,Unknown
2025-10-20T21:44:00.080890+00:00,26.6739805,-81.93337116666666,52:e0:19:db:e7:8c,-78,2412,1,Ring-dbe78c,Unknown
2025-10-20T21:44:00.080890+00:00,26.6739805,-81.93337116666666,0c:1c:57:a3:2e:47,-80,2412,1,Ring Setup 46,Unknown
2025-10-20T21:44:00.080890+00:00,26.6739805,-81.93337116666666,28:7a:ee:bb:a8:aa,-82,5765,154,Xfinity Mobile,Unknown
2025-10-20T21:44:00.080890+00:00,26.6739805,-81.93337116666666,28:7a:ee:bb:a8:ab,-82,5765,154,xfinitywifi,Unknown
2025-10-20T21:44:00.080890+00:00,26.6739805,-81.93337116666666,0c:ae:7d:bc:7e:50,-84,2412,1,Ring Setup 4f,Unknown
2025-10-20T21:44:00.080890+00:00,26.6739805,-81.93337116666666,84:00:2d:d9:41:80,-86,5240,49,DDS-5,Unknown
2025-10-20T21:44:00.080890+00:00,26.6739805,-81.93337116666666,8e:00:2d:d9:41:80,-86,5240,49,xfinitywifi,Unknown
2025-10-20T21:44:00.080890+00:00,26.6739805,-81.93337116666666,02:01:21:7a:43:f9,-87,2447,8,Trademark_5G,Unknown
2025-10-20T21:44:00.080890+00:00,26.6739805,-81.93337116666666,1c:93:7c:da:47:a3,-89,2462,11,DEA Safe House,Unknown
2025-10-20T21:44:00.080890+00:00,26.673477833333333,-81.93443966666666,28:7a:ee:b9:b7:fa,-77,5805,162,Xfinity Mobile,Unknown
2025-10-20T21:44:00.080890+00:00,26.673477833333333,-81.93443966666666,28:7a:ee:b9:b7:fb,-77,5805,162,xfinitywifi,Unknown
2025-10-20T21:44:00.080890+00:00,26.673477833333333,-81.93443966666666,52:e0:19:db:e7:8c,-78,2412,1,Ring-dbe78c,Unknown
2025-10-20T21:44:00.080890+00:00,26.673477833333333,-81.93443966666666,0c:1c:57:a3:2e:47,-80,2412,1,Ring Setup 46,Unknown
2025-10-20T21:44:00.080890+00:00,26.673477833333333,-81.93443966666666,14:22:3b:3a:6f:ea,-81,2412,1,G-Fisch,Unknown
2025-10-20T21:44:00.080890+00:00,26.673477833333333,-81.93443966666666,28:7a:ee:bb:a8:aa,-82,5765,154,Xfinity Mobile,Unknown
2025-10-20T21:44:00.080890+00:00,26.673477833333333,-81.93443966666666,28:7a:ee:bb:a8:ab,-82,5765,154,xfinitywifi,Unknown
2025-10-20T21:44:00.080890+00:00,26.673477833333333,-81.93443966666666,0c:ae:7d:bc:7e:50,-84,2412,1,Ring Setup 4f,Unknown
2025-10-20T21:44:00.080890+00:00,26.673477833333333,-81.93443966666666,84:00:2d:d9:41:80,-86,5240,49,DDS-5,Unknown
2025-10-20T21:44:00.080890+00:00,26.673477833333333,-81.93443966666666,8e:00:2d:d9:41:80,-86,5240,49,xfinitywifi,Unknown
2025-10-20T21:44:00.080890+00:00,26.673477833333333,-81.93443966666666,02:01:21:7a:43:f9,-87,2447,8,Trademark_5G,Unknown
2025-10-20T21:44:00.080890+00:00,26.673477833333333,-81.93443966666666,1c:93:7c:da:47:a3,-89,2462,11,DEA Safe House,Unknown
2025-10-20T21:44:35.675872+00:00,26.672381666666666,-81.93673116666666,28:7a:ee:b9:b7:fa,-77,5805,162,Xfinity Mobile,Unknown
2025-10-20T21:44:35.675872+00:00,26.672381666666666,-81.93673116666666,28:7a:ee:b9:b7:fb,-77,5805,162,xfinitywifi,Unknown
2025-10-20T21:44:35.675872+00:00,26.672381666666666,-81.93673116666666,14:22:3b:3a:6f:ea,-81,2412,1,G-Fisch,Unknown
2025-10-20T21:44:35.675872+00:00,26.672381666666666,-81.93673116666666,28:7a:ee:bb:a8:aa,-82,5765,154,Xfinity Mobile,Unknown
2025-10-20T21:44:35.675872+00:00,26.672381666666666,-81.93673116666666,28:7a:ee:bb:a8:ab,-82,5765,154,xfinitywifi,Unknown
2025-10-20T21:44:35.675872+00:00,26.672381666666666,-81.93673116666666,b0:4e:26:03:90:2a,-83,2412,1,MacGregorhome,Unknown
2025-10-20T21:44:35.675872+00:00,26.672381666666666,-81.93673116666666,2a:38:5c:b8:71:1b,-83,5745,150,PROJb8711b,Unknown
2025-10-20T21:44:35.675872+00:00,26.672381666666666,-81.93673116666666,06:7b:c8:c7:a8:50,-84,2412,1,NCS Guest,Unknown
2025-10-20T21:44:35.675872+00:00,26.672381666666666,-81.93673116666666,50:6a:03:b1:ba:1c,-84,5220,45,netgear87-5G,Unknown
2025-10-20T21:44:35.675872+00:00,26.672381666666666,-81.93673116666666,b0:4e:26:03:90:2b,-84,5180,37,MacGregorhome_5G,Unknown
2025-10-20T21:44:35.675872+00:00,26.672381666666666,-81.93673116666666,dc:fe:07:b9:cc:58,-85,5180,37,xfinitywifi,Unknown
2025-10-20T21:44:35.675872+00:00,26.672381666666666,-81.93673116666666,84:00:2d:d9:41:80,-86,5240,49,DDS-5,Unknown
2025-10-20T21:44:35.675872+00:00,26.672381666666666,-81.93673116666666,8e:00:2d:d9:41:80,-86,5240,49,xfinitywifi,Unknown
2025-10-20T21:44:35.675872+00:00,26.672381666666666,-81.93673116666666,16:8d:db:84:90:1c,-87,2462,11,ME-Apps,Unknown
2025-10-20T21:44:35.675872+00:00,26.672381666666666,-81.93673116666666,30:23:03:48:bc:73,-89,5785,158,RyanInsurance,Unknown
2025-10-20T21:44:35.675872+00:00,26.671900166666667,-81.93804466666667,f8:96:fe:e4:bb:77,-66,2437,6,myChevrolet4221,Unknown
2025-10-20T21:44:35.675872+00:00,26.671900166666667,-81.93804466666667,14:22:3b:3a:6f:ea,-81,2412,1,G-Fisch,Unknown
2025-10-20T21:44:35.675872+00:00,26.671900166666667,-81.93804466666667,f8:96:fe:e4:bb:75,-82,5220,45,myChevrolet4221,Unknown
2025-10-20T21:44:35.675872+00:00,26.671900166666667,-81.93804466666667,b0:4e:26:03:90:2a,-83,2412,1,MacGregorhome,Unknown
2025-10-20T21:44:35.675872+00:00,26.671900166666667,-81.93804466666667,2a:38:5c:b8:71:1b,-83,5745,150,PROJb8711b,Unknown
2025-10-20T21:44:35.675872+00:00,26.671900166666667,-81.93804466666667,06:7b:c8:c7:a8:50,-84,2412,1,NCS Guest,Unknown
2025-10-20T21:44:35.675872+00:00,26.671900166666667,-81.93804466666667,50:6a:03:b1:ba:1c,-84,5220,45,netgear87-5G,Unknown
2025-10-20T21:44:35.675872+00:00,26.671900166666667,-81.93804466666667,b0:4e:26:03:90:2b,-84,5180,37,MacGregorhome_5G,Unknown
2025-10-20T21:44:35.675872+00:00,26.671900166666667,-81.93804466666667,dc:fe:07:b9:cc:58,-85,5180,37,xfinitywifi,Unknown
2025-10-20T21:44:35.675872+00:00,26.671900166666667,-81.93804466666667,16:8d:db:84:90:1c,-87,2462,11,ME-Apps,Unknown
2025-10-20T21:44:35.675872+00:00,26.671900166666667,-81.93804466666667,30:23:03:48:bc:73,-89,5785,158,RyanInsurance,Unknown
2025-10-20T21:44:35.675872+00:00,26.671862,-81.9391245,7c:a7:b0:57:8f:31,-64,2452,9,IPCAM-006116,Unknown
2025-10-20T21:44:35.675872+00:00,26.671862,-81.9391245,f8:96:fe:e4:bb:77,-66,2437,6,myChevrolet4221,Unknown
2025-10-20T21:44:35.675872+00:00,26.671862,-81.9391245,64:67:72:92:49:f3,-71,2417,2,TMOBILE-49F1,Unknown
2025-10-20T21:44:35.675872+00:00,26.671862,-81.9391245,d4:5d:df:2b:38:18,-81,2437,6,NCI,Unknown
2025-10-20T21:44:35.675872+00:00,26.671862,-81.9391245,f8:96:fe:e4:bb:75,-82,5220,45,myChevrolet4221,Unknown
2025-10-20T21:44:35.675872+00:00,26.671862,-81.9391245,b0:4e:26:03:90:2a,-83,2412,1,MacGregorhome,Unknown
2025-10-20T21:44:35.675872+00:00,26.671862,-81.9391245,2a:38:5c:b8:71:1b,-83,5745,150,PROJb8711b,Unknown
2025-10-20T21:44:35.675872+00:00,26.671862,-81.9391245,06:7b:c8:c7:a8:50,-84,2412,1,NCS Guest,Unknown
2025-10-20T21:44:35.675872+00:00,26.671862,-81.9391245,50:6a:03:b1:ba:1c,-84,5220,45,netgear87-5G,Unknown
2025-10-20T21:44:35.675872+00:00,26.671862,-81.9391245,b0:4e:26:03:90:2b,-84,5180,37,MacGregorhome_5G,Unknown
2025-10-20T21:44:35.675872+00:00,26.671862,-81.9391245,dc:fe:07:b9:cc:58,-85,5180,37,xfinitywifi,Unknown
2025-10-20T21:44:35.675872+00:00,26.671862,-81.9391245,ba:5e:71:11:52:b8,-86,5745,150,xfinitywifi,Unknown
2025-10-20T21:44:35.675872+00:00,26.671862,-81.9391245,16:8d:db:84:90:1c,-87,2462,11,ME-Apps,Unknown
2025-10-20T21:44:35.675872+00:00,26.671862,-81.9391245,ba:5e:71:11:52:be,-87,5745,150,Not-Free,Unknown
2025-10-20T21:44:35.675872+00:00,26.671862,-81.9391245,ec:aa:a0:4b:97:c0,-87,5180,37,Maylien31,Unknown
2025-10-20T21:44:35.675872+00:00,26.671862,-81.9391245,30:23:03:48:bc:73,-89,5785,158,RyanInsurance,Unknown
2025-10-20T21:44:35.675872+00:00,26.671862,-81.9391245,e4:d1:24:3c:f8:d0,-90,5240,49,Not-FreeX,Unknown
2025-10-20T21:44:35.675872+00:00,26.671862,-81.9391245,ba:5e:71:11:52:ba,-93,5745,150,Xfinity Mobile,Unknown
2025-10-20T21:44:35.675872+00:00,26.6718525,-81.94016483333333,64:67:72:92:49:f3,-63,2417,2,TMOBILE-49F1,Unknown
2025-10-20T21:44:35.675872+00:00,26.6718525,-81.94016483333333,f8:96:fe:67:0a:83,-64,2412,1,myChevrolet 6541,Unknown
2025-10-20T21:44:35.675872+00:00,26.6718525,-81.94016483333333,f8:96:fe:e4:bb:77,-66,2437,6,myChevrolet4221,Unknown
2025-10-20T21:44:35.675872+00:00,26.6718525,-81.94016483333333,64:67:72:92:49:f4,-69,5745,150,TMOBILE-49F1,Unknown
2025-10-20T21:44:35.675872+00:00,26.6718525,-81.94016483333333,7c:a7:b0:57:8f:31,-71,2452,9,IPCAM-006116,Unknown
2025-10-20T21:44:35.675872+00:00,26.6718525,-81.94016483333333,d4:5d:df:2b:38:18,-81,2437,6,NCI,Unknown
2025-10-20T21:44:35.675872+00:00,26.6718525,-81.94016483333333,f8:96:fe:e4:bb:75,-82,5220,45,myChevrolet4221,Unknown
2025-10-20T21:44:35.675872+00:00,26.6718525,-81.94016483333333,b0:4e:26:03:90:2a,-83,2412,1,MacGregorhome,Unknown
2025-10-20T21:44:35.675872+00:00,26.6718525,-81.94016483333333,2a:38:5c:b8:71:1b,-83,5745,150,PROJb8711b,Unknown
2025-10-20T21:44:35.675872+00:00,26.6718525,-81.94016483333333,06:7b:c8:c7:a8:50,-84,2412,1,NCS Guest,Unknown
2025-10-20T21:44:35.675872+00:00,26.6718525,-81.94016483333333,50:6a:03:b1:ba:1c,-84,5220,45,netgear87-5G,Unknown
2025-10-20T21:44:35.675872+00:00,26.6718525,-81.94016483333333,b0:4e:26:03:90:2b,-84,5180,37,MacGregorhome_5G,Unknown
2025-10-20T21:44:35.675872+00:00,26.6718525,-81.94016483333333,dc:fe:07:b9:cc:58,-85,5180,37,xfinitywifi,Unknown
2025-10-20T21:44:35.675872+00:00,26.6718525,-81.94016483333333,ba:5e:71:11:52:b8,-86,5745,150,xfinitywifi,Unknown
2025-10-20T21:44:35.675872+00:00,26.6718525,-81.94016483333333,16:8d:db:84:90:1c,-87,2462,11,ME-Apps,Unknown
2025-10-20T21:44:35.675872+00:00,26.6718525,-81.94016483333333,ba:5e:71:11:52:be,-87,5745,150,Not-Free,Unknown
2025-10-20T21:44:35.675872+00:00,26.6718525,-81.94016483333333,ec:aa:a0:4b:97:c0,-87,5180,37,Maylien31,Unknown
2025-10-20T21:44:35.675872+00:00,26.6718525,-81.94016483333333,30:23:03:48:bc:73,-89,5785,158,RyanInsurance,Unknown
2025-10-20T21:44:35.675872+00:00,26.6718525,-81.94016483333333,e4:d1:24:3c:f8:d0,-90,5240,49,Not-FreeX,Unknown
2025-10-20T21:44:35.675872+00:00,26.6718525,-81.94016483333333,ba:5e:71:11:52:ba,-93,5745,150,Xfinity Mobile,Unknown
2025-10-20T21:45:13.684300+00:00,26.671973666666666,-81.94140116666667,64:67:72:92:49:f3,-63,2417,2,TMOBILE-49F1,Unknown
2025-10-20T21:45:13.684300+00:00,26.671973666666666,-81.94140116666667,f8:96:fe:67:0a:83,-64,2412,1,myChevrolet 6541,Unknown
2025-10-20T21:45:13.684300+00:00,26.671973666666666,-81.94140116666667,7c:a7:b0:57:8f:31,-80,2452,9,IPCAM-006116,Unknown
2025-10-20T21:45:13.684300+00:00,26.671973666666666,-81.94140116666667,d4:5d:df:2b:38:18,-81,2437,6,NCI,Unknown
2025-10-20T21:45:13.684300+00:00,26.671973666666666,-81.94140116666667,64:67:72:92:49:f4,-82,5745,150,TMOBILE-49F1,Unknown
2025-10-20T21:45:13.684300+00:00,26.671973666666666,-81.94140116666667,ac:91:9b:9d:10:a6,-85,2462,11,Verizon_L9ZGXN,Unknown
2025-10-20T21:45:13.684300+00:00,26.671973666666666,-81.94140116666667,ba:5e:71:11:52:b8,-86,5745,150,xfinitywifi,Unknown
2025-10-20T21:45:13.684300+00:00,26.671973666666666,-81.94140116666667,ba:5e:71:11:52:be,-87,5745,150,Not-Free,Unknown
2025-10-20T21:45:13.684300+00:00,26.671973666666666,-81.94140116666667,ec:aa:a0:4b:97:c0,-87,5180,37,Maylien31,Unknown
2025-10-20T21:45:13.684300+00:00,26.671973666666666,-81.94140116666667,d4:6a:91:f8:7b:00,-88,2462,11,SquirrelsNest,Unknown
2025-10-20T21:45:13.684300+00:00,26.671973666666666,-81.94140116666667,da:6a:91:f8:7b:00,-89,2462,11,QuailsNest,Unknown
2025-10-20T21:45:13.684300+00:00,26.671973666666666,-81.94140116666667,e4:d1:24:3c:f8:d0,-90,5240,49,Not-FreeX,Unknown
2025-10-20T21:45:13.684300+00:00,26.671973666666666,-81.94140116666667,ba:5e:71:11:52:ba,-93,5745,150,Xfinity Mobile,Unknown
2025-10-20T21:45:13.684300+00:00,26.6727215,-81.941421,64:67:72:92:49:f3,-63,2417,2,TMOBILE-49F1,Unknown
2025-10-20T21:45:13.684300+00:00,26.6727215,-81.941421,f8:96:fe:67:0a:83,-64,2412,1,myChevrolet 6541,Unknown
2025-10-20T21:45:13.684300+00:00,26.6727215,-81.941421,7c:a7:b0:57:8f:31,-80,2452,9,IPCAM-006116,Unknown
2025-10-20T21:45:13.684300+00:00,26.6727215,-81.941421,64:67:72:92:49:f4,-82,5745,150,TMOBILE-49F1,Unknown
2025-10-20T21:45:13.684300+00:00,26.6727215,-81.941421,ac:91:9b:9d:10:a6,-85,2462,11,Verizon_L9ZGXN,Unknown
2025-10-20T21:45:13.684300+00:00,26.6727215,-81.941421,ec:aa:a0:4b:97:c0,-87,5180,37,Maylien31,Unknown
2025-10-20T21:45:13.684300+00:00,26.6727215,-81.941421,d4:6a:91:f8:7b:00,-88,2462,11,SquirrelsNest,Unknown
2025-10-20T21:45:13.684300+00:00,26.6727215,-81.941421,da:6a:91:f8:7b:00,-89,2462,11,QuailsNest,Unknown
2025-10-20T21:45:13.684300+00:00,26.6727215,-81.941421,e4:d1:24:3c:f8:d0,-90,5240,49,Not-FreeX,Unknown
2025-10-20T21:45:13.684300+00:00,26.673853166666667,-81.94143233333334,7c:a7:b0:57:8f:31,-80,2452,9,IPCAM-006116,Unknown
2025-10-20T21:45:13.684300+00:00,26.673853166666667,-81.94143233333334,64:67:72:92:49:f4,-82,5745,150,TMOBILE-49F1,Unknown
2025-10-20T21:45:13.684300+00:00,26.673853166666667,-81.94143233333334,ac:91:9b:9d:10:a6,-85,2462,11,Verizon_L9ZGXN,Unknown
2025-10-20T21:45:13.684300+00:00,26.673853166666667,-81.94143233333334,d4:6a:91:f8:7b:00,-88,2462,11,SquirrelsNest,Unknown
2025-10-20T21:45:13.684300+00:00,26.673853166666667,-81.94143233333334,d4:6c:6d:cf:ca:af,-88,2412,1,DDD,Unknown
2025-10-20T21:45:13.684300+00:00,26.673853166666667,-81.94143233333334,da:6a:91:f8:7b:00,-89,2462,11,QuailsNest,Unknown
2025-10-20T21:45:13.684300+00:00,26.675327666666668,-81.94150183333333,7c:a7:b0:57:8f:31,-80,2452,9,IPCAM-006116,Unknown
2025-10-20T21:45:13.684300+00:00,26.675327666666668,-81.94150183333333,64:67:72:92:49:f4,-82,5745,150,TMOBILE-49F1,Unknown
2025-10-20T21:45:13.684300+00:00,26.675327666666668,-81.94150183333333,ac:91:9b:9d:10:a6,-85,2462,11,Verizon_L9ZGXN,Unknown
2025-10-20T21:45:13.684300+00:00,26.675327666666668,-81.94150183333333,d4:6a:91:f8:7b:00,-88,2462,11,SquirrelsNest,Unknown
2025-10-20T21:45:13.684300+00:00,26.675327666666668,-81.94150183333333,d4:6c:6d:cf:ca:af,-88,2412,1,DDD,Unknown
2025-10-20T21:45:13.684300+00:00,26.675327666666668,-81.94150183333333,da:6a:91:f8:7b:00,-89,2462,11,QuailsNest,Unknown
2025-10-20T21:45:50.076611+00:00,26.6785425,-81.9414745,02:6a:e3:73:5c:a1,-76,2462,11,CenturyLink2424,Unknown
2025-10-20T21:45:50.076611+00:00,26.6785425,-81.9414745,14:f5:f9:bb:37:10,-84,2432,5,JayTruckCamera,Unknown
2025-10-20T21:45:50.076611+00:00,26.6785425,-81.9414745,3e:2d:9e:9a:24:1e,-84,5785,158,Osbelia,Unknown
2025-10-20T21:45:50.076611+00:00,26.6785425,-81.9414745,3e:2d:9e:9a:24:18,-84,5785,158,xfinitywifi,Unknown
2025-10-20T21:45:50.076611+00:00,26.6785425,-81.9414745,d4:6c:6d:cf:ca:af,-88,2412,1,DDD,Unknown
2025-10-20T21:45:50.076611+00:00,26.6785425,-81.9414745,c0:94:35:3e:fa:7c,-88,5220,45,GenrryFamily,Unknown
2025-10-20T21:45:50.076611+00:00,26.6785425,-81.9414745,ca:94:35:3e:fa:7c,-88,5220,45,xfinitywifi,Unknown
2025-10-20T21:45:50.076611+00:00,26.6785425,-81.9414745,54:ba:7d:99:29:35,-89,5785,158,beach house 1405,Unknown
2025-10-20T21:45:50.076611+00:00,26.6785425,-81.9414745,3e:2d:9e:9a:24:1a,-89,5785,158,Xfinity Mobile,Unknown
2025-10-20T21:45:50.076611+00:00,26.679925666666666,-81.941495,02:6a:e3:73:5c:a1,-76,2462,11,CenturyLink2424,Unknown
2025-10-20T21:45:50.076611+00:00,26.679925666666666,-81.941495,72:13:01:e5:75:69,-82,2412,1,RyansHouse,Unknown
2025-10-20T21:45:50.076611+00:00,26.679925666666666,-81.941495,24:41:fe:cb:4b:96,-82,2437,6,Verizon_TPZCX7,Unknown
2025-10-20T21:45:50.076611+00:00,26.679925666666666,-81.941495,88:ad:43:b4:14:e8,-82,5745,150,Hernandez,Unknown
2025-10-20T21:45:50.076611+00:00,26.679925666666666,-81.941495,9e:ad:43:b4:14:e8,-82,5745,150,xfinitywifi,Unknown
2025-10-20T21:45:50.076611+00:00,26.679925666666666,-81.941495,14:f5:f9:bb:37:10,-84,2432,5,JayTruckCamera,Unknown
2025-10-20T21:45:50.076611+00:00,26.679925666666666,-81.941495,3e:2d:9e:9a:24:1e,-84,5785,158,Osbelia,Unknown
2025-10-20T21:45:50.076611+00:00,26.679925666666666,-81.941495,3e:2d:9e:9a:24:18,-84,5785,158,xfinitywifi,Unknown
2025-10-20T21:45:50.076611+00:00,26.679925666666666,-81.941495,c0:94:35:3e:fa:7c,-88,5220,45,GenrryFamily,Unknown
2025-10-20T21:45:50.076611+00:00,26.679925666666666,-81.941495,ca:94:35:3e:fa:7c,-88,5220,45,xfinitywifi,Unknown
2025-10-20T21:45:50.076611+00:00,26.679925666666666,-81.941495,54:ba:7d:99:29:35,-89,5785,158,beach house 1405,Unknown
2025-10-20T21:45:50.076611+00:00,26.679925666666666,-81.941495,3e:2d:9e:9a:24:1a,-89,5785,158,Xfinity Mobile,Unknown
2025-10-20T21:45:50.076611+00:00,26.681178833333334,-81.9417545,02:6a:e3:73:5c:a1,-76,2462,11,CenturyLink2424,Unknown
2025-10-20T21:45:50.076611+00:00,26.681178833333334,-81.9417545,7c:0c:f6:0a:a8:7e,-78,2412,1,Dash-3246,Unknown
2025-10-20T21:45:50.076611+00:00,26.681178833333334,-81.9417545,72:13:01:e5:75:69,-82,2412,1,RyansHouse,Unknown
2025-10-20T21:45:50.076611+00:00,26.681178833333334,-81.9417545,24:41:fe:cb:4b:96,-82,2437,6,Verizon_TPZCX7,Unknown
2025-10-20T21:45:50.076611+00:00,26.681178833333334,-81.9417545,88:ad:43:b4:14:e8,-82,5745,150,Hernandez,Unknown
2025-10-20T21:45:50.076611+00:00,26.681178833333334,-81.9417545,9e:ad:43:b4:14:e8,-82,5745,150,xfinitywifi,Unknown
2025-10-20T21:45:50.076611+00:00,26.681178833333334,-81.9417545,14:f5:f9:bb:37:10,-84,2432,5,JayTruckCamera,Unknown
2025-10-20T21:45:50.076611+00:00,26.681178833333334,-81.9417545,3e:2d:9e:9a:24:1e,-84,5785,158,Osbelia,Unknown
2025-10-20T21:45:50.076611+00:00,26.681178833333334,-81.9417545,3e:2d:9e:9a:24:18,-84,5785,158,xfinitywifi,Unknown
2025-10-20T21:45:50.076611+00:00,26.681178833333334,-81.9417545,72:13:01:ec:6e:6a,-87,5785,158,Caimito,Unknown
2025-10-20T21:45:50.076611+00:00,26.681178833333334,-81.9417545,c0:94:35:3e:fa:7c,-88,5220,45,GenrryFamily,Unknown
2025-10-20T21:45:50.076611+00:00,26.681178833333334,-81.9417545,ca:94:35:3e:fa:7c,-88,5220,45,xfinitywifi,Unknown
2025-10-20T21:45:50.076611+00:00,26.681178833333334,-81.9417545,54:ba:7d:99:29:35,-89,5785,158,beach house 1405,Unknown
2025-10-20T21:45:50.076611+00:00,26.681178833333334,-81.9417545,3e:2d:9e:9a:24:1a,-89,5785,158,Xfinity Mobile,Unknown
2025-10-20T21:45:50.076611+00:00,26.681178833333334,-81.9417545,24:7c:46:12:25:21,-89,5805,162,HotspotvGud,Unknown
2025-10-20T21:45:50.076611+00:00,26.681178833333334,-81.9417545,ec:aa:a0:d6:6e:90,-90,5745,150,Home03,Unknown
2025-10-20T21:45:50.076611+00:00,26.681921166666665,-81.94185066666667,02:6a:e3:73:5c:a1,-76,2462,11,CenturyLink2424,Unknown
2025-10-20T21:45:50.076611+00:00,26.681921166666665,-81.94185066666667,7c:0c:f6:0a:a8:7e,-78,2412,1,Dash-3246,Unknown
2025-10-20T21:45:50.076611+00:00,26.681921166666665,-81.94185066666667,72:13:01:e5:75:69,-82,2412,1,RyansHouse,Unknown
2025-10-20T21:45:50.076611+00:00,26.681921166666665,-81.94185066666667,24:41:fe:cb:4b:96,-82,2437,6,Verizon_TPZCX7,Unknown
2025-10-20T21:45:50.076611+00:00,26.681921166666665,-81.94185066666667,88:ad:43:b4:14:e8,-82,5745,150,Hernandez,Unknown
2025-10-20T21:45:50.076611+00:00,26.681921166666665,-81.94185066666667,9e:ad:43:b4:14:e8,-82,5745,150,xfinitywifi,Unknown
2025-10-20T21:45:50.076611+00:00,26.681921166666665,-81.94185066666667,14:f5:f9:bb:37:10,-84,2432,5,JayTruckCamera,Unknown
2025-10-20T21:45:50.076611+00:00,26.681921166666665,-81.94185066666667,3e:2d:9e:9a:24:1e,-84,5785,158,Osbelia,Unknown
2025-10-20T21:45:50.076611+00:00,26.681921166666665,-81.94185066666667,3e:2d:9e:9a:24:18,-84,5785,158,xfinitywifi,Unknown
2025-10-20T21:45:50.076611+00:00,26.681921166666665,-81.94185066666667,38:88:71:00:74:de,-84,2462,11,Verizon_YH99VK,Unknown
2025-10-20T21:45:50.076611+00:00,26.681921166666665,-81.94185066666667,bc:42:8c:b8:a7:fc,-86,2452,9,MY ROGUE4795,Unknown
2025-10-20T21:45:50.076611+00:00,26.681921166666665,-81.94185066666667,72:13:01:ec:6e:6a,-87,5785,158,Caimito,Unknown
2025-10-20T21:45:50.076611+00:00,26.681921166666665,-81.94185066666667,c0:94:35:3e:fa:7c,-88,5220,45,GenrryFamily,Unknown
2025-10-20T21:45:50.076611+00:00,26.681921166666665,-81.94185066666667,ca:94:35:3e:fa:7c,-88,5220,45,xfinitywifi,Unknown
2025-10-20T21:45:50.076611+00:00,26.681921166666665,-81.94185066666667,54:ba:7d:99:29:35,-89,5785,158,beach house 1405,Unknown
2025-10-20T21:45:50.076611+00:00,26.681921166666665,-81.94185066666667,3e:2d:9e:9a:24:1a,-89,5785,158,Xfinity Mobile,Unknown
2025-10-20T21:45:50.076611+00:00,26.681921166666665,-81.94185066666667,24:7c:46:12:25:21,-89,5805,162,HotspotvGud,Unknown
2025-10-20T21:45:50.076611+00:00,26.681921166666665,-81.94185066666667,ec:aa:a0:d6:6e:90,-90,5745,150,Home03,Unknown
2025-10-20T21:46:30.082607+00:00,26.681932833333335,-81.94185166666666,bc:42:8c:b8:a7:fc,-76,2452,9,MY ROGUE4795,Unknown
2025-10-20T21:46:30.082607+00:00,26.681932833333335,-81.94185166666666,7c:0c:f6:0a:a8:7e,-78,2412,1,Dash-3246,Unknown
2025-10-20T21:46:30.082607+00:00,26.681932833333335,-81.94185166666666,38:88:71:00:74:de,-84,2462,11,Verizon_YH99VK,Unknown
2025-10-20T21:46:30.082607+00:00,26.681932833333335,-81.94185166666666,38:88:71:00:74:df,-86,5745,150,Verizon_YH99VK,Unknown
2025-10-20T21:46:30.082607+00:00,26.681932833333335,-81.94185166666666,72:13:01:ec:6e:6a,-87,5785,158,Caimito,Unknown
2025-10-20T21:46:30.082607+00:00,26.681932833333335,-81.94185166666666,dc:84:03:10:3d:71,-87,5180,37,carplay_wifi_1EB7,Unknown
2025-10-20T21:46:30.082607+00:00,26.681932833333335,-81.94185166666666,24:7c:46:12:25:21,-89,5805,162,HotspotvGud,Unknown
2025-10-20T21:46:30.082607+00:00,26.681932833333335,-81.94185166666666,ec:aa:a0:d6:6e:90,-90,5745,150,Home03,Unknown
2025-10-20T21:46:30.082607+00:00,26.681932833333335,-81.94185166666666,50:fd:d5:7c:9d:81,-91,2412,1,[range]_E30AJT7113135M,Unknown
2025-10-20T21:46:30.082607+00:00,26.6819305,-81.9418565,bc:42:8c:b8:a7:fc,-76,2452,9,MY ROGUE4795,Unknown
2025-10-20T21:46:30.082607+00:00,26.6819305,-81.9418565,14:f5:f9:bb:37:10,-81,2432,5,JayTruckCamera,Unknown
2025-10-20T21:46:30.082607+00:00,26.6819305,-81.9418565,38:88:71:00:74:de,-84,2462,11,Verizon_YH99VK,Unknown
2025-10-20T21:46:30.082607+00:00,26.6819305,-81.9418565,12:e8:a7:e6:94:31,-84,2412,1,myChevrolet 9431,Unknown
2025-10-20T21:46:30.082607+00:00,26.6819305,-81.9418565,38:88:71:00:74:df,-86,5745,150,Verizon_YH99VK,Unknown
2025-10-20T21:46:30.082607+00:00,26.6819305,-81.9418565,dc:84:03:10:3d:71,-87,5180,37,carplay_wifi_1EB7,Unknown
2025-10-20T21:46:30.082607+00:00,26.6819305,-81.9418565,50:fd:d5:7c:9d:81,-91,2412,1,[range]_E30AJT7113135M,Unknown
2025-10-20T21:46:30.082607+00:00,26.6819375,-81.94184416666667,bc:42:8c:b8:a7:fc,-76,2452,9,MY ROGUE4795,Unknown
2025-10-20T21:46:30.082607+00:00,26.6819375,-81.94184416666667,14:f5:f9:bb:37:10,-81,2432,5,JayTruckCamera,Unknown
2025-10-20T21:46:30.082607+00:00,26.6819375,-81.94184416666667,12:e8:a7:e6:94:31,-84,2412,1,myChevrolet 9431,Unknown
2025-10-20T21:46:30.082607+00:00,26.6819375,-81.94184416666667,dc:84:03:10:3d:71,-87,5180,37,carplay_wifi_1EB7,Unknown
2025-10-20T21:46:30.082607+00:00,26.6819375,-81.94184416666667,38:88:71:00:74:df,-88,5745,150,Verizon_YH99VK,Unknown
2025-10-20T21:46:30.082607+00:00,26.6819375,-81.94184416666667,12:a7:93:1b:2f:2a,-90,5785,158,PortellesHome,Unknown
2025-10-20T21:46:30.082607+00:00,26.6819375,-81.94184416666667,12:a7:93:1b:2f:2c,-90,5785,158,xfinitywifi,Unknown
2025-10-20T21:46:30.082607+00:00,26.6819375,-81.94184416666667,50:fd:d5:7c:9d:81,-91,2412,1,[range]_E30AJT7113135M,Unknown
2025-10-20T21:46:30.082607+00:00,26.681938,-81.94184383333334,bc:42:8c:b8:a7:fc,-75,2452,9,MY ROGUE4795,Unknown
2025-10-20T21:46:30.082607+00:00,26.681938,-81.94184383333334,14:f5:f9:bb:37:10,-81,2432,5,JayTruckCamera,Unknown
2025-10-20T21:46:30.082607+00:00,26.681938,-81.94184383333334,00:54:af:f0:14:ab,-82,2447,8,Hotspot14AB,Unknown
2025-10-20T21:46:30.082607+00:00,26.681938,-81.94184383333334,12:e8:a7:e6:94:31,-84,2412,1,myChevrolet 9431,Unknown
2025-10-20T21:46:30.082607+00:00,26.681938,-81.94184383333334,8a:5a:85:e4:1b:3a,-85,5220,45,lauriekrgr,Unknown
2025-10-20T21:46:30.082607+00:00,26.681938,-81.94184383333334,dc:84:03:10:3d:71,-87,5180,37,carplay_wifi_1EB7,Unknown
2025-10-20T21:46:30.082607+00:00,26.681938,-81.94184383333334,38:88:71:00:74:df,-88,5745,150,Verizon_YH99VK,Unknown
2025-10-20T21:46:30.082607+00:00,26.681938,-81.94184383333334,12:a7:93:1b:2f:2a,-89,5785,158,PortellesHome,Unknown
2025-10-20T21:46:30.082607+00:00,26.681938,-81.94184383333334,12:a7:93:1b:2f:2c,-90,5785,158,xfinitywifi,Unknown
2025-10-20T21:46:30.082607+00:00,26.681938,-81.94184383333334,50:fd:d5:7c:9d:81,-91,2412,1,[range]_E30AJT7113135M,Unknown
2025-10-20T21:47:07.082752+00:00,26.681940666666666,-81.94183116666666,bc:42:8c:b8:a7:fc,-75,2452,9,MY ROGUE4795,Unknown
2025-10-20T21:47:07.082752+00:00,26.681940666666666,-81.94183116666666,00:54:af:f0:14:ab,-82,2447,8,Hotspot14AB,Unknown
2025-10-20T21:47:07.082752+00:00,26.681940666666666,-81.94183116666666,8a:5a:85:e4:1b:3a,-85,5220,45,lauriekrgr,Unknown
2025-10-20T21:47:07.082752+00:00,26.681940666666666,-81.94183116666666,38:88:71:00:74:df,-88,5745,150,Verizon_YH99VK,Unknown
2025-10-20T21:47:07.082752+00:00,26.681940666666666,-81.94183116666666,12:a7:93:1b:2f:2a,-90,5785,158,PortellesHome,Unknown
2025-10-20T21:47:07.082752+00:00,26.681940666666666,-81.94183116666666,12:a7:93:1b:2f:2c,-90,5785,158,xfinitywifi,Unknown
2025-10-20T21:47:07.082752+00:00,26.681937,-81.94183166666667,bc:42:8c:b8:a7:fc,-79,2452,9,MY ROGUE4795,Unknown
2025-10-20T21:47:07.082752+00:00,26.681937,-81.94183166666667,12:e8:a7:e6:94:31,-84,2412,1,myChevrolet 9431,Unknown
2025-10-20T21:47:07.082752+00:00,26.681937,-81.94183166666667,8a:5a:85:e4:1b:3a,-85,5220,45,lauriekrgr,Unknown
2025-10-20T21:47:07.082752+00:00,26.681937,-81.94183166666667,d4:6c:6d:5a:58:a2,-88,5220,45,StupidThing,Unknown
2025-10-20T21:47:07.082752+00:00,26.681937,-81.94183166666667,12:a7:93:1b:2f:2a,-90,5785,158,PortellesHome,Unknown
2025-10-20T21:47:07.082752+00:00,26.681937,-81.94183166666667,12:a7:93:1b:2f:2c,-90,5785,158,xfinitywifi,Unknown
2025-10-20T21:47:07.082752+00:00,26.681938,-81.94182433333333,bc:42:8c:b8:a7:fc,-76,2452,9,MY ROGUE4795,Unknown
2025-10-20T21:47:07.082752+00:00,26.681938,-81.94182433333333,ba:5e:71:09:e5:37,-83,2412,1,CBCI-E532,Unknown
2025-10-20T21:47:07.082752+00:00,26.681938,-81.94182433333333,12:e8:a7:e6:94:31,-84,2412,1,myChevrolet 9431,Unknown
2025-10-20T21:47:07.082752+00:00,26.681938,-81.94182433333333,62:e6:f0:94:6f:41,-84,2412,1,nana06,Unknown
2025-10-20T21:47:07.082752+00:00,26.681938,-81.94182433333333,d4:6c:6d:5a:58:a2,-88,5220,45,StupidThing,Unknown
2025-10-20T21:47:07.082752+00:00,26.681938,-81.94182433333333,12:a7:93:1b:2f:2a,-90,5785,158,PortellesHome,Unknown
2025-10-20T21:47:07.082752+00:00,26.681938,-81.94182433333333,12:a7:93:1b:2f:2c,-90,5785,158,xfinitywifi,Unknown
2025-10-20T21:47:07.082752+00:00,26.681937,-81.94182466666666,bc:42:8c:b8:a7:fc,-80,2452,9,MY ROGUE4795,Unknown
2025-10-20T21:47:07.082752+00:00,26.681937,-81.94182466666666,ba:5e:71:09:e5:37,-83,2412,1,CBCI-E532,Unknown
2025-10-20T21:47:07.082752+00:00,26.681937,-81.94182466666666,12:e8:a7:e6:94:31,-84,2412,1,myChevrolet 9431,Unknown
2025-10-20T21:47:07.082752+00:00,26.681937,-81.94182466666666,62:e6:f0:94:6f:41,-84,2412,1,nana06,Unknown
2025-10-20T21:47:07.082752+00:00,26.681937,-81.94182466666666,c8:9e:43:a9:67:14,-85,2457,10,PkmnTrainerHQ,Unknown
2025-10-20T21:47:07.082752+00:00,26.681937,-81.94182466666666,02:92:a5:59:bb:ab,-86,2462,11,myCadillac bbab,Unknown
2025-10-20T21:47:07.082752+00:00,26.681937,-81.94182466666666,d4:6c:6d:5a:58:a2,-88,5220,45,StupidThing,Unknown
2025-10-20T21:47:07.082752+00:00,26.681937,-81.94182466666666,38:88:71:00:74:df,-88,5745,150,Verizon_YH99VK,Unknown
2025-10-20T21:47:07.082752+00:00,26.681937,-81.94182466666666,12:a7:93:1b:2f:2a,-90,5785,158,PortellesHome,Unknown
2025-10-20T21:47:07.082752+00:00,26.681937,-81.94182466666666,12:a7:93:1b:2f:2c,-90,5785,158,xfinitywifi,Unknown
2025-10-20T21:47:07.082752+00:00,26.681937,-81.94182466666666,50:fd:d5:7c:9d:81,-90,2412,1,[range]_E30AJT7113135M,Unknown
2025-10-20T21:47:46.084851+00:00,26.6819335,-81.9418235,bc:42:8c:b8:a7:fc,-71,2452,9,MY ROGUE4795,Unknown
2025-10-20T21:47:46.084851+00:00,26.6819335,-81.9418235,ba:5e:71:09:e5:37,-83,2412,1,CBCI-E532,Unknown
2025-10-20T21:47:46.084851+00:00,26.6819335,-81.9418235,62:e6:f0:94:6f:41,-84,2412,1,nana06,Unknown
2025-10-20T21:47:46.084851+00:00,26.6819335,-81.9418235,c8:9e:43:a9:67:14,-85,2457,10,PkmnTrainerHQ,Unknown
2025-10-20T21:47:46.084851+00:00,26.6819335,-81.9418235,02:92:a5:59:bb:ab,-86,2462,11,myCadillac bbab,Unknown
2025-10-20T21:47:46.084851+00:00,26.6819335,-81.9418235,38:88:71:00:74:df,-88,5745,150,Verizon_YH99VK,Unknown
2025-10-20T21:47:46.084851+00:00,26.6819335,-81.9418235,50:fd:d5:7c:9d:81,-90,2412,1,[range]_E30AJT7113135M,Unknown
2025-10-20T21:47:46.084851+00:00,26.6819515,-81.94182566666667,bc:42:8c:b8:a7:fc,-77,2452,9,MY ROGUE4795,Unknown
2025-10-20T21:47:46.084851+00:00,26.6819515,-81.94182566666667,c8:9e:43:a9:67:14,-85,2457,10,PkmnTrainerHQ,Unknown
2025-10-20T21:47:46.084851+00:00,26.6819515,-81.94182566666667,02:92:a5:59:bb:ab,-86,2462,11,myCadillac bbab,Unknown
2025-10-20T21:47:46.084851+00:00,26.6819515,-81.94182566666667,38:88:71:00:74:df,-86,5745,150,Verizon_YH99VK,Unknown
2025-10-20T21:47:46.084851+00:00,26.6819515,-81.94182566666667,50:fd:d5:7c:9d:81,-90,2412,1,[range]_E30AJT7113135M,Unknown
2025-10-20T21:47:46.084851+00:00,26.682273666666667,-81.94183016666666,02:92:a5:59:bb:ab,-76,2462,11,myCadillac bbab,Unknown
2025-10-20T21:47:46.084851+00:00,26.682273666666667,-81.94183016666666,02:92:a5:49:bb:ab,-77,5745,150,myCadillac bbab,Unknown
2025-10-20T21:47:46.084851+00:00,26.682273666666667,-81.94183016666666,bc:42:8c:b8:a7:fc,-81,2452,9,MY ROGUE4795,Unknown
2025-10-20T21:47:46.084851+00:00,26.682273666666667,-81.94183016666666,38:88:71:00:74:df,-86,5745,150,Verizon_YH99VK,Unknown
2025-10-20T21:47:46.084851+00:00,26.682746,-81.942148,bc:42:8c:b8:a7:fc,-72,2452,9,MY ROGUE4795,Unknown
2025-10-20T21:47:46.084851+00:00,26.682746,-81.942148,02:92:a5:59:bb:ab,-76,2462,11,myCadillac bbab,Unknown
2025-10-20T21:47:46.084851+00:00,26.682746,-81.942148,02:92:a5:49:bb:ab,-77,5745,150,myCadillac bbab,Unknown
2025-10-20T21:47:46.084851+00:00,26.682746,-81.942148,14:f5:f9:a0:0e:54,-79,2462,11,D600-2.4G_a00e54,Unknown
2025-10-20T21:47:46.084851+00:00,26.682746,-81.942148,38:88:71:00:74:df,-86,5745,150,Verizon_YH99VK,Unknown
2025-10-20T21:47:46.084851+00:00,26.682746,-81.942148,12:e8:a7:e6:94:31,-89,2412,1,myChevrolet 9431,Unknown
2025-10-20T21:47:46.084851+00:00,26.682746,-81.942148,46:25:7e:c0:b1:a7,-90,2437,6,Cayenne_9808,Unknown
2025-10-20T21:48:26.912591+00:00,26.682760666666667,-81.94377766666666,ec:aa:a0:d6:6e:88,-67,2437,6,Home03,Unknown
2025-10-20T21:48:26.912591+00:00,26.682760666666667,-81.94377766666666,bc:42:8c:b8:a7:fc,-72,2452,9,MY ROGUE4795,Unknown
2025-10-20T21:48:26.912591+00:00,26.682760666666667,-81.94377766666666,02:92:a5:59:bb:ab,-76,2462,11,myCadillac bbab,Unknown
2025-10-20T21:48:26.912591+00:00,26.682760666666667,-81.94377766666666,c8:9e:43:a9:67:14,-76,2457,10,PkmnTrainerHQ,Unknown
2025-10-20T21:48:26.912591+00:00,26.682760666666667,-81.94377766666666,12:36:aa:ce:2c:91,-76,2462,11,XIIICAVEMANIIIX,Unknown
2025-10-20T21:48:26.912591+00:00,26.682760666666667,-81.94377766666666,02:92:a5:49:bb:ab,-77,5745,150,myCadillac bbab,Unknown
2025-10-20T21:48:26.912591+00:00,26.682760666666667,-81.94377766666666,14:f5:f9:a0:0e:54,-79,2462,11,D600-2.4G_a00e54,Unknown
2025-10-20T21:48:26.912591+00:00,26.682760666666667,-81.94377766666666,d4:6c:6d:5a:58:a1,-79,2412,1,StupidThing,Unknown
2025-10-20T21:48:26.912591+00:00,26.682760666666667,-81.94377766666666,c8:9e:43:a9:67:16,-79,5220,45,PkmnTrainerHQ-5G-1,Unknown
2025-10-20T21:48:26.912591+00:00,26.682760666666667,-81.94377766666666,12:e8:a7:e6:94:31,-89,2412,1,myChevrolet 9431,Unknown
2025-10-20T21:48:26.912591+00:00,26.682760666666667,-81.94377766666666,46:25:7e:c0:b1:a7,-90,2437,6,Cayenne_9808,Unknown
2025-10-20T21:48:26.912591+00:00,26.682764666666667,-81.94469783333334,ec:aa:a0:d6:6e:88,-67,2437,6,Home03,Unknown
2025-10-20T21:48:26.912591+00:00,26.682764666666667,-81.94469783333334,02:92:a5:59:bb:ab,-76,2462,11,myCadillac bbab,Unknown
2025-10-20T21:48:26.912591+00:00,26.682764666666667,-81.94469783333334,12:36:aa:ce:2c:91,-76,2462,11,XIIICAVEMANIIIX,Unknown
2025-10-20T21:48:26.912591+00:00,26.682764666666667,-81.94469783333334,02:92:a5:49:bb:ab,-77,5745,150,myCadillac bbab,Unknown
2025-10-20T21:48:26.912591+00:00,26.682764666666667,-81.94469783333334,14:f5:f9:a0:0e:54,-79,2462,11,D600-2.4G_a00e54,Unknown
2025-10-20T21:48:26.912591+00:00,26.682764666666667,-81.94469783333334,d4:6c:6d:5a:58:a1,-79,2412,1,StupidThing,Unknown
2025-10-20T21:48:26.912591+00:00,26.682764666666667,-81.94469783333334,d4:ab:82:51:2b:f0,-85,5745,150,M7863841270,Unknown
2025-10-20T21:48:26.912591+00:00,26.682764666666667,-81.94469783333334,bc:42:8c:b8:a7:fc,-86,2452,9,MY ROGUE4795,Unknown
2025-10-20T21:48:26.912591+00:00,26.682764666666667,-81.94469783333334,c8:9e:43:a9:67:14,-86,2457,10,PkmnTrainerHQ,Unknown
2025-10-20T21:48:26.912591+00:00,26.682764666666667,-81.94469783333334,e6:ab:82:51:2b:f0,-86,5745,150,xfinitywifi,Unknown
2025-10-20T21:48:26.912591+00:00,26.682764666666667,-81.94469783333334,c8:9e:43:a9:67:16,-88,5220,45,PkmnTrainerHQ-5G-1,Unknown
2025-10-20T21:48:26.912591+00:00,26.682764666666667,-81.94469783333334,12:e8:a7:e6:94:31,-89,2412,1,myChevrolet 9431,Unknown
2025-10-20T21:48:26.912591+00:00,26.682764666666667,-81.94469783333334,46:25:7e:c0:b1:a7,-90,2437,6,Cayenne_9808,Unknown
2025-10-20T21:48:26.912591+00:00,26.682764666666667,-81.94469783333334,88:57:1d:b3:5d:70,-91,2412,1,[cooktop]_E30AJT8023417K,Unknown
2025-10-20T21:48:26.912591+00:00,26.682744166666666,-81.94564266666667,72:13:01:56:5f:2d,-62,2462,11,CBCI-5F28,Unknown
2025-10-20T21:48:26.912591+00:00,26.682744166666666,-81.94564266666667,ec:aa:a0:d6:6e:88,-67,2437,6,Home03,Unknown
2025-10-20T21:48:26.912591+00:00,26.682744166666666,-81.94564266666667,72:13:01:5d:5f:2e,-69,5745,150,CBCI-5F28,Unknown
2025-10-20T21:48:26.912591+00:00,26.682744166666666,-81.94564266666667,72:13:01:5d:5f:28,-69,5745,150,xfinitywifi,Unknown
2025-10-20T21:48:26.912591+00:00,26.682744166666666,-81.94564266666667,12:36:aa:ce:2c:91,-76,2462,11,XIIICAVEMANIIIX,Unknown
2025-10-20T21:48:26.912591+00:00,26.682744166666666,-81.94564266666667,72:13:01:5d:5f:2a,-77,5745,150,Xfinity Mobile,Unknown
2025-10-20T21:48:26.912591+00:00,26.682744166666666,-81.94564266666667,0a:a7:c0:2c:05:f7,-78,2437,6,JoesX,Unknown
2025-10-20T21:48:26.912591+00:00,26.682744166666666,-81.94564266666667,14:f5:f9:a0:0e:54,-79,2462,11,D600-2.4G_a00e54,Unknown
2025-10-20T21:48:26.912591+00:00,26.682744166666666,-81.94564266666667,d4:6c:6d:5a:58:a1,-79,2412,1,StupidThing,Unknown
2025-10-20T21:48:26.912591+00:00,26.682744166666666,-81.94564266666667,8c:83:94:33:9e:88,-83,5560,113,Verizon_H3P93Z,Unknown
2025-10-20T21:48:26.912591+00:00,26.682744166666666,-81.94564266666667,7c:10:c9:a8:e2:b4,-84,5745,150,Joe\xe2\x80\x99s WiFi_5G,Unknown
2025-10-20T21:48:26.912591+00:00,26.682744166666666,-81.94564266666667,d4:ab:82:51:2b:f0,-85,5745,150,M7863841270,Unknown
2025-10-20T21:48:26.912591+00:00,26.682744166666666,-81.94564266666667,bc:42:8c:b8:a7:fc,-86,2452,9,MY ROGUE4795,Unknown
2025-10-20T21:48:26.912591+00:00,26.682744166666666,-81.94564266666667,c8:9e:43:a9:67:14,-86,2457,10,PkmnTrainerHQ,Unknown
2025-10-20T21:48:26.912591+00:00,26.682744166666666,-81.94564266666667,e6:ab:82:51:2b:f0,-86,5745,150,xfinitywifi,Unknown
2025-10-20T21:48:26.912591+00:00,26.682744166666666,-81.94564266666667,c8:9e:43:a9:67:16,-88,5220,45,PkmnTrainerHQ-5G-1,Unknown
2025-10-20T21:48:26.912591+00:00,26.682744166666666,-81.94564266666667,12:e8:a7:e6:94:31,-89,2412,1,myChevrolet 9431,Unknown
2025-10-20T21:48:26.912591+00:00,26.682744166666666,-81.94564266666667,46:25:7e:c0:b1:a7,-90,2437,6,Cayenne_9808,Unknown
2025-10-20T21:48:26.912591+00:00,26.682744166666666,-81.94564266666667,88:57:1d:b3:5d:70,-91,2412,1,[cooktop]_E30AJT8023417K,Unknown
2025-10-20T21:48:26.912591+00:00,26.68274316666667,-81.94659883333334,72:13:01:56:5f:2d,-62,2462,11,CBCI-5F28,Unknown
2025-10-20T21:48:26.912591+00:00,26.68274316666667,-81.94659883333334,ec:aa:a0:d6:6e:88,-67,2437,6,Home03,Unknown
2025-10-20T21:48:26.912591+00:00,26.68274316666667,-81.94659883333334,72:13:01:5d:5f:2e,-69,5745,150,CBCI-5F28,Unknown
2025-10-20T21:48:26.912591+00:00,26.68274316666667,-81.94659883333334,72:13:01:5d:5f:28,-69,5745,150,xfinitywifi,Unknown
2025-10-20T21:48:26.912591+00:00,26.68274316666667,-81.94659883333334,00:30:44:9b:21:76,-73,2412,1,IBR900-175,Unknown
2025-10-20T21:48:26.912591+00:00,26.68274316666667,-81.94659883333334,12:36:aa:ce:2c:91,-76,2462,11,XIIICAVEMANIIIX,Unknown
2025-10-20T21:48:26.912591+00:00,26.68274316666667,-81.94659883333334,72:13:01:5d:5f:2a,-77,5745,150,Xfinity Mobile,Unknown
2025-10-20T21:48:26.912591+00:00,26.68274316666667,-81.94659883333334,8c:83:94:33:9e:89,-78,2437,6,Verizon_H3P93Z,Unknown
2025-10-20T21:48:26.912591+00:00,26.68274316666667,-81.94659883333334,d4:6c:6d:5a:58:a1,-79,2412,1,StupidThing,Unknown
2025-10-20T21:48:26.912591+00:00,26.68274316666667,-81.94659883333334,34:98:b5:3a:0e:b7,-82,2462,11,crazyhouse_2GEXT,Unknown
2025-10-20T21:48:26.912591+00:00,26.68274316666667,-81.94659883333334,0a:a7:c0:2c:05:f7,-84,2437,6,JoesX,Unknown
2025-10-20T21:48:26.912591+00:00,26.68274316666667,-81.94659883333334,7c:10:c9:a8:e2:b4,-84,5745,150,Joe\xe2\x80\x99s WiFi_5G,Unknown
2025-10-20T21:48:26.912591+00:00,26.68274316666667,-81.94659883333334,34:98:b5:3a:0e:b6,-84,5765,154,crazyhouse_5GEXT,Unknown
2025-10-20T21:48:26.912591+00:00,26.68274316666667,-81.94659883333334,d4:ab:82:51:2b:f0,-85,5745,150,M7863841270,Unknown
2025-10-20T21:48:26.912591+00:00,26.68274316666667,-81.94659883333334,bc:42:8c:b8:a7:fc,-86,2452,9,MY ROGUE4795,Unknown
2025-10-20T21:48:26.912591+00:00,26.68274316666667,-81.94659883333334,c8:9e:43:a9:67:14,-86,2457,10,PkmnTrainerHQ,Unknown
2025-10-20T21:48:26.912591+00:00,26.68274316666667,-81.94659883333334,e6:ab:82:51:2b:f0,-86,5745,150,xfinitywifi,Unknown
2025-10-20T21:48:26.912591+00:00,26.68274316666667,-81.94659883333334,9c:34:26:92:16:5a,-87,5745,150,Imandra48,Unknown
2025-10-20T21:48:26.912591+00:00,26.68274316666667,-81.94659883333334,1e:9e:cc:61:bb:11,-87,5785,158,Naida,Unknown
2025-10-20T21:48:26.912591+00:00,26.68274316666667,-81.94659883333334,c8:9e:43:a9:67:16,-88,5220,45,PkmnTrainerHQ-5G-1,Unknown
2025-10-20T21:48:26.912591+00:00,26.68274316666667,-81.94659883333334,1e:9e:cc:61:bb:13,-88,5785,158,xfinitywifi,Unknown
2025-10-20T21:48:26.912591+00:00,26.68274316666667,-81.94659883333334,20:f1:9e:f5:dd:c1,-89,5240,49,Aaron,Unknown
2025-10-20T21:48:26.912591+00:00,26.68274316666667,-81.94659883333334,32:f1:9e:f5:dd:c1,-90,5240,49,xfinitywifi,Unknown
2025-10-20T21:48:26.912591+00:00,26.68274316666667,-81.94659883333334,88:57:1d:b3:5d:70,-91,2412,1,[cooktop]_E30AJT8023417K,Unknown
2025-10-20T21:48:26.912591+00:00,26.68274316666667,-81.94659883333334,8c:83:94:33:9e:88,-91,5560,113,Verizon_H3P93Z,Unknown
2025-10-20T21:49:01.387936+00:00,26.682754166666665,-81.948501,72:13:01:56:5f:2d,-62,2462,11,CBCI-5F28,Unknown
2025-10-20T21:49:01.387936+00:00,26.682754166666665,-81.948501,72:13:01:5d:5f:2e,-69,5745,150,CBCI-5F28,Unknown
2025-10-20T21:49:01.387936+00:00,26.682754166666665,-81.948501,72:13:01:5d:5f:28,-69,5745,150,xfinitywifi,Unknown
2025-10-20T21:49:01.387936+00:00,26.682754166666665,-81.948501,00:30:44:9b:21:76,-73,2412,1,IBR900-175,Unknown
2025-10-20T21:49:01.387936+00:00,26.682754166666665,-81.948501,72:13:01:5d:5f:2a,-77,5745,150,Xfinity Mobile,Unknown
2025-10-20T21:49:01.387936+00:00,26.682754166666665,-81.948501,8c:83:94:33:9e:89,-78,2437,6,Verizon_H3P93Z,Unknown
2025-10-20T21:49:01.387936+00:00,26.682754166666665,-81.948501,08:36:c9:ae:c9:6b,-78,2462,11,NETGEAR51,Unknown
2025-10-20T21:49:01.387936+00:00,26.682754166666665,-81.948501,34:98:b5:3a:0e:b7,-82,2462,11,crazyhouse_2GEXT,Unknown
2025-10-20T21:49:01.387936+00:00,26.682754166666665,-81.948501,0a:a7:c0:2c:05:f7,-84,2437,6,JoesX,Unknown
2025-10-20T21:49:01.387936+00:00,26.682754166666665,-81.948501,7c:10:c9:a8:e2:b4,-84,5745,150,Joe\xe2\x80\x99s WiFi_5G,Unknown
2025-10-20T21:49:01.387936+00:00,26.682754166666665,-81.948501,34:98:b5:3a:0e:b6,-84,5765,154,crazyhouse_5GEXT,Unknown
2025-10-20T21:49:01.387936+00:00,26.682754166666665,-81.948501,d4:ab:82:51:2b:f0,-85,5745,150,M7863841270,Unknown
2025-10-20T21:49:01.387936+00:00,26.682754166666665,-81.948501,e6:ab:82:51:2b:f0,-86,5745,150,xfinitywifi,Unknown
2025-10-20T21:49:01.387936+00:00,26.682754166666665,-81.948501,9c:34:26:92:16:5a,-87,5745,150,Imandra48,Unknown
2025-10-20T21:49:01.387936+00:00,26.682754166666665,-81.948501,1e:9e:cc:61:bb:11,-87,5785,158,Naida,Unknown
2025-10-20T21:49:01.387936+00:00,26.682754166666665,-81.948501,1e:9e:cc:61:bb:13,-88,5785,158,xfinitywifi,Unknown
2025-10-20T21:49:01.387936+00:00,26.682754166666665,-81.948501,20:f1:9e:f5:dd:c1,-89,5240,49,Aaron,Unknown
2025-10-20T21:49:01.387936+00:00,26.682754166666665,-81.948501,32:f1:9e:f5:dd:c1,-90,5240,49,xfinitywifi,Unknown
2025-10-20T21:49:01.387936+00:00,26.682754166666665,-81.948501,8c:83:94:33:9e:88,-91,5560,113,Verizon_H3P93Z,Unknown
2025-10-20T21:49:01.387936+00:00,26.6827605,-81.94957683333334,00:30:44:9b:21:76,-73,2412,1,IBR900-175,Unknown
2025-10-20T21:49:01.387936+00:00,26.6827605,-81.94957683333334,f8:79:0a:f1:72:7c,-77,2462,11,Cabrera96,Unknown
2025-10-20T21:49:01.387936+00:00,26.6827605,-81.94957683333334,8c:83:94:33:9e:89,-78,2437,6,Verizon_H3P93Z,Unknown
2025-10-20T21:49:01.387936+00:00,26.6827605,-81.94957683333334,08:36:c9:ae:c9:6b,-78,2462,11,NETGEAR51,Unknown
2025-10-20T21:49:01.387936+00:00,26.6827605,-81.94957683333334,12:36:aa:f6:19:39,-81,2412,1,JE5HUMBLE,Unknown
2025-10-20T21:49:01.387936+00:00,26.6827605,-81.94957683333334,ca:94:35:2f:ed:70,-81,5220,45,xfinitywifi,Unknown
2025-10-20T21:49:01.387936+00:00,26.6827605,-81.94957683333334,34:98:b5:3a:0e:b7,-82,2462,11,crazyhouse_2GEXT,Unknown
2025-10-20T21:49:01.387936+00:00,26.6827605,-81.94957683333334,c0:94:35:2f:ed:70,-83,5220,45,Melany,Unknown
2025-10-20T21:49:01.387936+00:00,26.6827605,-81.94957683333334,0a:a7:c0:2c:05:f7,-84,2437,6,JoesX,Unknown
2025-10-20T21:49:01.387936+00:00,26.6827605,-81.94957683333334,34:98:b5:3a:0e:b6,-84,5765,154,crazyhouse_5GEXT,Unknown
2025-10-20T21:49:01.387936+00:00,26.6827605,-81.94957683333334,7c:49:cf:0a:59:c5,-84,2437,6,C3666,Unknown
2025-10-20T21:49:01.387936+00:00,26.6827605,-81.94957683333334,9c:34:26:92:16:5a,-87,5745,150,Imandra48,Unknown
2025-10-20T21:49:01.387936+00:00,26.6827605,-81.94957683333334,1e:9e:cc:61:bb:11,-87,5785,158,Naida,Unknown
2025-10-20T21:49:01.387936+00:00,26.6827605,-81.94957683333334,1e:9e:cc:61:bb:13,-88,5785,158,xfinitywifi,Unknown
2025-10-20T21:49:01.387936+00:00,26.6827605,-81.94957683333334,20:f1:9e:f5:dd:c1,-89,5240,49,Aaron,Unknown
2025-10-20T21:49:01.387936+00:00,26.6827605,-81.94957683333334,32:f1:9e:f5:dd:c1,-90,5240,49,xfinitywifi,Unknown
2025-10-20T21:49:01.387936+00:00,26.6827605,-81.94957683333334,1c:bf:ce:28:dc:80,-90,2437,6,CenturyLink3666-2.4G,Unknown
2025-10-20T21:49:01.387936+00:00,26.6827605,-81.94957683333334,8c:83:94:33:9e:88,-91,5560,113,Verizon_H3P93Z,Unknown
2025-10-20T21:49:01.387936+00:00,26.682768,-81.95095266666667,fa:9c:31:b4:41:a1,-69,2437,6,CHEVROLET8672,Unknown
2025-10-20T21:49:01.387936+00:00,26.682768,-81.95095266666667,f8:79:0a:f1:72:7c,-70,2462,11,Cabrera96,Unknown
2025-10-20T21:49:01.387936+00:00,26.682768,-81.95095266666667,fa:63:ce:b4:41:a1,-71,5745,150,CHEVROLET8672,Unknown
2025-10-20T21:49:01.387936+00:00,26.682768,-81.95095266666667,08:36:c9:ae:c9:6b,-78,2462,11,NETGEAR51,Unknown
2025-10-20T21:49:01.387936+00:00,26.682768,-81.95095266666667,bc:42:8c:b8:a7:fc,-79,2452,9,MY ROGUE4795,Unknown
2025-10-20T21:49:01.387936+00:00,26.682768,-81.95095266666667,12:36:aa:f6:19:39,-81,2412,1,JE5HUMBLE,Unknown
2025-10-20T21:49:01.387936+00:00,26.682768,-81.95095266666667,ca:94:35:2f:ed:70,-81,5220,45,xfinitywifi,Unknown
2025-10-20T21:49:01.387936+00:00,26.682768,-81.95095266666667,c0:94:35:2f:ed:70,-83,5220,45,Melany,Unknown
2025-10-20T21:49:01.387936+00:00,26.682768,-81.95095266666667,7c:49:cf:0a:59:c5,-84,2437,6,C3666,Unknown
2025-10-20T21:49:01.387936+00:00,26.682768,-81.95095266666667,72:13:01:52:82:d1,-86,2437,6,Yamaili25,Unknown
2025-10-20T21:49:01.387936+00:00,26.682768,-81.95095266666667,4a:bd:ce:27:40:36,-88,5785,158,Dieguez Sanchez,Unknown
2025-10-20T21:49:01.387936+00:00,26.682768,-81.95095266666667,20:f1:9e:f5:dd:c1,-89,5240,49,Aaron,Unknown
2025-10-20T21:49:01.387936+00:00,26.682768,-81.95095266666667,32:f1:9e:f5:dd:c1,-90,5240,49,xfinitywifi,Unknown
2025-10-20T21:49:01.387936+00:00,26.682768,-81.95095266666667,1c:bf:ce:28:dc:80,-90,2437,6,CenturyLink3666-2.4G,Unknown
2025-10-20T21:49:01.387936+00:00,26.68277416666667,-81.9519305,fa:9c:31:b4:41:a1,-69,2437,6,CHEVROLET8672,Unknown
2025-10-20T21:49:01.387936+00:00,26.68277416666667,-81.9519305,f8:79:0a:f1:72:7c,-70,2462,11,Cabrera96,Unknown
2025-10-20T21:49:01.387936+00:00,26.68277416666667,-81.9519305,fa:63:ce:b4:41:a1,-71,5745,150,CHEVROLET8672,Unknown
2025-10-20T21:49:01.387936+00:00,26.68277416666667,-81.9519305,00:14:3e:47:87:b2,-76,2412,1,NarcBox50239,Unknown
2025-10-20T21:49:01.387936+00:00,26.68277416666667,-81.9519305,08:36:c9:ae:c9:6b,-78,2462,11,NETGEAR51,Unknown
2025-10-20T21:49:01.387936+00:00,26.68277416666667,-81.9519305,00:14:3e:47:87:b0,-78,2412,1,FL.LCE.50239,Unknown
2025-10-20T21:49:01.387936+00:00,26.68277416666667,-81.9519305,12:36:aa:f6:19:39,-81,2412,1,JE5HUMBLE,Unknown
2025-10-20T21:49:01.387936+00:00,26.68277416666667,-81.9519305,ca:94:35:2f:ed:70,-81,5220,45,xfinitywifi,Unknown
2025-10-20T21:49:01.387936+00:00,26.68277416666667,-81.9519305,bc:42:8c:b8:a7:fc,-82,2452,9,MY ROGUE4795,Unknown
2025-10-20T21:49:01.387936+00:00,26.68277416666667,-81.9519305,c0:94:35:2f:ed:70,-83,5220,45,Melany,Unknown
2025-10-20T21:49:01.387936+00:00,26.68277416666667,-81.9519305,b0:92:4a:73:c7:17,-83,2412,1,TMOBILE-C711,Unknown
2025-10-20T21:49:01.387936+00:00,26.68277416666667,-81.9519305,7c:49:cf:0a:59:c5,-84,2437,6,C3666,Unknown
2025-10-20T21:49:01.387936+00:00,26.68277416666667,-81.9519305,72:13:01:52:82:d1,-86,2437,6,Yamaili25,Unknown
2025-10-20T21:49:01.387936+00:00,26.68277416666667,-81.9519305,4a:bd:ce:27:40:36,-88,5785,158,Dieguez Sanchez,Unknown
2025-10-20T21:49:01.387936+00:00,26.68277416666667,-81.9519305,1c:bf:ce:28:dc:80,-90,2437,6,CenturyLink3666-2.4G,Unknown
2025-10-20T21:49:01.387936+00:00,26.68277416666667,-81.9519305,98:0d:67:8d:e1:f9,-91,5765,154,CenturyLink2090_5G,Unknown
2025-10-20T21:49:41.084671+00:00,26.682780833333332,-81.95346333333333,e8:9c:25:9f:f8:88,-68,2447,8,ASUS,Unknown
2025-10-20T21:49:41.084671+00:00,26.682780833333332,-81.95346333333333,fa:9c:31:b4:41:a1,-69,2437,6,CHEVROLET8672,Unknown
2025-10-20T21:49:41.084671+00:00,26.682780833333332,-81.95346333333333,f8:79:0a:f1:72:7c,-70,2462,11,Cabrera96,Unknown
2025-10-20T21:49:41.084671+00:00,26.682780833333332,-81.95346333333333,fa:63:ce:b4:41:a1,-71,5745,150,CHEVROLET8672,Unknown
2025-10-20T21:49:41.084671+00:00,26.682780833333332,-81.95346333333333,c6:4f:d5:d2:ff:21,-71,2412,1,ByteMe,Unknown
2025-10-20T21:49:41.084671+00:00,26.682780833333332,-81.95346333333333,e8:9c:25:9f:f8:8c,-74,5805,162,ASUS_5G,Unknown
2025-10-20T21:49:41.084671+00:00,26.682780833333332,-81.95346333333333,00:14:3e:47:87:b2,-76,2412,1,NarcBox50239,Unknown
2025-10-20T21:49:41.084671+00:00,26.682780833333332,-81.95346333333333,dc:f3:1c:eb:7b:ca,-77,2412,1,SMA1990109644,Unknown
2025-10-20T21:49:41.084671+00:00,26.682780833333332,-81.95346333333333,00:14:3e:47:87:b0,-78,2412,1,FL.LCE.50239,Unknown
2025-10-20T21:49:41.084671+00:00,26.682780833333332,-81.95346333333333,bc:42:8c:b8:a7:fc,-82,2452,9,MY ROGUE4795,Unknown
2025-10-20T21:49:41.084671+00:00,26.682780833333332,-81.95346333333333,72:13:01:75:12:79,-82,2437,6,HunterHouse,Unknown
2025-10-20T21:49:41.084671+00:00,26.682780833333332,-81.95346333333333,b0:92:4a:73:c7:17,-83,2412,1,TMOBILE-C711,Unknown
2025-10-20T21:49:41.084671+00:00,26.682780833333332,-81.95346333333333,72:13:01:52:82:d1,-86,2437,6,Yamaili25,Unknown
2025-10-20T21:49:41.084671+00:00,26.682780833333332,-81.95346333333333,18:a5:ff:99:47:fd,-86,5765,154,Lily,Unknown
2025-10-20T21:49:41.084671+00:00,26.682780833333332,-81.95346333333333,42:0f:c1:4e:2a:ae,-86,5785,158,xfinitywifi,Unknown
2025-10-20T21:49:41.084671+00:00,26.682780833333332,-81.95346333333333,42:0f:c1:4e:2a:ac,-87,5785,158,Notyours,Unknown
2025-10-20T21:49:41.084671+00:00,26.682780833333332,-81.95346333333333,4a:bd:ce:27:40:36,-88,5785,158,Dieguez Sanchez,Unknown
2025-10-20T21:49:41.084671+00:00,26.682780833333332,-81.95346333333333,2a:38:5c:d3:30:d9,-90,5745,150,PROJd330d9,Unknown
2025-10-20T21:49:41.084671+00:00,26.682780833333332,-81.95346333333333,98:0d:67:8d:e1:f9,-91,5765,154,CenturyLink2090_5G,Unknown
2025-10-20T21:49:41.084671+00:00,26.682781833333333,-81.95430516666667,e8:9c:25:9f:f8:88,-68,2447,8,ASUS,Unknown
2025-10-20T21:49:41.084671+00:00,26.682781833333333,-81.95430516666667,18:a5:ff:99:47:fc,-74,2437,6,Lily,Unknown
2025-10-20T21:49:41.084671+00:00,26.682781833333333,-81.95430516666667,00:14:3e:47:87:b2,-76,2412,1,NarcBox50239,Unknown
2025-10-20T21:49:41.084671+00:00,26.682781833333333,-81.95430516666667,dc:f3:1c:eb:7b:ca,-77,2412,1,SMA1990109644,Unknown
2025-10-20T21:49:41.084671+00:00,26.682781833333333,-81.95430516666667,18:a5:ff:c9:5d:7a,-77,2432,5,TMOBILE-5D78,Unknown
2025-10-20T21:49:41.084671+00:00,26.682781833333333,-81.95430516666667,00:14:3e:47:87:b0,-78,2412,1,FL.LCE.50239,Unknown
2025-10-20T21:49:41.084671+00:00,26.682781833333333,-81.95430516666667,bc:42:8c:b8:a7:fc,-82,2452,9,MY ROGUE4795,Unknown
2025-10-20T21:49:41.084671+00:00,26.682781833333333,-81.95430516666667,72:13:01:75:12:79,-82,2437,6,HunterHouse,Unknown
2025-10-20T21:49:41.084671+00:00,26.682781833333333,-81.95430516666667,72:13:01:7c:12:7a,-82,5220,45,HunterHouse,Unknown
2025-10-20T21:49:41.084671+00:00,26.682781833333333,-81.95430516666667,72:13:01:7c:12:7c,-82,5220,45,xfinitywifi,Unknown
2025-10-20T21:49:41.084671+00:00,26.682781833333333,-81.95430516666667,b0:92:4a:73:c7:17,-83,2412,1,TMOBILE-C711,Unknown
2025-10-20T21:49:41.084671+00:00,26.682781833333333,-81.95430516666667,18:a5:ff:99:47:fd,-83,5765,154,Lily,Unknown
2025-10-20T21:49:41.084671+00:00,26.682781833333333,-81.95430516666667,c6:4f:d5:d2:ff:21,-84,2412,1,ByteMe,Unknown
2025-10-20T21:49:41.084671+00:00,26.682781833333333,-81.95430516666667,ce:f3:c8:c5:87:91,-85,2437,6,EXPLOSIVE-DIARRHEA,Unknown
2025-10-20T21:49:41.084671+00:00,26.682781833333333,-81.95430516666667,80:3f:5d:6a:0f:a5,-85,2462,11,WAVLINK-N,Unknown
2025-10-20T21:49:41.084671+00:00,26.682781833333333,-81.95430516666667,42:0f:c1:4e:2a:ae,-86,5785,158,xfinitywifi,Unknown
2025-10-20T21:49:41.084671+00:00,26.682781833333333,-81.95430516666667,42:0f:c1:4e:2a:ac,-87,5785,158,Notyours,Unknown
2025-10-20T21:49:41.084671+00:00,26.682781833333333,-81.95430516666667,72:13:01:7c:12:7e,-87,5220,45,Xfinity Mobile,Unknown
2025-10-20T21:49:41.084671+00:00,26.682781833333333,-81.95430516666667,e8:9c:25:9f:f8:8c,-90,5805,162,ASUS_5G,Unknown
2025-10-20T21:49:41.084671+00:00,26.682781833333333,-81.95430516666667,2a:38:5c:d3:30:d9,-90,5745,150,PROJd330d9,Unknown
2025-10-20T21:49:41.084671+00:00,26.682781833333333,-81.95430516666667,12:36:aa:c8:0d:ea,-90,5785,158,tyron,Unknown
2025-10-20T21:49:41.084671+00:00,26.682781833333333,-81.95430516666667,12:36:aa:c8:0d:ec,-90,5785,158,xfinitywifi,Unknown
2025-10-20T21:49:41.084671+00:00,26.682781833333333,-81.95430516666667,98:0d:67:8d:e1:f9,-91,5765,154,CenturyLink2090_5G,Unknown
2025-10-20T21:49:41.084671+00:00,26.6827875,-81.955091,e8:9c:25:9f:f8:88,-68,2447,8,ASUS,Unknown
2025-10-20T21:49:41.084671+00:00,26.6827875,-81.955091,18:a5:ff:99:47:fc,-74,2437,6,Lily,Unknown
2025-10-20T21:49:41.084671+00:00,26.6827875,-81.955091,dc:f3:1c:eb:7b:ca,-77,2412,1,SMA1990109644,Unknown
2025-10-20T21:49:41.084671+00:00,26.6827875,-81.955091,18:a5:ff:c9:5d:7a,-77,2432,5,TMOBILE-5D78,Unknown
2025-10-20T21:49:41.084671+00:00,26.6827875,-81.955091,42:0f:c1:47:2a:ab,-79,2462,11,Notyours,Unknown
2025-10-20T21:49:41.084671+00:00,26.6827875,-81.955091,2c:95:69:bb:19:be,-80,2462,11,Home,Unknown
2025-10-20T21:49:41.084671+00:00,26.6827875,-81.955091,72:13:01:75:12:79,-82,2437,6,HunterHouse,Unknown
2025-10-20T21:49:41.084671+00:00,26.6827875,-81.955091,72:13:01:7c:12:7a,-82,5220,45,HunterHouse,Unknown
2025-10-20T21:49:41.084671+00:00,26.6827875,-81.955091,72:13:01:7c:12:7c,-82,5220,45,xfinitywifi,Unknown
2025-10-20T21:49:41.084671+00:00,26.6827875,-81.955091,18:a5:ff:99:47:fd,-83,5765,154,Lily,Unknown
2025-10-20T21:49:41.084671+00:00,26.6827875,-81.955091,c6:4f:d5:d2:ff:21,-84,2412,1,ByteMe,Unknown
2025-10-20T21:49:41.084671+00:00,26.6827875,-81.955091,ce:f3:c8:c5:87:91,-85,2437,6,EXPLOSIVE-DIARRHEA,Unknown
2025-10-20T21:49:41.084671+00:00,26.6827875,-81.955091,80:3f:5d:6a:0f:a5,-85,2462,11,WAVLINK-N,Unknown
2025-10-20T21:49:41.084671+00:00,26.6827875,-81.955091,32:c4:fd:e0:34:cf,-85,2412,1,Verizon-SM-S928U-6038,Unknown
2025-10-20T21:49:41.084671+00:00,26.6827875,-81.955091,42:0f:c1:4e:2a:ae,-86,5785,158,xfinitywifi,Unknown
2025-10-20T21:49:41.084671+00:00,26.6827875,-81.955091,42:0f:c1:4e:2a:ac,-87,5785,158,Notyours,Unknown
2025-10-20T21:49:41.084671+00:00,26.6827875,-81.955091,72:13:01:7c:12:7e,-87,5220,45,Xfinity Mobile,Unknown
2025-10-20T21:49:41.084671+00:00,26.6827875,-81.955091,12:36:aa:c7:f7:1a,-88,5785,158,CardsFan,Unknown
2025-10-20T21:49:41.084671+00:00,26.6827875,-81.955091,12:36:aa:c7:f7:1c,-89,5785,158,xfinitywifi,Unknown
2025-10-20T21:49:41.084671+00:00,26.6827875,-81.955091,e8:9c:25:9f:f8:8c,-90,5805,162,ASUS_5G,Unknown
2025-10-20T21:49:41.084671+00:00,26.6827875,-81.955091,2a:38:5c:d3:30:d9,-90,5745,150,PROJd330d9,Unknown
2025-10-20T21:49:41.084671+00:00,26.6827875,-81.955091,12:36:aa:c8:0d:ea,-90,5785,158,tyron,Unknown
2025-10-20T21:49:41.084671+00:00,26.6827875,-81.955091,12:36:aa:c8:0d:ec,-90,5785,158,xfinitywifi,Unknown
2025-10-20T21:49:41.084671+00:00,26.682791166666668,-81.95570083333334,e8:9c:25:9f:f8:88,-68,2447,8,ASUS,Unknown
2025-10-20T21:49:41.084671+00:00,26.682791166666668,-81.95570083333334,12:36:aa:c0:f7:19,-71,2437,6,CardsFan,Unknown
2025-10-20T21:49:41.084671+00:00,26.682791166666668,-81.95570083333334,18:a5:ff:99:47:fc,-74,2437,6,Lily,Unknown
2025-10-20T21:49:41.084671+00:00,26.682791166666668,-81.95570083333334,dc:f3:1c:eb:7b:ca,-77,2412,1,SMA1990109644,Unknown
2025-10-20T21:49:41.084671+00:00,26.682791166666668,-81.95570083333334,18:a5:ff:c9:5d:7a,-77,2432,5,TMOBILE-5D78,Unknown
2025-10-20T21:49:41.084671+00:00,26.682791166666668,-81.95570083333334,42:0f:c1:47:2a:ab,-79,2462,11,Notyours,Unknown
2025-10-20T21:49:41.084671+00:00,26.682791166666668,-81.95570083333334,2c:95:69:bb:19:be,-80,2462,11,Home,Unknown
2025-10-20T21:49:41.084671+00:00,26.682791166666668,-81.95570083333334,72:13:01:e5:bc:a9,-81,2462,11,Legendarylions827,Unknown
2025-10-20T21:49:41.084671+00:00,26.682791166666668,-81.95570083333334,72:13:01:75:12:79,-82,2437,6,HunterHouse,Unknown
2025-10-20T21:49:41.084671+00:00,26.682791166666668,-81.95570083333334,72:13:01:7c:12:7a,-82,5220,45,HunterHouse,Unknown
2025-10-20T21:49:41.084671+00:00,26.682791166666668,-81.95570083333334,72:13:01:7c:12:7c,-82,5220,45,xfinitywifi,Unknown
2025-10-20T21:49:41.084671+00:00,26.682791166666668,-81.95570083333334,18:a5:ff:99:47:fd,-83,5765,154,Lily,Unknown
2025-10-20T21:49:41.084671+00:00,26.682791166666668,-81.95570083333334,c6:4f:d5:d2:ff:21,-84,2412,1,ByteMe,Unknown
2025-10-20T21:49:41.084671+00:00,26.682791166666668,-81.95570083333334,ce:f3:c8:c5:87:91,-85,2437,6,EXPLOSIVE-DIARRHEA,Unknown
2025-10-20T21:49:41.084671+00:00,26.682791166666668,-81.95570083333334,80:3f:5d:6a:0f:a5,-85,2462,11,WAVLINK-N,Unknown
2025-10-20T21:49:41.084671+00:00,26.682791166666668,-81.95570083333334,32:c4:fd:e0:34:cf,-85,2412,1,Verizon-SM-S928U-6038,Unknown
2025-10-20T21:49:41.084671+00:00,26.682791166666668,-81.95570083333334,12:36:aa:c7:f7:1c,-85,5785,158,xfinitywifi,Unknown
2025-10-20T21:49:41.084671+00:00,26.682791166666668,-81.95570083333334,42:0f:c1:4e:2a:ae,-86,5785,158,xfinitywifi,Unknown
2025-10-20T21:49:41.084671+00:00,26.682791166666668,-81.95570083333334,12:36:aa:c7:f7:1a,-86,5785,158,CardsFan,Unknown
2025-10-20T21:49:41.084671+00:00,26.682791166666668,-81.95570083333334,42:0f:c1:4e:2a:ac,-87,5785,158,Notyours,Unknown
2025-10-20T21:49:41.084671+00:00,26.682791166666668,-81.95570083333334,72:13:01:7c:12:7e,-87,5220,45,Xfinity Mobile,Unknown
2025-10-20T21:49:41.084671+00:00,26.682791166666668,-81.95570083333334,0a:a7:c0:39:f6:8d,-87,2462,11,Mapkap,Unknown
2025-10-20T21:49:41.084671+00:00,26.682791166666668,-81.95570083333334,bc:82:5d:6b:45:e0,-89,2412,1,WiFi Hotspot 9568,Unknown
2025-10-20T21:49:41.084671+00:00,26.682791166666668,-81.95570083333334,e8:9c:25:9f:f8:8c,-90,5805,162,ASUS_5G,Unknown
2025-10-20T21:49:41.084671+00:00,26.682791166666668,-81.95570083333334,2a:38:5c:d3:30:d9,-90,5745,150,PROJd330d9,Unknown
2025-10-20T21:49:41.084671+00:00,26.682791166666668,-81.95570083333334,12:36:aa:c8:0d:ea,-90,5785,158,tyron,Unknown
2025-10-20T21:49:41.084671+00:00,26.682791166666668,-81.95570083333334,12:36:aa:c8:0d:ec,-90,5785,158,xfinitywifi,Unknown
2025-10-20T21:49:41.084671+00:00,26.682791166666668,-81.95570083333334,0a:a7:c0:40:f6:8e,-91,5785,158,Mapkap,Unknown
2025-10-20T21:50:16.817255+00:00,26.682777333333334,-81.95636583333334,02:83:cc:e1:fa:ab,-73,2412,1,CenturyLink6108,Unknown
2025-10-20T21:50:16.817255+00:00,26.682777333333334,-81.95636583333334,42:0f:c1:47:2a:ab,-79,2462,11,Notyours,Unknown
2025-10-20T21:50:16.817255+00:00,26.682777333333334,-81.95636583333334,12:36:aa:c0:f7:19,-79,2437,6,CardsFan,Unknown
2025-10-20T21:50:16.817255+00:00,26.682777333333334,-81.95636583333334,2c:95:69:bb:19:be,-80,2462,11,Home,Unknown
2025-10-20T21:50:16.817255+00:00,26.682777333333334,-81.95636583333334,72:13:01:e5:bc:a9,-81,2462,11,Legendarylions827,Unknown
2025-10-20T21:50:16.817255+00:00,26.682777333333334,-81.95636583333334,72:13:01:7c:12:7a,-82,5220,45,HunterHouse,Unknown
2025-10-20T21:50:16.817255+00:00,26.682777333333334,-81.95636583333334,72:13:01:7c:12:7c,-82,5220,45,xfinitywifi,Unknown
2025-10-20T21:50:16.817255+00:00,26.682777333333334,-81.95636583333334,c6:50:9c:dc:77:e9,-82,2462,11,Capote,Unknown
2025-10-20T21:50:16.817255+00:00,26.682777333333334,-81.95636583333334,32:c4:fd:e0:34:cf,-85,2412,1,Verizon-SM-S928U-6038,Unknown
2025-10-20T21:50:16.817255+00:00,26.682777333333334,-81.95636583333334,bc:82:5d:6b:45:e0,-85,2412,1,WiFi Hotspot 9568,Unknown
2025-10-20T21:50:16.817255+00:00,26.682777333333334,-81.95636583333334,72:13:01:7c:12:7e,-87,5220,45,Xfinity Mobile,Unknown
2025-10-20T21:50:16.817255+00:00,26.682777333333334,-81.95636583333334,12:36:aa:c7:f7:1c,-87,5785,158,xfinitywifi,Unknown
2025-10-20T21:50:16.817255+00:00,26.682777333333334,-81.95636583333334,0a:a7:c0:39:f6:8d,-87,2462,11,Mapkap,Unknown
2025-10-20T21:50:16.817255+00:00,26.682777333333334,-81.95636583333334,3e:2d:9e:fb:de:97,-87,2437,6,CBCI-DE92,Unknown
2025-10-20T21:50:16.817255+00:00,26.682777333333334,-81.95636583333334,12:36:aa:c7:f7:1a,-88,5785,158,CardsFan,Unknown
2025-10-20T21:50:16.817255+00:00,26.682777333333334,-81.95636583333334,0a:a7:c0:40:f6:8e,-91,5785,158,Mapkap,Unknown
2025-10-20T21:50:16.817255+00:00,26.682772666666665,-81.95676933333333,02:83:cc:e1:fa:ab,-73,2412,1,CenturyLink6108,Unknown
2025-10-20T21:50:16.817255+00:00,26.682772666666665,-81.95676933333333,00:14:3e:47:3a:42,-75,2412,1,NarcBox50003,Unknown
2025-10-20T21:50:16.817255+00:00,26.682772666666665,-81.95676933333333,00:14:3e:47:3a:40,-76,2412,1,FL.LCE.50003,Unknown
2025-10-20T21:50:16.817255+00:00,26.682772666666665,-81.95676933333333,00:14:3e:47:3a:41,-77,2412,1,LCDPSFLEET,Unknown
2025-10-20T21:50:16.817255+00:00,26.682772666666665,-81.95676933333333,72:13:01:e5:bc:a9,-81,2462,11,Legendarylions827,Unknown
2025-10-20T21:50:16.817255+00:00,26.682772666666665,-81.95676933333333,c6:50:9c:dc:77:e9,-82,2462,11,Capote,Unknown
2025-10-20T21:50:16.817255+00:00,26.682772666666665,-81.95676933333333,12:36:aa:c0:f7:19,-84,2437,6,CardsFan,Unknown
2025-10-20T21:50:16.817255+00:00,26.682772666666665,-81.95676933333333,bc:82:5d:6b:45:e0,-85,2412,1,WiFi Hotspot 9568,Unknown
2025-10-20T21:50:16.817255+00:00,26.682772666666665,-81.95676933333333,30:df:17:72:20:77,-85,2412,1,TOYOTA RAV4-2.4g_722077,Unknown
2025-10-20T21:50:16.817255+00:00,26.682772666666665,-81.95676933333333,12:36:aa:c7:f7:1c,-87,5785,158,xfinitywifi,Unknown
2025-10-20T21:50:16.817255+00:00,26.682772666666665,-81.95676933333333,0a:a7:c0:39:f6:8d,-87,2462,11,Mapkap,Unknown
2025-10-20T21:50:16.817255+00:00,26.682772666666665,-81.95676933333333,3e:2d:9e:fb:de:97,-87,2437,6,CBCI-DE92,Unknown
2025-10-20T21:50:16.817255+00:00,26.682772666666665,-81.95676933333333,12:36:aa:c7:f7:1a,-88,5785,158,CardsFan,Unknown
2025-10-20T21:50:16.817255+00:00,26.682772666666665,-81.95676933333333,8a:15:04:70:c1:d4,-89,2462,11,\x00\x00\x00\x00\x00\x00\x00,Unknown
2025-10-20T21:50:16.817255+00:00,26.682772666666665,-81.95676933333333,0a:a7:c0:40:f6:8e,-91,5785,158,Mapkap,Unknown
2025-10-20T21:50:16.817255+00:00,26.682772666666665,-81.95676933333333,12:e8:a7:04:90:12,-91,5220,45,myChevrolet 9012,Unknown
2025-10-20T21:50:16.817255+00:00,26.682771,-81.956922,00:14:3e:47:3a:42,-60,2412,1,NarcBox50003,Unknown
2025-10-20T21:50:16.817255+00:00,26.682771,-81.956922,00:14:3e:47:3a:40,-62,2412,1,FL.LCE.50003,Unknown
2025-10-20T21:50:16.817255+00:00,26.682771,-81.956922,00:14:3e:47:3a:41,-62,2412,1,LCDPSFLEET,Unknown
2025-10-20T21:50:16.817255+00:00,26.682771,-81.956922,c6:4f:d5:89:b5:31,-71,2437,6,JorgeJulissa,Unknown
2025-10-20T21:50:16.817255+00:00,26.682771,-81.956922,02:83:cc:e1:fa:ab,-73,2412,1,CenturyLink6108,Unknown
2025-10-20T21:50:16.817255+00:00,26.682771,-81.956922,c6:50:9c:dc:77:e9,-82,2462,11,Capote,Unknown
2025-10-20T21:50:16.817255+00:00,26.682771,-81.956922,12:36:aa:c0:f7:19,-84,2437,6,CardsFan,Unknown
2025-10-20T21:50:16.817255+00:00,26.682771,-81.956922,bc:82:5d:6b:45:e0,-85,2412,1,WiFi Hotspot 9568,Unknown
2025-10-20T21:50:16.817255+00:00,26.682771,-81.956922,30:df:17:72:20:77,-85,2412,1,TOYOTA RAV4-2.4g_722077,Unknown
2025-10-20T21:50:16.817255+00:00,26.682771,-81.956922,12:36:aa:c7:f7:1c,-87,5785,158,xfinitywifi,Unknown
2025-10-20T21:50:16.817255+00:00,26.682771,-81.956922,3e:2d:9e:fb:de:97,-87,2437,6,CBCI-DE92,Unknown
2025-10-20T21:50:16.817255+00:00,26.682771,-81.956922,12:36:aa:c7:f7:1a,-88,5785,158,CardsFan,Unknown
2025-10-20T21:50:16.817255+00:00,26.682771,-81.956922,8a:15:04:70:c1:d4,-89,2462,11,\x00\x00\x00\x00\x00\x00\x00,Unknown
2025-10-20T21:50:16.817255+00:00,26.682771,-81.956922,12:e8:a7:04:90:12,-91,5220,45,myChevrolet 9012,Unknown
2025-10-20T21:50:16.817255+00:00,26.682769,-81.95720566666667,00:14:3e:47:3a:41,-62,2412,1,LCDPSFLEET,Unknown
2025-10-20T21:50:16.817255+00:00,26.682769,-81.95720566666667,c6:4f:d5:89:b5:31,-71,2437,6,JorgeJulissa,Unknown
2025-10-20T21:50:16.817255+00:00,26.682769,-81.95720566666667,02:83:cc:e1:fa:ab,-73,2412,1,CenturyLink6108,Unknown
2025-10-20T21:50:16.817255+00:00,26.682769,-81.95720566666667,12:e8:a7:64:90:12,-73,2442,7,myChevrolet 9012,Unknown
2025-10-20T21:50:16.817255+00:00,26.682769,-81.95720566666667,00:14:3e:47:3a:42,-77,2412,1,NarcBox50003,Unknown
2025-10-20T21:50:16.817255+00:00,26.682769,-81.95720566666667,00:14:3e:47:3a:40,-78,2412,1,FL.LCE.50003,Unknown
2025-10-20T21:50:16.817255+00:00,26.682769,-81.95720566666667,c6:50:9c:dc:77:e9,-82,2462,11,Capote,Unknown
2025-10-20T21:50:16.817255+00:00,26.682769,-81.95720566666667,0a:58:28:1f:10:62,-82,5180,37,Buddyandsnow,Unknown
2025-10-20T21:50:16.817255+00:00,26.682769,-81.95720566666667,12:36:aa:c0:f7:19,-84,2437,6,CardsFan,Unknown
2025-10-20T21:50:16.817255+00:00,26.682769,-81.95720566666667,bc:82:5d:6b:45:e0,-85,2412,1,WiFi Hotspot 9568,Unknown
2025-10-20T21:50:16.817255+00:00,26.682769,-81.95720566666667,30:df:17:72:20:77,-85,2412,1,TOYOTA RAV4-2.4g_722077,Unknown
2025-10-20T21:50:16.817255+00:00,26.682769,-81.95720566666667,12:36:aa:c7:f7:1c,-87,5785,158,xfinitywifi,Unknown
2025-10-20T21:50:16.817255+00:00,26.682769,-81.95720566666667,3e:2d:9e:fb:de:97,-87,2437,6,CBCI-DE92,Unknown
2025-10-20T21:50:16.817255+00:00,26.682769,-81.95720566666667,c6:4f:d5:90:b5:34,-87,5785,158,xfinitywifi,Unknown
2025-10-20T21:50:16.817255+00:00,26.682769,-81.95720566666667,12:36:aa:c7:f7:1a,-88,5785,158,CardsFan,Unknown
2025-10-20T21:50:16.817255+00:00,26.682769,-81.95720566666667,c6:4f:d5:90:b5:32,-88,5785,158,JorgeJulissa,Unknown
2025-10-20T21:50:16.817255+00:00,26.682769,-81.95720566666667,8a:15:04:70:c1:d4,-89,2462,11,\x00\x00\x00\x00\x00\x00\x00,Unknown
2025-10-20T21:50:16.817255+00:00,26.682769,-81.95720566666667,12:e8:a7:04:90:12,-91,5220,45,myChevrolet 9012,Unknown
2025-10-20T21:50:56.083134+00:00,26.682459333333334,-81.959789,00:14:3e:47:3a:41,-62,2412,1,LCDPSFLEET,Unknown
2025-10-20T21:50:56.083134+00:00,26.682459333333334,-81.959789,c6:4f:d5:89:b5:31,-71,2437,6,JorgeJulissa,Unknown
2025-10-20T21:50:56.083134+00:00,26.682459333333334,-81.959789,12:e8:a7:64:90:12,-73,2442,7,myChevrolet 9012,Unknown
2025-10-20T21:50:56.083134+00:00,26.682459333333334,-81.959789,00:14:3e:47:3a:42,-77,2412,1,NarcBox50003,Unknown
2025-10-20T21:50:56.083134+00:00,26.682459333333334,-81.959789,00:14:3e:47:3a:40,-78,2412,1,FL.LCE.50003,Unknown
2025-10-20T21:50:56.083134+00:00,26.682459333333334,-81.959789,0a:58:28:1f:10:62,-82,5180,37,Buddyandsnow,Unknown
2025-10-20T21:50:56.083134+00:00,26.682459333333334,-81.959789,c6:4f:d5:90:b5:34,-87,5785,158,xfinitywifi,Unknown
2025-10-20T21:50:56.083134+00:00,26.682459333333334,-81.959789,c6:4f:d5:90:b5:32,-88,5785,158,JorgeJulissa,Unknown
2025-10-20T21:50:56.083134+00:00,26.682276833333333,-81.96104083333333,12:e8:a7:64:90:12,-73,2442,7,myChevrolet 9012,Unknown
2025-10-20T21:50:56.083134+00:00,26.682276833333333,-81.96104083333333,ae:4c:a5:40:c1:8e,-76,2437,6,dimcfal@yahoo.com,Unknown
2025-10-20T21:50:56.083134+00:00,26.682276833333333,-81.96104083333333,00:14:3e:47:3a:42,-77,2412,1,NarcBox50003,Unknown
2025-10-20T21:50:56.083134+00:00,26.682276833333333,-81.96104083333333,32:b4:b8:e9:d5:35,-77,2437,6,My VW 0449,Unknown
2025-10-20T21:50:56.083134+00:00,26.682276833333333,-81.96104083333333,e2:db:d1:2b:96:89,-77,2462,11,Samima,Unknown
2025-10-20T21:50:56.083134+00:00,26.682276833333333,-81.96104083333333,00:14:3e:47:3a:40,-78,2412,1,FL.LCE.50003,Unknown
2025-10-20T21:50:56.083134+00:00,26.682276833333333,-81.96104083333333,0a:58:28:1f:10:62,-82,5180,37,Buddyandsnow,Unknown
2025-10-20T21:50:56.083134+00:00,26.682276833333333,-81.96104083333333,02:58:28:dc:4c:4a,-86,2412,1,Hoffman's,Unknown
2025-10-20T21:50:56.083134+00:00,26.682276833333333,-81.96104083333333,02:58:28:55:a5:97,-86,2412,1,HAPPY*LIFE,Unknown
2025-10-20T21:50:56.083134+00:00,26.682276833333333,-81.96104083333333,c6:4f:d5:90:b5:34,-87,5785,158,xfinitywifi,Unknown
2025-10-20T21:50:56.083134+00:00,26.682276833333333,-81.96104083333333,e2:db:d1:32:96:8c,-87,5785,158,xfinitywifi,Unknown
2025-10-20T21:50:56.083134+00:00,26.682276833333333,-81.96104083333333,c6:4f:d5:90:b5:32,-88,5785,158,JorgeJulissa,Unknown
2025-10-20T21:50:56.083134+00:00,26.682276833333333,-81.96104083333333,54:a6:5c:41:49:ea,-88,5785,158,UrFavNurse,Unknown
2025-10-20T21:50:56.083134+00:00,26.682276833333333,-81.96104083333333,e2:db:d1:32:96:8a,-88,5785,158,Samima,Unknown
2025-10-20T21:50:56.083134+00:00,26.682276833333333,-81.96104083333333,e2:db:d1:32:96:8e,-91,5785,158,Xfinity Mobile,Unknown
2025-10-20T21:50:56.083134+00:00,26.682276833333333,-81.96104083333333,3e:b2:d6:61:78:d8,-91,5745,150,CHEVROLET7035,Unknown
2025-10-20T21:50:56.083134+00:00,26.682269166666668,-81.962607,00:80:ae:94:a7:26,-73,2462,11,hugh562852,Unknown
2025-10-20T21:50:56.083134+00:00,26.682269166666668,-81.962607,ae:4c:a5:40:c1:8e,-76,2437,6,dimcfal@yahoo.com,Unknown
2025-10-20T21:50:56.083134+00:00,26.682269166666668,-81.962607,32:b4:b8:e9:d5:35,-77,2437,6,My VW 0449,Unknown
2025-10-20T21:50:56.083134+00:00,26.682269166666668,-81.962607,e2:db:d1:2b:96:89,-77,2462,11,Samima,Unknown
2025-10-20T21:50:56.083134+00:00,26.682269166666668,-81.962607,00:80:ae:4c:7c:33,-81,5745,150,hugh562852,Unknown
2025-10-20T21:50:56.083134+00:00,26.682269166666668,-81.962607,00:80:ae:94:a7:27,-82,5745,150,hugh562852,Unknown
2025-10-20T21:50:56.083134+00:00,26.682269166666668,-81.962607,00:80:ae:4c:7c:32,-83,2462,11,hugh562852,Unknown
2025-10-20T21:50:56.083134+00:00,26.682269166666668,-81.962607,d8:ec:5e:b8:da:33,-84,2447,8,Tetra Tech,Unknown
2025-10-20T21:50:56.083134+00:00,26.682269166666668,-81.962607,02:58:28:dc:4c:4a,-86,2412,1,Hoffman's,Unknown
2025-10-20T21:50:56.083134+00:00,26.682269166666668,-81.962607,02:58:28:55:a5:97,-86,2412,1,HAPPY*LIFE,Unknown
2025-10-20T21:50:56.083134+00:00,26.682269166666668,-81.962607,e2:db:d1:32:96:8c,-87,5785,158,xfinitywifi,Unknown
2025-10-20T21:50:56.083134+00:00,26.682269166666668,-81.962607,54:a6:5c:41:49:ea,-88,5785,158,UrFavNurse,Unknown
2025-10-20T21:50:56.083134+00:00,26.682269166666668,-81.962607,e2:db:d1:32:96:8a,-88,5785,158,Samima,Unknown
2025-10-20T21:50:56.083134+00:00,26.682269166666668,-81.962607,e2:db:d1:32:96:8e,-91,5785,158,Xfinity Mobile,Unknown
2025-10-20T21:50:56.083134+00:00,26.682269166666668,-81.962607,3e:b2:d6:61:78:d8,-91,5745,150,CHEVROLET7035,Unknown
2025-10-20T21:50:56.083134+00:00,26.682265166666667,-81.96406683333333,00:80:ae:94:a7:26,-73,2462,11,hugh562852,Unknown
2025-10-20T21:50:56.083134+00:00,26.682265166666667,-81.96406683333333,ae:4c:a5:40:c1:8e,-76,2437,6,dimcfal@yahoo.com,Unknown
2025-10-20T21:50:56.083134+00:00,26.682265166666667,-81.96406683333333,32:b4:b8:e9:d5:35,-77,2437,6,My VW 0449,Unknown
2025-10-20T21:50:56.083134+00:00,26.682265166666667,-81.96406683333333,e2:db:d1:2b:96:89,-77,2462,11,Samima,Unknown
2025-10-20T21:50:56.083134+00:00,26.682265166666667,-81.96406683333333,00:80:ae:4c:7c:33,-81,5745,150,hugh562852,Unknown
2025-10-20T21:50:56.083134+00:00,26.682265166666667,-81.96406683333333,b4:b0:24:93:18:26,-81,2412,1,Evora_EXT,Unknown
2025-10-20T21:50:56.083134+00:00,26.682265166666667,-81.96406683333333,00:80:ae:94:a7:27,-82,5745,150,hugh562852,Unknown
2025-10-20T21:50:56.083134+00:00,26.682265166666667,-81.96406683333333,a8:70:5d:a4:78:21,-82,2412,1,Evora,Unknown
2025-10-20T21:50:56.083134+00:00,26.682265166666667,-81.96406683333333,00:80:ae:4c:7c:32,-83,2462,11,hugh562852,Unknown
2025-10-20T21:50:56.083134+00:00,26.682265166666667,-81.96406683333333,ec:aa:a0:da:fb:b8,-83,2437,6,Gloria,Unknown
2025-10-20T21:50:56.083134+00:00,26.682265166666667,-81.96406683333333,d8:ec:5e:b8:da:33,-84,2447,8,Tetra Tech,Unknown
2025-10-20T21:50:56.083134+00:00,26.682265166666667,-81.96406683333333,fc:51:a4:0e:ff:87,-84,5785,158,Sam,Unknown
2025-10-20T21:50:56.083134+00:00,26.682265166666667,-81.96406683333333,72:13:01:ec:a0:6a,-85,5785,158,Almeida,Unknown
2025-10-20T21:50:56.083134+00:00,26.682265166666667,-81.96406683333333,72:13:01:ec:a0:6c,-85,5785,158,xfinitywifi,Unknown
2025-10-20T21:50:56.083134+00:00,26.682265166666667,-81.96406683333333,02:58:28:dc:4c:4a,-86,2412,1,Hoffman's,Unknown
2025-10-20T21:50:56.083134+00:00,26.682265166666667,-81.96406683333333,02:58:28:55:a5:97,-86,2412,1,HAPPY*LIFE,Unknown
2025-10-20T21:50:56.083134+00:00,26.682265166666667,-81.96406683333333,e2:db:d1:32:96:8c,-87,5785,158,xfinitywifi,Unknown
2025-10-20T21:50:56.083134+00:00,26.682265166666667,-81.96406683333333,aa:70:5d:a4:78:22,-87,5220,45,xfinitywifi,Unknown
2025-10-20T21:50:56.083134+00:00,26.682265166666667,-81.96406683333333,a8:70:5d:a4:78:22,-87,5220,45,Evora,Unknown
2025-10-20T21:50:56.083134+00:00,26.682265166666667,-81.96406683333333,54:a6:5c:41:49:ea,-88,5785,158,UrFavNurse,Unknown
2025-10-20T21:50:56.083134+00:00,26.682265166666667,-81.96406683333333,e2:db:d1:32:96:8a,-88,5785,158,Samima,Unknown
2025-10-20T21:50:56.083134+00:00,26.682265166666667,-81.96406683333333,50:ba:7d:69:d2:47,-90,2462,11,Alice in WonderLAN,Unknown
2025-10-20T21:50:56.083134+00:00,26.682265166666667,-81.96406683333333,e2:db:d1:32:96:8e,-91,5785,158,Xfinity Mobile,Unknown
2025-10-20T21:50:56.083134+00:00,26.682265166666667,-81.96406683333333,3e:b2:d6:61:78:d8,-91,5745,150,CHEVROLET7035,Unknown
2025-10-20T21:51:35.818795+00:00,26.6822585,-81.96783633333334,00:80:ae:94:a7:26,-73,2462,11,hugh562852,Unknown
2025-10-20T21:51:35.818795+00:00,26.6822585,-81.96783633333334,00:80:ae:4c:7c:33,-81,5745,150,hugh562852,Unknown
2025-10-20T21:51:35.818795+00:00,26.6822585,-81.96783633333334,b4:b0:24:93:18:26,-81,2412,1,Evora_EXT,Unknown
2025-10-20T21:51:35.818795+00:00,26.6822585,-81.96783633333334,00:80:ae:94:a7:27,-82,5745,150,hugh562852,Unknown
2025-10-20T21:51:35.818795+00:00,26.6822585,-81.96783633333334,a8:70:5d:a4:78:21,-82,2412,1,Evora,Unknown
2025-10-20T21:51:35.818795+00:00,26.6822585,-81.96783633333334,24:7c:46:0d:21:a5,-82,5805,162,HotspotJmMi,Unknown
2025-10-20T21:51:35.818795+00:00,26.6822585,-81.96783633333334,00:80:ae:4c:7c:32,-83,2462,11,hugh562852,Unknown
2025-10-20T21:51:35.818795+00:00,26.6822585,-81.96783633333334,ec:aa:a0:da:fb:b8,-83,2437,6,Gloria,Unknown
2025-10-20T21:51:35.818795+00:00,26.6822585,-81.96783633333334,d8:ec:5e:b8:da:33,-84,2447,8,Tetra Tech,Unknown
2025-10-20T21:51:35.818795+00:00,26.6822585,-81.96783633333334,fc:51:a4:0e:ff:87,-84,5785,158,Sam,Unknown
2025-10-20T21:51:35.818795+00:00,26.6822585,-81.96783633333334,72:13:01:ec:a0:6a,-85,5785,158,Almeida,Unknown
2025-10-20T21:51:35.818795+00:00,26.6822585,-81.96783633333334,72:13:01:ec:a0:6c,-85,5785,158,xfinitywifi,Unknown
2025-10-20T21:51:35.818795+00:00,26.6822585,-81.96783633333334,aa:70:5d:a4:78:22,-87,5220,45,xfinitywifi,Unknown
2025-10-20T21:51:35.818795+00:00,26.6822585,-81.96783633333334,a8:70:5d:a4:78:22,-87,5220,45,Evora,Unknown
2025-10-20T21:51:35.818795+00:00,26.6822585,-81.96783633333334,50:ba:7d:69:d2:47,-90,2462,11,Alice in WonderLAN,Unknown
2025-10-20T21:51:35.818795+00:00,26.682260333333332,-81.9694205,ac:df:9f:7d:96:7f,-69,5805,162,TMOBILE-967C,Unknown
2025-10-20T21:51:35.818795+00:00,26.682260333333332,-81.9694205,ac:df:9f:7d:96:7e,-73,2452,9,TMOBILE-967C,Unknown
2025-10-20T21:51:35.818795+00:00,26.682260333333332,-81.9694205,02:58:28:1a:ce:92,-79,2412,1,Joshf0024,Unknown
2025-10-20T21:51:35.818795+00:00,26.682260333333332,-81.9694205,b4:b0:24:93:18:26,-81,2412,1,Evora_EXT,Unknown
2025-10-20T21:51:35.818795+00:00,26.682260333333332,-81.9694205,a8:70:5d:a4:78:21,-82,2412,1,Evora,Unknown
2025-10-20T21:51:35.818795+00:00,26.682260333333332,-81.9694205,24:7c:46:0d:21:a5,-82,5805,162,HotspotJmMi,Unknown
2025-10-20T21:51:35.818795+00:00,26.682260333333332,-81.9694205,8c:76:3f:33:5f:0f,-82,2412,1,FBIVAN,Unknown
2025-10-20T21:51:35.818795+00:00,26.682260333333332,-81.9694205,8a:76:3f:33:5f:10,-82,5220,45,xfinitywifi,Unknown
2025-10-20T21:51:35.818795+00:00,26.682260333333332,-81.9694205,ec:aa:a0:da:fb:b8,-83,2437,6,Gloria,Unknown
2025-10-20T21:51:35.818795+00:00,26.682260333333332,-81.9694205,8c:76:3f:33:5f:10,-83,5220,45,FBIVAN,Unknown
2025-10-20T21:51:35.818795+00:00,26.682260333333332,-81.9694205,fc:51:a4:0e:ff:87,-84,5785,158,Sam,Unknown
2025-10-20T21:51:35.818795+00:00,26.682260333333332,-81.9694205,72:13:01:ec:a0:6a,-85,5785,158,Almeida,Unknown
2025-10-20T21:51:35.818795+00:00,26.682260333333332,-81.9694205,72:13:01:ec:a0:6c,-85,5785,158,xfinitywifi,Unknown
2025-10-20T21:51:35.818795+00:00,26.682260333333332,-81.9694205,c4:f1:74:d4:7e:88,-86,5745,150,Dias Canel Singao,Unknown
2025-10-20T21:51:35.818795+00:00,26.682260333333332,-81.9694205,aa:70:5d:a4:78:22,-87,5220,45,xfinitywifi,Unknown
2025-10-20T21:51:35.818795+00:00,26.682260333333332,-81.9694205,a8:70:5d:a4:78:22,-87,5220,45,Evora,Unknown
2025-10-20T21:51:35.818795+00:00,26.682260333333332,-81.9694205,62:62:8b:41:39:ee,-89,2442,7,MKD_MeshWifi_Guest,Unknown
2025-10-20T21:51:35.818795+00:00,26.682260333333332,-81.9694205,50:ba:7d:69:d2:47,-90,2462,11,Alice in WonderLAN,Unknown
2025-10-20T21:51:35.818795+00:00,26.682260333333332,-81.9694205,0a:58:28:1a:ce:92,-90,5240,49,Joshf0024,Unknown
2025-10-20T21:51:35.818795+00:00,26.682262333333334,-81.972637,ac:df:9f:7d:96:7f,-69,5805,162,TMOBILE-967C,Unknown
2025-10-20T21:51:35.818795+00:00,26.682262333333334,-81.972637,ac:df:9f:7d:96:7e,-73,2452,9,TMOBILE-967C,Unknown
2025-10-20T21:51:35.818795+00:00,26.682262333333334,-81.972637,ac:df:9f:3e:d1:b8,-78,2437,6,TMOBILE-D1B6,Unknown
2025-10-20T21:51:35.818795+00:00,26.682262333333334,-81.972637,02:58:28:1a:ce:92,-79,2412,1,Joshf0024,Unknown
2025-10-20T21:51:35.818795+00:00,26.682262333333334,-81.972637,96:04:e3:23:0e:ef,-80,2412,1,CBCI-0EEA,Unknown
2025-10-20T21:51:35.818795+00:00,26.682262333333334,-81.972637,02:cb:7a:05:e7:0b,-81,2462,11,lacasa,Unknown
2025-10-20T21:51:35.818795+00:00,26.682262333333334,-81.972637,24:7c:46:0d:21:a5,-82,5805,162,HotspotJmMi,Unknown
2025-10-20T21:51:35.818795+00:00,26.682262333333334,-81.972637,8c:76:3f:33:5f:0f,-82,2412,1,FBIVAN,Unknown
2025-10-20T21:51:35.818795+00:00,26.682262333333334,-81.972637,8a:76:3f:33:5f:10,-82,5220,45,xfinitywifi,Unknown
2025-10-20T21:51:35.818795+00:00,26.682262333333334,-81.972637,8c:76:3f:33:5f:10,-83,5220,45,FBIVAN,Unknown
2025-10-20T21:51:35.818795+00:00,26.682262333333334,-81.972637,dc:eb:69:67:63:55,-83,5785,158,Sarabazafamilly,Unknown
2025-10-20T21:51:35.818795+00:00,26.682262333333334,-81.972637,12:36:aa:04:72:44,-85,5785,158,xfinitywifi,Unknown
2025-10-20T21:51:35.818795+00:00,26.682262333333334,-81.972637,c4:f1:74:d4:7e:88,-86,5745,150,Dias Canel Singao,Unknown
2025-10-20T21:51:35.818795+00:00,26.682262333333334,-81.972637,12:36:aa:04:72:42,-86,5785,158,andres morales,Unknown
2025-10-20T21:51:35.818795+00:00,26.682262333333334,-81.972637,e6:bf:fa:bd:04:cd,-87,2437,6,BettyCarol,Unknown
2025-10-20T21:51:35.818795+00:00,26.682262333333334,-81.972637,dc:eb:69:67:63:57,-87,5785,158,xfinitywifi,Unknown
2025-10-20T21:51:35.818795+00:00,26.682262333333334,-81.972637,62:62:8b:41:39:ee,-89,2442,7,MKD_MeshWifi_Guest,Unknown
2025-10-20T21:51:35.818795+00:00,26.682262333333334,-81.972637,3c:58:5d:73:e0:a7,-89,2412,1,TMOBILE-E0A1,Unknown
2025-10-20T21:51:35.818795+00:00,26.682262333333334,-81.972637,0a:58:28:1a:ce:92,-90,5240,49,Joshf0024,Unknown
2025-10-20T21:52:14.083717+00:00,26.6822685,-81.97393666666666,ac:df:9f:3e:d1:b8,-78,2437,6,TMOBILE-D1B6,Unknown
2025-10-20T21:52:14.083717+00:00,26.6822685,-81.97393666666666,12:e8:a7:84:62:1a,-78,2442,7,myGMC 621A,Unknown
2025-10-20T21:52:14.083717+00:00,26.6822685,-81.97393666666666,96:04:e3:23:0e:ef,-80,2412,1,CBCI-0EEA,Unknown
2025-10-20T21:52:14.083717+00:00,26.6822685,-81.97393666666666,3c:58:5d:73:e0:a7,-81,2412,1,TMOBILE-E0A1,Unknown
2025-10-20T21:52:14.083717+00:00,26.6822685,-81.97393666666666,02:cb:7a:05:e7:0b,-81,2462,11,lacasa,Unknown
2025-10-20T21:52:14.083717+00:00,26.6822685,-81.97393666666666,dc:eb:69:67:63:55,-83,5785,158,Sarabazafamilly,Unknown
2025-10-20T21:52:14.083717+00:00,26.6822685,-81.97393666666666,12:36:aa:04:72:44,-85,5785,158,xfinitywifi,Unknown
2025-10-20T21:52:14.083717+00:00,26.6822685,-81.97393666666666,12:36:aa:04:72:42,-86,5785,158,andres morales,Unknown
2025-10-20T21:52:14.083717+00:00,26.6822685,-81.97393666666666,e6:bf:fa:bd:04:cd,-87,2437,6,BettyCarol,Unknown
2025-10-20T21:52:14.083717+00:00,26.6822685,-81.97393666666666,dc:eb:69:67:63:57,-87,5785,158,xfinitywifi,Unknown
2025-10-20T21:52:14.083717+00:00,26.6821565,-81.9741495,00:17:1a:d6:4e:76,-77,2437,6,Winegard2ghzD64E75,Unknown
2025-10-20T21:52:14.083717+00:00,26.6821565,-81.9741495,3c:58:5d:73:e0:a7,-81,2412,1,TMOBILE-E0A1,Unknown
2025-10-20T21:52:14.083717+00:00,26.6821565,-81.9741495,02:cb:7a:05:e7:0b,-81,2462,11,lacasa,Unknown
2025-10-20T21:52:14.083717+00:00,26.6821565,-81.9741495,78:61:7c:53:96:1c,-81,2437,6,Escalade,Unknown
2025-10-20T21:52:14.083717+00:00,26.6821565,-81.9741495,12:e8:a7:84:62:1a,-87,2442,7,myGMC 621A,Unknown
2025-10-20T21:52:14.083717+00:00,26.6821565,-81.9741495,ce:f3:c8:cd:73:42,-87,5785,158,home1716,Unknown
2025-10-20T21:52:14.083717+00:00,26.6821565,-81.9741495,ce:f3:c8:cd:73:44,-87,5785,158,xfinitywifi,Unknown
2025-10-20T21:52:14.083717+00:00,26.6821565,-81.9741495,0a:58:28:31:21:72,-90,5180,37,AMGamboa82,Unknown
2025-10-20T21:52:14.083717+00:00,26.6811885,-81.97421466666667,00:17:1a:d6:4e:76,-77,2437,6,Winegard2ghzD64E75,Unknown
2025-10-20T21:52:14.083717+00:00,26.6811885,-81.97421466666667,3c:58:5d:73:e0:a7,-81,2412,1,TMOBILE-E0A1,Unknown
2025-10-20T21:52:14.083717+00:00,26.6811885,-81.97421466666667,78:61:7c:53:96:1c,-86,2437,6,Escalade,Unknown
2025-10-20T21:52:14.083717+00:00,26.6811885,-81.97421466666667,12:e8:a7:84:62:1a,-87,2442,7,myGMC 621A,Unknown
2025-10-20T21:52:14.083717+00:00,26.6811885,-81.97421466666667,ce:f3:c8:cd:73:42,-87,5785,158,home1716,Unknown
2025-10-20T21:52:14.083717+00:00,26.6811885,-81.97421466666667,ce:f3:c8:cd:73:44,-87,5785,158,xfinitywifi,Unknown
2025-10-20T21:52:14.083717+00:00,26.6811885,-81.97421466666667,0a:58:28:31:21:72,-90,5180,37,AMGamboa82,Unknown
2025-10-20T21:52:14.083717+00:00,26.679987666666666,-81.97423166666667,00:17:1a:d6:4e:76,-77,2437,6,Winegard2ghzD64E75,Unknown
2025-10-20T21:52:14.083717+00:00,26.679987666666666,-81.97423166666667,3c:58:5d:73:e0:a7,-81,2412,1,TMOBILE-E0A1,Unknown
2025-10-20T21:52:14.083717+00:00,26.679987666666666,-81.97423166666667,fa:6d:cc:b2:16:85,-83,2442,7,myGMC 1685,Unknown
2025-10-20T21:52:14.083717+00:00,26.679987666666666,-81.97423166666667,44:1c:12:95:67:4a,-84,2412,1,FBIVAN2,Unknown
2025-10-20T21:52:14.083717+00:00,26.679987666666666,-81.97423166666667,78:61:7c:53:96:1c,-86,2437,6,Escalade,Unknown
2025-10-20T21:52:14.083717+00:00,26.679987666666666,-81.97423166666667,42:75:c3:48:ee:c4,-86,5220,45,xfinitywifi,Unknown
2025-10-20T21:52:14.083717+00:00,26.679987666666666,-81.97423166666667,ce:f3:c8:cd:73:42,-87,5785,158,home1716,Unknown
2025-10-20T21:52:14.083717+00:00,26.679987666666666,-81.97423166666667,ce:f3:c8:cd:73:44,-87,5785,158,xfinitywifi,Unknown
2025-10-20T21:52:14.083717+00:00,26.679987666666666,-81.97423166666667,42:75:c3:48:ee:c2,-87,5220,45,MateosFam,Unknown
2025-10-20T21:52:14.083717+00:00,26.679987666666666,-81.97423166666667,0a:58:28:31:21:72,-90,5180,37,AMGamboa82,Unknown
2025-10-20T21:52:14.083717+00:00,26.679987666666666,-81.97423166666667,7c:f1:7e:3f:fd:94,-90,2462,11,lacasa_EXT,Unknown
2025-10-20T21:52:14.083717+00:00,26.679987666666666,-81.97423166666667,12:e8:a7:84:62:1a,-91,2442,7,myGMC 621A,Unknown
2025-10-20T21:52:14.083717+00:00,26.679987666666666,-81.97423166666667,fa:6d:cc:d2:16:85,-91,5745,150,myGMC 1685,Unknown
2025-10-20T21:52:52.593769+00:00,26.676979166666666,-81.97427266666666,00:54:af:b9:74:fd,-73,2427,4,Hotspot74FD,Unknown
2025-10-20T21:52:52.593769+00:00,26.676979166666666,-81.97427266666666,8c:76:3f:22:78:1b,-75,2412,1,Mamipapi,Unknown
2025-10-20T21:52:52.593769+00:00,26.676979166666666,-81.97427266666666,ce:22:26:a7:86:7a,-77,2412,1,nicolewifi,Unknown
2025-10-20T21:52:52.593769+00:00,26.676979166666666,-81.97427266666666,c0:94:35:c1:a1:69,-80,5220,45,Aly1104,Unknown
2025-10-20T21:52:52.593769+00:00,26.676979166666666,-81.97427266666666,fa:6d:cc:b2:16:85,-83,2442,7,myGMC 1685,Unknown
2025-10-20T21:52:52.593769+00:00,26.676979166666666,-81.97427266666666,44:1c:12:95:67:4a,-84,2412,1,FBIVAN2,Unknown
2025-10-20T21:52:52.593769+00:00,26.676979166666666,-81.97427266666666,78:61:7c:53:96:1c,-86,2437,6,Escalade,Unknown
2025-10-20T21:52:52.593769+00:00,26.676979166666666,-81.97427266666666,42:75:c3:48:ee:c4,-86,5220,45,xfinitywifi,Unknown
2025-10-20T21:52:52.593769+00:00,26.676979166666666,-81.97427266666666,42:75:c3:48:ee:c2,-87,5220,45,MateosFam,Unknown
2025-10-20T21:52:52.593769+00:00,26.676979166666666,-81.97427266666666,0a:f9:e0:60:31:b9,-87,2412,1,Tineco_7710,Unknown
2025-10-20T21:52:52.593769+00:00,26.676979166666666,-81.97427266666666,54:ba:7d:9b:ce:79,-88,5805,162,Home 1405,Unknown
2025-10-20T21:52:52.593769+00:00,26.676979166666666,-81.97427266666666,7c:f1:7e:3f:fd:94,-90,2462,11,lacasa_EXT,Unknown
2025-10-20T21:52:52.593769+00:00,26.676979166666666,-81.97427266666666,12:e8:a7:84:62:1a,-91,2442,7,myGMC 621A,Unknown
2025-10-20T21:52:52.593769+00:00,26.676979166666666,-81.97427266666666,fa:6d:cc:d2:16:85,-91,5745,150,myGMC 1685,Unknown
2025-10-20T21:52:52.593769+00:00,26.675614333333332,-81.97429916666667,00:54:af:b9:74:fd,-73,2427,4,Hotspot74FD,Unknown
2025-10-20T21:52:52.593769+00:00,26.675614333333332,-81.97429916666667,8c:76:3f:22:78:1b,-75,2412,1,Mamipapi,Unknown
2025-10-20T21:52:52.593769+00:00,26.675614333333332,-81.97429916666667,ce:22:26:a7:86:7a,-77,2412,1,nicolewifi,Unknown
2025-10-20T21:52:52.593769+00:00,26.675614333333332,-81.97429916666667,1e:9d:72:72:08:e1,-78,2437,6,Ariel,Unknown
2025-10-20T21:52:52.593769+00:00,26.675614333333332,-81.97429916666667,c0:94:35:c1:a1:69,-80,5220,45,Aly1104,Unknown
2025-10-20T21:52:52.593769+00:00,26.675614333333332,-81.97429916666667,fa:5e:42:42:6c:10,-80,2437,6,TheForce,Unknown
2025-10-20T21:52:52.593769+00:00,26.675614333333332,-81.97429916666667,fa:6d:cc:b2:16:85,-83,2442,7,myGMC 1685,Unknown
2025-10-20T21:52:52.593769+00:00,26.675614333333332,-81.97429916666667,44:1c:12:95:67:4a,-84,2412,1,FBIVAN2,Unknown
2025-10-20T21:52:52.593769+00:00,26.675614333333332,-81.97429916666667,42:75:c3:48:ee:c4,-86,5220,45,xfinitywifi,Unknown
2025-10-20T21:52:52.593769+00:00,26.675614333333332,-81.97429916666667,42:75:c3:48:ee:c2,-87,5220,45,MateosFam,Unknown
2025-10-20T21:52:52.593769+00:00,26.675614333333332,-81.97429916666667,0a:f9:e0:60:31:b9,-87,2412,1,Tineco_7710,Unknown
2025-10-20T21:52:52.593769+00:00,26.675614333333332,-81.97429916666667,1e:9d:72:79:08:e2,-87,5220,45,Ariel,Unknown
2025-10-20T21:52:52.593769+00:00,26.675614333333332,-81.97429916666667,54:ba:7d:9b:ce:79,-88,5805,162,Home 1405,Unknown
2025-10-20T21:52:52.593769+00:00,26.675614333333332,-81.97429916666667,1e:9d:72:79:08:e4,-89,5220,45,xfinitywifi,Unknown
2025-10-20T21:52:52.593769+00:00,26.675614333333332,-81.97429916666667,12:e8:a7:84:62:1a,-90,2442,7,myGMC 621A,Unknown
2025-10-20T21:52:52.593769+00:00,26.675614333333332,-81.97429916666667,7c:f1:7e:3f:fd:94,-90,2462,11,lacasa_EXT,Unknown
2025-10-20T21:52:52.593769+00:00,26.675614333333332,-81.97429916666667,78:f2:9e:36:96:28,-90,2462,11,Home_1205,Unknown
2025-10-20T21:52:52.593769+00:00,26.675614333333332,-81.97429916666667,fa:5e:42:49:6c:1b,-90,5220,45,xfinitywifi,Unknown
2025-10-20T21:52:52.593769+00:00,26.675614333333332,-81.97429916666667,18:a5:ff:ef:45:9d,-90,5240,49,Caiman,Unknown
2025-10-20T21:52:52.593769+00:00,26.675614333333332,-81.97429916666667,fa:6d:cc:d2:16:85,-91,5745,150,myGMC 1685,Unknown
2025-10-20T21:52:52.593769+00:00,26.675614333333332,-81.97429916666667,fa:5e:42:49:6c:19,-91,5220,45,TheForce,Unknown
2025-10-20T21:52:52.593769+00:00,26.674253333333333,-81.97431866666666,00:54:af:b9:74:fd,-73,2427,4,Hotspot74FD,Unknown
2025-10-20T21:52:52.593769+00:00,26.674253333333333,-81.97431866666666,8c:76:3f:22:78:1b,-75,2412,1,Mamipapi,Unknown
2025-10-20T21:52:52.593769+00:00,26.674253333333333,-81.97431866666666,ce:22:26:a7:86:7a,-77,2412,1,nicolewifi,Unknown
2025-10-20T21:52:52.593769+00:00,26.674253333333333,-81.97431866666666,1e:9d:72:72:08:e1,-78,2437,6,Ariel,Unknown
2025-10-20T21:52:52.593769+00:00,26.674253333333333,-81.97431866666666,c0:94:35:c1:a1:69,-80,5220,45,Aly1104,Unknown
2025-10-20T21:52:52.593769+00:00,26.674253333333333,-81.97431866666666,fa:5e:42:42:6c:10,-80,2437,6,TheForce,Unknown
2025-10-20T21:52:52.593769+00:00,26.674253333333333,-81.97431866666666,c0:d7:aa:da:5f:59,-82,2432,5,TMOBILE-5F57,Unknown
2025-10-20T21:52:52.593769+00:00,26.674253333333333,-81.97431866666666,12:e8:a7:84:62:1a,-86,2442,7,myGMC 621A,Unknown
2025-10-20T21:52:52.593769+00:00,26.674253333333333,-81.97431866666666,42:75:c3:48:ee:c4,-86,5220,45,xfinitywifi,Unknown
2025-10-20T21:52:52.593769+00:00,26.674253333333333,-81.97431866666666,42:75:c3:48:ee:c2,-87,5220,45,MateosFam,Unknown
2025-10-20T21:52:52.593769+00:00,26.674253333333333,-81.97431866666666,0a:f9:e0:60:31:b9,-87,2412,1,Tineco_7710,Unknown
2025-10-20T21:52:52.593769+00:00,26.674253333333333,-81.97431866666666,1e:9d:72:79:08:e2,-87,5220,45,Ariel,Unknown
2025-10-20T21:52:52.593769+00:00,26.674253333333333,-81.97431866666666,54:ba:7d:9b:ce:79,-88,5805,162,Home 1405,Unknown
2025-10-20T21:52:52.593769+00:00,26.674253333333333,-81.97431866666666,1e:9d:72:79:08:e4,-89,5220,45,xfinitywifi,Unknown
2025-10-20T21:52:52.593769+00:00,26.674253333333333,-81.97431866666666,78:f2:9e:36:96:28,-90,2462,11,Home_1205,Unknown
2025-10-20T21:52:52.593769+00:00,26.674253333333333,-81.97431866666666,fa:5e:42:49:6c:1b,-90,5220,45,xfinitywifi,Unknown
2025-10-20T21:52:52.593769+00:00,26.674253333333333,-81.97431866666666,18:a5:ff:ef:45:9d,-90,5240,49,Caiman,Unknown
2025-10-20T21:52:52.593769+00:00,26.674253333333333,-81.97431866666666,fa:5e:42:49:6c:19,-91,5220,45,TheForce,Unknown
2025-10-20T21:52:52.593769+00:00,26.6724865,-81.9743405,00:54:af:b9:74:fd,-73,2427,4,Hotspot74FD,Unknown
2025-10-20T21:52:52.593769+00:00,26.6724865,-81.9743405,8c:76:3f:22:78:1b,-75,2412,1,Mamipapi,Unknown
2025-10-20T21:52:52.593769+00:00,26.6724865,-81.9743405,ce:22:26:a7:86:7a,-77,2412,1,nicolewifi,Unknown
2025-10-20T21:52:52.593769+00:00,26.6724865,-81.9743405,1e:9d:72:72:08:e1,-78,2437,6,Ariel,Unknown
2025-10-20T21:52:52.593769+00:00,26.6724865,-81.9743405,ac:db:48:c9:91:94,-79,2412,1,Quicktrip,Unknown
2025-10-20T21:52:52.593769+00:00,26.6724865,-81.9743405,c0:94:35:c1:a1:69,-80,5220,45,Aly1104,Unknown
2025-10-20T21:52:52.593769+00:00,26.6724865,-81.9743405,fa:5e:42:42:6c:10,-80,2437,6,TheForce,Unknown
2025-10-20T21:52:52.593769+00:00,26.6724865,-81.9743405,aa:db:48:c9:91:95,-81,5220,45,xfinitywifi,Unknown
2025-10-20T21:52:52.593769+00:00,26.6724865,-81.9743405,42:75:c3:5f:ed:f2,-81,5220,45,Roxana,Unknown
2025-10-20T21:52:52.593769+00:00,26.6724865,-81.9743405,c0:d7:aa:da:5f:59,-82,2432,5,TMOBILE-5F57,Unknown
2025-10-20T21:52:52.593769+00:00,26.6724865,-81.9743405,18:a5:ff:ef:45:9c,-82,2437,6,Caiman,Unknown
2025-10-20T21:52:52.593769+00:00,26.6724865,-81.9743405,ac:db:48:c9:91:95,-82,5220,45,Quicktrip,Unknown
2025-10-20T21:52:52.593769+00:00,26.6724865,-81.9743405,42:75:c3:5f:ed:f4,-82,5220,45,xfinitywifi,Unknown
2025-10-20T21:52:52.593769+00:00,26.6724865,-81.9743405,0a:f9:e0:60:31:b9,-87,2412,1,Tineco_7710,Unknown
2025-10-20T21:52:52.593769+00:00,26.6724865,-81.9743405,1e:9d:72:79:08:e2,-87,5220,45,Ariel,Unknown
2025-10-20T21:52:52.593769+00:00,26.6724865,-81.9743405,54:ba:7d:9b:ce:79,-88,5805,162,Home 1405,Unknown
2025-10-20T21:52:52.593769+00:00,26.6724865,-81.9743405,42:75:c3:5f:ed:f6,-88,5220,45,Xfinity Mobile,Unknown
2025-10-20T21:52:52.593769+00:00,26.6724865,-81.9743405,1e:9d:72:79:08:e4,-89,5220,45,xfinitywifi,Unknown
2025-10-20T21:52:52.593769+00:00,26.6724865,-81.9743405,70:b8:f6:9a:da:5d,-89,2412,1,RAINBIRD9ADA5C,Unknown
2025-10-20T21:52:52.593769+00:00,26.6724865,-81.9743405,b2:db:48:c9:91:95,-89,5220,45,Xfinity Mobile,Unknown
2025-10-20T21:52:52.593769+00:00,26.6724865,-81.9743405,78:f2:9e:36:96:28,-90,2462,11,Home_1205,Unknown
2025-10-20T21:52:52.593769+00:00,26.6724865,-81.9743405,fa:5e:42:49:6c:1b,-90,5220,45,xfinitywifi,Unknown
2025-10-20T21:52:52.593769+00:00,26.6724865,-81.9743405,12:e8:a7:84:62:1a,-91,2442,7,myGMC 621A,Unknown
2025-10-20T21:52:52.593769+00:00,26.6724865,-81.9743405,fa:5e:42:49:6c:19,-91,5220,45,TheForce,Unknown
2025-10-20T21:52:52.593769+00:00,26.6724865,-81.9743405,18:a5:ff:ef:45:9d,-92,5240,49,Caiman,Unknown
2025-10-20T21:53:30.088069+00:00,26.669684833333335,-81.9743725,58:d9:d5:bc:b6:c9,-32,2432,5,CenturyLink0564_EXT,Unknown
2025-10-20T21:53:30.088069+00:00,26.669684833333335,-81.9743725,ac:db:48:c9:91:94,-79,2412,1,Quicktrip,Unknown
2025-10-20T21:53:30.088069+00:00,26.669684833333335,-81.9743725,58:96:71:2e:d2:3e,-79,2462,11,Verizon_WL7V9K,Unknown
2025-10-20T21:53:30.088069+00:00,26.669684833333335,-81.9743725,aa:db:48:c9:91:95,-81,5220,45,xfinitywifi,Unknown
2025-10-20T21:53:30.088069+00:00,26.669684833333335,-81.9743725,42:75:c3:5f:ed:f2,-81,5220,45,Roxana,Unknown
2025-10-20T21:53:30.088069+00:00,26.669684833333335,-81.9743725,c0:d7:aa:da:5f:59,-82,2432,5,TMOBILE-5F57,Unknown
2025-10-20T21:53:30.088069+00:00,26.669684833333335,-81.9743725,18:a5:ff:ef:45:9c,-82,2437,6,Caiman,Unknown
2025-10-20T21:53:30.088069+00:00,26.669684833333335,-81.9743725,ac:db:48:c9:91:95,-82,5220,45,Quicktrip,Unknown
2025-10-20T21:53:30.088069+00:00,26.669684833333335,-81.9743725,42:75:c3:5f:ed:f4,-82,5220,45,xfinitywifi,Unknown
2025-10-20T21:53:30.088069+00:00,26.669684833333335,-81.9743725,50:ba:7d:6c:9a:72,-83,2412,1,AaylaSecured,Unknown
2025-10-20T21:53:30.088069+00:00,26.669684833333335,-81.9743725,42:75:c3:5f:ed:f6,-88,5220,45,Xfinity Mobile,Unknown
2025-10-20T21:53:30.088069+00:00,26.669684833333335,-81.9743725,70:b8:f6:9a:da:5d,-89,2412,1,RAINBIRD9ADA5C,Unknown
2025-10-20T21:53:30.088069+00:00,26.669684833333335,-81.9743725,b2:db:48:c9:91:95,-89,5220,45,Xfinity Mobile,Unknown
2025-10-20T21:53:30.088069+00:00,26.669684833333335,-81.9743725,12:e8:a7:84:62:1a,-91,2442,7,myGMC 621A,Unknown
2025-10-20T21:53:30.088069+00:00,26.669684833333335,-81.9743725,18:a5:ff:ef:45:9d,-92,5240,49,Caiman,Unknown
2025-10-20T21:53:30.088069+00:00,26.668498833333334,-81.97434466666667,58:d9:d5:bc:b6:c9,-32,2432,5,CenturyLink0564_EXT,Unknown
2025-10-20T21:53:30.088069+00:00,26.668498833333334,-81.97434466666667,12:a7:93:0a:de:15,-76,2412,1,JordyWifi,Unknown
2025-10-20T21:53:30.088069+00:00,26.668498833333334,-81.97434466666667,70:03:7e:61:b9:c5,-77,5785,158,Blue2,Unknown
2025-10-20T21:53:30.088069+00:00,26.668498833333334,-81.97434466666667,70:03:7e:61:b9:c7,-77,5785,158,xfinitywifi,Unknown
2025-10-20T21:53:30.088069+00:00,26.668498833333334,-81.97434466666667,4a:bd:ce:8e:ed:1a,-77,5220,45,Cris,Unknown
2025-10-20T21:53:30.088069+00:00,26.668498833333334,-81.97434466666667,4a:bd:ce:8e:ed:1c,-78,5220,45,xfinitywifi,Unknown
2025-10-20T21:53:30.088069+00:00,26.668498833333334,-81.97434466666667,ac:db:48:c9:91:94,-79,2412,1,Quicktrip,Unknown
2025-10-20T21:53:30.088069+00:00,26.668498833333334,-81.97434466666667,aa:db:48:c9:91:95,-81,5220,45,xfinitywifi,Unknown
2025-10-20T21:53:30.088069+00:00,26.668498833333334,-81.97434466666667,42:75:c3:5f:ed:f2,-81,5220,45,Roxana,Unknown
2025-10-20T21:53:30.088069+00:00,26.668498833333334,-81.97434466666667,18:a5:ff:ef:45:9c,-82,2437,6,Caiman,Unknown
2025-10-20T21:53:30.088069+00:00,26.668498833333334,-81.97434466666667,ac:db:48:c9:91:95,-82,5220,45,Quicktrip,Unknown
2025-10-20T21:53:30.088069+00:00,26.668498833333334,-81.97434466666667,42:75:c3:5f:ed:f4,-82,5220,45,xfinitywifi,Unknown
2025-10-20T21:53:30.088069+00:00,26.668498833333334,-81.97434466666667,72:13:01:1b:90:f6,-82,5785,158,Williams,Unknown
2025-10-20T21:53:30.088069+00:00,26.668498833333334,-81.97434466666667,72:13:01:1b:90:f0,-82,5785,158,xfinitywifi,Unknown
2025-10-20T21:53:30.088069+00:00,26.668498833333334,-81.97434466666667,50:ba:7d:6c:9a:72,-83,2412,1,AaylaSecured,Unknown
2025-10-20T21:53:30.088069+00:00,26.668498833333334,-81.97434466666667,58:96:71:2e:d2:3e,-83,2462,11,Verizon_WL7V9K,Unknown
2025-10-20T21:53:30.088069+00:00,26.668498833333334,-81.97434466666667,c2:c4:f9:c4:4d:8d,-84,2432,5,Ineiuis WiFi,Unknown
2025-10-20T21:53:30.088069+00:00,26.668498833333334,-81.97434466666667,4a:bd:ce:8e:ed:1e,-84,5220,45,Xfinity Mobile,Unknown
2025-10-20T21:53:30.088069+00:00,26.668498833333334,-81.97434466666667,12:a7:93:11:de:16,-86,5220,45,JordyWifi,Unknown
2025-10-20T21:53:30.088069+00:00,26.668498833333334,-81.97434466666667,12:a7:93:11:de:10,-86,5220,45,xfinitywifi,Unknown
2025-10-20T21:53:30.088069+00:00,26.668498833333334,-81.97434466666667,42:75:c3:5f:ed:f6,-88,5220,45,Xfinity Mobile,Unknown
2025-10-20T21:53:30.088069+00:00,26.668498833333334,-81.97434466666667,72:13:01:1b:90:f2,-88,5785,158,Xfinity Mobile,Unknown
2025-10-20T21:53:30.088069+00:00,26.668498833333334,-81.97434466666667,70:b8:f6:9a:da:5d,-89,2412,1,RAINBIRD9ADA5C,Unknown
2025-10-20T21:53:30.088069+00:00,26.668498833333334,-81.97434466666667,b2:db:48:c9:91:95,-89,5220,45,Xfinity Mobile,Unknown
2025-10-20T21:53:30.088069+00:00,26.668498833333334,-81.97434466666667,12:e8:a7:84:62:1a,-91,2442,7,myGMC 621A,Unknown
2025-10-20T21:53:30.088069+00:00,26.668498833333334,-81.97434466666667,18:a5:ff:ef:45:9d,-92,5240,49,Caiman,Unknown
2025-10-20T21:53:30.088069+00:00,26.667759666666665,-81.97437266666667,58:d9:d5:bc:b6:c9,-32,2432,5,CenturyLink0564_EXT,Unknown
2025-10-20T21:53:30.088069+00:00,26.667759666666665,-81.97437266666667,80:d0:4a:78:ba:9a,-66,2462,11,Morrison,Unknown
2025-10-20T21:53:30.088069+00:00,26.667759666666665,-81.97437266666667,12:a7:93:0a:de:15,-76,2412,1,JordyWifi,Unknown
2025-10-20T21:53:30.088069+00:00,26.667759666666665,-81.97437266666667,70:03:7e:61:b9:c5,-77,5785,158,Blue2,Unknown
2025-10-20T21:53:30.088069+00:00,26.667759666666665,-81.97437266666667,70:03:7e:61:b9:c7,-77,5785,158,xfinitywifi,Unknown
2025-10-20T21:53:30.088069+00:00,26.667759666666665,-81.97437266666667,4a:bd:ce:8e:ed:1a,-77,5220,45,Cris,Unknown
2025-10-20T21:53:30.088069+00:00,26.667759666666665,-81.97437266666667,80:d0:4a:78:ba:a2,-77,5785,158,Morrison,Unknown
2025-10-20T21:53:30.088069+00:00,26.667759666666665,-81.97437266666667,80:d0:4a:78:ba:a4,-77,5785,158,xfinitywifi,Unknown
2025-10-20T21:53:30.088069+00:00,26.667759666666665,-81.97437266666667,4a:bd:ce:8e:ed:1c,-78,5220,45,xfinitywifi,Unknown
2025-10-20T21:53:30.088069+00:00,26.667759666666665,-81.97437266666667,72:13:01:1b:90:f6,-82,5785,158,Williams,Unknown
2025-10-20T21:53:30.088069+00:00,26.667759666666665,-81.97437266666667,72:13:01:1b:90:f0,-82,5785,158,xfinitywifi,Unknown
2025-10-20T21:53:30.088069+00:00,26.667759666666665,-81.97437266666667,50:ba:7d:6c:c1:b9,-82,2412,1,AaylaSecured,Unknown
2025-10-20T21:53:30.088069+00:00,26.667759666666665,-81.97437266666667,50:ba:7d:6c:9a:72,-83,2412,1,AaylaSecured,Unknown
2025-10-20T21:53:30.088069+00:00,26.667759666666665,-81.97437266666667,58:96:71:2e:d2:3e,-83,2462,11,Verizon_WL7V9K,Unknown
2025-10-20T21:53:30.088069+00:00,26.667759666666665,-81.97437266666667,c2:c4:f9:c4:4d:8d,-84,2432,5,Ineiuis WiFi,Unknown
2025-10-20T21:53:30.088069+00:00,26.667759666666665,-81.97437266666667,4a:bd:ce:8e:ed:1e,-84,5220,45,Xfinity Mobile,Unknown
2025-10-20T21:53:30.088069+00:00,26.667759666666665,-81.97437266666667,12:a7:93:11:de:16,-86,5220,45,JordyWifi,Unknown
2025-10-20T21:53:30.088069+00:00,26.667759666666665,-81.97437266666667,12:a7:93:11:de:10,-86,5220,45,xfinitywifi,Unknown
2025-10-20T21:53:30.088069+00:00,26.667759666666665,-81.97437266666667,72:13:01:1b:90:f2,-88,5785,158,Xfinity Mobile,Unknown
2025-10-20T21:53:30.088069+00:00,26.667759666666665,-81.97437266666667,80:d0:4a:78:ba:a6,-88,5785,158,Xfinity Mobile,Unknown
2025-10-20T21:53:30.088069+00:00,26.667669666666665,-81.97437983333333,58:d9:d5:bc:b6:c9,-32,2432,5,CenturyLink0564_EXT,Unknown
2025-10-20T21:53:30.088069+00:00,26.667669666666665,-81.97437983333333,80:d0:4a:78:ba:9a,-66,2462,11,Morrison,Unknown
2025-10-20T21:53:30.088069+00:00,26.667669666666665,-81.97437983333333,4a:bd:ce:87:ed:19,-75,2437,6,Cris,Unknown
2025-10-20T21:53:30.088069+00:00,26.667669666666665,-81.97437983333333,12:a7:93:0a:de:15,-76,2412,1,JordyWifi,Unknown
2025-10-20T21:53:30.088069+00:00,26.667669666666665,-81.97437983333333,70:03:7e:61:b9:c5,-77,5785,158,Blue2,Unknown
2025-10-20T21:53:30.088069+00:00,26.667669666666665,-81.97437983333333,70:03:7e:61:b9:c7,-77,5785,158,xfinitywifi,Unknown
2025-10-20T21:53:30.088069+00:00,26.667669666666665,-81.97437983333333,80:d0:4a:78:ba:a2,-78,5785,158,Morrison,Unknown
2025-10-20T21:53:30.088069+00:00,26.667669666666665,-81.97437983333333,80:d0:4a:78:ba:a4,-79,5785,158,xfinitywifi,Unknown
2025-10-20T21:53:30.088069+00:00,26.667669666666665,-81.97437983333333,72:13:01:1b:90:f6,-82,5785,158,Williams,Unknown
2025-10-20T21:53:30.088069+00:00,26.667669666666665,-81.97437983333333,72:13:01:1b:90:f0,-82,5785,158,xfinitywifi,Unknown
2025-10-20T21:53:30.088069+00:00,26.667669666666665,-81.97437983333333,50:ba:7d:6c:c1:b9,-82,2412,1,AaylaSecured,Unknown
2025-10-20T21:53:30.088069+00:00,26.667669666666665,-81.97437983333333,50:ba:7d:6c:9a:72,-83,2412,1,AaylaSecured,Unknown
2025-10-20T21:53:30.088069+00:00,26.667669666666665,-81.97437983333333,58:96:71:2e:d2:3e,-83,2462,11,Verizon_WL7V9K,Unknown
2025-10-20T21:53:30.088069+00:00,26.667669666666665,-81.97437983333333,c2:c4:f9:c4:4d:8d,-84,2432,5,Ineiuis WiFi,Unknown
2025-10-20T21:53:30.088069+00:00,26.667669666666665,-81.97437983333333,4a:bd:ce:8e:ed:1a,-84,5220,45,Cris,Unknown
2025-10-20T21:53:30.088069+00:00,26.667669666666665,-81.97437983333333,4a:bd:ce:8e:ed:1c,-84,5220,45,xfinitywifi,Unknown
2025-10-20T21:53:30.088069+00:00,26.667669666666665,-81.97437983333333,4a:bd:ce:8e:ed:1e,-84,5220,45,Xfinity Mobile,Unknown
2025-10-20T21:53:30.088069+00:00,26.667669666666665,-81.97437983333333,12:e8:a7:84:62:1a,-84,2442,7,myGMC 621A,Unknown
2025-10-20T21:53:30.088069+00:00,26.667669666666665,-81.97437983333333,12:e8:a7:e4:62:1a,-84,5220,45,myGMC 621A,Unknown
2025-10-20T21:53:30.088069+00:00,26.667669666666665,-81.97437983333333,2c:7e:81:08:50:98,-85,2412,1,HOME-39E8,Unknown
2025-10-20T21:53:30.088069+00:00,26.667669666666665,-81.97437983333333,2c:7e:81:08:50:99,-85,5745,150,HOME-39E8,Unknown
2025-10-20T21:53:30.088069+00:00,26.667669666666665,-81.97437983333333,12:a7:93:11:de:16,-86,5220,45,JordyWifi,Unknown
2025-10-20T21:53:30.088069+00:00,26.667669666666665,-81.97437983333333,12:a7:93:11:de:10,-86,5220,45,xfinitywifi,Unknown
2025-10-20T21:53:30.088069+00:00,26.667669666666665,-81.97437983333333,ac:e2:d3:b0:fa:21,-87,2462,11,DIRECT-20-HP OfficeJet 3830,Unknown
2025-10-20T21:53:30.088069+00:00,26.667669666666665,-81.97437983333333,3e:7e:81:08:50:99,-87,5745,150,xfinitywifi,Unknown
2025-10-20T21:53:30.088069+00:00,26.667669666666665,-81.97437983333333,5e:7e:81:08:50:99,-87,5745,150,Xfinity Mobile,Unknown
2025-10-20T21:53:30.088069+00:00,26.667669666666665,-81.97437983333333,72:13:01:1b:90:f2,-88,5785,158,Xfinity Mobile,Unknown
2025-10-20T21:53:30.088069+00:00,26.667669666666665,-81.97437983333333,8c:88:22:81:01:14,-88,2412,1,HOME-39E8-EXT,Unknown
2025-10-20T21:53:30.088069+00:00,26.667669666666665,-81.97437983333333,fa:8f:ca:54:67:47,-88,2437,6,"Dad TV.v,",Unknown
2025-10-20T21:53:30.088069+00:00,26.667669666666665,-81.97437983333333,80:d0:4a:78:ba:a6,-89,5785,158,Xfinity Mobile,Unknown
2025-10-20T21:53:30.088069+00:00,26.667669666666665,-81.97437983333333,54:ba:7d:6c:c1:b9,-89,5805,162,AaylaSecured,Unknown
2025-10-20T21:54:07.727629+00:00,26.667497166666667,-81.97437216666667,80:d0:4a:78:ba:9a,-73,2462,11,Morrison,Unknown
2025-10-20T21:54:07.727629+00:00,26.667497166666667,-81.97437216666667,4a:bd:ce:87:ed:19,-75,2437,6,Cris,Unknown
2025-10-20T21:54:07.727629+00:00,26.667497166666667,-81.97437216666667,56:0a:1d:43:24:9e,-77,2437,6,CHEVROLET3982,Unknown
2025-10-20T21:54:07.727629+00:00,26.667497166666667,-81.97437216666667,ac:e2:d3:b0:fa:21,-80,2462,11,DIRECT-20-HP OfficeJet 3830,Unknown
2025-10-20T21:54:07.727629+00:00,26.667497166666667,-81.97437216666667,50:ba:7d:6c:c1:b9,-82,2412,1,AaylaSecured,Unknown
2025-10-20T21:54:07.727629+00:00,26.667497166666667,-81.97437216666667,80:d0:4a:78:ba:a4,-82,5785,158,xfinitywifi,Unknown
2025-10-20T21:54:07.727629+00:00,26.667497166666667,-81.97437216666667,80:d0:4a:78:ba:a2,-83,5785,158,Morrison,Unknown
2025-10-20T21:54:07.727629+00:00,26.667497166666667,-81.97437216666667,12:e8:a7:e4:62:1a,-83,5220,45,myGMC 621A,Unknown
2025-10-20T21:54:07.727629+00:00,26.667497166666667,-81.97437216666667,70:03:7e:61:b9:c5,-84,5785,158,Blue2,Unknown
2025-10-20T21:54:07.727629+00:00,26.667497166666667,-81.97437216666667,70:03:7e:61:b9:c7,-84,5785,158,xfinitywifi,Unknown
2025-10-20T21:54:07.727629+00:00,26.667497166666667,-81.97437216666667,4a:bd:ce:8e:ed:1a,-84,5220,45,Cris,Unknown
2025-10-20T21:54:07.727629+00:00,26.667497166666667,-81.97437216666667,4a:bd:ce:8e:ed:1c,-84,5220,45,xfinitywifi,Unknown
2025-10-20T21:54:07.727629+00:00,26.667497166666667,-81.97437216666667,12:e8:a7:84:62:1a,-84,2442,7,myGMC 621A,Unknown
2025-10-20T21:54:07.727629+00:00,26.667497166666667,-81.97437216666667,2c:7e:81:08:50:98,-85,2412,1,HOME-39E8,Unknown
2025-10-20T21:54:07.727629+00:00,26.667497166666667,-81.97437216666667,2c:7e:81:08:50:99,-85,5745,150,HOME-39E8,Unknown
2025-10-20T21:54:07.727629+00:00,26.667497166666667,-81.97437216666667,3e:7e:81:08:50:99,-86,5745,150,xfinitywifi,Unknown
2025-10-20T21:54:07.727629+00:00,26.667497166666667,-81.97437216666667,5e:7e:81:08:50:99,-86,5745,150,Xfinity Mobile,Unknown
2025-10-20T21:54:07.727629+00:00,26.667497166666667,-81.97437216666667,8c:88:22:81:01:14,-88,2412,1,HOME-39E8-EXT,Unknown
2025-10-20T21:54:07.727629+00:00,26.667497166666667,-81.97437216666667,fa:8f:ca:54:67:47,-88,2437,6,"Dad TV.v,",Unknown
2025-10-20T21:54:07.727629+00:00,26.667497166666667,-81.97437216666667,80:d0:4a:78:ba:a6,-89,5785,158,Xfinity Mobile,Unknown
2025-10-20T21:54:07.727629+00:00,26.667497166666667,-81.97437216666667,54:ba:7d:6c:c1:b9,-89,5805,162,AaylaSecured,Unknown
2025-10-20T21:54:07.727629+00:00,26.667495,-81.97437283333333,12:e8:a7:84:62:1a,-71,2442,7,myGMC 621A,Unknown
2025-10-20T21:54:07.727629+00:00,26.667495,-81.97437283333333,80:d0:4a:78:ba:9a,-73,2462,11,Morrison,Unknown
2025-10-20T21:54:07.727629+00:00,26.667495,-81.97437283333333,4a:bd:ce:87:ed:19,-75,2437,6,Cris,Unknown
2025-10-20T21:54:07.727629+00:00,26.667495,-81.97437283333333,70:03:7e:61:b9:c7,-79,5785,158,xfinitywifi,Unknown
2025-10-20T21:54:07.727629+00:00,26.667495,-81.97437283333333,f8:55:cd:67:c7:15,-79,5785,158,HotspotW7Qg,Unknown
2025-10-20T21:54:07.727629+00:00,26.667495,-81.97437283333333,70:03:7e:61:b9:c5,-80,5785,158,Blue2,Unknown
2025-10-20T21:54:07.727629+00:00,26.667495,-81.97437283333333,80:d0:4a:78:ba:a2,-81,5785,158,Morrison,Unknown
2025-10-20T21:54:07.727629+00:00,26.667495,-81.97437283333333,80:d0:4a:78:ba:a4,-81,5785,158,xfinitywifi,Unknown
2025-10-20T21:54:07.727629+00:00,26.667495,-81.97437283333333,56:0a:1d:43:24:9e,-81,2437,6,CHEVROLET3982,Unknown
2025-10-20T21:54:07.727629+00:00,26.667495,-81.97437283333333,4a:bd:ce:8e:ed:1a,-82,5220,45,Cris,Unknown
2025-10-20T21:54:07.727629+00:00,26.667495,-81.97437283333333,4a:bd:ce:8e:ed:1c,-82,5220,45,xfinitywifi,Unknown
2025-10-20T21:54:07.727629+00:00,26.667495,-81.97437283333333,2c:7e:81:08:50:98,-85,2412,1,HOME-39E8,Unknown
2025-10-20T21:54:07.727629+00:00,26.667495,-81.97437283333333,ac:e2:d3:b0:fa:21,-86,2462,11,DIRECT-20-HP OfficeJet 3830,Unknown
2025-10-20T21:54:07.727629+00:00,26.667495,-81.97437283333333,8c:88:22:81:01:14,-88,2412,1,HOME-39E8-EXT,Unknown
2025-10-20T21:54:07.727629+00:00,26.667495,-81.97437283333333,2c:7e:81:08:50:99,-88,5745,150,HOME-39E8,Unknown
2025-10-20T21:54:07.727629+00:00,26.667495,-81.97437283333333,3e:7e:81:08:50:99,-88,5745,150,xfinitywifi,Unknown
2025-10-20T21:54:07.727629+00:00,26.667495,-81.97437283333333,5e:7e:81:08:50:99,-88,5745,150,Xfinity Mobile,Unknown
2025-10-20T21:54:07.727629+00:00,26.667495,-81.97437283333333,4a:bd:ce:8e:ed:1e,-88,5220,45,Xfinity Mobile,Unknown
2025-10-20T21:54:07.727629+00:00,26.667495,-81.97437283333333,80:d0:4a:78:ba:a6,-89,5785,158,Xfinity Mobile,Unknown
2025-10-20T21:54:07.727629+00:00,26.667495,-81.97437283333333,54:ba:7d:6c:c1:b9,-89,5805,162,AaylaSecured,Unknown
2025-10-20T21:54:07.727629+00:00,26.667495,-81.97437283333333,fa:8f:ca:54:67:47,-92,2437,6,"Dad TV.v,",Unknown
2025-10-20T21:54:07.727629+00:00,26.667495,-81.97437283333333,12:e8:a7:e4:62:1a,-92,5220,45,myGMC 621A,Unknown
2025-10-20T21:54:07.727629+00:00,26.667426833333334,-81.97437583333334,80:d0:4a:78:ba:9a,-73,2462,11,Morrison,Unknown
2025-10-20T21:54:07.727629+00:00,26.667426833333334,-81.97437583333334,12:e8:a7:84:62:1a,-74,2442,7,myGMC 621A,Unknown
2025-10-20T21:54:07.727629+00:00,26.667426833333334,-81.97437583333334,70:03:7e:61:b9:c7,-79,5785,158,xfinitywifi,Unknown
2025-10-20T21:54:07.727629+00:00,26.667426833333334,-81.97437583333334,f8:55:cd:67:c7:15,-79,5785,158,HotspotW7Qg,Unknown
2025-10-20T21:54:07.727629+00:00,26.667426833333334,-81.97437583333334,70:03:7e:61:b9:c5,-80,5785,158,Blue2,Unknown
2025-10-20T21:54:07.727629+00:00,26.667426833333334,-81.97437583333334,12:e8:a7:e4:62:1a,-80,5220,45,myGMC 621A,Unknown
2025-10-20T21:54:07.727629+00:00,26.667426833333334,-81.97437583333334,80:d0:4a:78:ba:a2,-81,5785,158,Morrison,Unknown
2025-10-20T21:54:07.727629+00:00,26.667426833333334,-81.97437583333334,80:d0:4a:78:ba:a4,-81,5785,158,xfinitywifi,Unknown
2025-10-20T21:54:07.727629+00:00,26.667426833333334,-81.97437583333334,56:0a:1d:43:24:9e,-81,2437,6,CHEVROLET3982,Unknown
2025-10-20T21:54:07.727629+00:00,26.667426833333334,-81.97437583333334,4a:bd:ce:8e:ed:1a,-82,5220,45,Cris,Unknown
2025-10-20T21:54:07.727629+00:00,26.667426833333334,-81.97437583333334,4a:bd:ce:8e:ed:1c,-82,5220,45,xfinitywifi,Unknown
2025-10-20T21:54:07.727629+00:00,26.667426833333334,-81.97437583333334,ac:e2:d3:b0:fa:21,-86,2462,11,DIRECT-20-HP OfficeJet 3830,Unknown
2025-10-20T21:54:07.727629+00:00,26.667426833333334,-81.97437583333334,8c:88:22:81:01:14,-88,2412,1,HOME-39E8-EXT,Unknown
2025-10-20T21:54:07.727629+00:00,26.667426833333334,-81.97437583333334,2c:7e:81:08:50:99,-88,5745,150,HOME-39E8,Unknown
2025-10-20T21:54:07.727629+00:00,26.667426833333334,-81.97437583333334,3e:7e:81:08:50:99,-88,5745,150,xfinitywifi,Unknown
2025-10-20T21:54:07.727629+00:00,26.667426833333334,-81.97437583333334,5e:7e:81:08:50:99,-88,5745,150,Xfinity Mobile,Unknown
2025-10-20T21:54:07.727629+00:00,26.667426833333334,-81.97437583333334,4a:bd:ce:8e:ed:1e,-88,5220,45,Xfinity Mobile,Unknown
2025-10-20T21:54:07.727629+00:00,26.667426833333334,-81.97437583333334,fa:8f:ca:54:67:47,-92,2437,6,"Dad TV.v,",Unknown
2025-10-20T21:54:07.727629+00:00,26.667405666666667,-81.97438166666667,12:e8:a7:84:62:1a,-70,2442,7,myGMC 621A,Unknown
2025-10-20T21:54:07.727629+00:00,26.667405666666667,-81.97438166666667,56:0a:1d:43:24:9e,-70,2437,6,CHEVROLET3982,Unknown
2025-10-20T21:54:07.727629+00:00,26.667405666666667,-81.97438166666667,80:d0:4a:78:ba:9a,-73,2462,11,Morrison,Unknown
2025-10-20T21:54:07.727629+00:00,26.667405666666667,-81.97438166666667,f8:55:cd:67:c7:15,-79,5785,158,HotspotW7Qg,Unknown
2025-10-20T21:54:07.727629+00:00,26.667405666666667,-81.97438166666667,4a:bd:ce:8e:ed:1a,-81,5220,45,Cris,Unknown
2025-10-20T21:54:07.727629+00:00,26.667405666666667,-81.97438166666667,80:d0:4a:78:ba:a2,-81,5785,158,Morrison,Unknown
2025-10-20T21:54:07.727629+00:00,26.667405666666667,-81.97438166666667,80:d0:4a:78:ba:a4,-81,5785,158,xfinitywifi,Unknown
2025-10-20T21:54:07.727629+00:00,26.667405666666667,-81.97438166666667,4a:bd:ce:8e:ed:1c,-82,5220,45,xfinitywifi,Unknown
2025-10-20T21:54:07.727629+00:00,26.667405666666667,-81.97438166666667,70:03:7e:61:b9:c5,-83,5785,158,Blue2,Unknown
2025-10-20T21:54:07.727629+00:00,26.667405666666667,-81.97438166666667,70:03:7e:61:b9:c7,-83,5785,158,xfinitywifi,Unknown
2025-10-20T21:54:07.727629+00:00,26.667405666666667,-81.97438166666667,ac:e2:d3:b0:fa:21,-85,2462,11,DIRECT-20-HP OfficeJet 3830,Unknown
2025-10-20T21:54:07.727629+00:00,26.667405666666667,-81.97438166666667,4a:bd:ce:8e:ed:1e,-86,5220,45,Xfinity Mobile,Unknown
2025-10-20T21:54:07.727629+00:00,26.667405666666667,-81.97438166666667,8c:88:22:81:01:14,-88,2412,1,HOME-39E8-EXT,Unknown
2025-10-20T21:54:07.727629+00:00,26.667405666666667,-81.97438166666667,2c:7e:81:08:50:99,-88,5745,150,HOME-39E8,Unknown
2025-10-20T21:54:07.727629+00:00,26.667405666666667,-81.97438166666667,3e:7e:81:08:50:99,-88,5745,150,xfinitywifi,Unknown
2025-10-20T21:54:07.727629+00:00,26.667405666666667,-81.97438166666667,a4:06:e9:95:49:20,-88,2412,1,Ring Setup 1f,Unknown
2025-10-20T21:54:07.727629+00:00,26.667405666666667,-81.97438166666667,fa:8f:ca:54:67:47,-89,2437,6,"Dad TV.v,",Unknown
2025-10-20T21:54:07.727629+00:00,26.667405666666667,-81.97438166666667,5e:7e:81:08:50:99,-89,5745,150,Xfinity Mobile,Unknown
2025-10-20T21:54:07.727629+00:00,26.667405666666667,-81.97438166666667,12:e8:a7:e4:62:1a,-91,5220,45,myGMC 621A,Unknown
2025-10-20T21:54:45.828424+00:00,26.667322333333335,-81.97437933333333,12:e8:a7:84:62:1a,-66,2442,7,myGMC 621A,Unknown
2025-10-20T21:54:45.828424+00:00,26.667322333333335,-81.97437933333333,56:0a:1d:43:24:9e,-70,2437,6,CHEVROLET3982,Unknown
2025-10-20T21:54:45.828424+00:00,26.667322333333335,-81.97437933333333,4a:bd:ce:8e:ed:1a,-81,5220,45,Cris,Unknown
2025-10-20T21:54:45.828424+00:00,26.667322333333335,-81.97437933333333,80:d0:4a:78:ba:a2,-81,5785,158,Morrison,Unknown
2025-10-20T21:54:45.828424+00:00,26.667322333333335,-81.97437933333333,80:d0:4a:78:ba:a4,-81,5785,158,xfinitywifi,Unknown
2025-10-20T21:54:45.828424+00:00,26.667322333333335,-81.97437933333333,12:e8:a7:e4:62:1a,-81,5220,45,myGMC 621A,Unknown
2025-10-20T21:54:45.828424+00:00,26.667322333333335,-81.97437933333333,4a:bd:ce:8e:ed:1c,-82,5220,45,xfinitywifi,Unknown
2025-10-20T21:54:45.828424+00:00,26.667322333333335,-81.97437933333333,70:03:7e:61:b9:c5,-83,5785,158,Blue2,Unknown
2025-10-20T21:54:45.828424+00:00,26.667322333333335,-81.97437933333333,ac:e2:d3:b0:fa:21,-85,2462,11,DIRECT-20-HP OfficeJet 3830,Unknown
2025-10-20T21:54:45.828424+00:00,26.667322333333335,-81.97437933333333,70:03:7e:61:b9:c7,-86,5785,158,xfinitywifi,Unknown
2025-10-20T21:54:45.828424+00:00,26.667322333333335,-81.97437933333333,4a:bd:ce:8e:ed:1e,-86,5220,45,Xfinity Mobile,Unknown
2025-10-20T21:54:45.828424+00:00,26.667322333333335,-81.97437933333333,3e:7e:81:08:50:99,-88,5745,150,xfinitywifi,Unknown
2025-10-20T21:54:45.828424+00:00,26.667322333333335,-81.97437933333333,a4:06:e9:95:49:20,-88,2412,1,Ring Setup 1f,Unknown
2025-10-20T21:54:45.828424+00:00,26.667322333333335,-81.97437933333333,fa:8f:ca:54:67:47,-89,2437,6,"Dad TV.v,",Unknown
2025-10-20T21:54:45.828424+00:00,26.667322333333335,-81.97437933333333,5e:7e:81:08:50:99,-89,5745,150,Xfinity Mobile,Unknown
2025-10-20T21:54:45.828424+00:00,26.667309666666668,-81.9743795,56:0a:1d:43:24:9e,-70,2437,6,CHEVROLET3982,Unknown
2025-10-20T21:54:45.828424+00:00,26.667309666666668,-81.9743795,12:e8:a7:84:62:1a,-71,2442,7,myGMC 621A,Unknown
2025-10-20T21:54:45.828424+00:00,26.667309666666668,-81.9743795,4a:bd:ce:87:ed:19,-77,2437,6,Cris,Unknown
2025-10-20T21:54:45.828424+00:00,26.667309666666668,-81.9743795,12:e8:a7:e4:62:1a,-78,5220,45,myGMC 621A,Unknown
2025-10-20T21:54:45.828424+00:00,26.667309666666668,-81.9743795,4a:bd:ce:8e:ed:1a,-81,5220,45,Cris,Unknown
2025-10-20T21:54:45.828424+00:00,26.667309666666668,-81.9743795,4a:bd:ce:8e:ed:1c,-82,5220,45,xfinitywifi,Unknown
2025-10-20T21:54:45.828424+00:00,26.667309666666668,-81.9743795,70:03:7e:61:b9:c5,-83,5785,158,Blue2,Unknown
2025-10-20T21:54:45.828424+00:00,26.667309666666668,-81.9743795,80:d0:4a:78:ba:a2,-84,5785,158,Morrison,Unknown
2025-10-20T21:54:45.828424+00:00,26.667309666666668,-81.9743795,80:d0:4a:78:ba:a4,-84,5785,158,xfinitywifi,Unknown
2025-10-20T21:54:45.828424+00:00,26.667309666666668,-81.9743795,ac:e2:d3:b0:fa:21,-85,2462,11,DIRECT-20-HP OfficeJet 3830,Unknown
2025-10-20T21:54:45.828424+00:00,26.667309666666668,-81.9743795,70:03:7e:61:b9:c7,-86,5785,158,xfinitywifi,Unknown
2025-10-20T21:54:45.828424+00:00,26.667309666666668,-81.9743795,4a:bd:ce:8e:ed:1e,-86,5220,45,Xfinity Mobile,Unknown
2025-10-20T21:54:45.828424+00:00,26.667309666666668,-81.9743795,ac:b6:87:a9:27:8d,-86,2412,1,Verizon_CVG3X6,Unknown
2025-10-20T21:54:45.828424+00:00,26.667309666666668,-81.9743795,f0:a8:82:94:0c:56,-87,5220,45,F800_51184F38,Unknown
2025-10-20T21:54:45.828424+00:00,26.667309666666668,-81.9743795,3e:7e:81:08:50:99,-88,5745,150,xfinitywifi,Unknown
2025-10-20T21:54:45.828424+00:00,26.667309666666668,-81.9743795,a4:06:e9:95:49:20,-88,2412,1,Ring Setup 1f,Unknown
2025-10-20T21:54:45.828424+00:00,26.667309666666668,-81.9743795,fa:8f:ca:54:67:47,-89,2437,6,"Dad TV.v,",Unknown
2025-10-20T21:54:45.828424+00:00,26.667309666666668,-81.9743795,5e:7e:81:08:50:99,-89,5745,150,Xfinity Mobile,Unknown
2025-10-20T21:54:45.828424+00:00,26.667259833333333,-81.97437883333333,12:e8:a7:84:62:1a,-71,2442,7,myGMC 621A,Unknown
2025-10-20T21:54:45.828424+00:00,26.667259833333333,-81.97437883333333,4a:bd:ce:87:ed:19,-77,2437,6,Cris,Unknown
2025-10-20T21:54:45.828424+00:00,26.667259833333333,-81.97437883333333,12:e8:a7:e4:62:1a,-78,5220,45,myGMC 621A,Unknown
2025-10-20T21:54:45.828424+00:00,26.667259833333333,-81.97437883333333,3e:7e:81:08:50:99,-80,5745,150,xfinitywifi,Unknown
2025-10-20T21:54:45.828424+00:00,26.667259833333333,-81.97437883333333,8c:88:22:81:01:14,-80,2412,1,HOME-39E8-EXT,Unknown
2025-10-20T21:54:45.828424+00:00,26.667259833333333,-81.97437883333333,2c:7e:81:08:50:99,-80,5745,150,HOME-39E8,Unknown
2025-10-20T21:54:45.828424+00:00,26.667259833333333,-81.97437883333333,5e:7e:81:08:50:99,-81,5745,150,Xfinity Mobile,Unknown
2025-10-20T21:54:45.828424+00:00,26.667259833333333,-81.97437883333333,80:d0:4a:78:ba:a2,-84,5785,158,Morrison,Unknown
2025-10-20T21:54:45.828424+00:00,26.667259833333333,-81.97437883333333,80:d0:4a:78:ba:a4,-84,5785,158,xfinitywifi,Unknown
2025-10-20T21:54:45.828424+00:00,26.667259833333333,-81.97437883333333,70:03:7e:61:b9:c7,-86,5785,158,xfinitywifi,Unknown
2025-10-20T21:54:45.828424+00:00,26.667259833333333,-81.97437883333333,ac:b6:87:a9:27:8d,-86,2412,1,Verizon_CVG3X6,Unknown
2025-10-20T21:54:45.828424+00:00,26.667259833333333,-81.97437883333333,f0:a8:82:94:0c:56,-87,5220,45,F800_51184F38,Unknown
2025-10-20T21:54:45.828424+00:00,26.667259833333333,-81.97437883333333,d0:c3:5a:0d:b9:e6,-88,5805,162,Hotspotde49,Unknown
2025-10-20T21:54:45.828424+00:00,26.667205666666668,-81.97438083333333,3e:ce:4f:1f:20:61,-69,5180,37,AndroidShare_3241,Unknown
2025-10-20T21:54:45.828424+00:00,26.667205666666668,-81.97438083333333,12:e8:a7:84:62:1a,-71,2442,7,myGMC 621A,Unknown
2025-10-20T21:54:45.828424+00:00,26.667205666666668,-81.97438083333333,4a:bd:ce:87:ed:19,-77,2437,6,Cris,Unknown
2025-10-20T21:54:45.828424+00:00,26.667205666666668,-81.97438083333333,ee:5c:84:58:07:d0,-78,2412,1,DIRECT-ke-Car_628c,Unknown
2025-10-20T21:54:45.828424+00:00,26.667205666666668,-81.97438083333333,12:e8:a7:e4:62:1a,-79,5220,45,myGMC 621A,Unknown
2025-10-20T21:54:45.828424+00:00,26.667205666666668,-81.97438083333333,3e:7e:81:08:50:99,-80,5745,150,xfinitywifi,Unknown
2025-10-20T21:54:45.828424+00:00,26.667205666666668,-81.97438083333333,8c:88:22:81:01:14,-80,2412,1,HOME-39E8-EXT,Unknown
2025-10-20T21:54:45.828424+00:00,26.667205666666668,-81.97438083333333,2c:7e:81:08:50:99,-80,5745,150,HOME-39E8,Unknown
2025-10-20T21:54:45.828424+00:00,26.667205666666668,-81.97438083333333,5e:7e:81:08:50:99,-81,5745,150,Xfinity Mobile,Unknown
2025-10-20T21:54:45.828424+00:00,26.667205666666668,-81.97438083333333,80:d0:4a:78:ba:a2,-84,5785,158,Morrison,Unknown
2025-10-20T21:54:45.828424+00:00,26.667205666666668,-81.97438083333333,80:d0:4a:78:ba:a4,-84,5785,158,xfinitywifi,Unknown
2025-10-20T21:54:45.828424+00:00,26.667205666666668,-81.97438083333333,2c:58:4f:bc:78:b0,-85,2462,11,99 problems but WiFi aint one,Unknown
2025-10-20T21:54:45.828424+00:00,26.667205666666668,-81.97438083333333,70:03:7e:61:b9:c7,-86,5785,158,xfinitywifi,Unknown
2025-10-20T21:54:45.828424+00:00,26.667205666666668,-81.97438083333333,ac:b6:87:a9:27:8d,-86,2412,1,Verizon_CVG3X6,Unknown
2025-10-20T21:54:45.828424+00:00,26.667205666666668,-81.97438083333333,4a:bd:ce:8e:ed:1a,-86,5220,45,Cris,Unknown
2025-10-20T21:54:45.828424+00:00,26.667205666666668,-81.97438083333333,f0:a8:82:94:0c:56,-87,5220,45,F800_51184F38,Unknown
2025-10-20T21:54:45.828424+00:00,26.667205666666668,-81.97438083333333,00:54:af:fa:a5:8a,-87,2422,3,HotspotA58A,Unknown
2025-10-20T21:54:45.828424+00:00,26.667205666666668,-81.97438083333333,4a:bd:ce:8e:ed:1c,-87,5220,45,xfinitywifi,Unknown
2025-10-20T21:54:45.828424+00:00,26.667205666666668,-81.97438083333333,d0:c3:5a:0d:b9:e6,-88,5805,162,Hotspotde49,Unknown
2025-10-20T21:55:23.081700+00:00,26.666469166666666,-81.9743875,3e:ce:4f:1f:20:61,-69,5180,37,AndroidShare_3241,Unknown
2025-10-20T21:55:23.081700+00:00,26.666469166666666,-81.9743875,12:e8:a7:84:62:1a,-71,2442,7,myGMC 621A,Unknown
2025-10-20T21:55:23.081700+00:00,26.666469166666666,-81.9743875,00:54:af:fa:a5:8a,-76,2422,3,HotspotA58A,Unknown
2025-10-20T21:55:23.081700+00:00,26.666469166666666,-81.9743875,12:e8:a7:c0:83:e4,-76,2442,7,TooSigma4u,Unknown
2025-10-20T21:55:23.081700+00:00,26.666469166666666,-81.9743875,4a:bd:ce:87:ed:19,-77,2437,6,Cris,Unknown
2025-10-20T21:55:23.081700+00:00,26.666469166666666,-81.9743875,ee:5c:84:58:07:d0,-78,2412,1,DIRECT-ke-Car_628c,Unknown
2025-10-20T21:55:23.081700+00:00,26.666469166666666,-81.9743875,12:e8:a7:e4:62:1a,-79,5220,45,myGMC 621A,Unknown
2025-10-20T21:55:23.081700+00:00,26.666469166666666,-81.9743875,00:54:af:b6:30:9c,-79,2422,3,Hotspot309C,Unknown
2025-10-20T21:55:23.081700+00:00,26.666469166666666,-81.9743875,3e:7e:81:08:50:99,-80,5745,150,xfinitywifi,Unknown
2025-10-20T21:55:23.081700+00:00,26.666469166666666,-81.9743875,8c:88:22:81:01:14,-80,2412,1,HOME-39E8-EXT,Unknown
2025-10-20T21:55:23.081700+00:00,26.666469166666666,-81.9743875,2c:7e:81:08:50:99,-80,5745,150,HOME-39E8,Unknown
2025-10-20T21:55:23.081700+00:00,26.666469166666666,-81.9743875,d0:c3:5a:0d:b9:e6,-80,5805,162,Hotspotde49,Unknown
2025-10-20T21:55:23.081700+00:00,26.666469166666666,-81.9743875,5e:7e:81:08:50:99,-81,5745,150,Xfinity Mobile,Unknown
2025-10-20T21:55:23.081700+00:00,26.666469166666666,-81.9743875,2c:58:4f:bc:78:b0,-85,2462,11,99 problems but WiFi aint one,Unknown
2025-10-20T21:55:23.081700+00:00,26.666469166666666,-81.9743875,14:f5:f9:a0:0e:54,-85,2462,11,D600-2.4G_a00e54,Unknown
2025-10-20T21:55:23.081700+00:00,26.666469166666666,-81.9743875,4a:bd:ce:8e:ed:1a,-86,5220,45,Cris,Unknown
2025-10-20T21:55:23.081700+00:00,26.666469166666666,-81.9743875,4a:bd:ce:8e:ed:1c,-87,5220,45,xfinitywifi,Unknown
2025-10-20T21:55:23.081700+00:00,26.666469166666666,-81.9743875,00:54:af:d0:68:bb,-87,2452,9,Hotspot68BB,Unknown
2025-10-20T21:55:23.081700+00:00,26.665315833333334,-81.97448883333334,12:e8:a7:84:62:1a,-71,2442,7,myGMC 621A,Unknown
2025-10-20T21:55:23.081700+00:00,26.665315833333334,-81.97448883333334,00:54:af:fa:a5:8a,-76,2422,3,HotspotA58A,Unknown
2025-10-20T21:55:23.081700+00:00,26.665315833333334,-81.97448883333334,12:e8:a7:c0:83:e4,-76,2442,7,TooSigma4u,Unknown
2025-10-20T21:55:23.081700+00:00,26.665315833333334,-81.97448883333334,4a:bd:ce:87:ed:19,-77,2437,6,Cris,Unknown
2025-10-20T21:55:23.081700+00:00,26.665315833333334,-81.97448883333334,ee:5c:84:58:07:d0,-78,2412,1,DIRECT-ke-Car_628c,Unknown
2025-10-20T21:55:23.081700+00:00,26.665315833333334,-81.97448883333334,3e:ce:4f:1f:20:61,-78,5180,37,AndroidShare_3241,Unknown
2025-10-20T21:55:23.081700+00:00,26.665315833333334,-81.97448883333334,2a:03:eb:f4:ef:0b,-78,2412,1,MyBuick,Unknown
2025-10-20T21:55:23.081700+00:00,26.665315833333334,-81.97448883333334,12:e8:a7:e4:62:1a,-79,5220,45,myGMC 621A,Unknown
2025-10-20T21:55:23.081700+00:00,26.665315833333334,-81.97448883333334,00:54:af:b6:30:9c,-79,2422,3,Hotspot309C,Unknown
2025-10-20T21:55:23.081700+00:00,26.665315833333334,-81.97448883333334,32:b4:b8:eb:b4:49,-80,2437,6,My VW 9653,Unknown
2025-10-20T21:55:23.081700+00:00,26.665315833333334,-81.97448883333334,50:ba:7d:7d:86:42,-81,2412,1,QF7373,Unknown
2025-10-20T21:55:23.081700+00:00,26.665315833333334,-81.97448883333334,00:54:af:d0:68:bb,-84,2452,9,Hotspot68BB,Unknown
2025-10-20T21:55:23.081700+00:00,26.665315833333334,-81.97448883333334,98:c8:54:b3:17:cf,-84,5745,150,Verizon_QY94YJ,Unknown
2025-10-20T21:55:23.081700+00:00,26.665315833333334,-81.97448883333334,2c:58:4f:bc:78:b0,-85,2462,11,99 problems but WiFi aint one,Unknown
2025-10-20T21:55:23.081700+00:00,26.665315833333334,-81.97448883333334,14:f5:f9:a0:0e:54,-85,2462,11,D600-2.4G_a00e54,Unknown
2025-10-20T21:55:23.081700+00:00,26.665315833333334,-81.97448883333334,d0:c3:5a:0d:b9:e6,-86,5805,162,Hotspotde49,Unknown
2025-10-20T21:55:23.081700+00:00,26.665315833333334,-81.97448883333334,4a:bd:ce:8e:ed:1a,-86,5220,45,Cris,Unknown
2025-10-20T21:55:23.081700+00:00,26.665315833333334,-81.97448883333334,44:eb:2e:e5:cf:57,-86,2432,5,MB Hotspot 76243 2.4 GHz,Unknown
2025-10-20T21:55:23.081700+00:00,26.665315833333334,-81.97448883333334,4a:bd:ce:8e:ed:1c,-87,5220,45,xfinitywifi,Unknown
2025-10-20T21:55:23.081700+00:00,26.665315833333334,-81.97448883333334,1e:9e:cc:22:95:3d,-90,5785,158,Williams634,Unknown
2025-10-20T21:55:23.081700+00:00,26.665315833333334,-81.97448883333334,1e:9e:cc:22:95:3f,-91,5785,158,xfinitywifi,Unknown
2025-10-20T21:55:23.081700+00:00,26.66348766666667,-81.97461,6a:9c:8e:14:74:e9,-73,2412,1,Duckie,Unknown
2025-10-20T21:55:23.081700+00:00,26.66348766666667,-81.97461,00:54:af:fa:a5:8a,-76,2422,3,HotspotA58A,Unknown
2025-10-20T21:55:23.081700+00:00,26.66348766666667,-81.97461,12:e8:a7:c0:83:e4,-76,2442,7,TooSigma4u,Unknown
2025-10-20T21:55:23.081700+00:00,26.66348766666667,-81.97461,3e:ce:4f:1f:20:61,-78,5180,37,AndroidShare_3241,Unknown
2025-10-20T21:55:23.081700+00:00,26.66348766666667,-81.97461,2a:03:eb:f4:ef:0b,-78,2412,1,MyBuick,Unknown
2025-10-20T21:55:23.081700+00:00,26.66348766666667,-81.97461,00:54:af:b6:30:9c,-79,2422,3,Hotspot309C,Unknown
2025-10-20T21:55:23.081700+00:00,26.66348766666667,-81.97461,32:b4:b8:eb:b4:49,-80,2437,6,My VW 9653,Unknown
2025-10-20T21:55:23.081700+00:00,26.66348766666667,-81.97461,50:ba:7d:7d:86:42,-81,2412,1,QF7373,Unknown
2025-10-20T21:55:23.081700+00:00,26.66348766666667,-81.97461,00:54:af:d0:68:bb,-84,2452,9,Hotspot68BB,Unknown
2025-10-20T21:55:23.081700+00:00,26.66348766666667,-81.97461,14:f5:f9:a0:0e:54,-85,2462,11,D600-2.4G_a00e54,Unknown
2025-10-20T21:55:23.081700+00:00,26.66348766666667,-81.97461,98:c8:54:b3:17:cf,-85,5745,150,Verizon_QY94YJ,Unknown
2025-10-20T21:55:23.081700+00:00,26.66348766666667,-81.97461,44:eb:2e:e5:cf:57,-86,2432,5,MB Hotspot 76243 2.4 GHz,Unknown
2025-10-20T21:55:23.081700+00:00,26.66348766666667,-81.97461,d0:c3:5a:0d:b9:e6,-90,5805,162,Hotspotde49,Unknown
2025-10-20T21:55:23.081700+00:00,26.66348766666667,-81.97461,1e:9e:cc:22:95:3d,-90,5785,158,Williams634,Unknown
2025-10-20T21:55:23.081700+00:00,26.66348766666667,-81.97461,1e:9e:cc:22:95:3f,-91,5785,158,xfinitywifi,Unknown
2025-10-20T21:55:23.081700+00:00,26.6617485,-81.9746135,6a:9c:8e:14:74:e9,-73,2412,1,Duckie,Unknown
2025-10-20T21:55:23.081700+00:00,26.6617485,-81.9746135,00:54:af:fa:a5:8a,-76,2422,3,HotspotA58A,Unknown
2025-10-20T21:55:23.081700+00:00,26.6617485,-81.9746135,12:e8:a7:c0:83:e4,-76,2442,7,TooSigma4u,Unknown
2025-10-20T21:55:23.081700+00:00,26.6617485,-81.9746135,3e:ce:4f:1f:20:61,-78,5180,37,AndroidShare_3241,Unknown
2025-10-20T21:55:23.081700+00:00,26.6617485,-81.9746135,2a:03:eb:f4:ef:0b,-78,2412,1,MyBuick,Unknown
2025-10-20T21:55:23.081700+00:00,26.6617485,-81.9746135,00:54:af:b6:30:9c,-79,2422,3,Hotspot309C,Unknown
2025-10-20T21:55:23.081700+00:00,26.6617485,-81.9746135,32:b4:b8:eb:b4:49,-80,2437,6,My VW 9653,Unknown
2025-10-20T21:55:23.081700+00:00,26.6617485,-81.9746135,50:ba:7d:7d:86:42,-81,2412,1,QF7373,Unknown
2025-10-20T21:55:23.081700+00:00,26.6617485,-81.9746135,00:71:c2:68:68:70,-83,5765,154,Grandma's House,Unknown
2025-10-20T21:55:23.081700+00:00,26.6617485,-81.9746135,00:54:af:d0:68:bb,-84,2452,9,Hotspot68BB,Unknown
2025-10-20T21:55:23.081700+00:00,26.6617485,-81.9746135,a8:70:5d:d3:31:85,-84,2412,1,P DIDDI 2.4,Unknown
2025-10-20T21:55:23.081700+00:00,26.6617485,-81.9746135,12:71:c2:68:68:70,-84,5765,154,xfinitywifi,Unknown
2025-10-20T21:55:23.081700+00:00,26.6617485,-81.9746135,1e:9d:72:32:81:3a,-84,5220,45,oriana,Unknown
2025-10-20T21:55:23.081700+00:00,26.6617485,-81.9746135,1e:9d:72:32:81:3c,-84,5220,45,xfinitywifi,Unknown
2025-10-20T21:55:23.081700+00:00,26.6617485,-81.9746135,14:f5:f9:a0:0e:54,-85,2462,11,D600-2.4G_a00e54,Unknown
2025-10-20T21:55:23.081700+00:00,26.6617485,-81.9746135,98:c8:54:b3:17:cf,-85,5745,150,Verizon_QY94YJ,Unknown
2025-10-20T21:55:23.081700+00:00,26.6617485,-81.9746135,44:eb:2e:e5:cf:57,-86,2432,5,MB Hotspot 76243 2.4 GHz,Unknown
2025-10-20T21:55:23.081700+00:00,26.6617485,-81.9746135,d0:c3:5a:0d:b9:e6,-87,5805,162,Hotspotde49,Unknown
2025-10-20T21:55:23.081700+00:00,26.6617485,-81.9746135,86:a9:3e:9a:e9:cb,-87,5765,154,DIRECT-CB-HP ENVY Photo 7800,Unknown
2025-10-20T21:55:23.081700+00:00,26.6617485,-81.9746135,1e:9d:72:32:81:3e,-89,5220,45,Xfinity Mobile,Unknown
2025-10-20T21:55:23.081700+00:00,26.6617485,-81.9746135,1e:9e:cc:22:95:3d,-90,5785,158,Williams634,Unknown
2025-10-20T21:55:23.081700+00:00,26.6617485,-81.9746135,48:f8:b3:e7:22:bd,-90,2417,2,Linksys02351,Unknown
2025-10-20T21:55:23.081700+00:00,26.6617485,-81.9746135,1e:9e:cc:22:95:3f,-91,5785,158,xfinitywifi,Unknown
2025-10-20T21:56:02.087800+00:00,26.6584105,-81.97462466666667,6a:9c:8e:14:74:e9,-73,2412,1,Duckie,Unknown
2025-10-20T21:56:02.087800+00:00,26.6584105,-81.97462466666667,00:71:c2:68:68:70,-83,5765,154,Grandma's House,Unknown
2025-10-20T21:56:02.087800+00:00,26.6584105,-81.97462466666667,a8:70:5d:d3:31:85,-84,2412,1,P DIDDI 2.4,Unknown
2025-10-20T21:56:02.087800+00:00,26.6584105,-81.97462466666667,12:71:c2:68:68:70,-84,5765,154,xfinitywifi,Unknown
2025-10-20T21:56:02.087800+00:00,26.6584105,-81.97462466666667,1e:9d:72:32:81:3a,-84,5220,45,oriana,Unknown
2025-10-20T21:56:02.087800+00:00,26.6584105,-81.97462466666667,1e:9d:72:32:81:3c,-84,5220,45,xfinitywifi,Unknown
2025-10-20T21:56:02.087800+00:00,26.6584105,-81.97462466666667,98:c8:54:b3:17:cf,-85,5745,150,Verizon_QY94YJ,Unknown
2025-10-20T21:56:02.087800+00:00,26.6584105,-81.97462466666667,d0:c3:5a:0d:b9:e6,-87,5805,162,Hotspotde49,Unknown
2025-10-20T21:56:02.087800+00:00,26.6584105,-81.97462466666667,86:a9:3e:9a:e9:cb,-87,5765,154,DIRECT-CB-HP ENVY Photo 7800,Unknown
2025-10-20T21:56:02.087800+00:00,26.6584105,-81.97462466666667,1e:9d:72:32:81:3e,-89,5220,45,Xfinity Mobile,Unknown
2025-10-20T21:56:02.087800+00:00,26.6584105,-81.97462466666667,48:f8:b3:e7:22:bd,-90,2417,2,Linksys02351,Unknown
2025-10-20T21:56:02.087800+00:00,26.656914166666667,-81.97462316666666,00:54:af:3c:91:16,-72,2427,4,Hotspot9116,Unknown
2025-10-20T21:56:02.087800+00:00,26.656914166666667,-81.97462316666666,00:71:c2:68:68:70,-83,5765,154,Grandma's House,Unknown
2025-10-20T21:56:02.087800+00:00,26.656914166666667,-81.97462316666666,a8:70:5d:d3:31:85,-84,2412,1,P DIDDI 2.4,Unknown
2025-10-20T21:56:02.087800+00:00,26.656914166666667,-81.97462316666666,12:71:c2:68:68:70,-84,5765,154,xfinitywifi,Unknown
2025-10-20T21:56:02.087800+00:00,26.656914166666667,-81.97462316666666,1e:9d:72:32:81:3a,-84,5220,45,oriana,Unknown
2025-10-20T21:56:02.087800+00:00,26.656914166666667,-81.97462316666666,1e:9d:72:32:81:3c,-84,5220,45,xfinitywifi,Unknown
2025-10-20T21:56:02.087800+00:00,26.656914166666667,-81.97462316666666,d0:c3:5a:0d:b9:e6,-87,5805,162,Hotspotde49,Unknown
2025-10-20T21:56:02.087800+00:00,26.656914166666667,-81.97462316666666,86:a9:3e:9a:e9:cb,-87,5765,154,DIRECT-CB-HP ENVY Photo 7800,Unknown
2025-10-20T21:56:02.087800+00:00,26.656914166666667,-81.97462316666666,1e:9d:72:32:81:3e,-89,5220,45,Xfinity Mobile,Unknown
2025-10-20T21:56:02.087800+00:00,26.656914166666667,-81.97462316666666,48:f8:b3:e7:22:bd,-90,2417,2,Linksys02351,Unknown
2025-10-20T21:56:02.087800+00:00,26.656914166666667,-81.97462316666666,6a:70:11:db:6b:0b,-90,2437,6,Catschev,Unknown
2025-10-20T21:56:02.087800+00:00,26.656914166666667,-81.97462316666666,46:06:49:f7:96:1c,-90,5745,150,HONDA3867,Unknown
2025-10-20T21:56:02.087800+00:00,26.656914166666667,-81.97462316666666,6a:8f:ee:db:6b:0b,-92,5765,154,Catschev,Unknown
2025-10-20T21:56:02.087800+00:00,26.655498833333333,-81.974583,00:54:af:3c:91:16,-72,2427,4,Hotspot9116,Unknown
2025-10-20T21:56:02.087800+00:00,26.655498833333333,-81.974583,86:d2:94:42:ff:02,-87,2427,4,MLmeshWiFi-Guest,Unknown
2025-10-20T21:56:02.087800+00:00,26.655498833333333,-81.974583,26:7c:46:a4:d1:61,-89,5745,150,PROJa4d161,Unknown
2025-10-20T21:56:02.087800+00:00,26.655498833333333,-81.974583,24:7c:46:f2:26:74,-89,5805,162,HotspotwJ53,Unknown
2025-10-20T21:56:02.087800+00:00,26.655498833333333,-81.974583,6a:70:11:db:6b:0b,-90,2437,6,Catschev,Unknown
2025-10-20T21:56:02.087800+00:00,26.655498833333333,-81.974583,46:06:49:f7:96:1c,-90,5745,150,HONDA3867,Unknown
2025-10-20T21:56:02.087800+00:00,26.655498833333333,-81.974583,6a:8f:ee:db:6b:0b,-92,5765,154,Catschev,Unknown
2025-10-20T21:56:02.087800+00:00,26.653957833333333,-81.97437583333334,00:54:af:3c:91:16,-72,2427,4,Hotspot9116,Unknown
2025-10-20T21:56:02.087800+00:00,26.653957833333333,-81.97437583333334,8e:53:e6:29:9f:e6,-84,5220,45,myChevrolet 9fe6,Unknown
2025-10-20T21:56:02.087800+00:00,26.653957833333333,-81.97437583333334,8e:53:e6:39:9f:e6,-86,2462,11,myChevrolet 9fe6,Unknown
2025-10-20T21:56:02.087800+00:00,26.653957833333333,-81.97437583333334,86:d2:94:42:ff:02,-87,2427,4,MLmeshWiFi-Guest,Unknown
2025-10-20T21:56:02.087800+00:00,26.653957833333333,-81.97437583333334,be:f4:e7:64:3c:b5,-87,2437,6,moto g stylus 5g_2701,Unknown
2025-10-20T21:56:02.087800+00:00,26.653957833333333,-81.97437583333334,26:7c:46:a4:d1:61,-89,5745,150,PROJa4d161,Unknown
2025-10-20T21:56:02.087800+00:00,26.653957833333333,-81.97437583333334,24:7c:46:f2:26:74,-89,5805,162,HotspotwJ53,Unknown
2025-10-20T21:56:02.087800+00:00,26.653957833333333,-81.97437583333334,6a:70:11:db:6b:0b,-90,2437,6,Catschev,Unknown
2025-10-20T21:56:02.087800+00:00,26.653957833333333,-81.97437583333334,46:06:49:f7:96:1c,-90,5745,150,HONDA3867,Unknown
2025-10-20T21:56:02.087800+00:00,26.653957833333333,-81.97437583333334,6a:8f:ee:db:6b:0b,-92,5765,154,Catschev,Unknown
2025-10-20T21:56:39.088588+00:00,26.652583166666666,-81.9743055,f0:a8:82:eb:f9:f1,-67,2412,1,DIRECT-8B5084XC,Unknown
2025-10-20T21:56:39.088588+00:00,26.652583166666666,-81.9743055,f0:a8:82:94:0c:56,-76,5220,45,F800_51184F38,Unknown
2025-10-20T21:56:39.088588+00:00,26.652583166666666,-81.9743055,00:54:af:91:15:5a,-79,2452,9,Hotspot155A,Unknown
2025-10-20T21:56:39.088588+00:00,26.652583166666666,-81.9743055,3e:ce:4f:1f:20:61,-79,5180,37,AndroidShare_3241,Unknown
2025-10-20T21:56:39.088588+00:00,26.652583166666666,-81.9743055,02:54:af:f2:89:1d,-80,2437,6,Hotspot891D,Unknown
2025-10-20T21:56:39.088588+00:00,26.652583166666666,-81.9743055,8e:53:e6:29:9f:e6,-84,5220,45,myChevrolet 9fe6,Unknown
2025-10-20T21:56:39.088588+00:00,26.652583166666666,-81.9743055,8e:53:e6:39:9f:e6,-86,2462,11,myChevrolet 9fe6,Unknown
2025-10-20T21:56:39.088588+00:00,26.652583166666666,-81.9743055,86:d2:94:42:ff:02,-87,2427,4,MLmeshWiFi-Guest,Unknown
2025-10-20T21:56:39.088588+00:00,26.652583166666666,-81.9743055,be:f4:e7:64:3c:b5,-87,2437,6,moto g stylus 5g_2701,Unknown
2025-10-20T21:56:39.088588+00:00,26.652583166666666,-81.9743055,e4:d1:24:79:04:b0,-88,5765,154,Shell,Unknown
2025-10-20T21:56:39.088588+00:00,26.652583166666666,-81.9743055,26:7c:46:a4:d1:61,-89,5745,150,PROJa4d161,Unknown
2025-10-20T21:56:39.088588+00:00,26.652583166666666,-81.9743055,24:7c:46:f2:26:74,-89,5805,162,HotspotwJ53,Unknown
2025-10-20T21:56:39.088588+00:00,26.652575166666665,-81.9742955,3e:ce:4f:1f:20:61,-67,5180,37,AndroidShare_3241,Unknown
2025-10-20T21:56:39.088588+00:00,26.652575166666665,-81.9742955,d0:c3:5a:0d:b9:e6,-68,5805,162,Hotspotde49,Unknown
2025-10-20T21:56:39.088588+00:00,26.652575166666665,-81.9742955,f0:a8:82:eb:f9:f1,-70,2412,1,DIRECT-8B5084XC,Unknown
2025-10-20T21:56:39.088588+00:00,26.652575166666665,-81.9742955,f0:a8:82:94:0c:56,-73,5220,45,F800_51184F38,Unknown
2025-10-20T21:56:39.088588+00:00,26.652575166666665,-81.9742955,00:54:af:91:15:5a,-79,2452,9,Hotspot155A,Unknown
2025-10-20T21:56:39.088588+00:00,26.652575166666665,-81.9742955,e4:d1:24:79:04:a0,-79,2437,6,Shell,Unknown
2025-10-20T21:56:39.088588+00:00,26.652575166666665,-81.9742955,02:54:af:f2:89:1d,-80,2437,6,Hotspot891D,Unknown
2025-10-20T21:56:39.088588+00:00,26.652575166666665,-81.9742955,8e:53:e6:29:9f:e6,-84,5220,45,myChevrolet 9fe6,Unknown
2025-10-20T21:56:39.088588+00:00,26.652575166666665,-81.9742955,b2:00:73:79:62:fb,-85,2437,6,MELANIETERRAIN,Unknown
2025-10-20T21:56:39.088588+00:00,26.652575166666665,-81.9742955,8e:53:e6:39:9f:e6,-86,2462,11,myChevrolet 9fe6,Unknown
2025-10-20T21:56:39.088588+00:00,26.652575166666665,-81.9742955,be:f4:e7:64:3c:b5,-87,2437,6,moto g stylus 5g_2701,Unknown
2025-10-20T21:56:39.088588+00:00,26.652575166666665,-81.9742955,e4:d1:24:79:04:b0,-88,5765,154,Shell,Unknown
2025-10-20T21:56:39.088588+00:00,26.652575166666665,-81.9742955,f0:a7:31:08:10:6b,-90,5805,162,IGT-Bridge,Unknown
2025-10-20T21:56:39.088588+00:00,26.652571666666667,-81.974299,d0:c3:5a:0d:b9:e6,-58,5805,162,Hotspotde49,Unknown
2025-10-20T21:56:39.088588+00:00,26.652571666666667,-81.974299,3e:ce:4f:1f:20:61,-65,5180,37,AndroidShare_3241,Unknown
2025-10-20T21:56:39.088588+00:00,26.652571666666667,-81.974299,f0:a8:82:94:0c:56,-69,5220,45,F800_51184F38,Unknown
2025-10-20T21:56:39.088588+00:00,26.652571666666667,-81.974299,f0:a8:82:eb:f9:f1,-71,2412,1,DIRECT-8B5084XC,Unknown
2025-10-20T21:56:39.088588+00:00,26.652571666666667,-81.974299,02:6a:e3:ef:ea:5d,-71,2462,11,CenturyLink3206,Unknown
2025-10-20T21:56:39.088588+00:00,26.652571666666667,-81.974299,00:54:af:91:15:5a,-72,2452,9,Hotspot155A,Unknown
2025-10-20T21:56:39.088588+00:00,26.652571666666667,-81.974299,e4:d1:24:79:04:a0,-78,2437,6,Shell,Unknown
2025-10-20T21:56:39.088588+00:00,26.652571666666667,-81.974299,12:e8:a7:84:62:1a,-79,2442,7,myGMC 621A,Unknown
2025-10-20T21:56:39.088588+00:00,26.652571666666667,-81.974299,02:54:af:f2:89:1d,-80,2437,6,Hotspot891D,Unknown
2025-10-20T21:56:39.088588+00:00,26.652571666666667,-81.974299,32:b4:b8:30:61:f9,-84,2437,6,My VW 0724,Unknown
2025-10-20T21:56:39.088588+00:00,26.652571666666667,-81.974299,b2:00:73:79:62:fb,-85,2437,6,MELANIETERRAIN,Unknown
2025-10-20T21:56:39.088588+00:00,26.652571666666667,-81.974299,e4:d1:24:79:04:b0,-87,5765,154,Shell,Unknown
2025-10-20T21:56:39.088588+00:00,26.652571666666667,-81.974299,12:e8:a7:e4:62:1a,-89,5220,45,myGMC 621A,Unknown
2025-10-20T21:56:39.088588+00:00,26.652571666666667,-81.974299,f0:a7:31:08:10:6b,-90,5805,162,IGT-Bridge,Unknown
2025-10-20T21:56:39.088588+00:00,26.652571666666667,-81.974299,f8:55:cd:ef:f7:fc,-91,5785,158,HotspotLyaw,Unknown
2025-10-20T21:57:15.090247+00:00,26.652575833333334,-81.97430166666666,d0:c3:5a:0d:b9:e6,-58,5805,162,Hotspotde49,Unknown
2025-10-20T21:57:15.090247+00:00,26.652575833333334,-81.97430166666666,3e:ce:4f:1f:20:61,-70,5180,37,AndroidShare_3241,Unknown
2025-10-20T21:57:15.090247+00:00,26.652575833333334,-81.97430166666666,f0:a8:82:eb:f9:f1,-71,2412,1,DIRECT-8B5084XC,Unknown
2025-10-20T21:57:15.090247+00:00,26.652575833333334,-81.97430166666666,02:6a:e3:ef:ea:5d,-71,2462,11,CenturyLink3206,Unknown
2025-10-20T21:57:15.090247+00:00,26.652575833333334,-81.97430166666666,00:54:af:91:15:5a,-72,2452,9,Hotspot155A,Unknown
2025-10-20T21:57:15.090247+00:00,26.652575833333334,-81.97430166666666,12:e8:a7:84:62:1a,-75,2442,7,myGMC 621A,Unknown
2025-10-20T21:57:15.090247+00:00,26.652575833333334,-81.97430166666666,f0:a8:82:94:0c:56,-79,5220,45,F800_51184F38,Unknown
2025-10-20T21:57:15.090247+00:00,26.652575833333334,-81.97430166666666,12:e8:a7:e4:62:1a,-80,5220,45,myGMC 621A,Unknown
2025-10-20T21:57:15.090247+00:00,26.652575833333334,-81.97430166666666,e4:d1:24:79:04:b0,-82,5765,154,Shell,Unknown
2025-10-20T21:57:15.090247+00:00,26.652575833333334,-81.97430166666666,32:b4:b8:30:61:f9,-84,2437,6,My VW 0724,Unknown
2025-10-20T21:57:15.090247+00:00,26.652575833333334,-81.97430166666666,a0:cd:f3:60:ca:2f,-84,2462,11,TOYOTA Camry_CA2FF360A0CD,Unknown
2025-10-20T21:57:15.090247+00:00,26.652575833333334,-81.97430166666666,b2:00:73:79:62:fb,-85,2437,6,MELANIETERRAIN,Unknown
2025-10-20T21:57:15.090247+00:00,26.652575833333334,-81.97430166666666,e4:d1:24:79:04:a0,-85,2437,6,Shell,Unknown
2025-10-20T21:57:15.090247+00:00,26.652575833333334,-81.97430166666666,f0:a7:31:08:10:6b,-90,5805,162,IGT-Bridge,Unknown
2025-10-20T21:57:15.090247+00:00,26.652575833333334,-81.97430166666666,f8:55:cd:ef:f7:fc,-91,5785,158,HotspotLyaw,Unknown
2025-10-20T21:57:15.090247+00:00,26.652576333333332,-81.9743055,d0:c3:5a:0d:b9:e6,-62,5805,162,Hotspotde49,Unknown
2025-10-20T21:57:15.090247+00:00,26.652576333333332,-81.9743055,3e:ce:4f:1f:20:61,-67,5180,37,AndroidShare_3241,Unknown
2025-10-20T21:57:15.090247+00:00,26.652576333333332,-81.9743055,f0:a8:82:eb:f9:f1,-71,2412,1,DIRECT-8B5084XC,Unknown
2025-10-20T21:57:15.090247+00:00,26.652576333333332,-81.9743055,02:6a:e3:ef:ea:5d,-71,2462,11,CenturyLink3206,Unknown
2025-10-20T21:57:15.090247+00:00,26.652576333333332,-81.9743055,f0:a8:82:94:0c:56,-74,5220,45,F800_51184F38,Unknown
2025-10-20T21:57:15.090247+00:00,26.652576333333332,-81.9743055,e4:d1:24:79:04:a0,-76,2437,6,Shell,Unknown
2025-10-20T21:57:15.090247+00:00,26.652576333333332,-81.9743055,12:e8:a7:84:62:1a,-79,2442,7,myGMC 621A,Unknown
2025-10-20T21:57:15.090247+00:00,26.652576333333332,-81.9743055,a0:cd:f3:60:ca:2f,-84,2462,11,TOYOTA Camry_CA2FF360A0CD,Unknown
2025-10-20T21:57:15.090247+00:00,26.652576333333332,-81.9743055,12:e8:a7:e4:62:1a,-86,5220,45,myGMC 621A,Unknown
2025-10-20T21:57:15.090247+00:00,26.652576333333332,-81.9743055,3e:82:c0:3b:e3:a9,-88,5805,162,xfinitywifi,Unknown
2025-10-20T21:57:15.090247+00:00,26.652576333333332,-81.9743055,3c:82:c0:3b:e1:af,-88,5805,162,Petropcs123,Unknown
2025-10-20T21:57:15.090247+00:00,26.652576333333332,-81.9743055,e4:d1:24:79:04:b0,-89,5765,154,Shell,Unknown
2025-10-20T21:57:15.090247+00:00,26.652576333333332,-81.9743055,f0:a7:31:08:10:6b,-90,5805,162,IGT-Bridge,Unknown
2025-10-20T21:57:15.090247+00:00,26.652576333333332,-81.9743055,f8:55:cd:ef:f7:fc,-91,5785,158,HotspotLyaw,Unknown
2025-10-20T21:57:15.090247+00:00,26.652576,-81.974304,d0:c3:5a:0d:b9:e6,-60,5805,162,Hotspotde49,Unknown
2025-10-20T21:57:15.090247+00:00,26.652576,-81.974304,f0:a8:82:eb:f9:f1,-69,2412,1,DIRECT-8B5084XC,Unknown
2025-10-20T21:57:15.090247+00:00,26.652576,-81.974304,3e:ce:4f:1f:20:61,-70,5180,37,AndroidShare_3241,Unknown
2025-10-20T21:57:15.090247+00:00,26.652576,-81.974304,7c:0c:f6:0b:fb:26,-73,2412,1,Dash-3094,Unknown
2025-10-20T21:57:15.090247+00:00,26.652576,-81.974304,f0:a8:82:94:0c:56,-75,5220,45,F800_51184F38,Unknown
2025-10-20T21:57:15.090247+00:00,26.652576,-81.974304,12:e8:a7:84:62:1a,-75,2442,7,myGMC 621A,Unknown
2025-10-20T21:57:15.090247+00:00,26.652576,-81.974304,e4:d1:24:79:04:a0,-76,2437,6,Shell,Unknown
2025-10-20T21:57:15.090247+00:00,26.652576,-81.974304,a0:cd:f3:60:ca:2f,-84,2462,11,TOYOTA Camry_CA2FF360A0CD,Unknown
2025-10-20T21:57:15.090247+00:00,26.652576,-81.974304,e4:d1:24:79:04:b0,-85,5765,154,Shell,Unknown
2025-10-20T21:57:15.090247+00:00,26.652576,-81.974304,12:e8:a7:e4:62:1a,-86,5220,45,myGMC 621A,Unknown
2025-10-20T21:57:15.090247+00:00,26.652576,-81.974304,3e:82:c0:3b:e3:a9,-88,5805,162,xfinitywifi,Unknown
2025-10-20T21:57:15.090247+00:00,26.652576,-81.974304,3c:82:c0:3b:e1:af,-88,5805,162,Petropcs123,Unknown
2025-10-20T21:57:15.090247+00:00,26.652576,-81.974304,f0:a7:31:08:10:6b,-90,5805,162,IGT-Bridge,Unknown
2025-10-20T21:57:15.090247+00:00,26.6525745,-81.9743075,d0:c3:5a:0d:b9:e6,-63,5805,162,Hotspotde49,Unknown
2025-10-20T21:57:15.090247+00:00,26.6525745,-81.9743075,3e:ce:4f:1f:20:61,-66,5180,37,AndroidShare_3241,Unknown
2025-10-20T21:57:15.090247+00:00,26.6525745,-81.9743075,f0:a8:82:eb:f9:f1,-69,2412,1,DIRECT-8B5084XC,Unknown
2025-10-20T21:57:15.090247+00:00,26.6525745,-81.9743075,f0:a8:82:94:0c:56,-73,5220,45,F800_51184F38,Unknown
2025-10-20T21:57:15.090247+00:00,26.6525745,-81.9743075,7c:0c:f6:0b:fb:26,-73,2412,1,Dash-3094,Unknown
2025-10-20T21:57:15.090247+00:00,26.6525745,-81.9743075,e4:d1:24:79:04:a0,-76,2437,6,Shell,Unknown
2025-10-20T21:57:15.090247+00:00,26.6525745,-81.9743075,78:2d:7e:12:7d:c2,-77,2412,1,TRENDnet740_WF10,Unknown
2025-10-20T21:57:15.090247+00:00,26.6525745,-81.9743075,12:e8:a7:84:62:1a,-80,2442,7,myGMC 621A,Unknown
2025-10-20T21:57:15.090247+00:00,26.6525745,-81.9743075,e0:2d:f0:12:94:50,-81,2412,1,CarPlay_9450,Unknown
2025-10-20T21:57:15.090247+00:00,26.6525745,-81.9743075,a0:cd:f3:60:ca:2f,-84,2462,11,TOYOTA Camry_CA2FF360A0CD,Unknown
2025-10-20T21:57:15.090247+00:00,26.6525745,-81.9743075,e4:d1:24:79:04:b0,-85,5765,154,Shell,Unknown
2025-10-20T21:57:15.090247+00:00,26.6525745,-81.9743075,12:e8:a7:e4:62:1a,-86,5220,45,myGMC 621A,Unknown
2025-10-20T21:57:15.090247+00:00,26.6525745,-81.9743075,3e:82:c0:3b:e3:a9,-88,5805,162,xfinitywifi,Unknown
2025-10-20T21:57:15.090247+00:00,26.6525745,-81.9743075,3c:82:c0:3b:e1:af,-88,5805,162,Petropcs123,Unknown
2025-10-20T21:57:15.090247+00:00,26.6525745,-81.9743075,ec:d9:09:a2:4b:6a,-89,5765,154,Smartphone_connect_a24b6a,Unknown
2025-10-20T21:57:15.090247+00:00,26.6525745,-81.9743075,f0:a7:31:08:10:6b,-90,5805,162,IGT-Bridge,Unknown
2025-10-20T21:57:15.090247+00:00,26.6525745,-81.9743075,f8:55:cd:ef:f7:fc,-90,5785,158,HotspotLyaw,Unknown
2025-10-20T21:57:54.089197+00:00,26.652574,-81.97431233333333,d0:c3:5a:0d:b9:e6,-58,5805,162,Hotspotde49,Unknown
2025-10-20T21:57:54.089197+00:00,26.652574,-81.97431233333333,f0:a8:82:eb:f9:f1,-69,2412,1,DIRECT-8B5084XC,Unknown
2025-10-20T21:57:54.089197+00:00,26.652574,-81.97431233333333,3e:ce:4f:1f:20:61,-70,5180,37,AndroidShare_3241,Unknown
2025-10-20T21:57:54.089197+00:00,26.652574,-81.97431233333333,12:e8:a7:84:62:1a,-72,2442,7,myGMC 621A,Unknown
2025-10-20T21:57:54.089197+00:00,26.652574,-81.97431233333333,7c:0c:f6:0b:fb:26,-73,2412,1,Dash-3094,Unknown
2025-10-20T21:57:54.089197+00:00,26.652574,-81.97431233333333,78:2d:7e:12:7d:c2,-77,2412,1,TRENDnet740_WF10,Unknown
2025-10-20T21:57:54.089197+00:00,26.652574,-81.97431233333333,f0:a8:82:94:0c:56,-78,5220,45,F800_51184F38,Unknown
2025-10-20T21:57:54.089197+00:00,26.652574,-81.97431233333333,12:e8:a7:e4:62:1a,-78,5220,45,myGMC 621A,Unknown
2025-10-20T21:57:54.089197+00:00,26.652574,-81.97431233333333,e0:2d:f0:12:94:50,-81,2412,1,CarPlay_9450,Unknown
2025-10-20T21:57:54.089197+00:00,26.652574,-81.97431233333333,a0:cd:f3:60:ca:2f,-85,2462,11,TOYOTA Camry_CA2FF360A0CD,Unknown
2025-10-20T21:57:54.089197+00:00,26.652574,-81.97431233333333,02:6a:e3:ef:ea:5d,-85,2462,11,CenturyLink3206,Unknown
2025-10-20T21:57:54.089197+00:00,26.652574,-81.97431233333333,e4:d1:24:79:04:b0,-88,5765,154,Shell,Unknown
2025-10-20T21:57:54.089197+00:00,26.652574,-81.97431233333333,ec:d9:09:a2:4b:6a,-89,5765,154,Smartphone_connect_a24b6a,Unknown
2025-10-20T21:57:54.089197+00:00,26.652574,-81.97431233333333,8c:bd:37:3d:f7:27,-89,5765,154,DC-C2-LFPX,Unknown
2025-10-20T21:57:54.089197+00:00,26.652574,-81.97431233333333,f8:55:cd:ef:f7:fc,-90,5785,158,HotspotLyaw,Unknown
2025-10-20T21:57:54.089197+00:00,26.652574666666666,-81.974314,d0:c3:5a:0d:b9:e6,-60,5805,162,Hotspotde49,Unknown
2025-10-20T21:57:54.089197+00:00,26.652574666666666,-81.974314,3e:ce:4f:1f:20:61,-71,5180,37,AndroidShare_3241,Unknown
2025-10-20T21:57:54.089197+00:00,26.652574666666666,-81.974314,f0:a8:82:94:0c:56,-74,5220,45,F800_51184F38,Unknown
2025-10-20T21:57:54.089197+00:00,26.652574666666666,-81.974314,78:2d:7e:12:7d:c2,-77,2412,1,TRENDnet740_WF10,Unknown
2025-10-20T21:57:54.089197+00:00,26.652574666666666,-81.974314,ba:9f:09:bc:21:30,-77,2412,1,myGMC,Unknown
2025-10-20T21:57:54.089197+00:00,26.652574666666666,-81.974314,e0:2d:f0:12:94:50,-80,2412,1,CarPlay_9450,Unknown
2025-10-20T21:57:54.089197+00:00,26.652574666666666,-81.974314,12:e8:a7:84:62:1a,-82,2442,7,myGMC 621A,Unknown
2025-10-20T21:57:54.089197+00:00,26.652574666666666,-81.974314,bc:82:5d:a9:72:13,-82,2412,1,Traverse,Unknown
2025-10-20T21:57:54.089197+00:00,26.652574666666666,-81.974314,2a:a1:83:9b:44:d6,-83,2447,8,MB Hotspot 43627,Unknown
2025-10-20T21:57:54.089197+00:00,26.652574666666666,-81.974314,e4:d1:24:79:04:a0,-84,2437,6,Shell,Unknown
2025-10-20T21:57:54.089197+00:00,26.652574666666666,-81.974314,a0:cd:f3:60:ca:2f,-85,2462,11,TOYOTA Camry_CA2FF360A0CD,Unknown
2025-10-20T21:57:54.089197+00:00,26.652574666666666,-81.974314,02:6a:e3:ef:ea:5d,-85,2462,11,CenturyLink3206,Unknown
2025-10-20T21:57:54.089197+00:00,26.652574666666666,-81.974314,e4:d1:24:79:04:b0,-88,5765,154,Shell,Unknown
2025-10-20T21:57:54.089197+00:00,26.652574666666666,-81.974314,12:e8:a7:e4:62:1a,-89,5220,45,myGMC 621A,Unknown
2025-10-20T21:57:54.089197+00:00,26.652574666666666,-81.974314,ec:d9:09:a2:4b:6a,-89,5765,154,Smartphone_connect_a24b6a,Unknown
2025-10-20T21:57:54.089197+00:00,26.652574666666666,-81.974314,8c:bd:37:3d:f7:27,-89,5765,154,DC-C2-LFPX,Unknown
2025-10-20T21:57:54.089197+00:00,26.652574666666666,-81.974314,f8:55:cd:ef:f7:fc,-90,5785,158,HotspotLyaw,Unknown
2025-10-20T21:57:54.089197+00:00,26.652574166666668,-81.974317,d0:c3:5a:0d:b9:e6,-59,5805,162,Hotspotde49,Unknown
2025-10-20T21:57:54.089197+00:00,26.652574166666668,-81.974317,f0:a8:82:eb:f9:f1,-64,2412,1,DIRECT-8B5084XC,Unknown
2025-10-20T21:57:54.089197+00:00,26.652574166666668,-81.974317,3e:ce:4f:1f:20:61,-69,5180,37,AndroidShare_3241,Unknown
2025-10-20T21:57:54.089197+00:00,26.652574166666668,-81.974317,12:e8:a7:84:62:1a,-72,2442,7,myGMC 621A,Unknown
2025-10-20T21:57:54.089197+00:00,26.652574166666668,-81.974317,ba:9f:09:bc:21:30,-77,2412,1,myGMC,Unknown
2025-10-20T21:57:54.089197+00:00,26.652574166666668,-81.974317,f0:a8:82:94:0c:56,-79,5220,45,F800_51184F38,Unknown
2025-10-20T21:57:54.089197+00:00,26.652574166666668,-81.974317,e0:2d:f0:12:94:50,-80,2412,1,CarPlay_9450,Unknown
2025-10-20T21:57:54.089197+00:00,26.652574166666668,-81.974317,bc:82:5d:a9:72:13,-82,2412,1,Traverse,Unknown
2025-10-20T21:57:54.089197+00:00,26.652574166666668,-81.974317,2a:a1:83:9b:44:d6,-83,2447,8,MB Hotspot 43627,Unknown
2025-10-20T21:57:54.089197+00:00,26.652574166666668,-81.974317,e4:d1:24:79:04:a0,-84,2437,6,Shell,Unknown
2025-10-20T21:57:54.089197+00:00,26.652574166666668,-81.974317,a0:cd:f3:60:ca:2f,-85,2462,11,TOYOTA Camry_CA2FF360A0CD,Unknown
2025-10-20T21:57:54.089197+00:00,26.652574166666668,-81.974317,02:6a:e3:ef:ea:5d,-85,2462,11,CenturyLink3206,Unknown
2025-10-20T21:57:54.089197+00:00,26.652574166666668,-81.974317,22:ad:56:21:04:fb,-86,2462,11,Hotspot04FB,Unknown
2025-10-20T21:57:54.089197+00:00,26.652574166666668,-81.974317,ec:d9:09:a2:4b:6a,-87,5765,154,Smartphone_connect_a24b6a,Unknown
2025-10-20T21:57:54.089197+00:00,26.652574166666668,-81.974317,e4:d1:24:79:04:b0,-88,5765,154,Shell,Unknown
2025-10-20T21:57:54.089197+00:00,26.652574166666668,-81.974317,12:e8:a7:e4:62:1a,-89,5220,45,myGMC 621A,Unknown
2025-10-20T21:57:54.089197+00:00,26.652574166666668,-81.974317,8c:bd:37:3d:f7:27,-89,5765,154,DC-C2-LFPX,Unknown
2025-10-20T21:57:54.089197+00:00,26.652572166666666,-81.97431516666667,d0:c3:5a:0d:b9:e6,-63,5805,162,Hotspotde49,Unknown
2025-10-20T21:57:54.089197+00:00,26.652572166666666,-81.97431516666667,f0:a8:82:eb:f9:f1,-64,2412,1,DIRECT-8B5084XC,Unknown
2025-10-20T21:57:54.089197+00:00,26.652572166666666,-81.97431516666667,3e:ce:4f:1f:20:61,-67,5180,37,AndroidShare_3241,Unknown
2025-10-20T21:57:54.089197+00:00,26.652572166666666,-81.97431516666667,f0:a8:82:94:0c:56,-74,5220,45,F800_51184F38,Unknown
2025-10-20T21:57:54.089197+00:00,26.652572166666666,-81.97431516666667,12:e8:a7:84:62:1a,-76,2442,7,myGMC 621A,Unknown
2025-10-20T21:57:54.089197+00:00,26.652572166666666,-81.97431516666667,ba:9f:09:bc:21:30,-77,2412,1,myGMC,Unknown
2025-10-20T21:57:54.089197+00:00,26.652572166666666,-81.97431516666667,e0:2d:f0:12:94:50,-80,2412,1,CarPlay_9450,Unknown
2025-10-20T21:57:54.089197+00:00,26.652572166666666,-81.97431516666667,12:e8:a7:e4:62:1a,-81,5220,45,myGMC 621A,Unknown
2025-10-20T21:57:54.089197+00:00,26.652572166666666,-81.97431516666667,a0:cd:f3:60:ca:2f,-81,2462,11,TOYOTA Camry_CA2FF360A0CD,Unknown
2025-10-20T21:57:54.089197+00:00,26.652572166666666,-81.97431516666667,ec:d9:09:73:34:24,-81,2412,1,MY PATHFINDER8689,Unknown
2025-10-20T21:57:54.089197+00:00,26.652572166666666,-81.97431516666667,bc:82:5d:a9:72:13,-83,2412,1,Traverse,Unknown
2025-10-20T21:57:54.089197+00:00,26.652572166666666,-81.97431516666667,e4:d1:24:79:04:a0,-84,2437,6,Shell,Unknown
2025-10-20T21:57:54.089197+00:00,26.652572166666666,-81.97431516666667,02:6a:e3:ef:ea:5d,-85,2462,11,CenturyLink3206,Unknown
2025-10-20T21:57:54.089197+00:00,26.652572166666666,-81.97431516666667,4e:7c:c8:23:3a:df,-85,5745,150,\x00\x00\x00\x00\x00\x00,Unknown
2025-10-20T21:57:54.089197+00:00,26.652572166666666,-81.97431516666667,2a:a1:83:9b:44:d6,-86,2447,8,MB Hotspot 43627,Unknown
2025-10-20T21:57:54.089197+00:00,26.652572166666666,-81.97431516666667,22:ad:56:21:04:fb,-86,2462,11,Hotspot04FB,Unknown
2025-10-20T21:57:54.089197+00:00,26.652572166666666,-81.97431516666667,ec:d9:09:a2:4b:6a,-87,5765,154,Smartphone_connect_a24b6a,Unknown
2025-10-20T21:57:54.089197+00:00,26.652572166666666,-81.97431516666667,e4:d1:24:79:04:b0,-88,5765,154,Shell,Unknown
2025-10-20T21:57:54.089197+00:00,26.652572166666666,-81.97431516666667,f0:a7:31:08:10:6b,-89,5805,162,IGT-Bridge,Unknown
2025-10-20T21:57:54.089197+00:00,26.652572166666666,-81.97431516666667,8c:bd:37:3d:f7:27,-90,5765,154,DC-C2-LFPX,Unknown
2025-10-20T21:58:30.165102+00:00,26.652310333333332,-81.97430716666666,f0:a8:82:eb:f9:f1,-64,2412,1,DIRECT-8B5084XC,Unknown
2025-10-20T21:58:30.165102+00:00,26.652310333333332,-81.97430716666666,2a:a1:83:9b:44:d6,-71,2447,8,MB Hotspot 43627,Unknown
2025-10-20T21:58:30.165102+00:00,26.652310333333332,-81.97430716666666,d0:c3:5a:0d:b9:e6,-72,5805,162,Hotspotde49,Unknown
2025-10-20T21:58:30.165102+00:00,26.652310333333332,-81.97430716666666,fa:9e:38:71:4c:cd,-76,5745,150,Roger Dean Internal,Unknown
2025-10-20T21:58:30.165102+00:00,26.652310333333332,-81.97430716666666,fe:9e:38:71:4c:cd,-76,5745,150,Roger Dean Guest,Unknown
2025-10-20T21:58:30.165102+00:00,26.652310333333332,-81.97430716666666,f2:9e:38:71:4c:cd,-76,5745,150,Roger Dean Employee,Unknown
2025-10-20T21:58:30.165102+00:00,26.652310333333332,-81.97430716666666,f0:a8:82:94:0c:56,-77,5220,45,F800_51184F38,Unknown
2025-10-20T21:58:30.165102+00:00,26.652310333333332,-81.97430716666666,3e:ce:4f:1f:20:61,-79,5180,37,AndroidShare_3241,Unknown
2025-10-20T21:58:30.165102+00:00,26.652310333333332,-81.97430716666666,12:e8:a7:84:62:1a,-81,2442,7,myGMC 621A,Unknown
2025-10-20T21:58:30.165102+00:00,26.652310333333332,-81.97430716666666,12:e8:a7:e4:62:1a,-81,5220,45,myGMC 621A,Unknown
2025-10-20T21:58:30.165102+00:00,26.652310333333332,-81.97430716666666,a0:cd:f3:60:ca:2f,-81,2462,11,TOYOTA Camry_CA2FF360A0CD,Unknown
2025-10-20T21:58:30.165102+00:00,26.652310333333332,-81.97430716666666,bc:82:5d:a9:72:13,-81,2412,1,Traverse,Unknown
2025-10-20T21:58:30.165102+00:00,26.652310333333332,-81.97430716666666,ec:d9:09:73:34:24,-81,2412,1,MY PATHFINDER8689,Unknown
2025-10-20T21:58:30.165102+00:00,26.652310333333332,-81.97430716666666,4e:7c:c8:23:3a:df,-85,5745,150,\x00\x00\x00\x00\x00\x00,Unknown
2025-10-20T21:58:30.165102+00:00,26.652310333333332,-81.97430716666666,22:ad:56:21:04:fb,-86,2462,11,Hotspot04FB,Unknown
2025-10-20T21:58:30.165102+00:00,26.652310333333332,-81.97430716666666,ec:d9:09:a2:4b:6a,-87,5765,154,Smartphone_connect_a24b6a,Unknown
2025-10-20T21:58:30.165102+00:00,26.652310333333332,-81.97430716666666,e4:d1:24:79:04:b0,-89,5765,154,Shell,Unknown
2025-10-20T21:58:30.165102+00:00,26.652310333333332,-81.97430716666666,f0:a7:31:08:10:6b,-89,5805,162,IGT-Bridge,Unknown
2025-10-20T21:58:30.165102+00:00,26.652310333333332,-81.97430716666666,8c:bd:37:3d:f7:27,-90,5765,154,DC-C2-LFPX,Unknown
2025-10-20T21:58:30.165102+00:00,26.65152,-81.9743275,2a:a1:83:9b:44:d6,-71,2447,8,MB Hotspot 43627,Unknown
2025-10-20T21:58:30.165102+00:00,26.65152,-81.9743275,d0:c3:5a:0d:b9:e6,-76,5805,162,Hotspotde49,Unknown
2025-10-20T21:58:30.165102+00:00,26.65152,-81.9743275,fa:9e:38:71:4c:cd,-76,5745,150,Roger Dean Internal,Unknown
2025-10-20T21:58:30.165102+00:00,26.65152,-81.9743275,fe:9e:38:71:4c:cd,-76,5745,150,Roger Dean Guest,Unknown
2025-10-20T21:58:30.165102+00:00,26.65152,-81.9743275,f2:9e:38:71:4c:cd,-76,5745,150,Roger Dean Employee,Unknown
2025-10-20T21:58:30.165102+00:00,26.65152,-81.9743275,3e:ce:4f:1f:20:61,-80,5180,37,AndroidShare_3241,Unknown
2025-10-20T21:58:30.165102+00:00,26.65152,-81.9743275,12:e8:a7:84:62:1a,-81,2442,7,myGMC 621A,Unknown
2025-10-20T21:58:30.165102+00:00,26.65152,-81.9743275,a0:cd:f3:60:ca:2f,-81,2462,11,TOYOTA Camry_CA2FF360A0CD,Unknown
2025-10-20T21:58:30.165102+00:00,26.65152,-81.9743275,bc:82:5d:a9:72:13,-81,2412,1,Traverse,Unknown
2025-10-20T21:58:30.165102+00:00,26.65152,-81.9743275,ec:d9:09:73:34:24,-81,2412,1,MY PATHFINDER8689,Unknown
2025-10-20T21:58:30.165102+00:00,26.65152,-81.9743275,ee:55:b8:54:f9:09,-82,5180,37,Roger Dean Employee,Unknown
2025-10-20T21:58:30.165102+00:00,26.65152,-81.9743275,e6:55:b8:54:f9:09,-83,5180,37,Roger Dean Internal,Unknown
2025-10-20T21:58:30.165102+00:00,26.65152,-81.9743275,e2:55:b8:54:f9:09,-83,5180,37,Roger Dean Guest,Unknown
2025-10-20T21:58:30.165102+00:00,26.65152,-81.9743275,f0:a8:82:94:0c:56,-85,5220,45,F800_51184F38,Unknown
2025-10-20T21:58:30.165102+00:00,26.65152,-81.9743275,4e:7c:c8:23:3a:df,-85,5745,150,\x00\x00\x00\x00\x00\x00,Unknown
2025-10-20T21:58:30.165102+00:00,26.65152,-81.9743275,f8:96:fe:22:c3:c1,-86,5180,37,Kia_f57Z,Unknown
2025-10-20T21:58:30.165102+00:00,26.65152,-81.9743275,b0:d8:88:ca:ce:11,-87,2412,1,MAZDA,Unknown
2025-10-20T21:58:30.165102+00:00,26.65152,-81.9743275,e4:d1:24:79:04:b0,-89,5765,154,Shell,Unknown
2025-10-20T21:58:30.165102+00:00,26.65152,-81.9743275,12:e8:a7:e4:62:1a,-89,5220,45,myGMC 621A,Unknown
2025-10-20T21:58:30.165102+00:00,26.65152,-81.9743275,f0:a7:31:08:10:6b,-89,5805,162,IGT-Bridge,Unknown
2025-10-20T21:58:30.165102+00:00,26.65152,-81.9743275,ca:cb:ac:49:33:49,-89,5220,45,WKFMTB WiFi,Unknown
2025-10-20T21:58:30.165102+00:00,26.65152,-81.9743275,8c:bd:37:3d:f7:27,-90,5765,154,DC-C2-LFPX,Unknown
2025-10-20T21:58:30.165102+00:00,26.65152,-81.9743275,c6:cb:ac:49:33:49,-91,5220,45,IRT Wifi,Unknown
2025-10-20T21:58:30.165102+00:00,26.65152,-81.9743275,96:85:99:83:20:cb,-94,2462,11,Galaxy S23 Ultra 8589,Unknown
2025-10-20T21:58:30.165102+00:00,26.650019166666667,-81.97431066666667,2a:a1:83:9b:44:d6,-71,2447,8,MB Hotspot 43627,Unknown
2025-10-20T21:58:30.165102+00:00,26.650019166666667,-81.97431066666667,fa:9e:38:71:4c:cd,-76,5745,150,Roger Dean Internal,Unknown
2025-10-20T21:58:30.165102+00:00,26.650019166666667,-81.97431066666667,fe:9e:38:71:4c:cd,-76,5745,150,Roger Dean Guest,Unknown
2025-10-20T21:58:30.165102+00:00,26.650019166666667,-81.97431066666667,f2:9e:38:71:4c:cd,-76,5745,150,Roger Dean Employee,Unknown
2025-10-20T21:58:30.165102+00:00,26.650019166666667,-81.97431066666667,78:2d:7e:12:7d:c2,-78,2412,1,TRENDnet740_WF10,Unknown
2025-10-20T21:58:30.165102+00:00,26.650019166666667,-81.97431066666667,3e:ce:4f:1f:20:61,-80,5180,37,AndroidShare_3241,Unknown
2025-10-20T21:58:30.165102+00:00,26.650019166666667,-81.97431066666667,d0:c3:5a:0d:b9:e6,-81,5805,162,Hotspotde49,Unknown
2025-10-20T21:58:30.165102+00:00,26.650019166666667,-81.97431066666667,12:e8:a7:84:62:1a,-81,2442,7,myGMC 621A,Unknown
2025-10-20T21:58:30.165102+00:00,26.650019166666667,-81.97431066666667,bc:82:5d:a9:72:13,-81,2412,1,Traverse,Unknown
2025-10-20T21:58:30.165102+00:00,26.650019166666667,-81.97431066666667,02:c5:7d:29:ef:00,-81,5745,150,CenturyLink1634,Unknown
2025-10-20T21:58:30.165102+00:00,26.650019166666667,-81.97431066666667,ee:55:b8:54:f9:09,-82,5180,37,Roger Dean Employee,Unknown
2025-10-20T21:58:30.165102+00:00,26.650019166666667,-81.97431066666667,e6:55:b8:54:f9:09,-83,5180,37,Roger Dean Internal,Unknown
2025-10-20T21:58:30.165102+00:00,26.650019166666667,-81.97431066666667,e2:55:b8:54:f9:09,-83,5180,37,Roger Dean Guest,Unknown
2025-10-20T21:58:30.165102+00:00,26.650019166666667,-81.97431066666667,f0:a8:82:94:0c:56,-85,5220,45,F800_51184F38,Unknown
2025-10-20T21:58:30.165102+00:00,26.650019166666667,-81.97431066666667,f8:96:fe:22:c3:c1,-86,5180,37,Kia_f57Z,Unknown
2025-10-20T21:58:30.165102+00:00,26.650019166666667,-81.97431066666667,b0:d8:88:ca:ce:11,-87,2412,1,MAZDA,Unknown
2025-10-20T21:58:30.165102+00:00,26.650019166666667,-81.97431066666667,e4:d1:24:79:04:b0,-89,5765,154,Shell,Unknown
2025-10-20T21:58:30.165102+00:00,26.650019166666667,-81.97431066666667,12:e8:a7:e4:62:1a,-89,5220,45,myGMC 621A,Unknown
2025-10-20T21:58:30.165102+00:00,26.650019166666667,-81.97431066666667,ca:cb:ac:49:33:49,-89,5220,45,WKFMTB WiFi,Unknown
2025-10-20T21:58:30.165102+00:00,26.650019166666667,-81.97431066666667,c6:cb:ac:49:33:49,-91,5220,45,IRT Wifi,Unknown
2025-10-20T21:58:30.165102+00:00,26.650019166666667,-81.97431066666667,96:85:99:83:20:cb,-94,2462,11,Galaxy S23 Ultra 8589,Unknown
2025-10-20T21:58:30.165102+00:00,26.648267166666667,-81.974289,d0:c3:5a:0d:b9:e6,-71,5805,162,Hotspotde49,Unknown
2025-10-20T21:58:30.165102+00:00,26.648267166666667,-81.974289,2a:a1:83:9b:44:d6,-71,2447,8,MB Hotspot 43627,Unknown
2025-10-20T21:58:30.165102+00:00,26.648267166666667,-81.974289,02:cb:7a:70:9e:37,-75,2462,11,Hinks Associates,Unknown
2025-10-20T21:58:30.165102+00:00,26.648267166666667,-81.974289,fa:9e:38:71:4c:cd,-76,5745,150,Roger Dean Internal,Unknown
2025-10-20T21:58:30.165102+00:00,26.648267166666667,-81.974289,fe:9e:38:71:4c:cd,-76,5745,150,Roger Dean Guest,Unknown
2025-10-20T21:58:30.165102+00:00,26.648267166666667,-81.974289,f2:9e:38:71:4c:cd,-76,5745,150,Roger Dean Employee,Unknown
2025-10-20T21:58:30.165102+00:00,26.648267166666667,-81.974289,3e:ce:4f:1f:20:61,-81,5180,37,AndroidShare_3241,Unknown
2025-10-20T21:58:30.165102+00:00,26.648267166666667,-81.974289,12:e8:a7:84:62:1a,-81,2442,7,myGMC 621A,Unknown
2025-10-20T21:58:30.165102+00:00,26.648267166666667,-81.974289,bc:82:5d:a9:72:13,-81,2412,1,Traverse,Unknown
2025-10-20T21:58:30.165102+00:00,26.648267166666667,-81.974289,02:c5:7d:29:ef:00,-81,5745,150,CenturyLink1634,Unknown
2025-10-20T21:58:30.165102+00:00,26.648267166666667,-81.974289,ee:55:b8:54:f9:09,-82,5180,37,Roger Dean Employee,Unknown
2025-10-20T21:58:30.165102+00:00,26.648267166666667,-81.974289,78:2d:7e:12:7d:c2,-82,2412,1,TRENDnet740_WF10,Unknown
2025-10-20T21:58:30.165102+00:00,26.648267166666667,-81.974289,e6:55:b8:54:f9:09,-83,5180,37,Roger Dean Internal,Unknown
2025-10-20T21:58:30.165102+00:00,26.648267166666667,-81.974289,e2:55:b8:54:f9:09,-83,5180,37,Roger Dean Guest,Unknown
2025-10-20T21:58:30.165102+00:00,26.648267166666667,-81.974289,c0:89:ab:f5:78:a8,-84,5785,158,LNS,Unknown
2025-10-20T21:58:30.165102+00:00,26.648267166666667,-81.974289,ca:89:ab:f5:78:a8,-84,5785,158,xfinitywifi,Unknown
2025-10-20T21:58:30.165102+00:00,26.648267166666667,-81.974289,f0:a8:82:94:0c:56,-85,5220,45,F800_51184F38,Unknown
2025-10-20T21:58:30.165102+00:00,26.648267166666667,-81.974289,f8:96:fe:22:c3:c1,-86,5180,37,Kia_f57Z,Unknown
2025-10-20T21:58:30.165102+00:00,26.648267166666667,-81.974289,68:b9:c2:ca:3a:13,-86,2432,5,Peztio_Q2_I6-3a13,Unknown
2025-10-20T21:58:30.165102+00:00,26.648267166666667,-81.974289,b0:d8:88:ca:ce:11,-87,2412,1,MAZDA,Unknown
2025-10-20T21:58:30.165102+00:00,26.648267166666667,-81.974289,e4:d1:24:79:04:b0,-89,5765,154,Shell,Unknown
2025-10-20T21:58:30.165102+00:00,26.648267166666667,-81.974289,12:e8:a7:e4:62:1a,-89,5220,45,myGMC 621A,Unknown
2025-10-20T21:58:30.165102+00:00,26.648267166666667,-81.974289,ca:cb:ac:49:33:49,-89,5220,45,WKFMTB WiFi,Unknown
2025-10-20T21:58:30.165102+00:00,26.648267166666667,-81.974289,c6:cb:ac:49:33:49,-91,5220,45,IRT Wifi,Unknown
2025-10-20T21:58:30.165102+00:00,26.648267166666667,-81.974289,96:85:99:83:20:cb,-94,2462,11,Galaxy S23 Ultra 8589,Unknown
2025-10-20T21:59:12.088101+00:00,26.64519183333333,-81.97429383333333,02:cb:7a:70:9e:37,-75,2462,11,Hinks Associates,Unknown
2025-10-20T21:59:12.088101+00:00,26.64519183333333,-81.97429383333333,28:38:5c:fc:36:bd,-78,5785,158,Hotspotz3qC,Unknown
2025-10-20T21:59:12.088101+00:00,26.64519183333333,-81.97429383333333,0e:65:9a:9f:60:2f,-79,5745,150,PROJ9f602f,Unknown
2025-10-20T21:59:12.088101+00:00,26.64519183333333,-81.97429383333333,3e:ce:4f:1f:20:61,-81,5180,37,AndroidShare_3241,Unknown
2025-10-20T21:59:12.088101+00:00,26.64519183333333,-81.97429383333333,02:c5:7d:29:ef:00,-81,5745,150,CenturyLink1634,Unknown
2025-10-20T21:59:12.088101+00:00,26.64519183333333,-81.97429383333333,4a:bd:ce:46:ff:35,-81,2462,11,GABRIEL,Unknown
2025-10-20T21:59:12.088101+00:00,26.64519183333333,-81.97429383333333,78:2d:7e:12:7d:c2,-82,2412,1,TRENDnet740_WF10,Unknown
2025-10-20T21:59:12.088101+00:00,26.64519183333333,-81.97429383333333,ba:5e:71:03:24:b2,-82,5220,45,Dayron,Unknown
2025-10-20T21:59:12.088101+00:00,26.64519183333333,-81.97429383333333,d0:c3:5a:0d:b9:e6,-83,5805,162,Hotspotde49,Unknown
2025-10-20T21:59:12.088101+00:00,26.64519183333333,-81.97429383333333,c0:89:ab:f5:78:a8,-84,5785,158,LNS,Unknown
2025-10-20T21:59:12.088101+00:00,26.64519183333333,-81.97429383333333,ca:89:ab:f5:78:a8,-84,5785,158,xfinitywifi,Unknown
2025-10-20T21:59:12.088101+00:00,26.64519183333333,-81.97429383333333,68:b9:c2:ca:3a:13,-86,2432,5,Peztio_Q2_I6-3a13,Unknown
2025-10-20T21:59:12.088101+00:00,26.64519183333333,-81.97429383333333,62:9c:8e:02:38:8d,-86,2412,1,Melliso69,Unknown
2025-10-20T21:59:12.088101+00:00,26.64519183333333,-81.97429383333333,36:5f:45:4c:8c:c6,-86,2412,1,Tineco_7212,Unknown
2025-10-20T21:59:12.088101+00:00,26.643733666666666,-81.974289,34:98:b5:33:2b:94,-71,2442,7,AeroSpaceFSW239,Unknown
2025-10-20T21:59:12.088101+00:00,26.643733666666666,-81.974289,02:cb:7a:70:9e:37,-75,2462,11,Hinks Associates,Unknown
2025-10-20T21:59:12.088101+00:00,26.643733666666666,-81.974289,28:38:5c:fc:36:bd,-78,5785,158,Hotspotz3qC,Unknown
2025-10-20T21:59:12.088101+00:00,26.643733666666666,-81.974289,3a:98:b5:35:13:ba,-78,2442,7,AeroSpaceFSW239,Unknown
2025-10-20T21:59:12.088101+00:00,26.643733666666666,-81.974289,0e:65:9a:9f:60:2f,-79,5745,150,PROJ9f602f,Unknown
2025-10-20T21:59:12.088101+00:00,26.643733666666666,-81.974289,c6:50:9c:f7:43:c1,-80,2412,1,XfinityMad,Unknown
2025-10-20T21:59:12.088101+00:00,26.643733666666666,-81.974289,3e:ce:4f:1f:20:61,-81,5180,37,AndroidShare_3241,Unknown
2025-10-20T21:59:12.088101+00:00,26.643733666666666,-81.974289,4a:bd:ce:46:ff:35,-81,2462,11,GABRIEL,Unknown
2025-10-20T21:59:12.088101+00:00,26.643733666666666,-81.974289,34:98:b5:35:13:e3,-81,5200,41,AeroSpaceFSW239,Unknown
2025-10-20T21:59:12.088101+00:00,26.643733666666666,-81.974289,78:2d:7e:12:7d:c2,-82,2412,1,TRENDnet740_WF10,Unknown
2025-10-20T21:59:12.088101+00:00,26.643733666666666,-81.974289,ba:5e:71:03:24:b2,-82,5220,45,Dayron,Unknown
2025-10-20T21:59:12.088101+00:00,26.643733666666666,-81.974289,d0:c3:5a:0d:b9:e6,-83,5805,162,Hotspotde49,Unknown
2025-10-20T21:59:12.088101+00:00,26.643733666666666,-81.974289,8a:9c:8e:12:38:14,-83,2462,11,XfinityMad,Unknown
2025-10-20T21:59:12.088101+00:00,26.643733666666666,-81.974289,c0:89:ab:f5:78:a8,-84,5785,158,LNS,Unknown
2025-10-20T21:59:12.088101+00:00,26.643733666666666,-81.974289,ca:89:ab:f5:78:a8,-84,5785,158,xfinitywifi,Unknown
2025-10-20T21:59:12.088101+00:00,26.643733666666666,-81.974289,3a:98:b5:35:13:e2,-84,2442,7,AeroSpaceFSW239,Unknown
2025-10-20T21:59:12.088101+00:00,26.643733666666666,-81.974289,34:98:b5:33:2b:95,-85,5200,41,AeroSpaceFSW239,Unknown
2025-10-20T21:59:12.088101+00:00,26.643733666666666,-81.974289,68:b9:c2:ca:3a:13,-86,2432,5,Peztio_Q2_I6-3a13,Unknown
2025-10-20T21:59:12.088101+00:00,26.643733666666666,-81.974289,62:9c:8e:02:38:8d,-86,2412,1,Melliso69,Unknown
2025-10-20T21:59:12.088101+00:00,26.643733666666666,-81.974289,36:5f:45:4c:8c:c6,-86,2412,1,Tineco_7212,Unknown
2025-10-20T21:59:12.088101+00:00,26.643733666666666,-81.974289,92:9c:8e:12:38:15,-88,5220,45,XfinityMad,Unknown
2025-10-20T21:59:12.088101+00:00,26.642265833333333,-81.9742905,34:98:b5:33:2b:94,-71,2442,7,AeroSpaceFSW239,Unknown
2025-10-20T21:59:12.088101+00:00,26.642265833333333,-81.9742905,72:13:01:f4:a4:81,-72,2437,6,Nocera Studio,Unknown
2025-10-20T21:59:12.088101+00:00,26.642265833333333,-81.9742905,28:38:5c:fc:36:bd,-78,5785,158,Hotspotz3qC,Unknown
2025-10-20T21:59:12.088101+00:00,26.642265833333333,-81.9742905,3a:98:b5:35:13:ba,-78,2442,7,AeroSpaceFSW239,Unknown
2025-10-20T21:59:12.088101+00:00,26.642265833333333,-81.9742905,0e:65:9a:9f:60:2f,-79,5745,150,PROJ9f602f,Unknown
2025-10-20T21:59:12.088101+00:00,26.642265833333333,-81.9742905,72:13:01:fb:a4:82,-79,5220,45,Nocera Studio,Unknown
2025-10-20T21:59:12.088101+00:00,26.642265833333333,-81.9742905,c6:50:9c:f7:43:c1,-80,2412,1,XfinityMad,Unknown
2025-10-20T21:59:12.088101+00:00,26.642265833333333,-81.9742905,12:36:aa:6e:b0:29,-80,2462,11,Toby25,Unknown
2025-10-20T21:59:12.088101+00:00,26.642265833333333,-81.9742905,4a:bd:ce:46:ff:35,-81,2462,11,GABRIEL,Unknown
2025-10-20T21:59:12.088101+00:00,26.642265833333333,-81.9742905,34:98:b5:35:13:e3,-81,5200,41,AeroSpaceFSW239,Unknown
2025-10-20T21:59:12.088101+00:00,26.642265833333333,-81.9742905,ba:5e:71:03:24:b2,-82,5220,45,Dayron,Unknown
2025-10-20T21:59:12.088101+00:00,26.642265833333333,-81.9742905,72:13:01:fb:a4:84,-82,5220,45,xfinitywifi,Unknown
2025-10-20T21:59:12.088101+00:00,26.642265833333333,-81.9742905,d0:c3:5a:0d:b9:e6,-83,5805,162,Hotspotde49,Unknown
2025-10-20T21:59:12.088101+00:00,26.642265833333333,-81.9742905,8a:9c:8e:12:38:14,-83,2462,11,XfinityMad,Unknown
2025-10-20T21:59:12.088101+00:00,26.642265833333333,-81.9742905,3a:98:b5:35:13:e2,-84,2442,7,AeroSpaceFSW239,Unknown
2025-10-20T21:59:12.088101+00:00,26.642265833333333,-81.9742905,34:98:b5:33:2b:95,-85,5200,41,AeroSpaceFSW239,Unknown
2025-10-20T21:59:12.088101+00:00,26.642265833333333,-81.9742905,62:9c:8e:02:38:8d,-86,2412,1,Melliso69,Unknown
2025-10-20T21:59:12.088101+00:00,26.642265833333333,-81.9742905,36:5f:45:4c:8c:c6,-86,2412,1,Tineco_7212,Unknown
2025-10-20T21:59:12.088101+00:00,26.642265833333333,-81.9742905,92:9c:8e:12:38:15,-88,5220,45,XfinityMad,Unknown
2025-10-20T21:59:12.088101+00:00,26.642265833333333,-81.9742905,fa:6d:cc:a1:45:c5,-90,5745,150,myChevrolet 45C5,Unknown
2025-10-20T21:59:12.088101+00:00,26.640815833333335,-81.97429333333334,34:98:b5:33:2b:94,-71,2442,7,AeroSpaceFSW239,Unknown
2025-10-20T21:59:12.088101+00:00,26.640815833333335,-81.97429333333334,72:13:01:f4:a4:81,-72,2437,6,Nocera Studio,Unknown
2025-10-20T21:59:12.088101+00:00,26.640815833333335,-81.97429333333334,28:38:5c:fc:36:bd,-78,5785,158,Hotspotz3qC,Unknown
2025-10-20T21:59:12.088101+00:00,26.640815833333335,-81.97429333333334,3a:98:b5:35:13:ba,-78,2442,7,AeroSpaceFSW239,Unknown
2025-10-20T21:59:12.088101+00:00,26.640815833333335,-81.97429333333334,0e:65:9a:9f:60:2f,-79,5745,150,PROJ9f602f,Unknown
2025-10-20T21:59:12.088101+00:00,26.640815833333335,-81.97429333333334,72:13:01:fb:a4:82,-79,5220,45,Nocera Studio,Unknown
2025-10-20T21:59:12.088101+00:00,26.640815833333335,-81.97429333333334,c6:50:9c:f7:43:c1,-80,2412,1,XfinityMad,Unknown
2025-10-20T21:59:12.088101+00:00,26.640815833333335,-81.97429333333334,4a:bd:ce:46:ff:35,-81,2462,11,GABRIEL,Unknown
2025-10-20T21:59:12.088101+00:00,26.640815833333335,-81.97429333333334,34:98:b5:35:13:e3,-81,5200,41,AeroSpaceFSW239,Unknown
2025-10-20T21:59:12.088101+00:00,26.640815833333335,-81.97429333333334,ba:5e:71:03:24:b2,-82,5220,45,Dayron,Unknown
2025-10-20T21:59:12.088101+00:00,26.640815833333335,-81.97429333333334,72:13:01:fb:a4:84,-82,5220,45,xfinitywifi,Unknown
2025-10-20T21:59:12.088101+00:00,26.640815833333335,-81.97429333333334,d0:c3:5a:0d:b9:e6,-83,5805,162,Hotspotde49,Unknown
2025-10-20T21:59:12.088101+00:00,26.640815833333335,-81.97429333333334,8a:9c:8e:12:38:14,-83,2462,11,XfinityMad,Unknown
2025-10-20T21:59:12.088101+00:00,26.640815833333335,-81.97429333333334,12:36:aa:6e:b0:29,-83,2462,11,Toby25,Unknown
2025-10-20T21:59:12.088101+00:00,26.640815833333335,-81.97429333333334,3a:98:b5:35:13:e2,-84,2442,7,AeroSpaceFSW239,Unknown
2025-10-20T21:59:12.088101+00:00,26.640815833333335,-81.97429333333334,34:98:b5:33:2b:95,-85,5200,41,AeroSpaceFSW239,Unknown
2025-10-20T21:59:12.088101+00:00,26.640815833333335,-81.97429333333334,62:9c:8e:02:38:8d,-86,2412,1,Melliso69,Unknown
2025-10-20T21:59:12.088101+00:00,26.640815833333335,-81.97429333333334,36:5f:45:4c:8c:c6,-86,2412,1,Tineco_7212,Unknown
2025-10-20T21:59:12.088101+00:00,26.640815833333335,-81.97429333333334,14:c0:3e:41:7e:19,-87,5785,158,Gio-5,Unknown
2025-10-20T21:59:12.088101+00:00,26.640815833333335,-81.97429333333334,0a:c0:3e:41:7e:19,-87,5785,158,xfinitywifi,Unknown
2025-10-20T21:59:12.088101+00:00,26.640815833333335,-81.97429333333334,92:9c:8e:12:38:15,-88,5220,45,XfinityMad,Unknown
2025-10-20T21:59:12.088101+00:00,26.640815833333335,-81.97429333333334,fa:6d:cc:a1:45:c5,-90,5745,150,myChevrolet 45C5,Unknown
2025-10-20T21:59:48.740832+00:00,26.637958333333334,-81.974294,34:98:b5:33:2b:94,-71,2442,7,AeroSpaceFSW239,Unknown
2025-10-20T21:59:48.740832+00:00,26.637958333333334,-81.974294,72:13:01:f4:a4:81,-72,2437,6,Nocera Studio,Unknown
2025-10-20T21:59:48.740832+00:00,26.637958333333334,-81.974294,3a:98:b5:35:13:ba,-78,2442,7,AeroSpaceFSW239,Unknown
2025-10-20T21:59:48.740832+00:00,26.637958333333334,-81.974294,72:13:01:fb:a4:82,-79,5220,45,Nocera Studio,Unknown
2025-10-20T21:59:48.740832+00:00,26.637958333333334,-81.974294,c6:50:9c:f7:43:c1,-80,2412,1,XfinityMad,Unknown
2025-10-20T21:59:48.740832+00:00,26.637958333333334,-81.974294,94:a6:7e:c1:0f:37,-80,2412,1,NETGEAR11,Unknown
2025-10-20T21:59:48.740832+00:00,26.637958333333334,-81.974294,4a:bd:ce:46:ff:35,-81,2462,11,GABRIEL,Unknown
2025-10-20T21:59:48.740832+00:00,26.637958333333334,-81.974294,34:98:b5:35:13:e3,-81,5200,41,AeroSpaceFSW239,Unknown
2025-10-20T21:59:48.740832+00:00,26.637958333333334,-81.974294,72:13:01:fb:a4:84,-82,5220,45,xfinitywifi,Unknown
2025-10-20T21:59:48.740832+00:00,26.637958333333334,-81.974294,8a:9c:8e:12:38:14,-83,2462,11,XfinityMad,Unknown
2025-10-20T21:59:48.740832+00:00,26.637958333333334,-81.974294,12:36:aa:6e:b0:29,-83,2462,11,Toby25,Unknown
2025-10-20T21:59:48.740832+00:00,26.637958333333334,-81.974294,3a:98:b5:35:13:e2,-84,2442,7,AeroSpaceFSW239,Unknown
2025-10-20T21:59:48.740832+00:00,26.637958333333334,-81.974294,38:88:71:2b:81:5b,-84,2412,1,Verizon_4J6GXN,Unknown
2025-10-20T21:59:48.740832+00:00,26.637958333333334,-81.974294,34:98:b5:33:2b:95,-85,5200,41,AeroSpaceFSW239,Unknown
2025-10-20T21:59:48.740832+00:00,26.637958333333334,-81.974294,00:54:af:35:a9:ae,-85,2422,3,HotspotA9AE,Unknown
2025-10-20T21:59:48.740832+00:00,26.637958333333334,-81.974294,14:c0:3e:41:7e:19,-87,5785,158,Gio-5,Unknown
2025-10-20T21:59:48.740832+00:00,26.637958333333334,-81.974294,0a:c0:3e:41:7e:19,-87,5785,158,xfinitywifi,Unknown
2025-10-20T21:59:48.740832+00:00,26.637958333333334,-81.974294,92:9c:8e:12:38:15,-88,5220,45,XfinityMad,Unknown
2025-10-20T21:59:48.740832+00:00,26.637958333333334,-81.974294,50:fd:d5:a4:ef:65,-88,2412,1,[range]_E30AJT7113500M,Unknown
2025-10-20T21:59:48.740832+00:00,26.637958333333334,-81.974294,fa:6d:cc:a1:45:c5,-90,5745,150,myChevrolet 45C5,Unknown
2025-10-20T21:59:48.740832+00:00,26.636593333333334,-81.97428266666667,72:13:01:f4:a4:81,-72,2437,6,Nocera Studio,Unknown
2025-10-20T21:59:48.740832+00:00,26.636593333333334,-81.97428266666667,80:d0:4a:48:20:ec,-75,5785,158,PINA,Unknown
2025-10-20T21:59:48.740832+00:00,26.636593333333334,-81.97428266666667,d4:6c:6d:1b:24:cc,-76,2412,1,Ledesma,Unknown
2025-10-20T21:59:48.740832+00:00,26.636593333333334,-81.97428266666667,80:d0:4a:48:20:ee,-76,5785,158,xfinitywifi,Unknown
2025-10-20T21:59:48.740832+00:00,26.636593333333334,-81.97428266666667,72:13:01:fb:a4:82,-79,5220,45,Nocera Studio,Unknown
2025-10-20T21:59:48.740832+00:00,26.636593333333334,-81.97428266666667,fa:92:bf:6d:4a:76,-79,2437,6,CCCC Guest,Unknown
2025-10-20T21:59:48.740832+00:00,26.636593333333334,-81.97428266666667,94:a6:7e:c1:0f:37,-80,2412,1,NETGEAR11,Unknown
2025-10-20T21:59:48.740832+00:00,26.636593333333334,-81.97428266666667,72:13:01:fb:a4:84,-82,5220,45,xfinitywifi,Unknown
2025-10-20T21:59:48.740832+00:00,26.636593333333334,-81.97428266666667,12:36:aa:6e:b0:29,-83,2462,11,Toby25,Unknown
2025-10-20T21:59:48.740832+00:00,26.636593333333334,-81.97428266666667,38:88:71:2b:81:5b,-84,2412,1,Verizon_4J6GXN,Unknown
2025-10-20T21:59:48.740832+00:00,26.636593333333334,-81.97428266666667,00:54:af:35:a9:ae,-85,2422,3,HotspotA9AE,Unknown
2025-10-20T21:59:48.740832+00:00,26.636593333333334,-81.97428266666667,42:0f:c1:c2:97:29,-86,2462,11,MARIA WIFI,Unknown
2025-10-20T21:59:48.740832+00:00,26.636593333333334,-81.97428266666667,14:c0:3e:41:7e:19,-87,5785,158,Gio-5,Unknown
2025-10-20T21:59:48.740832+00:00,26.636593333333334,-81.97428266666667,0a:c0:3e:41:7e:19,-87,5785,158,xfinitywifi,Unknown
2025-10-20T21:59:48.740832+00:00,26.636593333333334,-81.97428266666667,50:fd:d5:a4:ef:65,-88,2412,1,[range]_E30AJT7113500M,Unknown
2025-10-20T21:59:48.740832+00:00,26.636593333333334,-81.97428266666667,80:d0:4a:48:20:f0,-89,5785,158,Xfinity Mobile,Unknown
2025-10-20T21:59:48.740832+00:00,26.636593333333334,-81.97428266666667,fa:6d:cc:a1:45:c5,-90,5745,150,myChevrolet 45C5,Unknown
2025-10-20T21:59:48.740832+00:00,26.635214833333333,-81.974284,58:96:30:46:dd:8c,-74,2412,1,CBCI-DD88,Unknown
2025-10-20T21:59:48.740832+00:00,26.635214833333333,-81.974284,80:d0:4a:48:20:ec,-75,5785,158,PINA,Unknown
2025-10-20T21:59:48.740832+00:00,26.635214833333333,-81.974284,d4:6c:6d:1b:24:cc,-76,2412,1,Ledesma,Unknown
2025-10-20T21:59:48.740832+00:00,26.635214833333333,-81.974284,80:d0:4a:48:20:ee,-76,5785,158,xfinitywifi,Unknown
2025-10-20T21:59:48.740832+00:00,26.635214833333333,-81.974284,98:0d:67:e3:f2:52,-76,2412,1,CenturyLink7776,Unknown
2025-10-20T21:59:48.740832+00:00,26.635214833333333,-81.974284,fa:92:bf:6d:4a:76,-79,2437,6,CCCC Guest,Unknown
2025-10-20T21:59:48.740832+00:00,26.635214833333333,-81.974284,10:c2:5a:b6:e3:34,-79,5320,65,DIRECTV_WVB_38C8231F,Unknown
2025-10-20T21:59:48.740832+00:00,26.635214833333333,-81.974284,94:a6:7e:c1:0f:37,-80,2412,1,NETGEAR11,Unknown
2025-10-20T21:59:48.740832+00:00,26.635214833333333,-81.974284,98:0d:67:e3:f2:53,-80,5240,49,CenturyLink7776_5G,Unknown
2025-10-20T21:59:48.740832+00:00,26.635214833333333,-81.974284,fa:6d:cc:d3:9d:25,-82,2442,7,myGMC 9D25,Unknown
2025-10-20T21:59:48.740832+00:00,26.635214833333333,-81.974284,12:36:aa:6e:b0:29,-83,2462,11,Toby25,Unknown
2025-10-20T21:59:48.740832+00:00,26.635214833333333,-81.974284,38:88:71:2b:81:5b,-84,2412,1,Verizon_4J6GXN,Unknown
2025-10-20T21:59:48.740832+00:00,26.635214833333333,-81.974284,00:54:af:35:a9:ae,-85,2422,3,HotspotA9AE,Unknown
2025-10-20T21:59:48.740832+00:00,26.635214833333333,-81.974284,42:0f:c1:c2:97:29,-86,2462,11,MARIA WIFI,Unknown
2025-10-20T21:59:48.740832+00:00,26.635214833333333,-81.974284,14:c0:3e:41:7e:19,-87,5785,158,Gio-5,Unknown
2025-10-20T21:59:48.740832+00:00,26.635214833333333,-81.974284,0a:c0:3e:41:7e:19,-87,5785,158,xfinitywifi,Unknown
2025-10-20T21:59:48.740832+00:00,26.635214833333333,-81.974284,50:fd:d5:a4:ef:65,-88,2412,1,[range]_E30AJT7113500M,Unknown
2025-10-20T21:59:48.740832+00:00,26.635214833333333,-81.974284,80:d0:4a:48:20:f0,-89,5785,158,Xfinity Mobile,Unknown
2025-10-20T21:59:48.740832+00:00,26.633884666666667,-81.974282,58:96:30:46:dd:8c,-74,2412,1,CBCI-DD88,Unknown
2025-10-20T21:59:48.740832+00:00,26.633884666666667,-81.974282,80:d0:4a:48:20:ec,-75,5785,158,PINA,Unknown
2025-10-20T21:59:48.740832+00:00,26.633884666666667,-81.974282,d4:6c:6d:1b:24:cc,-76,2412,1,Ledesma,Unknown
2025-10-20T21:59:48.740832+00:00,26.633884666666667,-81.974282,80:d0:4a:48:20:ee,-76,5785,158,xfinitywifi,Unknown
2025-10-20T21:59:48.740832+00:00,26.633884666666667,-81.974282,98:0d:67:e3:f2:52,-76,2412,1,CenturyLink7776,Unknown
2025-10-20T21:59:48.740832+00:00,26.633884666666667,-81.974282,ca:6e:d3:2b:6a:a8,-78,2462,11,The Simonelli Group,Unknown
2025-10-20T21:59:48.740832+00:00,26.633884666666667,-81.974282,ca:6e:d3:3b:6a:a8,-78,5765,154,The Simonelli Group,Unknown
2025-10-20T21:59:48.740832+00:00,26.633884666666667,-81.974282,fa:92:bf:6d:4a:76,-79,2437,6,CCCC Guest,Unknown
2025-10-20T21:59:48.740832+00:00,26.633884666666667,-81.974282,10:c2:5a:b6:e3:34,-79,5320,65,DIRECTV_WVB_38C8231F,Unknown
2025-10-20T21:59:48.740832+00:00,26.633884666666667,-81.974282,94:a6:7e:c1:0f:37,-80,2412,1,NETGEAR11,Unknown
2025-10-20T21:59:48.740832+00:00,26.633884666666667,-81.974282,98:0d:67:e3:f2:53,-80,5240,49,CenturyLink7776_5G,Unknown
2025-10-20T21:59:48.740832+00:00,26.633884666666667,-81.974282,ba:5e:71:27:0d:7b,-80,2412,1,xfinity914,Unknown
2025-10-20T21:59:48.740832+00:00,26.633884666666667,-81.974282,28:7a:ee:b5:95:3a,-83,5765,154,Xfinity Mobile,Unknown
2025-10-20T21:59:48.740832+00:00,26.633884666666667,-81.974282,38:88:71:2b:81:5b,-84,2412,1,Verizon_4J6GXN,Unknown
2025-10-20T21:59:48.740832+00:00,26.633884666666667,-81.974282,28:7a:ee:b5:95:3b,-84,5765,154,xfinitywifi,Unknown
2025-10-20T21:59:48.740832+00:00,26.633884666666667,-81.974282,00:54:af:35:a9:ae,-85,2422,3,HotspotA9AE,Unknown
2025-10-20T21:59:48.740832+00:00,26.633884666666667,-81.974282,42:0f:c1:c2:97:29,-86,2462,11,MARIA WIFI,Unknown
2025-10-20T21:59:48.740832+00:00,26.633884666666667,-81.974282,50:fd:d5:a4:ef:65,-88,2412,1,[range]_E30AJT7113500M,Unknown
2025-10-20T21:59:48.740832+00:00,26.633884666666667,-81.974282,22:28:bc:99:82:40,-88,2462,11,[LG_Oven]8240,Unknown
2025-10-20T21:59:48.740832+00:00,26.633884666666667,-81.974282,80:d0:4a:48:20:f0,-89,5785,158,Xfinity Mobile,Unknown
2025-10-20T21:59:48.740832+00:00,26.633884666666667,-81.974282,b0:a7:32:fd:1a:1d,-89,2437,6,RMC_FD1A1C,Unknown
2025-10-20T21:59:48.740832+00:00,26.633884666666667,-81.974282,98:ed:5c:a3:1b:c7,-91,2427,4,TeslaWallConnector_A31BC7,Unknown
2025-10-20T21:59:48.740832+00:00,26.633884666666667,-81.974282,38:01:46:c1:4d:50,-91,2437,6,AP20012484,Unknown
2025-10-20T21:59:48.740832+00:00,26.633884666666667,-81.974282,00:30:44:9b:20:a5,-91,5785,158,IBR900-0a3-5g,Unknown
2025-10-20T21:59:48.740832+00:00,26.633884666666667,-81.974282,fa:6d:cc:d3:9d:25,-92,2442,7,myGMC 9D25,Unknown
2025-10-20T22:00:23.183156+00:00,26.6327585,-81.97427516666667,62:e6:f0:e7:5c:88,-71,5785,158,DIRECT-BMW 29017,Unknown
2025-10-20T22:00:23.183156+00:00,26.6327585,-81.97427516666667,58:96:30:46:dd:8c,-74,2412,1,CBCI-DD88,Unknown
2025-10-20T22:00:23.183156+00:00,26.6327585,-81.97427516666667,62:e6:f0:f7:5c:88,-74,2462,11,DIRECT-BMW 29017,Unknown
2025-10-20T22:00:23.183156+00:00,26.6327585,-81.97427516666667,98:0d:67:e3:f2:52,-76,2412,1,CenturyLink7776,Unknown
2025-10-20T22:00:23.183156+00:00,26.6327585,-81.97427516666667,28:7a:ee:b5:95:3b,-77,5765,154,xfinitywifi,Unknown
2025-10-20T22:00:23.183156+00:00,26.6327585,-81.97427516666667,ca:6e:d3:2b:6a:a8,-78,2462,11,The Simonelli Group,Unknown
2025-10-20T22:00:23.183156+00:00,26.6327585,-81.97427516666667,ca:6e:d3:3b:6a:a8,-78,5765,154,The Simonelli Group,Unknown
2025-10-20T22:00:23.183156+00:00,26.6327585,-81.97427516666667,10:c2:5a:b6:e3:34,-79,5320,65,DIRECTV_WVB_38C8231F,Unknown
2025-10-20T22:00:23.183156+00:00,26.6327585,-81.97427516666667,38:01:46:c1:4d:50,-79,2437,6,AP20012484,Unknown
2025-10-20T22:00:23.183156+00:00,26.6327585,-81.97427516666667,28:7a:ee:b5:95:3a,-79,5765,154,Xfinity Mobile,Unknown
2025-10-20T22:00:23.183156+00:00,26.6327585,-81.97427516666667,7c:0c:f6:0c:71:24,-79,2437,6,Dash-6391,Unknown
2025-10-20T22:00:23.183156+00:00,26.6327585,-81.97427516666667,98:0d:67:e3:f2:53,-80,5240,49,CenturyLink7776_5G,Unknown
2025-10-20T22:00:23.183156+00:00,26.6327585,-81.97427516666667,ba:5e:71:27:0d:7b,-80,2412,1,xfinity914,Unknown
2025-10-20T22:00:23.183156+00:00,26.6327585,-81.97427516666667,22:28:bc:99:82:40,-88,2462,11,[LG_Oven]8240,Unknown
2025-10-20T22:00:23.183156+00:00,26.6327585,-81.97427516666667,b0:a7:32:fd:1a:1d,-89,2437,6,RMC_FD1A1C,Unknown
2025-10-20T22:00:23.183156+00:00,26.6327585,-81.97427516666667,d2:40:ef:37:81:94,-90,5745,150,DMX1037S_6862,Unknown
2025-10-20T22:00:23.183156+00:00,26.6327585,-81.97427516666667,98:ed:5c:a3:1b:c7,-91,2427,4,TeslaWallConnector_A31BC7,Unknown
2025-10-20T22:00:23.183156+00:00,26.6327585,-81.97427516666667,00:30:44:9b:20:a5,-91,5785,158,IBR900-0a3-5g,Unknown
2025-10-20T22:00:23.183156+00:00,26.6327585,-81.97427516666667,fa:6d:cc:d3:9d:25,-92,2442,7,myGMC 9D25,Unknown
2025-10-20T22:00:23.183156+00:00,26.632757166666668,-81.97427983333333,62:e6:f0:f7:5c:88,-70,2462,11,DIRECT-BMW 29017,Unknown
2025-10-20T22:00:23.183156+00:00,26.632757166666668,-81.97427983333333,28:7a:ee:b5:95:3a,-73,5765,154,Xfinity Mobile,Unknown
2025-10-20T22:00:23.183156+00:00,26.632757166666668,-81.97427983333333,28:7a:ee:b5:95:3b,-73,5765,154,xfinitywifi,Unknown
2025-10-20T22:00:23.183156+00:00,26.632757166666668,-81.97427983333333,62:e6:f0:e7:5c:88,-74,5785,158,DIRECT-BMW 29017,Unknown
2025-10-20T22:00:23.183156+00:00,26.632757166666668,-81.97427983333333,ca:6e:d3:2b:6a:a8,-78,2462,11,The Simonelli Group,Unknown
2025-10-20T22:00:23.183156+00:00,26.632757166666668,-81.97427983333333,38:01:46:c1:4d:50,-79,2437,6,AP20012484,Unknown
2025-10-20T22:00:23.183156+00:00,26.632757166666668,-81.97427983333333,7c:0c:f6:0c:71:24,-79,2437,6,Dash-6391,Unknown
2025-10-20T22:00:23.183156+00:00,26.632757166666668,-81.97427983333333,ba:5e:71:27:0d:7b,-80,2412,1,xfinity914,Unknown
2025-10-20T22:00:23.183156+00:00,26.632757166666668,-81.97427983333333,b0:a7:32:fd:1a:1d,-82,2437,6,RMC_FD1A1C,Unknown
2025-10-20T22:00:23.183156+00:00,26.632757166666668,-81.97427983333333,28:7a:ee:b5:8d:2a,-83,5805,162,Xfinity Mobile,Unknown
2025-10-20T22:00:23.183156+00:00,26.632757166666668,-81.97427983333333,28:7a:ee:b5:8d:2b,-84,5805,162,xfinitywifi,Unknown
2025-10-20T22:00:23.183156+00:00,26.632757166666668,-81.97427983333333,48:8f:4c:f9:16:a8,-85,2412,1,Varadero Ink-ext,Unknown
2025-10-20T22:00:23.183156+00:00,26.632757166666668,-81.97427983333333,22:28:bc:99:82:40,-88,2462,11,[LG_Oven]8240,Unknown
2025-10-20T22:00:23.183156+00:00,26.632757166666668,-81.97427983333333,ca:6e:d3:3b:6a:a8,-88,5765,154,The Simonelli Group,Unknown
2025-10-20T22:00:23.183156+00:00,26.632757166666668,-81.97427983333333,d2:40:ef:37:81:94,-88,5745,150,DMX1037S_6862,Unknown
2025-10-20T22:00:23.183156+00:00,26.632757166666668,-81.97427983333333,ac:23:16:5c:94:9e,-90,5745,150,CVSConnect,Unknown
2025-10-20T22:00:23.183156+00:00,26.632757166666668,-81.97427983333333,98:ed:5c:a3:1b:c7,-91,2427,4,TeslaWallConnector_A31BC7,Unknown
2025-10-20T22:00:23.183156+00:00,26.632757166666668,-81.97427983333333,00:30:44:9b:20:a5,-91,5785,158,IBR900-0a3-5g,Unknown
2025-10-20T22:00:23.183156+00:00,26.632757166666668,-81.97427983333333,fa:6d:cc:a1:45:c5,-91,5745,150,myChevrolet 45C5,Unknown
2025-10-20T22:00:23.183156+00:00,26.632757166666668,-81.97427983333333,ac:23:16:5c:e0:24,-91,5805,162,\x00\x00\x00\x00\x00\x00\x00\x00\x00\x00,Unknown
2025-10-20T22:00:23.183156+00:00,26.632757166666668,-81.97427983333333,ac:23:16:5c:e0:25,-91,5805,162,CVSCust100c,Unknown
2025-10-20T22:00:23.183156+00:00,26.632757166666668,-81.97427983333333,ac:23:16:5c:e0:28,-91,5805,162,\x00\x00\x00\x00\x00\x00\x00\x00\x00,Unknown
2025-10-20T22:00:23.183156+00:00,26.632757166666668,-81.97427983333333,ac:23:16:5c:e0:2c,-91,5805,162,\x00\x00\x00\x00\x00\x00\x00\x00\x00\x00\x00,Unknown
2025-10-20T22:00:23.183156+00:00,26.632757166666668,-81.97427983333333,fa:6d:cc:d3:9d:25,-92,2442,7,myGMC 9D25,Unknown
2025-10-20T22:00:23.183156+00:00,26.632757666666667,-81.97428183333334,fa:6d:cc:c1:45:c5,-58,2442,7,myChevrolet 45C5,Unknown
2025-10-20T22:00:23.183156+00:00,26.632757666666667,-81.97428183333334,1a:af:e5:f1:9d:f3,-62,2437,6,iPhone,Unknown
2025-10-20T22:00:23.183156+00:00,26.632757666666667,-81.97428183333334,62:e6:f0:f7:5c:88,-69,2462,11,DIRECT-BMW 29017,Unknown
2025-10-20T22:00:23.183156+00:00,26.632757666666667,-81.97428183333334,62:e6:f0:e7:5c:88,-71,5785,158,DIRECT-BMW 29017,Unknown
2025-10-20T22:00:23.183156+00:00,26.632757666666667,-81.97428183333334,fa:6d:cc:a1:45:c5,-71,5745,150,myChevrolet 45C5,Unknown
2025-10-20T22:00:23.183156+00:00,26.632757666666667,-81.97428183333334,38:01:46:c1:4d:50,-79,2437,6,AP20012484,Unknown
2025-10-20T22:00:23.183156+00:00,26.632757666666667,-81.97428183333334,7c:0c:f6:0c:71:24,-79,2437,6,Dash-6391,Unknown
2025-10-20T22:00:23.183156+00:00,26.632757666666667,-81.97428183333334,28:7a:ee:b5:8d:2a,-81,5805,162,Xfinity Mobile,Unknown
2025-10-20T22:00:23.183156+00:00,26.632757666666667,-81.97428183333334,28:7a:ee:b5:8d:2b,-81,5805,162,xfinitywifi,Unknown
2025-10-20T22:00:23.183156+00:00,26.632757666666667,-81.97428183333334,b0:a7:32:fd:1a:1d,-82,2437,6,RMC_FD1A1C,Unknown
2025-10-20T22:00:23.183156+00:00,26.632757666666667,-81.97428183333334,28:7a:ee:b5:95:3a,-82,5765,154,Xfinity Mobile,Unknown
2025-10-20T22:00:23.183156+00:00,26.632757666666667,-81.97428183333334,28:7a:ee:b5:95:3b,-82,5765,154,xfinitywifi,Unknown
2025-10-20T22:00:23.183156+00:00,26.632757666666667,-81.97428183333334,00:54:af:61:3a:ba,-82,2412,1,Hotspot3ABA,Unknown
2025-10-20T22:00:23.183156+00:00,26.632757666666667,-81.97428183333334,48:8f:4c:f9:16:a8,-85,2412,1,Varadero Ink-ext,Unknown
2025-10-20T22:00:23.183156+00:00,26.632757666666667,-81.97428183333334,22:ad:56:a6:d7:97,-86,2412,1,HotspotD797,Unknown
2025-10-20T22:00:23.183156+00:00,26.632757666666667,-81.97428183333334,ca:6e:d3:3b:6a:a8,-88,5765,154,The Simonelli Group,Unknown
2025-10-20T22:00:23.183156+00:00,26.632757666666667,-81.97428183333334,ac:23:16:5c:94:9e,-90,5745,150,CVSConnect,Unknown
2025-10-20T22:00:23.183156+00:00,26.632757666666667,-81.97428183333334,d2:40:ef:37:81:94,-91,5745,150,DMX1037S_6862,Unknown
2025-10-20T22:00:23.183156+00:00,26.632757666666667,-81.97428183333334,ac:23:16:5c:e0:24,-91,5805,162,\x00\x00\x00\x00\x00\x00\x00\x00\x00\x00,Unknown
2025-10-20T22:00:23.183156+00:00,26.632757666666667,-81.97428183333334,ac:23:16:5c:e0:25,-91,5805,162,CVSCust100c,Unknown
2025-10-20T22:00:23.183156+00:00,26.632757666666667,-81.97428183333334,ac:23:16:5c:e0:28,-91,5805,162,\x00\x00\x00\x00\x00\x00\x00\x00\x00,Unknown
2025-10-20T22:00:23.183156+00:00,26.632757666666667,-81.97428183333334,ac:23:16:5c:e0:2c,-91,5805,162,\x00\x00\x00\x00\x00\x00\x00\x00\x00\x00\x00,Unknown
2025-10-20T22:00:23.183156+00:00,26.632763166666667,-81.9742895,fa:6d:cc:c1:45:c5,-61,2442,7,myChevrolet 45C5,Unknown
2025-10-20T22:00:23.183156+00:00,26.632763166666667,-81.9742895,1a:af:e5:f1:9d:f3,-72,2437,6,iPhone,Unknown
2025-10-20T22:00:23.183156+00:00,26.632763166666667,-81.9742895,fa:6d:cc:a1:45:c5,-73,5745,150,myChevrolet 45C5,Unknown
2025-10-20T22:00:23.183156+00:00,26.632763166666667,-81.9742895,28:7a:ee:b5:95:3b,-75,5765,154,xfinitywifi,Unknown
2025-10-20T22:00:23.183156+00:00,26.632763166666667,-81.9742895,28:7a:ee:b5:95:3a,-76,5765,154,Xfinity Mobile,Unknown
2025-10-20T22:00:23.183156+00:00,26.632763166666667,-81.9742895,62:e6:f0:f7:5c:88,-76,2462,11,DIRECT-BMW 29017,Unknown
2025-10-20T22:00:23.183156+00:00,26.632763166666667,-81.9742895,38:01:46:c1:4d:50,-79,2437,6,AP20012484,Unknown
2025-10-20T22:00:23.183156+00:00,26.632763166666667,-81.9742895,7c:0c:f6:0c:71:24,-79,2437,6,Dash-6391,Unknown
2025-10-20T22:00:23.183156+00:00,26.632763166666667,-81.9742895,62:e6:f0:e7:5c:88,-79,5785,158,DIRECT-BMW 29017,Unknown
2025-10-20T22:00:23.183156+00:00,26.632763166666667,-81.9742895,b0:a7:32:fd:1a:1d,-82,2437,6,RMC_FD1A1C,Unknown
2025-10-20T22:00:23.183156+00:00,26.632763166666667,-81.9742895,00:54:af:61:3a:ba,-82,2412,1,Hotspot3ABA,Unknown
2025-10-20T22:00:23.183156+00:00,26.632763166666667,-81.9742895,28:7a:ee:b5:8d:2a,-84,5805,162,Xfinity Mobile,Unknown
2025-10-20T22:00:23.183156+00:00,26.632763166666667,-81.9742895,22:ad:56:a6:d7:97,-84,2412,1,HotspotD797,Unknown
2025-10-20T22:00:23.183156+00:00,26.632763166666667,-81.9742895,48:8f:4c:f9:16:a8,-85,2412,1,Varadero Ink-ext,Unknown
2025-10-20T22:00:23.183156+00:00,26.632763166666667,-81.9742895,28:7a:ee:b5:8d:2b,-85,5805,162,xfinitywifi,Unknown
2025-10-20T22:00:23.183156+00:00,26.632763166666667,-81.9742895,ca:6e:d3:3b:6a:a8,-88,5765,154,The Simonelli Group,Unknown
2025-10-20T22:00:23.183156+00:00,26.632763166666667,-81.9742895,ac:23:16:5c:94:9e,-90,5745,150,CVSConnect,Unknown
2025-10-20T22:00:23.183156+00:00,26.632763166666667,-81.9742895,d2:40:ef:37:81:94,-91,5745,150,DMX1037S_6862,Unknown
2025-10-20T22:00:23.183156+00:00,26.632763166666667,-81.9742895,ac:23:16:5c:e0:24,-91,5805,162,\x00\x00\x00\x00\x00\x00\x00\x00\x00\x00,Unknown
2025-10-20T22:00:23.183156+00:00,26.632763166666667,-81.9742895,ac:23:16:5c:e0:25,-91,5805,162,CVSCust100c,Unknown
2025-10-20T22:00:23.183156+00:00,26.632763166666667,-81.9742895,ac:23:16:5c:e0:28,-91,5805,162,\x00\x00\x00\x00\x00\x00\x00\x00\x00,Unknown
2025-10-20T22:00:23.183156+00:00,26.632763166666667,-81.9742895,ac:23:16:5c:e0:2c,-91,5805,162,\x00\x00\x00\x00\x00\x00\x00\x00\x00\x00\x00,Unknown
2025-10-20T22:01:01.511207+00:00,26.632764166666668,-81.97428783333334,fa:6d:cc:c1:45:c5,-61,2442,7,myChevrolet 45C5,Unknown
2025-10-20T22:01:01.511207+00:00,26.632764166666668,-81.97428783333334,62:e6:f0:f7:5c:88,-71,2462,11,DIRECT-BMW 29017,Unknown
2025-10-20T22:01:01.511207+00:00,26.632764166666668,-81.97428783333334,1a:af:e5:f1:9d:f3,-72,2437,6,iPhone,Unknown
2025-10-20T22:01:01.511207+00:00,26.632764166666668,-81.97428783333334,62:e6:f0:e7:5c:88,-74,5785,158,DIRECT-BMW 29017,Unknown
2025-10-20T22:01:01.511207+00:00,26.632764166666668,-81.97428783333334,fa:6d:cc:a1:45:c5,-74,5745,150,myChevrolet 45C5,Unknown
2025-10-20T22:01:01.511207+00:00,26.632764166666668,-81.97428783333334,28:7a:ee:b5:95:3b,-75,5765,154,xfinitywifi,Unknown
2025-10-20T22:01:01.511207+00:00,26.632764166666668,-81.97428783333334,00:54:af:61:3a:ba,-82,2412,1,Hotspot3ABA,Unknown
2025-10-20T22:01:01.511207+00:00,26.632764166666668,-81.97428783333334,28:7a:ee:b5:95:3a,-83,5765,154,Xfinity Mobile,Unknown
2025-10-20T22:01:01.511207+00:00,26.632764166666668,-81.97428783333334,28:7a:ee:b5:8d:2a,-84,5805,162,Xfinity Mobile,Unknown
2025-10-20T22:01:01.511207+00:00,26.632764166666668,-81.97428783333334,22:ad:56:a6:d7:97,-84,2412,1,HotspotD797,Unknown
2025-10-20T22:01:01.511207+00:00,26.632764166666668,-81.97428783333334,28:7a:ee:b5:8d:2b,-85,5805,162,xfinitywifi,Unknown
2025-10-20T22:01:01.511207+00:00,26.632764166666668,-81.97428783333334,d2:40:ef:37:81:94,-91,5745,150,DMX1037S_6862,Unknown
2025-10-20T22:01:01.511207+00:00,26.632764166666668,-81.97428783333334,ac:23:16:5c:e0:25,-91,5805,162,CVSCust100c,Unknown
2025-10-20T22:01:01.511207+00:00,26.632765666666668,-81.97428533333333,fa:6d:cc:a1:45:c5,-69,5745,150,myChevrolet 45C5,Unknown
2025-10-20T22:01:01.511207+00:00,26.632765666666668,-81.97428533333333,62:e6:f0:f7:5c:88,-70,2462,11,DIRECT-BMW 29017,Unknown
2025-10-20T22:01:01.511207+00:00,26.632765666666668,-81.97428533333333,fa:6d:cc:c1:45:c5,-72,2442,7,myChevrolet 45C5,Unknown
2025-10-20T22:01:01.511207+00:00,26.632765666666668,-81.97428533333333,62:e6:f0:e7:5c:88,-74,5785,158,DIRECT-BMW 29017,Unknown
2025-10-20T22:01:01.511207+00:00,26.632765666666668,-81.97428533333333,28:7a:ee:b5:95:3a,-77,5765,154,Xfinity Mobile,Unknown
2025-10-20T22:01:01.511207+00:00,26.632765666666668,-81.97428533333333,28:7a:ee:b5:95:3b,-77,5765,154,xfinitywifi,Unknown
2025-10-20T22:01:01.511207+00:00,26.632765666666668,-81.97428533333333,1a:af:e5:f1:9d:f3,-78,2437,6,iPhone,Unknown
2025-10-20T22:01:01.511207+00:00,26.632765666666668,-81.97428533333333,a0:cd:f3:60:ca:2f,-81,2462,11,TOYOTA Camry_CA2FF360A0CD,Unknown
2025-10-20T22:01:01.511207+00:00,26.632765666666668,-81.97428533333333,3e:ce:4f:1f:20:61,-82,5180,37,AndroidShare_3241,Unknown
2025-10-20T22:01:01.511207+00:00,26.632765666666668,-81.97428533333333,28:7a:ee:b5:8d:2a,-84,5805,162,Xfinity Mobile,Unknown
2025-10-20T22:01:01.511207+00:00,26.632765666666668,-81.97428533333333,22:ad:56:a6:d7:97,-84,2412,1,HotspotD797,Unknown
2025-10-20T22:01:01.511207+00:00,26.632765666666668,-81.97428533333333,28:7a:ee:b5:8d:2b,-85,5805,162,xfinitywifi,Unknown
2025-10-20T22:01:01.511207+00:00,26.632765666666668,-81.97428533333333,d2:40:ef:37:81:94,-88,5745,150,DMX1037S_6862,Unknown
2025-10-20T22:01:01.511207+00:00,26.632765666666668,-81.97428533333333,50:89:65:28:41:5a,-88,2412,1,P5-3x4-4,Unknown
2025-10-20T22:01:01.511207+00:00,26.632765666666668,-81.97428533333333,ac:23:16:5c:94:92,-89,5745,150,\x00\x00\x00\x00\x00\x00\x00\x00\x00,Unknown
2025-10-20T22:01:01.511207+00:00,26.632765666666668,-81.97428533333333,ac:23:16:5c:94:93,-89,5745,150,\x00\x00\x00\x00\x00\x00\x00\x00\x00,Unknown
2025-10-20T22:01:01.511207+00:00,26.632765666666668,-81.97428533333333,ac:23:16:5c:94:94,-90,5745,150,\x00\x00\x00\x00\x00\x00\x00\x00\x00\x00,Unknown
2025-10-20T22:01:01.511207+00:00,26.632765666666668,-81.97428533333333,ac:23:16:5c:94:98,-90,5745,150,\x00\x00\x00\x00\x00\x00\x00\x00\x00,Unknown
2025-10-20T22:01:01.511207+00:00,26.632765666666668,-81.97428533333333,ac:23:16:5c:94:99,-90,5745,150,\x00\x00\x00\x00\x00\x00\x00\x00\x00\x00,Unknown
2025-10-20T22:01:01.511207+00:00,26.632765666666668,-81.97428533333333,ac:23:16:5c:94:9e,-90,5745,150,CVSConnect,Unknown
2025-10-20T22:01:01.511207+00:00,26.632765666666668,-81.97428533333333,ac:23:16:5c:e0:25,-91,5805,162,CVSCust100c,Unknown
2025-10-20T22:01:01.511207+00:00,26.632766666666665,-81.97428316666667,fa:6d:cc:c1:45:c5,-61,2442,7,myChevrolet 45C5,Unknown
2025-10-20T22:01:01.511207+00:00,26.632766666666665,-81.97428316666667,fa:6d:cc:a1:45:c5,-68,5745,150,myChevrolet 45C5,Unknown
2025-10-20T22:01:01.511207+00:00,26.632766666666665,-81.97428316666667,62:e6:f0:f7:5c:88,-70,2462,11,DIRECT-BMW 29017,Unknown
2025-10-20T22:01:01.511207+00:00,26.632766666666665,-81.97428316666667,62:e6:f0:e7:5c:88,-76,5785,158,DIRECT-BMW 29017,Unknown
2025-10-20T22:01:01.511207+00:00,26.632766666666665,-81.97428316666667,28:7a:ee:b5:95:3a,-78,5765,154,Xfinity Mobile,Unknown
2025-10-20T22:01:01.511207+00:00,26.632766666666665,-81.97428316666667,1a:af:e5:f1:9d:f3,-78,2437,6,iPhone,Unknown
2025-10-20T22:01:01.511207+00:00,26.632766666666665,-81.97428316666667,28:7a:ee:b5:95:3b,-79,5765,154,xfinitywifi,Unknown
2025-10-20T22:01:01.511207+00:00,26.632766666666665,-81.97428316666667,a0:cd:f3:60:ca:2f,-81,2462,11,TOYOTA Camry_CA2FF360A0CD,Unknown
2025-10-20T22:01:01.511207+00:00,26.632766666666665,-81.97428316666667,3e:ce:4f:1f:20:61,-82,5180,37,AndroidShare_3241,Unknown
2025-10-20T22:01:01.511207+00:00,26.632766666666665,-81.97428316666667,28:7a:ee:b5:8d:2b,-83,5805,162,xfinitywifi,Unknown
2025-10-20T22:01:01.511207+00:00,26.632766666666665,-81.97428316666667,28:7a:ee:b5:8d:2a,-84,5805,162,Xfinity Mobile,Unknown
2025-10-20T22:01:01.511207+00:00,26.632766666666665,-81.97428316666667,b0:a7:32:fd:1a:1d,-85,2437,6,RMC_FD1A1C,Unknown
2025-10-20T22:01:01.511207+00:00,26.632766666666665,-81.97428316666667,d2:40:ef:37:81:94,-88,5745,150,DMX1037S_6862,Unknown
2025-10-20T22:01:01.511207+00:00,26.632766666666665,-81.97428316666667,50:89:65:28:41:5a,-88,2412,1,P5-3x4-4,Unknown
2025-10-20T22:01:01.511207+00:00,26.632766666666665,-81.97428316666667,ac:23:16:5c:94:92,-89,5745,150,\x00\x00\x00\x00\x00\x00\x00\x00\x00,Unknown
2025-10-20T22:01:01.511207+00:00,26.632766666666665,-81.97428316666667,ac:23:16:5c:94:93,-89,5745,150,\x00\x00\x00\x00\x00\x00\x00\x00\x00,Unknown
2025-10-20T22:01:01.511207+00:00,26.632766666666665,-81.97428316666667,ac:23:16:5c:94:94,-90,5745,150,\x00\x00\x00\x00\x00\x00\x00\x00\x00\x00,Unknown
2025-10-20T22:01:01.511207+00:00,26.632766666666665,-81.97428316666667,ac:23:16:5c:94:98,-90,5745,150,\x00\x00\x00\x00\x00\x00\x00\x00\x00,Unknown
2025-10-20T22:01:01.511207+00:00,26.632766666666665,-81.97428316666667,ac:23:16:5c:94:99,-90,5745,150,\x00\x00\x00\x00\x00\x00\x00\x00\x00\x00,Unknown
2025-10-20T22:01:01.511207+00:00,26.632766666666665,-81.97428316666667,ac:23:16:5c:94:9e,-90,5745,150,CVSConnect,Unknown
2025-10-20T22:01:01.511207+00:00,26.632766666666665,-81.97428316666667,ac:23:16:5c:e0:25,-91,5805,162,CVSCust100c,Unknown
2025-10-20T22:01:01.511207+00:00,26.632765666666668,-81.97428016666667,fa:6d:cc:c1:45:c5,-61,2442,7,myChevrolet 45C5,Unknown
2025-10-20T22:01:01.511207+00:00,26.632765666666668,-81.97428016666667,fa:6d:cc:a1:45:c5,-68,5745,150,myChevrolet 45C5,Unknown
2025-10-20T22:01:01.511207+00:00,26.632765666666668,-81.97428016666667,62:e6:f0:f7:5c:88,-71,2462,11,DIRECT-BMW 29017,Unknown
2025-10-20T22:01:01.511207+00:00,26.632765666666668,-81.97428016666667,62:e6:f0:e7:5c:88,-71,5785,158,DIRECT-BMW 29017,Unknown
2025-10-20T22:01:01.511207+00:00,26.632765666666668,-81.97428016666667,1a:af:e5:f1:9d:f3,-71,2437,6,iPhone,Unknown
2025-10-20T22:01:01.511207+00:00,26.632765666666668,-81.97428016666667,28:7a:ee:b5:95:3a,-76,5765,154,Xfinity Mobile,Unknown
2025-10-20T22:01:01.511207+00:00,26.632765666666668,-81.97428016666667,28:7a:ee:b5:95:3b,-76,5765,154,xfinitywifi,Unknown
2025-10-20T22:01:01.511207+00:00,26.632765666666668,-81.97428016666667,28:7a:ee:b5:8d:2b,-83,5805,162,xfinitywifi,Unknown
2025-10-20T22:01:01.511207+00:00,26.632765666666668,-81.97428016666667,3e:ce:4f:1f:20:61,-83,5180,37,AndroidShare_3241,Unknown
2025-10-20T22:01:01.511207+00:00,26.632765666666668,-81.97428016666667,a0:cd:f3:60:ca:2f,-85,2462,11,TOYOTA Camry_CA2FF360A0CD,Unknown
2025-10-20T22:01:01.511207+00:00,26.632765666666668,-81.97428016666667,b0:a7:32:fd:1a:1d,-85,2437,6,RMC_FD1A1C,Unknown
2025-10-20T22:01:01.511207+00:00,26.632765666666668,-81.97428016666667,d2:40:ef:37:81:94,-88,5745,150,DMX1037S_6862,Unknown
2025-10-20T22:01:01.511207+00:00,26.632765666666668,-81.97428016666667,50:89:65:28:41:5a,-88,2412,1,P5-3x4-4,Unknown
2025-10-20T22:01:01.511207+00:00,26.632765666666668,-81.97428016666667,ac:23:16:5c:94:92,-89,5745,150,\x00\x00\x00\x00\x00\x00\x00\x00\x00,Unknown
2025-10-20T22:01:01.511207+00:00,26.632765666666668,-81.97428016666667,ac:23:16:5c:94:93,-89,5745,150,\x00\x00\x00\x00\x00\x00\x00\x00\x00,Unknown
2025-10-20T22:01:01.511207+00:00,26.632765666666668,-81.97428016666667,22:ad:56:a6:d7:97,-89,2412,1,HotspotD797,Unknown
2025-10-20T22:01:01.511207+00:00,26.632765666666668,-81.97428016666667,ac:23:16:5c:94:94,-90,5745,150,\x00\x00\x00\x00\x00\x00\x00\x00\x00\x00,Unknown
2025-10-20T22:01:01.511207+00:00,26.632765666666668,-81.97428016666667,ac:23:16:5c:94:98,-90,5745,150,\x00\x00\x00\x00\x00\x00\x00\x00\x00,Unknown
2025-10-20T22:01:01.511207+00:00,26.632765666666668,-81.97428016666667,ac:23:16:5c:94:99,-90,5745,150,\x00\x00\x00\x00\x00\x00\x00\x00\x00\x00,Unknown
2025-10-20T22:01:01.511207+00:00,26.632765666666668,-81.97428016666667,ac:23:16:5c:94:95,-90,5745,150,CVSCust100c,Unknown
2025-10-20T22:01:01.511207+00:00,26.632765666666668,-81.97428016666667,ac:23:16:5c:94:9e,-91,5745,150,CVSConnect,Unknown
2025-10-20T22:01:37.839255+00:00,26.632765833333334,-81.97428233333333,1a:af:e5:f1:9d:f3,-61,2437,6,iPhone,Unknown
2025-10-20T22:01:37.839255+00:00,26.632765833333334,-81.97428233333333,fa:6d:cc:c1:45:c5,-64,2442,7,myChevrolet 45C5,Unknown
2025-10-20T22:01:37.839255+00:00,26.632765833333334,-81.97428233333333,fa:6d:cc:a1:45:c5,-67,5745,150,myChevrolet 45C5,Unknown
2025-10-20T22:01:37.839255+00:00,26.632765833333334,-81.97428233333333,62:e6:f0:f7:5c:88,-72,2462,11,DIRECT-BMW 29017,Unknown
2025-10-20T22:01:37.839255+00:00,26.632765833333334,-81.97428233333333,62:e6:f0:e7:5c:88,-74,5785,158,DIRECT-BMW 29017,Unknown
2025-10-20T22:01:37.839255+00:00,26.632765833333334,-81.97428233333333,38:01:46:c1:4d:50,-77,2437,6,AP20012484,Unknown
2025-10-20T22:01:37.839255+00:00,26.632765833333334,-81.97428233333333,28:7a:ee:b5:95:3b,-78,5765,154,xfinitywifi,Unknown
2025-10-20T22:01:37.839255+00:00,26.632765833333334,-81.97428233333333,28:7a:ee:b5:95:3a,-79,5765,154,Xfinity Mobile,Unknown
2025-10-20T22:01:37.839255+00:00,26.632765833333334,-81.97428233333333,96:1c:58:4a:64:fb,-79,5745,150,CHEVROLET1320,Unknown
2025-10-20T22:01:37.839255+00:00,26.632765833333334,-81.97428233333333,28:7a:ee:b5:8d:2a,-80,5805,162,Xfinity Mobile,Unknown
2025-10-20T22:01:37.839255+00:00,26.632765833333334,-81.97428233333333,28:7a:ee:b5:8d:2b,-83,5805,162,xfinitywifi,Unknown
2025-10-20T22:01:37.839255+00:00,26.632765833333334,-81.97428233333333,3e:ce:4f:1f:20:61,-83,5180,37,AndroidShare_3241,Unknown
2025-10-20T22:01:37.839255+00:00,26.632765833333334,-81.97428233333333,a0:cd:f3:60:ca:2f,-85,2462,11,TOYOTA Camry_CA2FF360A0CD,Unknown
2025-10-20T22:01:37.839255+00:00,26.632765833333334,-81.97428233333333,b0:a7:32:fd:1a:1d,-85,2437,6,RMC_FD1A1C,Unknown
2025-10-20T22:01:37.839255+00:00,26.632765833333334,-81.97428233333333,d0:c3:5a:0d:b9:e6,-85,5805,162,Hotspotde49,Unknown
2025-10-20T22:01:37.839255+00:00,26.632765833333334,-81.97428233333333,d2:40:ef:37:81:94,-88,5745,150,DMX1037S_6862,Unknown
2025-10-20T22:01:37.839255+00:00,26.632765833333334,-81.97428233333333,ac:23:16:5c:94:92,-89,5745,150,\x00\x00\x00\x00\x00\x00\x00\x00\x00,Unknown
2025-10-20T22:01:37.839255+00:00,26.632765833333334,-81.97428233333333,ac:23:16:5c:94:93,-89,5745,150,\x00\x00\x00\x00\x00\x00\x00\x00\x00,Unknown
2025-10-20T22:01:37.839255+00:00,26.632765833333334,-81.97428233333333,22:ad:56:a6:d7:97,-89,2412,1,HotspotD797,Unknown
2025-10-20T22:01:37.839255+00:00,26.632765833333334,-81.97428233333333,ac:23:16:5c:94:94,-90,5745,150,\x00\x00\x00\x00\x00\x00\x00\x00\x00\x00,Unknown
2025-10-20T22:01:37.839255+00:00,26.632765833333334,-81.97428233333333,ac:23:16:5c:94:98,-90,5745,150,\x00\x00\x00\x00\x00\x00\x00\x00\x00,Unknown
2025-10-20T22:01:37.839255+00:00,26.632765833333334,-81.97428233333333,ac:23:16:5c:94:99,-90,5745,150,\x00\x00\x00\x00\x00\x00\x00\x00\x00\x00,Unknown
2025-10-20T22:01:37.839255+00:00,26.632765833333334,-81.97428233333333,ac:23:16:5c:94:95,-90,5745,150,CVSCust100c,Unknown
2025-10-20T22:01:37.839255+00:00,26.632765833333334,-81.97428233333333,ac:23:16:5c:94:9e,-91,5745,150,CVSConnect,Unknown
