timestamp,lat,long,bssid,signal_dbm,frequency,channel,ssid,devicename
2025-10-14T15:19:47.918269+00:00,26.674714666666667,-81.8045235,9c:05:d6:e9:7e:62,-51,5200,41,Bermuda,Outside3
2025-10-14T15:19:47.918269+00:00,26.674714666666667,-81.8045235,9e:05:d6:96:2c:46,-65,2412,1,Bermuda Guest WIFI,inside2
2025-10-14T15:19:47.918269+00:00,26.674714666666667,-81.8045235,9c:05:d6:e9:7e:61,-56,2412,1,Bermuda,Outside3
2025-10-14T15:19:47.918269+00:00,26.674714666666667,-81.8045235,a2:05:d6:e9:7e:61,-55,2412,1,Bermuda Guest WIFI,Outside3
2025-10-14T15:19:47.918269+00:00,26.674714666666667,-81.8045235,9c:05:d6:d6:2c:46,-65,2412,1,Bermuda,inside2
2025-10-14T15:19:47.918269+00:00,26.674714666666667,-81.8045235,2a:70:4e:13:62:7a,-81,2437,6,Bermuda Guest WIFI,inside6
2025-10-14T15:19:47.918269+00:00,26.674714666666667,-81.8045235,28:70:4e:d0:89:14,-76,2437,6,Bermuda,pole 21
2025-10-14T15:19:47.918269+00:00,26.674714666666667,-81.8045235,2e:70:4e:d0:89:14,-76,2437,6,Bermuda Guest WIFI,pole 21
2025-10-14T15:19:47.918269+00:00,26.674714666666667,-81.8045235,2e:70:4e:d3:d3:88,-78,2437,6,Bermuda Guest WIFI,pole 22 SW
2025-10-14T15:19:47.918269+00:00,26.674714666666667,-81.8045235,f8:17:2d:76:5d:04,-71,2437,6,SmartLife-5D05,Unknown
2025-10-14T15:19:47.918269+00:00,26.674714666666667,-81.8045235,28:70:4e:23:62:7a,-81,2437,6,Bermuda,inside6
2025-10-14T15:19:47.918269+00:00,26.674714666666667,-81.8045235,9c:05:d6:d6:20:6e,-88,2437,6,Bermuda,inside1
2025-10-14T15:19:47.918269+00:00,26.674714666666667,-81.8045235,9e:05:d6:a6:20:6e,-88,2437,6,Private WIFI,Unknown
2025-10-14T15:19:47.918269+00:00,26.674714666666667,-81.8045235,a2:05:d6:e9:8e:7d,-89,2437,6,Bermuda Guest WIFI,Outside6
2025-10-14T15:19:47.918269+00:00,26.674714666666667,-81.8045235,9c:05:d6:e9:69:b5,-70,2462,11,Bermuda,Outside4
2025-10-14T15:19:47.918269+00:00,26.674714666666667,-81.8045235,a2:05:d6:e9:69:b5,-68,2462,11,Bermuda Guest WIFI,Outside4
2025-10-14T15:19:47.918269+00:00,26.674714666666667,-81.8045235,2e:70:4e:dd:d3:1f,-83,2462,11,Bermuda Guest WIFI,Unknown
2025-10-14T15:19:47.918269+00:00,26.674714666666667,-81.8045235,9c:05:d6:d6:11:fe,-89,2462,11,Bermuda,inside3
2025-10-14T15:19:47.918269+00:00,26.674714666666667,-81.8045235,9e:05:d6:96:11:fe,-90,2462,11,Bermuda Guest WIFI,inside3
2025-10-14T15:19:47.918269+00:00,26.674714666666667,-81.8045235,9c:05:d6:e9:69:b6,-54,5200,41,Bermuda,Outside4
2025-10-14T15:19:47.918269+00:00,26.674714666666667,-81.8045235,a2:05:d6:e9:7e:62,-51,5200,41,Bermuda Guest WIFI,Outside3
2025-10-14T15:19:47.918269+00:00,26.674714666666667,-81.8045235,a2:05:d6:e9:69:b6,-54,5200,41,Bermuda Guest WIFI,Outside4
2025-10-14T15:19:47.918269+00:00,26.674714666666667,-81.8045235,9e:05:d6:96:22:af,-88,5805,162,Bermuda Guest WIFI,inside5
2025-10-14T15:19:47.918269+00:00,26.674714666666667,-81.8045235,9e:05:d6:96:11:ff,-77,5805,162,Bermuda Guest WIFI,inside3
2025-10-14T15:19:47.918269+00:00,26.674714666666667,-81.8045235,9c:05:d6:d6:11:ff,-77,5805,162,Bermuda,inside3
2025-10-14T15:19:47.918269+00:00,26.674714666666667,-81.8045235,9c:05:d6:d6:22:af,-88,5805,162,Bermuda,inside5
2025-10-14T15:19:47.918269+00:00,26.674714666666667,-81.8045235,9c:05:d6:d6:2c:47,-59,5785,158,Bermuda,inside2
2025-10-14T15:19:47.918269+00:00,26.674714666666667,-81.8045235,9e:05:d6:96:2c:47,-59,5785,158,Bermuda Guest WIFI,inside2
2025-10-14T15:19:47.918269+00:00,26.674714666666667,-81.8045235,2a:70:4e:13:62:7b,-81,5765,154,Bermuda Guest WIFI,inside6
2025-10-14T15:19:47.918269+00:00,26.674714666666667,-81.8045235,28:70:4e:23:62:7b,-81,5765,154,Bermuda,inside6
2025-10-14T15:19:47.918269+00:00,26.674714666666667,-81.8045235,9c:05:d6:d6:20:6f,-81,5745,150,Bermuda,inside1
2025-10-14T15:21:11.095077+00:00,26.674902333333332,-81.8043645,9c:05:d6:e9:7e:62,-51,5200,41,Bermuda,Outside3
2025-10-14T15:21:11.095077+00:00,26.674902333333332,-81.8043645,9e:05:d6:96:2c:46,-73,2412,1,Bermuda Guest WIFI,inside2
2025-10-14T15:21:11.095077+00:00,26.674902333333332,-81.8043645,9c:05:d6:e9:7e:61,-60,2412,1,Bermuda,Outside3
2025-10-14T15:21:11.095077+00:00,26.674902333333332,-81.8043645,a2:05:d6:e9:7e:61,-60,2412,1,Bermuda Guest WIFI,Outside3
2025-10-14T15:21:11.095077+00:00,26.674902333333332,-81.8043645,28:70:4e:d0:87:61,-74,2412,1,Bermuda,pole 22 NW
2025-10-14T15:21:11.095077+00:00,26.674902333333332,-81.8043645,9c:05:d6:d6:2c:46,-69,2412,1,Bermuda,inside2
2025-10-14T15:21:11.095077+00:00,26.674902333333332,-81.8043645,2e:70:4e:d0:87:61,-74,2412,1,Bermuda Guest WIFI,pole 22 NW
2025-10-14T15:21:11.095077+00:00,26.674902333333332,-81.8043645,28:70:4e:d0:89:14,-72,2437,6,Bermuda,pole 21
2025-10-14T15:21:11.095077+00:00,26.674902333333332,-81.8043645,2e:70:4e:d0:89:14,-70,2437,6,Bermuda Guest WIFI,pole 21
2025-10-14T15:21:11.095077+00:00,26.674902333333332,-81.8043645,f8:17:2d:76:5d:04,-70,2437,6,SmartLife-5D05,Unknown
2025-10-14T15:21:11.095077+00:00,26.674902333333332,-81.8043645,9c:05:d6:e9:69:b5,-68,2462,11,Bermuda,Outside4
2025-10-14T15:21:11.095077+00:00,26.674902333333332,-81.8043645,a2:05:d6:e9:69:b5,-69,2462,11,Bermuda Guest WIFI,Outside4
2025-10-14T15:21:11.095077+00:00,26.674902333333332,-81.8043645,9c:05:d6:e9:69:b6,-64,5200,41,Bermuda,Outside4
2025-10-14T15:21:11.095077+00:00,26.674902333333332,-81.8043645,a2:05:d6:e9:69:b6,-64,5200,41,Bermuda Guest WIFI,Outside4
2025-10-14T15:21:11.095077+00:00,26.674902333333332,-81.8043645,a2:05:d6:e9:7e:62,-51,5200,41,Bermuda Guest WIFI,Outside3
2025-10-14T15:21:11.095077+00:00,26.674902333333332,-81.8043645,9c:05:d6:d6:11:ff,-86,5805,162,Bermuda,inside3
2025-10-14T15:21:11.095077+00:00,26.674902333333332,-81.8043645,9e:05:d6:96:11:ff,-84,5805,162,Bermuda Guest WIFI,inside3
2025-10-14T15:21:11.095077+00:00,26.674902333333332,-81.8043645,9e:05:d6:96:2c:47,-61,5785,158,Bermuda Guest WIFI,inside2
2025-10-14T15:21:11.095077+00:00,26.674902333333332,-81.8043645,9c:05:d6:d6:2c:47,-61,5785,158,Bermuda,inside2
2025-10-14T15:21:11.095077+00:00,26.674902333333332,-81.8043645,28:70:4e:23:62:7b,-81,5765,154,Bermuda,inside6
2025-10-14T15:21:11.095077+00:00,26.674902333333332,-81.8043645,2a:70:4e:13:62:7b,-81,5765,154,Bermuda Guest WIFI,inside6
2025-10-14T15:21:11.095077+00:00,26.674902333333332,-81.8043645,9c:05:d6:d6:20:6f,-81,5745,150,Bermuda,inside1
2025-10-14T15:21:11.095077+00:00,26.674902333333332,-81.8043645,9e:05:d6:96:20:6f,-81,5745,150,Bermuda Guest WIFI,inside1
2025-10-14T15:21:11.095077+00:00,26.674902333333332,-81.8043645,9e:05:d6:a6:20:6f,-81,5745,150,Private WIFI,Unknown
2025-10-14T15:21:48.343001+00:00,26.674715833333334,-81.80449083333333,9c:05:d6:e9:7e:62,-50,5200,41,Bermuda,Outside3
2025-10-14T15:21:48.343001+00:00,26.674715833333334,-81.80449083333333,9c:05:d6:d6:2c:46,-66,2412,1,Bermuda,inside2
2025-10-14T15:21:48.343001+00:00,26.674715833333334,-81.80449083333333,9c:05:d6:e9:7e:61,-57,2412,1,Bermuda,Outside3
2025-10-14T15:21:48.343001+00:00,26.674715833333334,-81.80449083333333,a2:05:d6:e9:7e:61,-58,2412,1,Bermuda Guest WIFI,Outside3
2025-10-14T15:21:48.343001+00:00,26.674715833333334,-81.80449083333333,9e:05:d6:96:2c:46,-65,2412,1,Bermuda Guest WIFI,inside2
2025-10-14T15:21:48.343001+00:00,26.674715833333334,-81.80449083333333,28:70:4e:23:62:7a,-81,2437,6,Bermuda,inside6
2025-10-14T15:21:48.343001+00:00,26.674715833333334,-81.80449083333333,2a:70:4e:13:62:7a,-81,2437,6,Bermuda Guest WIFI,inside6
2025-10-14T15:21:48.343001+00:00,26.674715833333334,-81.80449083333333,f8:17:2d:76:5d:04,-74,2437,6,SmartLife-5D05,Unknown
2025-10-14T15:21:48.343001+00:00,26.674715833333334,-81.80449083333333,28:70:4e:d0:89:14,-76,2437,6,Bermuda,pole 21
2025-10-14T15:21:48.343001+00:00,26.674715833333334,-81.80449083333333,2e:70:4e:d0:89:14,-76,2437,6,Bermuda Guest WIFI,pole 21
2025-10-14T15:21:48.343001+00:00,26.674715833333334,-81.80449083333333,9c:05:d6:e9:69:b5,-72,2462,11,Bermuda,Outside4
2025-10-14T15:21:48.343001+00:00,26.674715833333334,-81.80449083333333,a2:05:d6:e9:69:b5,-72,2462,11,Bermuda Guest WIFI,Outside4
2025-10-14T15:21:48.343001+00:00,26.674715833333334,-81.80449083333333,9c:05:d6:e9:69:b6,-55,5200,41,Bermuda,Outside4
2025-10-14T15:21:48.343001+00:00,26.674715833333334,-81.80449083333333,a2:05:d6:e9:69:b6,-55,5200,41,Bermuda Guest WIFI,Outside4
2025-10-14T15:21:48.343001+00:00,26.674715833333334,-81.80449083333333,a2:05:d6:e9:7e:62,-50,5200,41,Bermuda Guest WIFI,Outside3
2025-10-14T15:21:48.343001+00:00,26.674715833333334,-81.80449083333333,9c:05:d6:e9:8b:86,-79,5200,41,Bermuda,Outside1
2025-10-14T15:21:48.343001+00:00,26.674715833333334,-81.80449083333333,a2:05:d6:e9:8b:86,-79,5200,41,Bermuda Guest WIFI,Outside1
2025-10-14T15:21:48.343001+00:00,26.674715833333334,-81.80449083333333,9e:05:d6:96:22:af,-88,5805,162,Bermuda Guest WIFI,inside5
2025-10-14T15:21:48.343001+00:00,26.674715833333334,-81.80449083333333,9c:05:d6:d6:11:ff,-78,5805,162,Bermuda,inside3
2025-10-14T15:21:48.343001+00:00,26.674715833333334,-81.80449083333333,9c:05:d6:d6:22:af,-88,5805,162,Bermuda,inside5
2025-10-14T15:21:48.343001+00:00,26.674715833333334,-81.80449083333333,9e:05:d6:96:11:ff,-78,5805,162,Bermuda Guest WIFI,inside3
2025-10-14T15:21:48.343001+00:00,26.674715833333334,-81.80449083333333,9e:05:d6:96:2c:47,-58,5785,158,Bermuda Guest WIFI,inside2
2025-10-14T15:21:48.343001+00:00,26.674715833333334,-81.80449083333333,9c:05:d6:d6:2c:47,-58,5785,158,Bermuda,inside2
2025-10-14T15:21:48.343001+00:00,26.674715833333334,-81.80449083333333,28:70:4e:23:62:7b,-79,5765,154,Bermuda,inside6
2025-10-14T15:21:48.343001+00:00,26.674715833333334,-81.80449083333333,2a:70:4e:13:62:7b,-80,5765,154,Bermuda Guest WIFI,inside6
2025-10-14T15:21:48.343001+00:00,26.674715833333334,-81.80449083333333,9e:05:d6:96:20:6f,-79,5745,150,Bermuda Guest WIFI,inside1
2025-10-14T15:21:48.343001+00:00,26.674715833333334,-81.80449083333333,9c:05:d6:d6:20:6f,-80,5745,150,Bermuda,inside1
2025-10-14T15:21:48.343001+00:00,26.674715833333334,-81.80449083333333,9e:05:d6:a6:20:6f,-79,5745,150,Private WIFI,Unknown
2025-10-14T15:22:25.913927+00:00,26.674928,-81.80435683333333,9c:05:d6:e9:7e:62,-49,5200,41,Bermuda,Outside3
2025-10-14T15:22:25.913927+00:00,26.674928,-81.80435683333333,9e:05:d6:96:2c:46,-70,2412,1,Bermuda Guest WIFI,inside2
2025-10-14T15:22:25.913927+00:00,26.674928,-81.80435683333333,9c:05:d6:e9:7e:61,-78,2412,1,Bermuda,Outside3
2025-10-14T15:22:25.913927+00:00,26.674928,-81.80435683333333,9c:05:d6:d6:2c:46,-70,2412,1,Bermuda,inside2
2025-10-14T15:22:25.913927+00:00,26.674928,-81.80435683333333,a2:05:d6:e9:7e:61,-77,2412,1,Bermuda Guest WIFI,Outside3
2025-10-14T15:22:25.913927+00:00,26.674928,-81.80435683333333,f8:17:2d:76:5d:04,-73,2437,6,SmartLife-5D05,Unknown
2025-10-14T15:22:25.913927+00:00,26.674928,-81.80435683333333,28:70:4e:d0:89:14,-75,2437,6,Bermuda,pole 21
2025-10-14T15:22:25.913927+00:00,26.674928,-81.80435683333333,2e:70:4e:d0:89:14,-74,2437,6,Bermuda Guest WIFI,pole 21
2025-10-14T15:22:25.913927+00:00,26.674928,-81.80435683333333,9c:05:d6:e9:69:b5,-66,2462,11,Bermuda,Outside4
2025-10-14T15:22:25.913927+00:00,26.674928,-81.80435683333333,a2:05:d6:e9:69:b5,-66,2462,11,Bermuda Guest WIFI,Outside4
2025-10-14T15:22:25.913927+00:00,26.674928,-81.80435683333333,9c:05:d6:e9:69:b6,-64,5200,41,Bermuda,Outside4
2025-10-14T15:22:25.913927+00:00,26.674928,-81.80435683333333,a2:05:d6:e9:69:b6,-64,5200,41,Bermuda Guest WIFI,Outside4
2025-10-14T15:22:25.913927+00:00,26.674928,-81.80435683333333,a2:05:d6:e9:7e:62,-49,5200,41,Bermuda Guest WIFI,Outside3
2025-10-14T15:22:25.913927+00:00,26.674928,-81.80435683333333,9e:05:d6:96:22:af,-87,5805,162,Bermuda Guest WIFI,inside5
2025-10-14T15:22:25.913927+00:00,26.674928,-81.80435683333333,9c:05:d6:d6:2c:47,-60,5785,158,Bermuda,inside2
2025-10-14T15:22:25.913927+00:00,26.674928,-81.80435683333333,9e:05:d6:96:2c:47,-61,5785,158,Bermuda Guest WIFI,inside2
2025-10-14T15:22:25.913927+00:00,26.674928,-81.80435683333333,28:70:4e:23:62:7b,-81,5765,154,Bermuda,inside6
2025-10-14T15:22:25.913927+00:00,26.674928,-81.80435683333333,2a:70:4e:13:62:7b,-82,5765,154,Bermuda Guest WIFI,inside6
2025-10-14T15:22:25.913927+00:00,26.674928,-81.80435683333333,9c:05:d6:d6:20:6f,-83,5745,150,Bermuda,inside1
2025-10-14T15:22:25.913927+00:00,26.674928,-81.80435683333333,9e:05:d6:96:20:6f,-83,5745,150,Bermuda Guest WIFI,inside1
2025-10-14T15:22:25.913927+00:00,26.674928,-81.80435683333333,9e:05:d6:a6:20:6f,-83,5745,150,Private WIFI,Unknown
2025-10-14T15:25:36.976247+00:00,26.674629166666666,-81.80455,9c:05:d6:e9:7e:62,-51,5200,41,Bermuda,Outside3
2025-10-14T15:25:36.976247+00:00,26.674629166666666,-81.80455,9c:05:d6:d6:2c:46,-64,2412,1,Bermuda,inside2
2025-10-14T15:25:36.976247+00:00,26.674629166666666,-81.80455,9c:05:d6:e9:7e:61,-57,2412,1,Bermuda,Outside3
2025-10-14T15:25:36.976247+00:00,26.674629166666666,-81.80455,a2:05:d6:e9:7e:61,-56,2412,1,Bermuda Guest WIFI,Outside3
2025-10-14T15:25:36.976247+00:00,26.674629166666666,-81.80455,9e:05:d6:96:2c:46,-65,2412,1,Bermuda Guest WIFI,inside2
2025-10-14T15:25:36.976247+00:00,26.674629166666666,-81.80455,f8:17:2d:76:5d:04,-73,2437,6,SmartLife-5D05,Unknown
2025-10-14T15:25:36.976247+00:00,26.674629166666666,-81.80455,9c:05:d6:e9:69:b5,-70,2462,11,Bermuda,Outside4
2025-10-14T15:25:36.976247+00:00,26.674629166666666,-81.80455,a2:05:d6:e9:69:b5,-72,2462,11,Bermuda Guest WIFI,Outside4
2025-10-14T15:25:36.976247+00:00,26.674629166666666,-81.80455,9c:05:d6:e9:69:b6,-56,5200,41,Bermuda,Outside4
2025-10-14T15:25:36.976247+00:00,26.674629166666666,-81.80455,a2:05:d6:e9:7e:62,-51,5200,41,Bermuda Guest WIFI,Outside3
2025-10-14T15:25:36.976247+00:00,26.674629166666666,-81.80455,a2:05:d6:e9:69:b6,-56,5200,41,Bermuda Guest WIFI,Outside4
2025-10-14T15:25:36.976247+00:00,26.674629166666666,-81.80455,9e:05:d6:96:22:af,-89,5805,162,Bermuda Guest WIFI,inside5
2025-10-14T15:25:36.976247+00:00,26.674629166666666,-81.80455,9c:05:d6:d6:11:ff,-75,5805,162,Bermuda,inside3
2025-10-14T15:25:36.976247+00:00,26.674629166666666,-81.80455,9c:05:d6:d6:22:af,-89,5805,162,Bermuda,inside5
2025-10-14T15:25:36.976247+00:00,26.674629166666666,-81.80455,9e:05:d6:96:11:ff,-76,5805,162,Bermuda Guest WIFI,inside3
2025-10-14T15:25:36.976247+00:00,26.674629166666666,-81.80455,9c:05:d6:d6:2c:47,-60,5785,158,Bermuda,inside2
2025-10-14T15:25:36.976247+00:00,26.674629166666666,-81.80455,9e:05:d6:96:2c:47,-60,5785,158,Bermuda Guest WIFI,inside2
2025-10-14T15:25:36.976247+00:00,26.674629166666666,-81.80455,28:70:4e:23:62:7b,-79,5765,154,Bermuda,inside6
2025-10-14T15:25:36.976247+00:00,26.674629166666666,-81.80455,2a:70:4e:13:62:7b,-79,5765,154,Bermuda Guest WIFI,inside6
2025-10-14T15:25:36.976247+00:00,26.674629166666666,-81.80455,9e:05:d6:96:20:6f,-79,5745,150,Bermuda Guest WIFI,inside1
2025-10-14T15:25:36.976247+00:00,26.674629166666666,-81.80455,9e:05:d6:a6:20:6f,-79,5745,150,Private WIFI,Unknown
2025-10-14T15:25:36.976247+00:00,26.674629166666666,-81.80455,9c:05:d6:d6:20:6f,-79,5745,150,Bermuda,inside1
2025-10-14T15:25:36.976247+00:00,26.674629166666666,-81.80455,28:70:4e:d0:87:62,-75,5240,49,Bermuda,pole 22 NW
2025-10-14T15:26:18.963930+00:00,26.674648333333334,-81.80458266666666,9c:05:d6:e9:7e:62,-50,5200,41,Bermuda,Outside3
2025-10-14T15:26:18.963930+00:00,26.674648333333334,-81.80458266666666,9c:05:d6:e9:7e:61,-60,2412,1,Bermuda,Outside3
2025-10-14T15:26:18.963930+00:00,26.674648333333334,-81.80458266666666,9e:05:d6:96:2c:46,-74,2412,1,Bermuda Guest WIFI,inside2
2025-10-14T15:26:18.963930+00:00,26.674648333333334,-81.80458266666666,9c:05:d6:d6:2c:46,-74,2412,1,Bermuda,inside2
2025-10-14T15:26:18.963930+00:00,26.674648333333334,-81.80458266666666,a2:05:d6:e9:7e:61,-60,2412,1,Bermuda Guest WIFI,Outside3
2025-10-14T15:26:18.963930+00:00,26.674648333333334,-81.80458266666666,28:70:4e:d0:89:14,-74,2437,6,Bermuda,pole 21
2025-10-14T15:26:18.963930+00:00,26.674648333333334,-81.80458266666666,2e:70:4e:d0:89:14,-73,2437,6,Bermuda Guest WIFI,pole 21
2025-10-14T15:26:18.963930+00:00,26.674648333333334,-81.80458266666666,9c:05:d6:e9:69:b5,-65,2462,11,Bermuda,Outside4
2025-10-14T15:26:18.963930+00:00,26.674648333333334,-81.80458266666666,a2:05:d6:e9:69:b5,-66,2462,11,Bermuda Guest WIFI,Outside4
2025-10-14T15:26:18.963930+00:00,26.674648333333334,-81.80458266666666,9c:05:d6:e9:69:b6,-62,5200,41,Bermuda,Outside4
2025-10-14T15:26:18.963930+00:00,26.674648333333334,-81.80458266666666,a2:05:d6:e9:69:b6,-62,5200,41,Bermuda Guest WIFI,Outside4
2025-10-14T15:26:18.963930+00:00,26.674648333333334,-81.80458266666666,a2:05:d6:e9:7e:62,-50,5200,41,Bermuda Guest WIFI,Outside3
2025-10-14T15:26:18.963930+00:00,26.674648333333334,-81.80458266666666,9c:05:d6:d6:22:af,-88,5805,162,Bermuda,inside5
2025-10-14T15:26:18.963930+00:00,26.674648333333334,-81.80458266666666,9e:05:d6:96:11:ff,-86,5805,162,Bermuda Guest WIFI,inside3
2025-10-14T15:26:18.963930+00:00,26.674648333333334,-81.80458266666666,9c:05:d6:d6:11:ff,-86,5805,162,Bermuda,inside3
2025-10-14T15:26:18.963930+00:00,26.674648333333334,-81.80458266666666,9c:05:d6:d6:2c:47,-61,5785,158,Bermuda,inside2
2025-10-14T15:26:18.963930+00:00,26.674648333333334,-81.80458266666666,9e:05:d6:96:2c:47,-61,5785,158,Bermuda Guest WIFI,inside2
2025-10-14T15:26:18.963930+00:00,26.674648333333334,-81.80458266666666,28:70:4e:d3:d3:89,-85,5785,158,Bermuda,pole 22 SW
2025-10-14T15:26:18.963930+00:00,26.674648333333334,-81.80458266666666,2e:70:4e:d3:d3:89,-87,5785,158,Bermuda Guest WIFI,pole 22 SW
2025-10-14T15:26:18.963930+00:00,26.674648333333334,-81.80458266666666,28:70:4e:23:62:7b,-80,5765,154,Bermuda,inside6
2025-10-14T15:26:18.963930+00:00,26.674648333333334,-81.80458266666666,2a:70:4e:13:62:7b,-80,5765,154,Bermuda Guest WIFI,inside6
2025-10-14T15:26:18.963930+00:00,26.674648333333334,-81.80458266666666,9e:05:d6:96:20:6f,-84,5745,150,Bermuda Guest WIFI,inside1
2025-10-14T15:26:18.963930+00:00,26.674648333333334,-81.80458266666666,9e:05:d6:a6:20:6f,-84,5745,150,Private WIFI,Unknown
2025-10-14T15:26:18.963930+00:00,26.674648333333334,-81.80458266666666,9c:05:d6:d6:20:6f,-83,5745,150,Bermuda,inside1
2025-10-14T15:27:01.219567+00:00,26.674636666666668,-81.80457166666666,9c:05:d6:e9:7e:62,-50,5200,41,Bermuda,Outside3
2025-10-14T15:27:01.219567+00:00,26.674636666666668,-81.80457166666666,9c:05:d6:d6:2c:46,-66,2412,1,Bermuda,inside2
2025-10-14T15:27:01.219567+00:00,26.674636666666668,-81.80457166666666,9c:05:d6:e9:7e:61,-52,2412,1,Bermuda,Outside3
2025-10-14T15:27:01.219567+00:00,26.674636666666668,-81.80457166666666,9e:05:d6:96:2c:46,-66,2412,1,Bermuda Guest WIFI,inside2
2025-10-14T15:27:01.219567+00:00,26.674636666666668,-81.80457166666666,a2:05:d6:e9:7e:61,-51,2412,1,Bermuda Guest WIFI,Outside3
2025-10-14T15:27:01.219567+00:00,26.674636666666668,-81.80457166666666,28:70:4e:d0:87:61,-72,2412,1,Bermuda,pole 22 NW
2025-10-14T15:27:01.219567+00:00,26.674636666666668,-81.80457166666666,2e:70:4e:d0:89:14,-75,2437,6,Bermuda Guest WIFI,pole 21
2025-10-14T15:27:01.219567+00:00,26.674636666666668,-81.80457166666666,9c:05:d6:e9:69:b5,-67,2462,11,Bermuda,Outside4
2025-10-14T15:27:01.219567+00:00,26.674636666666668,-81.80457166666666,a2:05:d6:e9:69:b5,-68,2462,11,Bermuda Guest WIFI,Outside4
2025-10-14T15:27:01.219567+00:00,26.674636666666668,-81.80457166666666,28:70:4e:dd:d3:1f,-85,2462,11,Bermuda,pole 01 NE
2025-10-14T15:27:01.219567+00:00,26.674636666666668,-81.80457166666666,2e:70:4e:dd:d3:1f,-84,2462,11,Bermuda Guest WIFI,Unknown
2025-10-14T15:27:01.219567+00:00,26.674636666666668,-81.80457166666666,9c:05:d6:e9:69:b6,-56,5200,41,Bermuda,Outside4
2025-10-14T15:27:01.219567+00:00,26.674636666666668,-81.80457166666666,a2:05:d6:e9:69:b6,-56,5200,41,Bermuda Guest WIFI,Outside4
2025-10-14T15:27:01.219567+00:00,26.674636666666668,-81.80457166666666,a2:05:d6:e9:7e:62,-50,5200,41,Bermuda Guest WIFI,Outside3
2025-10-14T15:27:01.219567+00:00,26.674636666666668,-81.80457166666666,9c:05:d6:d6:11:ff,-80,5805,162,Bermuda,inside3
2025-10-14T15:27:01.219567+00:00,26.674636666666668,-81.80457166666666,9c:05:d6:d6:22:af,-87,5805,162,Bermuda,inside5
2025-10-14T15:27:01.219567+00:00,26.674636666666668,-81.80457166666666,9e:05:d6:96:11:ff,-80,5805,162,Bermuda Guest WIFI,inside3
2025-10-14T15:27:01.219567+00:00,26.674636666666668,-81.80457166666666,9e:05:d6:96:22:af,-87,5805,162,Bermuda Guest WIFI,inside5
2025-10-14T15:27:01.219567+00:00,26.674636666666668,-81.80457166666666,9c:05:d6:d6:2c:47,-61,5785,158,Bermuda,inside2
2025-10-14T15:27:01.219567+00:00,26.674636666666668,-81.80457166666666,9e:05:d6:96:2c:47,-61,5785,158,Bermuda Guest WIFI,inside2
2025-10-14T15:27:01.219567+00:00,26.674636666666668,-81.80457166666666,2a:70:4e:13:62:7b,-80,5765,154,Bermuda Guest WIFI,inside6
2025-10-14T15:27:01.219567+00:00,26.674636666666668,-81.80457166666666,28:70:4e:23:62:7b,-80,5765,154,Bermuda,inside6
2025-10-14T15:27:01.219567+00:00,26.674636666666668,-81.80457166666666,9e:05:d6:96:20:6f,-81,5745,150,Bermuda Guest WIFI,inside1
2025-10-14T15:27:01.219567+00:00,26.674636666666668,-81.80457166666666,9c:05:d6:d6:20:6f,-81,5745,150,Bermuda,inside1
2025-10-14T15:27:01.219567+00:00,26.674636666666668,-81.80457166666666,9e:05:d6:a6:20:6f,-81,5745,150,Private WIFI,Unknown
2025-10-14T15:27:44.068253+00:00,26.674565333333334,-81.80463616666667,9c:05:d6:e9:7e:62,-52,5200,41,Bermuda,Outside3
2025-10-14T15:27:44.068253+00:00,26.674565333333334,-81.80463616666667,9c:05:d6:e9:7e:61,-55,2412,1,Bermuda,Outside3
2025-10-14T15:27:44.068253+00:00,26.674565333333334,-81.80463616666667,a2:05:d6:e9:7e:61,-56,2412,1,Bermuda Guest WIFI,Outside3
2025-10-14T15:27:44.068253+00:00,26.674565333333334,-81.80463616666667,9e:05:d6:96:2c:46,-72,2412,1,Bermuda Guest WIFI,inside2
2025-10-14T15:27:44.068253+00:00,26.674565333333334,-81.80463616666667,f8:17:2d:76:5d:04,-71,2437,6,SmartLife-5D05,Unknown
2025-10-14T15:27:44.068253+00:00,26.674565333333334,-81.80463616666667,28:70:4e:d0:89:14,-72,2437,6,Bermuda,pole 21
2025-10-14T15:27:44.068253+00:00,26.674565333333334,-81.80463616666667,2e:70:4e:d0:89:14,-72,2437,6,Bermuda Guest WIFI,pole 21
2025-10-14T15:27:44.068253+00:00,26.674565333333334,-81.80463616666667,9c:05:d6:e9:69:b5,-69,2462,11,Bermuda,Outside4
2025-10-14T15:27:44.068253+00:00,26.674565333333334,-81.80463616666667,a2:05:d6:e9:69:b5,-70,2462,11,Bermuda Guest WIFI,Outside4
2025-10-14T15:27:44.068253+00:00,26.674565333333334,-81.80463616666667,9c:05:d6:e9:69:b6,-63,5200,41,Bermuda,Outside4
2025-10-14T15:27:44.068253+00:00,26.674565333333334,-81.80463616666667,a2:05:d6:e9:7e:62,-52,5200,41,Bermuda Guest WIFI,Outside3
2025-10-14T15:27:44.068253+00:00,26.674565333333334,-81.80463616666667,a2:05:d6:e9:69:b6,-63,5200,41,Bermuda Guest WIFI,Outside4
2025-10-14T15:27:44.068253+00:00,26.674565333333334,-81.80463616666667,9e:05:d6:96:11:ff,-88,5805,162,Bermuda Guest WIFI,inside3
2025-10-14T15:27:44.068253+00:00,26.674565333333334,-81.80463616666667,9c:05:d6:d6:11:ff,-85,5805,162,Bermuda,inside3
2025-10-14T15:27:44.068253+00:00,26.674565333333334,-81.80463616666667,9c:05:d6:d6:2c:47,-61,5785,158,Bermuda,inside2
2025-10-14T15:27:44.068253+00:00,26.674565333333334,-81.80463616666667,9e:05:d6:96:2c:47,-61,5785,158,Bermuda Guest WIFI,inside2
2025-10-14T15:27:44.068253+00:00,26.674565333333334,-81.80463616666667,28:70:4e:23:62:7b,-82,5765,154,Bermuda,inside6
2025-10-14T15:27:44.068253+00:00,26.674565333333334,-81.80463616666667,2a:70:4e:13:62:7b,-81,5765,154,Bermuda Guest WIFI,inside6
2025-10-14T15:27:44.068253+00:00,26.674565333333334,-81.80463616666667,9c:05:d6:d6:20:6f,-84,5745,150,Bermuda,inside1
2025-10-14T15:27:44.068253+00:00,26.674565333333334,-81.80463616666667,9e:05:d6:96:20:6f,-84,5745,150,Bermuda Guest WIFI,inside1
2025-10-14T15:27:44.068253+00:00,26.674565333333334,-81.80463616666667,9e:05:d6:a6:20:6f,-84,5745,150,Private WIFI,Unknown
2025-10-14T15:27:44.068253+00:00,26.674565333333334,-81.80463616666667,28:70:4e:d0:87:62,-70,5240,49,Bermuda,pole 22 NW
2025-10-14T15:28:26.024769+00:00,26.674597666666667,-81.804613,9c:05:d6:e9:7e:62,-48,5200,41,Bermuda,Outside3
2025-10-14T15:28:26.024769+00:00,26.674597666666667,-81.804613,9c:05:d6:d6:2c:46,-65,2412,1,Bermuda,inside2
2025-10-14T15:28:26.024769+00:00,26.674597666666667,-81.804613,9c:05:d6:e9:7e:61,-51,2412,1,Bermuda,Outside3
2025-10-14T15:28:26.024769+00:00,26.674597666666667,-81.804613,9e:05:d6:96:2c:46,-64,2412,1,Bermuda Guest WIFI,inside2
2025-10-14T15:28:26.024769+00:00,26.674597666666667,-81.804613,f8:17:2d:76:5d:04,-71,2437,6,SmartLife-5D05,Unknown
2025-10-14T15:28:26.024769+00:00,26.674597666666667,-81.804613,28:70:4e:d0:89:14,-73,2437,6,Bermuda,pole 21
2025-10-14T15:28:26.024769+00:00,26.674597666666667,-81.804613,9c:05:d6:e9:69:b5,-68,2462,11,Bermuda,Outside4
2025-10-14T15:28:26.024769+00:00,26.674597666666667,-81.804613,a2:05:d6:e9:69:b5,-68,2462,11,Bermuda Guest WIFI,Outside4
2025-10-14T15:28:26.024769+00:00,26.674597666666667,-81.804613,9c:05:d6:e9:69:b6,-57,5200,41,Bermuda,Outside4
2025-10-14T15:28:26.024769+00:00,26.674597666666667,-81.804613,a2:05:d6:e9:69:b6,-57,5200,41,Bermuda Guest WIFI,Outside4
2025-10-14T15:28:26.024769+00:00,26.674597666666667,-81.804613,a2:05:d6:e9:7e:62,-47,5200,41,Bermuda Guest WIFI,Outside3
2025-10-14T15:28:26.024769+00:00,26.674597666666667,-81.804613,9c:05:d6:d6:11:ff,-81,5805,162,Bermuda,inside3
2025-10-14T15:28:26.024769+00:00,26.674597666666667,-81.804613,9e:05:d6:96:22:af,-87,5805,162,Bermuda Guest WIFI,inside5
2025-10-14T15:28:26.024769+00:00,26.674597666666667,-81.804613,9c:05:d6:d6:22:af,-88,5805,162,Bermuda,inside5
2025-10-14T15:28:26.024769+00:00,26.674597666666667,-81.804613,9e:05:d6:96:11:ff,-83,5805,162,Bermuda Guest WIFI,inside3
2025-10-14T15:28:26.024769+00:00,26.674597666666667,-81.804613,9c:05:d6:d6:2c:47,-62,5785,158,Bermuda,inside2
2025-10-14T15:28:26.024769+00:00,26.674597666666667,-81.804613,9e:05:d6:96:2c:47,-62,5785,158,Bermuda Guest WIFI,inside2
2025-10-14T15:28:26.024769+00:00,26.674597666666667,-81.804613,2a:70:4e:13:62:7b,-80,5765,154,Bermuda Guest WIFI,inside6
2025-10-14T15:28:26.024769+00:00,26.674597666666667,-81.804613,28:70:4e:23:62:7b,-82,5765,154,Bermuda,inside6
2025-10-14T15:28:26.024769+00:00,26.674597666666667,-81.804613,9e:05:d6:96:20:6f,-81,5745,150,Bermuda Guest WIFI,inside1
2025-10-14T15:28:26.024769+00:00,26.674597666666667,-81.804613,9c:05:d6:d6:20:6f,-80,5745,150,Bermuda,inside1
2025-10-14T15:28:26.024769+00:00,26.674597666666667,-81.804613,9e:05:d6:a6:20:6f,-81,5745,150,Private WIFI,Unknown
2025-10-14T15:28:26.024769+00:00,26.674597666666667,-81.804613,28:70:4e:d0:87:62,-72,5240,49,Bermuda,pole 22 NW
2025-10-14T15:28:26.024769+00:00,26.674597666666667,-81.804613,2e:70:4e:d0:87:62,-72,5240,49,Bermuda Guest WIFI,pole 22 NW
2025-10-14T15:29:08.519527+00:00,26.6745555,-81.804622,9c:05:d6:e9:7e:62,-52,5200,41,Bermuda,Outside3
2025-10-14T15:29:08.519527+00:00,26.6745555,-81.804622,9c:05:d6:d6:2c:46,-74,2412,1,Bermuda,inside2
2025-10-14T15:29:08.519527+00:00,26.6745555,-81.804622,9c:05:d6:e9:7e:61,-59,2412,1,Bermuda,Outside3
2025-10-14T15:29:08.519527+00:00,26.6745555,-81.804622,f8:17:2d:76:5d:04,-74,2437,6,SmartLife-5D05,Unknown
2025-10-14T15:29:08.519527+00:00,26.6745555,-81.804622,28:70:4e:d0:89:14,-71,2437,6,Bermuda,pole 21
2025-10-14T15:29:08.519527+00:00,26.6745555,-81.804622,2e:70:4e:d0:89:14,-70,2437,6,Bermuda Guest WIFI,pole 21
2025-10-14T15:29:08.519527+00:00,26.6745555,-81.804622,9c:05:d6:e9:69:b5,-73,2462,11,Bermuda,Outside4
2025-10-14T15:29:08.519527+00:00,26.6745555,-81.804622,a2:05:d6:e9:69:b5,-74,2462,11,Bermuda Guest WIFI,Outside4
2025-10-14T15:29:08.519527+00:00,26.6745555,-81.804622,9c:05:d6:e9:69:b6,-61,5200,41,Bermuda,Outside4
2025-10-14T15:29:08.519527+00:00,26.6745555,-81.804622,a2:05:d6:e9:69:b6,-61,5200,41,Bermuda Guest WIFI,Outside4
2025-10-14T15:29:08.519527+00:00,26.6745555,-81.804622,a2:05:d6:e9:7e:62,-52,5200,41,Bermuda Guest WIFI,Outside3
2025-10-14T15:29:08.519527+00:00,26.6745555,-81.804622,9e:05:d6:96:11:ff,-87,5805,162,Bermuda Guest WIFI,inside3
2025-10-14T15:29:08.519527+00:00,26.6745555,-81.804622,9e:05:d6:96:2c:47,-61,5785,158,Bermuda Guest WIFI,inside2
2025-10-14T15:29:08.519527+00:00,26.6745555,-81.804622,9c:05:d6:d6:2c:47,-61,5785,158,Bermuda,inside2
2025-10-14T15:29:08.519527+00:00,26.6745555,-81.804622,2a:70:4e:13:62:7b,-82,5765,154,Bermuda Guest WIFI,inside6
2025-10-14T15:29:08.519527+00:00,26.6745555,-81.804622,28:70:4e:23:62:7b,-83,5765,154,Bermuda,inside6
2025-10-14T15:29:08.519527+00:00,26.6745555,-81.804622,9c:05:d6:d6:20:6f,-81,5745,150,Bermuda,inside1
2025-10-14T15:29:08.519527+00:00,26.6745555,-81.804622,9e:05:d6:96:20:6f,-81,5745,150,Bermuda Guest WIFI,inside1
2025-10-14T15:29:08.519527+00:00,26.6745555,-81.804622,9e:05:d6:a6:20:6f,-80,5745,150,Private WIFI,Unknown
2025-10-14T15:29:08.519527+00:00,26.6745555,-81.804622,28:70:4e:d0:87:62,-72,5240,49,Bermuda,pole 22 NW
2025-10-14T15:29:08.519527+00:00,26.6745555,-81.804622,2e:70:4e:d0:87:62,-72,5240,49,Bermuda Guest WIFI,pole 22 NW
2025-10-14T15:29:27.313370+00:00,26.674524,-81.80464233333333,9c:05:d6:e9:7e:62,-51,5200,41,Bermuda,Outside3
2025-10-14T15:29:27.313370+00:00,26.674524,-81.80464233333333,9c:05:d6:d6:2c:46,-64,2412,1,Bermuda,inside2
2025-10-14T15:29:27.313370+00:00,26.674524,-81.80464233333333,9c:05:d6:e9:7e:61,-53,2412,1,Bermuda,Outside3
2025-10-14T15:29:27.313370+00:00,26.674524,-81.80464233333333,f8:17:2d:76:5d:04,-74,2437,6,SmartLife-5D05,Unknown
2025-10-14T15:29:27.313370+00:00,26.674524,-81.80464233333333,28:70:4e:d0:89:14,-72,2437,6,Bermuda,pole 21
2025-10-14T15:29:27.313370+00:00,26.674524,-81.80464233333333,2e:70:4e:d0:89:14,-73,2437,6,Bermuda Guest WIFI,pole 21
2025-10-14T15:29:27.313370+00:00,26.674524,-81.80464233333333,9c:05:d6:e9:69:b5,-69,2462,11,Bermuda,Outside4
2025-10-14T15:29:27.313370+00:00,26.674524,-81.80464233333333,a2:05:d6:e9:69:b5,-70,2462,11,Bermuda Guest WIFI,Outside4
2025-10-14T15:29:27.313370+00:00,26.674524,-81.80464233333333,9c:05:d6:e9:69:b6,-54,5200,41,Bermuda,Outside4
2025-10-14T15:29:27.313370+00:00,26.674524,-81.80464233333333,a2:05:d6:e9:69:b6,-54,5200,41,Bermuda Guest WIFI,Outside4
2025-10-14T15:29:27.313370+00:00,26.674524,-81.80464233333333,a2:05:d6:e9:7e:62,-51,5200,41,Bermuda Guest WIFI,Outside3
2025-10-14T15:29:27.313370+00:00,26.674524,-81.80464233333333,9e:05:d6:96:11:ff,-79,5805,162,Bermuda Guest WIFI,inside3
2025-10-14T15:29:27.313370+00:00,26.674524,-81.80464233333333,9e:05:d6:96:2c:47,-61,5785,158,Bermuda Guest WIFI,inside2
2025-10-14T15:29:27.313370+00:00,26.674524,-81.80464233333333,9c:05:d6:d6:2c:47,-61,5785,158,Bermuda,inside2
2025-10-14T15:29:27.313370+00:00,26.674524,-81.80464233333333,2a:70:4e:13:62:7b,-82,5765,154,Bermuda Guest WIFI,inside6
2025-10-14T15:29:27.313370+00:00,26.674524,-81.80464233333333,28:70:4e:23:62:7b,-81,5765,154,Bermuda,inside6
2025-10-14T15:29:27.313370+00:00,26.674524,-81.80464233333333,9c:05:d6:d6:20:6f,-77,5745,150,Bermuda,inside1
2025-10-14T15:29:27.313370+00:00,26.674524,-81.80464233333333,9e:05:d6:96:20:6f,-78,5745,150,Bermuda Guest WIFI,inside1
2025-10-14T15:29:27.313370+00:00,26.674524,-81.80464233333333,9e:05:d6:a6:20:6f,-78,5745,150,Private WIFI,Unknown
2025-10-14T15:29:27.313370+00:00,26.674524,-81.80464233333333,28:70:4e:d0:87:62,-72,5240,49,Bermuda,pole 22 NW
2025-10-14T15:29:27.313370+00:00,26.674524,-81.80464233333333,2e:70:4e:d0:87:62,-72,5240,49,Bermuda Guest WIFI,pole 22 NW
2025-10-14T15:29:27.313370+00:00,26.674524,-81.80464233333333,9e:05:d6:96:2c:46,-64,2412,1,Bermuda Guest WIFI,inside2
2025-10-14T15:29:27.313370+00:00,26.674524,-81.80464233333333,a2:05:d6:e9:7e:61,-54,2412,1,Bermuda Guest WIFI,Outside3
2025-10-14T15:29:27.313370+00:00,26.674524,-81.80464233333333,9c:05:d6:e9:8b:85,-87,2462,11,Bermuda,Outside1
2025-10-14T15:29:27.313370+00:00,26.674524,-81.80464233333333,9c:05:d6:d6:22:af,-87,5805,162,Bermuda,inside5
2025-10-14T15:29:27.313370+00:00,26.674524,-81.80464233333333,9c:05:d6:d6:11:ff,-78,5805,162,Bermuda,inside3
2025-10-14T15:29:27.313370+00:00,26.674524,-81.80464233333333,9e:05:d6:96:22:af,-87,5805,162,Bermuda Guest WIFI,inside5
2025-10-14T15:30:09.185693+00:00,26.674515333333332,-81.8046365,9c:05:d6:e9:7e:62,-52,5200,41,Bermuda,Outside3
2025-10-14T15:30:09.185693+00:00,26.674515333333332,-81.8046365,9e:05:d6:96:2c:46,-68,2412,1,Bermuda Guest WIFI,inside2
2025-10-14T15:30:09.185693+00:00,26.674515333333332,-81.8046365,9c:05:d6:e9:7e:61,-64,2412,1,Bermuda,Outside3
2025-10-14T15:30:09.185693+00:00,26.674515333333332,-81.8046365,9c:05:d6:d6:2c:46,-74,2412,1,Bermuda,inside2
2025-10-14T15:30:09.185693+00:00,26.674515333333332,-81.8046365,a2:05:d6:e9:7e:61,-64,2412,1,Bermuda Guest WIFI,Outside3
2025-10-14T15:30:09.185693+00:00,26.674515333333332,-81.8046365,f8:17:2d:76:5d:04,-71,2437,6,SmartLife-5D05,Unknown
2025-10-14T15:30:09.185693+00:00,26.674515333333332,-81.8046365,28:70:4e:d0:89:14,-69,2437,6,Bermuda,pole 21
2025-10-14T15:30:09.185693+00:00,26.674515333333332,-81.8046365,2e:70:4e:d0:89:14,-69,2437,6,Bermuda Guest WIFI,pole 21
2025-10-14T15:30:09.185693+00:00,26.674515333333332,-81.8046365,9c:05:d6:e9:69:b6,-61,5200,41,Bermuda,Outside4
2025-10-14T15:30:09.185693+00:00,26.674515333333332,-81.8046365,a2:05:d6:e9:7e:62,-52,5200,41,Bermuda Guest WIFI,Outside3
2025-10-14T15:30:09.185693+00:00,26.674515333333332,-81.8046365,a2:05:d6:e9:69:b6,-61,5200,41,Bermuda Guest WIFI,Outside4
2025-10-14T15:30:09.185693+00:00,26.674515333333332,-81.8046365,28:70:4e:23:62:7b,-80,5765,154,Bermuda,inside6
2025-10-14T15:30:09.185693+00:00,26.674515333333332,-81.8046365,2a:70:4e:13:62:7b,-82,5765,154,Bermuda Guest WIFI,inside6
2025-10-14T15:30:09.185693+00:00,26.674515333333332,-81.8046365,9c:05:d6:d6:20:6f,-83,5745,150,Bermuda,inside1
2025-10-14T15:30:09.185693+00:00,26.674515333333332,-81.8046365,9e:05:d6:96:20:6f,-82,5745,150,Bermuda Guest WIFI,inside1
2025-10-14T15:30:09.185693+00:00,26.674515333333332,-81.8046365,9e:05:d6:a6:20:6f,-83,5745,150,Private WIFI,Unknown
2025-10-14T15:30:09.185693+00:00,26.674515333333332,-81.8046365,9c:05:d6:d6:2c:47,-62,5785,158,Bermuda,inside2
2025-10-14T15:30:09.185693+00:00,26.674515333333332,-81.8046365,9e:05:d6:96:2c:47,-62,5785,158,Bermuda Guest WIFI,inside2
2025-10-14T15:30:51.878883+00:00,26.674642166666665,-81.80454216666666,9c:05:d6:e9:7e:62,-67,5200,41,Bermuda,Outside3
2025-10-14T15:30:51.878883+00:00,26.674642166666665,-81.80454216666666,9e:05:d6:96:2c:46,-76,2412,1,Bermuda Guest WIFI,inside2
2025-10-14T15:30:51.878883+00:00,26.674642166666665,-81.80454216666666,9c:05:d6:d6:2c:46,-80,2412,1,Bermuda,inside2
2025-10-14T15:30:51.878883+00:00,26.674642166666665,-81.80454216666666,9c:05:d6:e9:7e:61,-65,2412,1,Bermuda,Outside3
2025-10-14T15:30:51.878883+00:00,26.674642166666665,-81.80454216666666,a2:05:d6:e9:7e:61,-68,2412,1,Bermuda Guest WIFI,Outside3
2025-10-14T15:30:51.878883+00:00,26.674642166666665,-81.80454216666666,28:70:4e:d0:87:61,-72,2412,1,Bermuda,pole 22 NW
2025-10-14T15:30:51.878883+00:00,26.674642166666665,-81.80454216666666,f8:17:2d:76:5d:04,-74,2437,6,SmartLife-5D05,Unknown
2025-10-14T15:30:51.878883+00:00,26.674642166666665,-81.80454216666666,2e:70:4e:d3:d3:88,-84,2437,6,Bermuda Guest WIFI,pole 22 SW
2025-10-14T15:30:51.878883+00:00,26.674642166666665,-81.80454216666666,9c:05:d6:e9:69:b5,-72,2462,11,Bermuda,Outside4
2025-10-14T15:30:51.878883+00:00,26.674642166666665,-81.80454216666666,a2:05:d6:e9:69:b5,-71,2462,11,Bermuda Guest WIFI,Outside4
2025-10-14T15:30:51.878883+00:00,26.674642166666665,-81.80454216666666,28:70:4e:dd:d3:1f,-73,2462,11,Bermuda,pole 01 NE
2025-10-14T15:30:51.878883+00:00,26.674642166666665,-81.80454216666666,2e:70:4e:dd:d3:1f,-73,2462,11,Bermuda Guest WIFI,Unknown
2025-10-14T15:30:51.878883+00:00,26.674642166666665,-81.80454216666666,9c:05:d6:e9:69:b6,-60,5200,41,Bermuda,Outside4
2025-10-14T15:30:51.878883+00:00,26.674642166666665,-81.80454216666666,a2:05:d6:e9:7e:62,-67,5200,41,Bermuda Guest WIFI,Outside3
2025-10-14T15:30:51.878883+00:00,26.674642166666665,-81.80454216666666,a2:05:d6:e9:69:b6,-60,5200,41,Bermuda Guest WIFI,Outside4
2025-10-14T15:30:51.878883+00:00,26.674642166666665,-81.80454216666666,9c:05:d6:d6:2c:47,-75,5785,158,Bermuda,inside2
2025-10-14T15:30:51.878883+00:00,26.674642166666665,-81.80454216666666,9e:05:d6:96:2c:47,-75,5785,158,Bermuda Guest WIFI,inside2
2025-10-14T15:30:51.878883+00:00,26.674642166666665,-81.80454216666666,9c:05:d6:d6:22:af,-85,5805,162,Bermuda,inside5
2025-10-14T15:30:51.878883+00:00,26.674642166666665,-81.80454216666666,9e:05:d6:96:22:af,-83,5805,162,Bermuda Guest WIFI,inside5
2025-10-14T15:31:33.485398+00:00,26.674684833333334,-81.80441533333334,9c:05:d6:e9:7e:62,-59,5200,41,Bermuda,Outside3
2025-10-14T15:31:33.485398+00:00,26.674684833333334,-81.80441533333334,9c:05:d6:e9:8e:7d,-79,2437,6,Bermuda,Outside6
2025-10-14T15:31:33.485398+00:00,26.674684833333334,-81.80441533333334,a2:05:d6:e9:8e:7d,-80,2437,6,Bermuda Guest WIFI,Outside6
2025-10-14T15:31:33.485398+00:00,26.674684833333334,-81.80441533333334,9c:05:d6:d6:2c:47,-80,5785,158,Bermuda,inside2
2025-10-14T15:31:33.485398+00:00,26.674684833333334,-81.80441533333334,9e:05:d6:96:2c:47,-78,5785,158,Bermuda Guest WIFI,inside2
2025-10-14T15:31:33.485398+00:00,26.674684833333334,-81.80441533333334,9c:05:d6:e9:8e:7e,-67,5745,150,Bermuda,Outside6
2025-10-14T15:31:33.485398+00:00,26.674684833333334,-81.80441533333334,a2:05:d6:e9:8e:7e,-67,5745,150,Bermuda Guest WIFI,Outside6
2025-10-14T15:32:19.053735+00:00,26.674694333333335,-81.80423433333333,2e:70:4e:d0:88:21,-84,2412,1,Bermuda Guest WIFI,pole 14
2025-10-14T15:32:19.053735+00:00,26.674694333333335,-81.80423433333333,28:70:4e:d3:d6:28,-81,2412,1,Bermuda,pole 18 W
2025-10-14T15:32:19.053735+00:00,26.674694333333335,-81.80423433333333,28:70:4e:d0:87:61,-82,2412,1,Bermuda,pole 22 NW
2025-10-14T15:32:19.053735+00:00,26.674694333333335,-81.80423433333333,2e:70:4e:d0:87:61,-83,2412,1,Bermuda Guest WIFI,pole 22 NW
2025-10-14T15:32:19.053735+00:00,26.674694333333335,-81.80423433333333,9c:05:d6:e9:8e:7d,-77,2437,6,Bermuda,Outside6
2025-10-14T15:32:19.053735+00:00,26.674694333333335,-81.80423433333333,a2:05:d6:e9:8e:7d,-77,2437,6,Bermuda Guest WIFI,Outside6
2025-10-14T15:32:19.053735+00:00,26.674694333333335,-81.80423433333333,28:70:4e:d0:89:02,-86,2462,11,Bermuda,pole 17
2025-10-14T15:32:19.053735+00:00,26.674694333333335,-81.80423433333333,9c:05:d6:d6:22:ae,-83,2462,11,Bermuda,inside5
2025-10-14T15:32:19.053735+00:00,26.674694333333335,-81.80423433333333,9c:05:d6:e9:8e:7e,-64,5745,150,Bermuda,Outside6
2025-10-14T15:32:19.053735+00:00,26.674694333333335,-81.80423433333333,a2:05:d6:e9:8e:7e,-74,5745,150,Bermuda Guest WIFI,Outside6
2025-10-14T15:32:19.053735+00:00,26.674694333333335,-81.80423433333333,00:17:1a:d6:27:8a,-85,2462,11,Winegard2ghzD62789,Unknown
2025-10-14T15:32:19.053735+00:00,26.674694333333335,-81.80423433333333,28:70:4e:d0:87:62,-65,5240,49,Bermuda,pole 22 NW
2025-10-14T15:32:50.412328+00:00,26.674683166666668,-81.8041765,9c:05:d6:e9:8e:7e,-77,5745,150,Bermuda,Outside6
2025-10-14T15:32:50.412328+00:00,26.674683166666668,-81.8041765,28:70:4e:d0:87:61,-69,2412,1,Bermuda,pole 22 NW
2025-10-14T15:32:50.412328+00:00,26.674683166666668,-81.8041765,28:70:4e:d0:88:21,-84,2412,1,Bermuda,pole 14
2025-10-14T15:32:50.412328+00:00,26.674683166666668,-81.8041765,2e:70:4e:d0:88:21,-82,2412,1,Bermuda Guest WIFI,pole 14
2025-10-14T15:32:50.412328+00:00,26.674683166666668,-81.8041765,2e:70:4e:d0:87:61,-68,2412,1,Bermuda Guest WIFI,pole 22 NW
2025-10-14T15:32:50.412328+00:00,26.674683166666668,-81.8041765,2e:70:4e:d0:89:14,-65,2437,6,Bermuda Guest WIFI,pole 21
2025-10-14T15:32:50.412328+00:00,26.674683166666668,-81.8041765,28:70:4e:d0:89:14,-66,2437,6,Bermuda,pole 21
2025-10-14T15:32:50.412328+00:00,26.674683166666668,-81.8041765,2e:70:4e:d3:d3:88,-83,2437,6,Bermuda Guest WIFI,pole 22 SW
2025-10-14T15:32:50.412328+00:00,26.674683166666668,-81.8041765,9c:05:d6:d6:2c:47,-83,5785,158,Bermuda,inside2
2025-10-14T15:32:50.412328+00:00,26.674683166666668,-81.8041765,28:70:4e:d0:87:62,-73,5240,49,Bermuda,pole 22 NW
2025-10-14T15:32:50.412328+00:00,26.674683166666668,-81.8041765,2e:70:4e:d0:87:62,-73,5240,49,Bermuda Guest WIFI,pole 22 NW
2025-10-14T15:33:36.703780+00:00,26.674802,-81.8042165,28:70:4e:d0:89:14,-67,2437,6,Bermuda,pole 21
2025-10-14T15:33:36.703780+00:00,26.674802,-81.8042165,28:70:4e:d0:89:20,-82,2412,1,Bermuda,pole 01 S
2025-10-14T15:33:36.703780+00:00,26.674802,-81.8042165,9c:05:d6:e9:8e:7d,-82,2437,6,Bermuda,Outside6
2025-10-14T15:33:36.703780+00:00,26.674802,-81.8042165,a2:05:d6:e9:8e:7d,-80,2437,6,Bermuda Guest WIFI,Outside6
2025-10-14T15:33:36.703780+00:00,26.674802,-81.8042165,28:70:4e:d0:87:62,-65,5240,49,Bermuda,pole 22 NW
2025-10-14T15:33:36.703780+00:00,26.674802,-81.8042165,9c:05:d6:e9:8e:7e,-68,5745,150,Bermuda,Outside6
2025-10-14T15:33:36.703780+00:00,26.674802,-81.8042165,a2:05:d6:e9:8e:7e,-68,5745,150,Bermuda Guest WIFI,Outside6
2025-10-14T15:34:20.968555+00:00,26.67493066666667,-81.8042475,28:70:4e:d0:89:14,-75,2437,6,Bermuda,pole 21
2025-10-14T15:34:20.968555+00:00,26.67493066666667,-81.8042475,9e:05:d6:96:2c:46,-82,2412,1,Bermuda Guest WIFI,inside2
2025-10-14T15:34:20.968555+00:00,26.67493066666667,-81.8042475,28:70:4e:d0:87:61,-67,2412,1,Bermuda,pole 22 NW
2025-10-14T15:34:20.968555+00:00,26.67493066666667,-81.8042475,9c:05:d6:d6:2c:46,-86,2412,1,Bermuda,inside2
2025-10-14T15:34:20.968555+00:00,26.67493066666667,-81.8042475,28:70:4e:d0:88:f6,-78,2437,6,Bermuda,Unknown
2025-10-14T15:34:20.968555+00:00,26.67493066666667,-81.8042475,2e:70:4e:d3:d3:88,-75,2437,6,Bermuda Guest WIFI,pole 22 SW
2025-10-14T15:34:20.968555+00:00,26.67493066666667,-81.8042475,2e:70:4e:d0:89:14,-80,2437,6,Bermuda Guest WIFI,pole 21
2025-10-14T15:34:20.968555+00:00,26.67493066666667,-81.8042475,28:70:4e:d0:89:15,-58,5180,37,Bermuda,pole 21
2025-10-14T15:34:20.968555+00:00,26.67493066666667,-81.8042475,2e:70:4e:d0:89:15,-58,5180,37,Bermuda Guest WIFI,pole 21
2025-10-14T15:35:06.166489+00:00,26.674937166666666,-81.8043905,28:70:4e:d0:87:61,-72,2412,1,Bermuda,pole 22 NW
2025-10-14T15:35:06.166489+00:00,26.674937166666666,-81.8043905,2e:70:4e:d0:87:61,-68,2412,1,Bermuda Guest WIFI,pole 22 NW
2025-10-14T15:35:06.166489+00:00,26.674937166666666,-81.8043905,28:70:4e:d0:89:14,-60,2437,6,Bermuda,pole 21
2025-10-14T15:35:06.166489+00:00,26.674937166666666,-81.8043905,2e:70:4e:d0:89:14,-59,2437,6,Bermuda Guest WIFI,pole 21
2025-10-14T15:35:06.166489+00:00,26.674937166666666,-81.8043905,f8:17:2d:76:5d:04,-76,2437,6,SmartLife-5D05,Unknown
2025-10-14T15:35:06.166489+00:00,26.674937166666666,-81.8043905,9c:05:d6:e9:69:b5,-80,2462,11,Bermuda,Outside4
2025-10-14T15:35:06.166489+00:00,26.674937166666666,-81.8043905,a2:05:d6:e9:69:b5,-81,2462,11,Bermuda Guest WIFI,Outside4
2025-10-14T15:35:06.166489+00:00,26.674937166666666,-81.8043905,9c:05:d6:e9:8e:7e,-71,5745,150,Bermuda,Outside6
2025-10-14T15:35:06.166489+00:00,26.674937166666666,-81.8043905,a2:05:d6:e9:8e:7e,-71,5745,150,Bermuda Guest WIFI,Outside6
2025-10-14T15:35:06.166489+00:00,26.674937166666666,-81.8043905,9c:05:d6:e9:7e:62,-72,5200,41,Bermuda,Outside3
2025-10-14T15:35:06.166489+00:00,26.674937166666666,-81.8043905,a2:05:d6:e9:7e:62,-71,5200,41,Bermuda Guest WIFI,Outside3
2025-10-14T15:35:50.480413+00:00,26.675045,-81.80442616666667,9c:05:d6:e9:8e:7e,-77,5745,150,Bermuda,Outside6
2025-10-14T15:35:50.480413+00:00,26.675045,-81.80442616666667,28:70:4e:d0:87:61,-72,2412,1,Bermuda,pole 22 NW
2025-10-14T15:35:50.480413+00:00,26.675045,-81.80442616666667,2e:70:4e:d0:87:61,-71,2412,1,Bermuda Guest WIFI,pole 22 NW
2025-10-14T15:35:50.480413+00:00,26.675045,-81.80442616666667,28:70:4e:d0:89:14,-65,2437,6,Bermuda,pole 21
2025-10-14T15:35:50.480413+00:00,26.675045,-81.80442616666667,28:70:4e:d0:88:f6,-81,2437,6,Bermuda,Unknown
2025-10-14T15:35:50.480413+00:00,26.675045,-81.80442616666667,2e:70:4e:d3:d3:88,-77,2437,6,Bermuda Guest WIFI,pole 22 SW
2025-10-14T15:35:50.480413+00:00,26.675045,-81.80442616666667,2e:70:4e:d0:89:14,-64,2437,6,Bermuda Guest WIFI,pole 21
2025-10-14T15:35:50.480413+00:00,26.675045,-81.80442616666667,2e:70:4e:d0:88:a9,-89,5745,150,Bermuda Guest WIFI,pole 04
2025-10-14T15:35:50.480413+00:00,26.675045,-81.80442616666667,28:70:4e:d0:89:15,-64,5180,37,Bermuda,pole 21
2025-10-14T15:35:50.480413+00:00,26.675045,-81.80442616666667,2e:70:4e:d0:89:15,-64,5180,37,Bermuda Guest WIFI,pole 21
2025-10-14T15:36:33.844957+00:00,26.675061333333332,-81.8042985,28:70:4e:d0:89:14,-71,2437,6,Bermuda,pole 21
2025-10-14T15:36:33.844957+00:00,26.675061333333332,-81.8042985,28:70:4e:d0:87:61,-64,2412,1,Bermuda,pole 22 NW
2025-10-14T15:36:33.844957+00:00,26.675061333333332,-81.8042985,2e:70:4e:d0:87:61,-65,2412,1,Bermuda Guest WIFI,pole 22 NW
2025-10-14T15:36:33.844957+00:00,26.675061333333332,-81.8042985,9c:05:d6:e9:8e:7d,-82,2437,6,Bermuda,Outside6
2025-10-14T15:36:33.844957+00:00,26.675061333333332,-81.8042985,a2:05:d6:e9:8e:7d,-82,2437,6,Bermuda Guest WIFI,Outside6
2025-10-14T15:36:33.844957+00:00,26.675061333333332,-81.8042985,9c:05:d6:e9:8e:7e,-72,5745,150,Bermuda,Outside6
2025-10-14T15:36:33.844957+00:00,26.675061333333332,-81.8042985,a2:05:d6:e9:8e:7e,-72,5745,150,Bermuda Guest WIFI,Outside6
2025-10-14T15:36:33.844957+00:00,26.675061333333332,-81.8042985,28:70:4e:d0:87:62,-67,5240,49,Bermuda,pole 22 NW
2025-10-14T15:36:33.844957+00:00,26.675061333333332,-81.8042985,2e:70:4e:d0:87:62,-68,5240,49,Bermuda Guest WIFI,pole 22 NW
2025-10-14T15:37:18.386607+00:00,26.675173666666666,-81.80423016666667,28:70:4e:d0:89:14,-64,2437,6,Bermuda,pole 21
2025-10-14T15:37:18.386607+00:00,26.675173666666666,-81.80423016666667,28:70:4e:d0:87:61,-62,2412,1,Bermuda,pole 22 NW
2025-10-14T15:37:18.386607+00:00,26.675173666666666,-81.80423016666667,9c:05:d6:e9:8e:7e,-71,5745,150,Bermuda,Outside6
2025-10-14T15:37:18.386607+00:00,26.675173666666666,-81.80423016666667,a2:05:d6:e9:8e:7e,-71,5745,150,Bermuda Guest WIFI,Outside6
2025-10-14T15:37:18.386607+00:00,26.675173666666666,-81.80423016666667,28:70:4e:d0:88:a8,-77,2412,1,Bermuda,pole 04
2025-10-14T15:37:18.386607+00:00,26.675173666666666,-81.80423016666667,28:70:4e:d0:89:20,-71,2412,1,Bermuda,pole 01 S
2025-10-14T15:37:18.386607+00:00,26.675173666666666,-81.80423016666667,2e:70:4e:d0:89:20,-71,2412,1,Bermuda Guest WIFI,pole 01 S
2025-10-14T15:37:18.386607+00:00,26.675173666666666,-81.80423016666667,28:70:4e:d0:88:f6,-80,2437,6,Bermuda,Unknown
2025-10-14T15:37:18.386607+00:00,26.675173666666666,-81.80423016666667,28:70:4e:d3:d3:88,-75,2437,6,Bermuda,pole 22 SW
2025-10-14T15:37:18.386607+00:00,26.675173666666666,-81.80423016666667,2e:70:4e:d0:88:f6,-78,2437,6,Bermuda Guest WIFI,Unknown
2025-10-14T15:37:18.386607+00:00,26.675173666666666,-81.80423016666667,2e:70:4e:d3:d3:88,-77,2437,6,Bermuda Guest WIFI,pole 22 SW
2025-10-14T15:37:18.386607+00:00,26.675173666666666,-81.80423016666667,2e:70:4e:d0:89:14,-63,2437,6,Bermuda Guest WIFI,pole 21
2025-10-14T15:37:18.386607+00:00,26.675173666666666,-81.80423016666667,9c:05:d6:e9:69:b6,-67,5200,41,Bermuda,Outside4
2025-10-14T15:37:18.386607+00:00,26.675173666666666,-81.80423016666667,28:70:4e:d0:89:15,-61,5180,37,Bermuda,pole 21
2025-10-14T15:37:18.386607+00:00,26.675173666666666,-81.80423016666667,2e:70:4e:d0:87:61,-62,2412,1,Bermuda Guest WIFI,pole 22 NW
2025-10-14T15:37:18.386607+00:00,26.675173666666666,-81.80423016666667,28:70:4e:d3:d3:89,-82,5785,158,Bermuda,pole 22 SW
2025-10-14T15:38:03.107041+00:00,26.6751765,-81.80440216666666,28:70:4e:d0:89:14,-64,2437,6,Bermuda,pole 21
2025-10-14T15:38:03.107041+00:00,26.6751765,-81.80440216666666,28:70:4e:d0:87:61,-79,2412,1,Bermuda,pole 22 NW
2025-10-14T15:38:03.107041+00:00,26.6751765,-81.80440216666666,2e:70:4e:d0:89:14,-62,2437,6,Bermuda Guest WIFI,pole 21
2025-10-14T15:38:03.107041+00:00,26.6751765,-81.80440216666666,a2:05:d6:e9:8e:7e,-81,5745,150,Bermuda Guest WIFI,Outside6
2025-10-14T15:38:03.107041+00:00,26.6751765,-81.80440216666666,9c:05:d6:e9:8e:7e,-81,5745,150,Bermuda,Outside6
2025-10-14T15:38:03.107041+00:00,26.6751765,-81.80440216666666,2e:70:4e:d0:87:61,-79,2412,1,Bermuda Guest WIFI,pole 22 NW
2025-10-14T15:38:03.107041+00:00,26.6751765,-81.80440216666666,28:70:4e:d2:8b:2d,-84,2462,11,Bermuda,pole 02 N
2025-10-14T15:38:03.107041+00:00,26.6751765,-81.80440216666666,2e:70:4e:d2:8b:2d,-86,2462,11,Bermuda Guest WIFI,pole 02 N
2025-10-14T15:38:03.107041+00:00,26.6751765,-81.80440216666666,2e:70:4e:d0:86:3e,-83,2462,11,Bermuda Guest WIFI,pole 09
2025-10-14T15:38:03.107041+00:00,26.6751765,-81.80440216666666,2e:70:4e:d0:89:15,-63,5180,37,Bermuda Guest WIFI,pole 21
2025-10-14T15:38:03.107041+00:00,26.6751765,-81.80440216666666,28:70:4e:d0:88:f6,-75,2437,6,Bermuda,Unknown
2025-10-14T15:38:03.107041+00:00,26.6751765,-81.80440216666666,28:70:4e:d3:d3:88,-72,2437,6,Bermuda,pole 22 SW
2025-10-14T15:38:03.107041+00:00,26.6751765,-81.80440216666666,2e:70:4e:d0:88:f6,-76,2437,6,Bermuda Guest WIFI,Unknown
2025-10-14T15:38:03.107041+00:00,26.6751765,-81.80440216666666,2e:70:4e:d3:d3:88,-72,2437,6,Bermuda Guest WIFI,pole 22 SW
2025-10-14T15:38:03.107041+00:00,26.6751765,-81.80440216666666,28:70:4e:d0:89:15,-63,5180,37,Bermuda,pole 21
2025-10-14T15:38:03.107041+00:00,26.6751765,-81.80440216666666,28:70:4e:d0:87:62,-69,5240,49,Bermuda,pole 22 NW
2025-10-14T15:38:03.107041+00:00,26.6751765,-81.80440216666666,2e:70:4e:d0:87:62,-69,5240,49,Bermuda Guest WIFI,pole 22 NW
2025-10-14T15:38:48.446694+00:00,26.675291666666666,-81.804445,28:70:4e:d0:89:14,-63,2437,6,Bermuda,pole 21
2025-10-14T15:38:48.446694+00:00,26.675291666666666,-81.804445,28:70:4e:d0:87:61,-62,2412,1,Bermuda,pole 22 NW
2025-10-14T15:38:48.446694+00:00,26.675291666666666,-81.804445,2e:70:4e:d0:87:61,-62,2412,1,Bermuda Guest WIFI,pole 22 NW
2025-10-14T15:38:48.446694+00:00,26.675291666666666,-81.804445,28:70:4e:d3:d3:88,-63,2437,6,Bermuda,pole 22 SW
2025-10-14T15:38:48.446694+00:00,26.675291666666666,-81.804445,2e:70:4e:d0:89:14,-63,2437,6,Bermuda Guest WIFI,pole 21
2025-10-14T15:38:48.446694+00:00,26.675291666666666,-81.804445,2e:70:4e:d3:d3:88,-62,2437,6,Bermuda Guest WIFI,pole 22 SW
2025-10-14T15:38:48.446694+00:00,26.675291666666666,-81.804445,f8:17:2d:76:5d:04,-81,2437,6,SmartLife-5D05,Unknown
2025-10-14T15:38:48.446694+00:00,26.675291666666666,-81.804445,28:70:4e:d0:87:62,-61,5240,49,Bermuda,pole 22 NW
2025-10-14T15:38:48.446694+00:00,26.675291666666666,-81.804445,2e:70:4e:d0:87:62,-61,5240,49,Bermuda Guest WIFI,pole 22 NW
2025-10-14T15:38:48.446694+00:00,26.675291666666666,-81.804445,9c:05:d6:d6:2c:47,-87,5785,158,Bermuda,inside2
2025-10-14T15:38:48.446694+00:00,26.675291666666666,-81.804445,9e:05:d6:96:2c:47,-89,5785,158,Bermuda Guest WIFI,inside2
2025-10-14T15:39:34.067076+00:00,26.6753145,-81.80425983333333,28:70:4e:d0:89:14,-67,2437,6,Bermuda,pole 21
2025-10-14T15:39:34.067076+00:00,26.6753145,-81.80425983333333,28:70:4e:d3:d3:88,-67,2437,6,Bermuda,pole 22 SW
2025-10-14T15:39:34.067076+00:00,26.6753145,-81.80425983333333,2e:70:4e:d3:d3:88,-66,2437,6,Bermuda Guest WIFI,pole 22 SW
2025-10-14T15:39:34.067076+00:00,26.6753145,-81.80425983333333,2e:70:4e:d0:89:14,-68,2437,6,Bermuda Guest WIFI,pole 21
2025-10-14T15:40:20.255788+00:00,26.6754115,-81.804223,28:70:4e:d0:89:14,-64,2437,6,Bermuda,pole 21
2025-10-14T15:40:20.255788+00:00,26.6754115,-81.804223,28:70:4e:d0:87:61,-56,2412,1,Bermuda,pole 22 NW
2025-10-14T15:40:20.255788+00:00,26.6754115,-81.804223,28:70:4e:d0:89:05,-80,2412,1,Bermuda,pole 06
2025-10-14T15:40:20.255788+00:00,26.6754115,-81.804223,2e:70:4e:d0:87:61,-57,2412,1,Bermuda Guest WIFI,pole 22 NW
2025-10-14T15:40:20.255788+00:00,26.6754115,-81.804223,28:70:4e:d3:d3:88,-64,2437,6,Bermuda,pole 22 SW
2025-10-14T15:40:20.255788+00:00,26.6754115,-81.804223,28:70:4e:d0:88:f6,-82,2437,6,Bermuda,Unknown
2025-10-14T15:40:20.255788+00:00,26.6754115,-81.804223,2e:70:4e:d3:d3:88,-61,2437,6,Bermuda Guest WIFI,pole 22 SW
2025-10-14T15:40:20.255788+00:00,26.6754115,-81.804223,28:70:4e:d0:87:62,-60,5240,49,Bermuda,pole 22 NW
2025-10-14T15:40:20.255788+00:00,26.6754115,-81.804223,2e:70:4e:d0:89:15,-66,5180,37,Bermuda Guest WIFI,pole 21
2025-10-14T15:40:20.255788+00:00,26.6754115,-81.804223,2e:70:4e:d0:87:62,-60,5240,49,Bermuda Guest WIFI,pole 22 NW
2025-10-14T15:40:20.255788+00:00,26.6754115,-81.804223,28:70:4e:dd:d3:1f,-75,2462,11,Bermuda,pole 01 NE
2025-10-14T15:40:20.255788+00:00,26.6754115,-81.804223,2e:70:4e:dd:d3:1f,-76,2462,11,Bermuda Guest WIFI,Unknown
2025-10-14T15:40:20.255788+00:00,26.6754115,-81.804223,28:70:4e:d3:d3:89,-64,5785,158,Bermuda,pole 22 SW
2025-10-14T15:40:20.255788+00:00,26.6754115,-81.804223,2e:70:4e:d3:d3:89,-64,5785,158,Bermuda Guest WIFI,pole 22 SW
2025-10-14T15:41:03.616123+00:00,26.67542316666667,-81.80440133333333,28:70:4e:d0:87:62,-62,5240,49,Bermuda,pole 22 NW
2025-10-14T15:41:03.616123+00:00,26.67542316666667,-81.80440133333333,28:70:4e:d0:87:61,-67,2412,1,Bermuda,pole 22 NW
2025-10-14T15:41:03.616123+00:00,26.67542316666667,-81.80440133333333,2e:70:4e:d0:87:61,-66,2412,1,Bermuda Guest WIFI,pole 22 NW
2025-10-14T15:41:03.616123+00:00,26.67542316666667,-81.80440133333333,2e:70:4e:d2:c9:b0,-87,2437,6,Bermuda Guest WIFI,pole 15 NW
2025-10-14T15:41:46.900886+00:00,26.675535833333335,-81.8044375,28:70:4e:d0:87:62,-62,5240,49,Bermuda,pole 22 NW
2025-10-14T15:41:46.900886+00:00,26.675535833333335,-81.8044375,28:70:4e:d3:d3:88,-72,2437,6,Bermuda,pole 22 SW
2025-10-14T15:41:46.900886+00:00,26.675535833333335,-81.8044375,2e:70:4e:d3:d3:88,-72,2437,6,Bermuda Guest WIFI,pole 22 SW
2025-10-14T15:41:46.900886+00:00,26.675535833333335,-81.8044375,28:70:4e:d3:d3:89,-67,5785,158,Bermuda,pole 22 SW
2025-10-14T15:41:46.900886+00:00,26.675535833333335,-81.8044375,2e:70:4e:d3:d3:89,-67,5785,158,Bermuda Guest WIFI,pole 22 SW
2025-10-14T15:42:30.144806+00:00,26.675563833333335,-81.80422533333333,28:70:4e:d3:d3:88,-61,2437,6,Bermuda,pole 22 SW
2025-10-14T15:42:30.144806+00:00,26.675563833333335,-81.80422533333333,2e:70:4e:d3:d3:88,-60,2437,6,Bermuda Guest WIFI,pole 22 SW
2025-10-14T15:42:30.144806+00:00,26.675563833333335,-81.80422533333333,28:70:4e:d0:87:61,-62,2412,1,Bermuda,pole 22 NW
2025-10-14T15:42:30.144806+00:00,26.675563833333335,-81.80422533333333,9c:05:d6:d6:2c:46,-87,2412,1,Bermuda,inside2
2025-10-14T15:42:30.144806+00:00,26.675563833333335,-81.80422533333333,2e:70:4e:d0:87:61,-61,2412,1,Bermuda Guest WIFI,pole 22 NW
2025-10-14T15:42:30.144806+00:00,26.675563833333335,-81.80422533333333,9c:05:d6:e9:7e:61,-86,2412,1,Bermuda,Outside3
2025-10-14T15:42:30.144806+00:00,26.675563833333335,-81.80422533333333,28:70:4e:d0:89:14,-64,2437,6,Bermuda,pole 21
2025-10-14T15:42:30.144806+00:00,26.675563833333335,-81.80422533333333,f8:17:2d:76:5d:04,-86,2437,6,SmartLife-5D05,Unknown
2025-10-14T15:42:30.144806+00:00,26.675563833333335,-81.80422533333333,2e:70:4e:d0:86:3e,-85,2462,11,Bermuda Guest WIFI,pole 09
2025-10-14T15:42:30.144806+00:00,26.675563833333335,-81.80422533333333,a2:05:d6:e9:8b:85,-88,2462,11,Bermuda Guest WIFI,Outside1
2025-10-14T15:42:30.144806+00:00,26.675563833333335,-81.80422533333333,2e:70:4e:d0:89:14,-70,2437,6,Bermuda Guest WIFI,pole 21
2025-10-14T15:42:30.144806+00:00,26.675563833333335,-81.80422533333333,2e:70:4e:d2:c9:b0,-70,2437,6,Bermuda Guest WIFI,pole 15 NW
2025-10-14T15:42:30.144806+00:00,26.675563833333335,-81.80422533333333,28:70:4e:d0:89:20,-85,2412,1,Bermuda,pole 01 S
2025-10-14T15:42:30.144806+00:00,26.675563833333335,-81.80422533333333,28:70:4e:d0:87:62,-74,5240,49,Bermuda,pole 22 NW
2025-10-14T15:42:30.144806+00:00,26.675563833333335,-81.80422533333333,2e:70:4e:d0:87:62,-73,5240,49,Bermuda Guest WIFI,pole 22 NW
2025-10-14T15:43:13.237238+00:00,26.675408166666667,-81.80418716666667,28:70:4e:d3:d3:88,-51,2437,6,Bermuda,pole 22 SW
2025-10-14T15:43:13.237238+00:00,26.675408166666667,-81.80418716666667,2e:70:4e:d3:d3:88,-50,2437,6,Bermuda Guest WIFI,pole 22 SW
2025-10-14T15:43:13.237238+00:00,26.675408166666667,-81.80418716666667,28:70:4e:d0:87:61,-45,2412,1,Bermuda,pole 22 NW
2025-10-14T15:43:13.237238+00:00,26.675408166666667,-81.80418716666667,2e:70:4e:d0:87:61,-44,2412,1,Bermuda Guest WIFI,pole 22 NW
2025-10-14T15:43:13.237238+00:00,26.675408166666667,-81.80418716666667,28:70:4e:d0:89:14,-70,2437,6,Bermuda,pole 21
2025-10-14T15:43:13.237238+00:00,26.675408166666667,-81.80418716666667,28:70:4e:d0:87:62,-54,5240,49,Bermuda,pole 22 NW
2025-10-14T15:43:13.237238+00:00,26.675408166666667,-81.80418716666667,2e:70:4e:d0:89:14,-70,2437,6,Bermuda Guest WIFI,pole 21
2025-10-14T15:43:13.237238+00:00,26.675408166666667,-81.80418716666667,2e:70:4e:d0:87:62,-54,5240,49,Bermuda Guest WIFI,pole 22 NW
2025-10-14T15:43:13.237238+00:00,26.675408166666667,-81.80418716666667,28:70:4e:d3:d3:89,-63,5785,158,Bermuda,pole 22 SW
2025-10-14T15:43:13.237238+00:00,26.675408166666667,-81.80418716666667,2e:70:4e:d3:d3:89,-63,5785,158,Bermuda Guest WIFI,pole 22 SW
2025-10-14T15:43:57.203406+00:00,26.6753355,-81.8041245,28:70:4e:d0:87:62,-57,5240,49,Bermuda,pole 22 NW
2025-10-14T15:43:57.203406+00:00,26.6753355,-81.8041245,28:70:4e:d0:87:61,-47,2412,1,Bermuda,pole 22 NW
2025-10-14T15:43:57.203406+00:00,26.6753355,-81.8041245,2e:70:4e:d0:87:61,-46,2412,1,Bermuda Guest WIFI,pole 22 NW
2025-10-14T15:43:57.203406+00:00,26.6753355,-81.8041245,2e:70:4e:d0:89:20,-83,2412,1,Bermuda Guest WIFI,pole 01 S
2025-10-14T15:43:57.203406+00:00,26.6753355,-81.8041245,28:70:4e:d0:89:14,-67,2437,6,Bermuda,pole 21
2025-10-14T15:43:57.203406+00:00,26.6753355,-81.8041245,28:70:4e:d3:d3:88,-74,2437,6,Bermuda,pole 22 SW
2025-10-14T15:43:57.203406+00:00,26.6753355,-81.8041245,2e:70:4e:d0:89:14,-67,2437,6,Bermuda Guest WIFI,pole 21
2025-10-14T15:43:57.203406+00:00,26.6753355,-81.8041245,2e:70:4e:d3:d3:88,-74,2437,6,Bermuda Guest WIFI,pole 22 SW
2025-10-14T15:43:57.203406+00:00,26.6753355,-81.8041245,f8:17:2d:76:5d:04,-86,2437,6,SmartLife-5D05,Unknown
2025-10-14T15:43:57.203406+00:00,26.6753355,-81.8041245,9c:05:d6:e9:69:b5,-87,2462,11,Bermuda,Outside4
2025-10-14T15:43:57.203406+00:00,26.6753355,-81.8041245,9c:05:d6:e9:8e:7e,-81,5745,150,Bermuda,Outside6
2025-10-14T15:43:57.203406+00:00,26.6753355,-81.8041245,a2:05:d6:e9:8e:7e,-81,5745,150,Bermuda Guest WIFI,Outside6
2025-10-14T15:44:40.877318+00:00,26.675416666666667,-81.80412183333334,28:70:4e:d0:87:62,-48,5240,49,Bermuda,pole 22 NW
2025-10-14T15:44:40.877318+00:00,26.675416666666667,-81.80412183333334,28:70:4e:d0:87:61,-39,2412,1,Bermuda,pole 22 NW
2025-10-14T15:44:40.877318+00:00,26.675416666666667,-81.80412183333334,2e:70:4e:d0:87:61,-38,2412,1,Bermuda Guest WIFI,pole 22 NW
2025-10-14T15:44:40.877318+00:00,26.675416666666667,-81.80412183333334,28:70:4e:d3:d3:88,-61,2437,6,Bermuda,pole 22 SW
2025-10-14T15:44:40.877318+00:00,26.675416666666667,-81.80412183333334,2e:70:4e:d0:88:f6,-77,2437,6,Bermuda Guest WIFI,Unknown
2025-10-14T15:44:40.877318+00:00,26.675416666666667,-81.80412183333334,2e:70:4e:d3:d3:88,-62,2437,6,Bermuda Guest WIFI,pole 22 SW
2025-10-14T15:44:40.877318+00:00,26.675416666666667,-81.80412183333334,28:70:4e:d0:89:14,-68,2437,6,Bermuda,pole 21
2025-10-14T15:44:40.877318+00:00,26.675416666666667,-81.80412183333334,2e:70:4e:d0:89:14,-68,2437,6,Bermuda Guest WIFI,pole 21
2025-10-14T15:44:40.877318+00:00,26.675416666666667,-81.80412183333334,2e:70:4e:d0:87:62,-48,5240,49,Bermuda Guest WIFI,pole 22 NW
2025-10-14T15:44:40.877318+00:00,26.675416666666667,-81.80412183333334,28:70:4e:d3:d3:89,-40,5785,158,Bermuda,pole 22 SW
2025-10-14T15:44:40.877318+00:00,26.675416666666667,-81.80412183333334,2e:70:4e:d3:d3:89,-40,5785,158,Bermuda Guest WIFI,pole 22 SW
2025-10-14T15:45:23.993408+00:00,26.6754755,-81.80403683333333,28:70:4e:d0:87:62,-61,5240,49,Bermuda,pole 22 NW
2025-10-14T15:45:23.993408+00:00,26.6754755,-81.80403683333333,28:70:4e:d0:87:61,-62,2412,1,Bermuda,pole 22 NW
2025-10-14T15:45:23.993408+00:00,26.6754755,-81.80403683333333,2e:70:4e:d0:87:61,-61,2412,1,Bermuda Guest WIFI,pole 22 NW
2025-10-14T15:45:23.993408+00:00,26.6754755,-81.80403683333333,28:70:4e:d0:88:a8,-80,2412,1,Bermuda,pole 04
2025-10-14T15:45:23.993408+00:00,26.6754755,-81.80403683333333,28:70:4e:d3:d3:88,-44,2437,6,Bermuda,pole 22 SW
2025-10-14T15:45:23.993408+00:00,26.6754755,-81.80403683333333,2e:70:4e:d3:d3:88,-43,2437,6,Bermuda Guest WIFI,pole 22 SW
2025-10-14T15:45:23.993408+00:00,26.6754755,-81.80403683333333,f8:17:2d:76:5d:04,-82,2437,6,SmartLife-5D05,Unknown
2025-10-14T15:45:23.993408+00:00,26.6754755,-81.80403683333333,28:70:4e:d0:89:14,-68,2437,6,Bermuda,pole 21
2025-10-14T15:45:23.993408+00:00,26.6754755,-81.80403683333333,2e:70:4e:d0:89:14,-68,2437,6,Bermuda Guest WIFI,pole 21
2025-10-14T15:45:23.993408+00:00,26.6754755,-81.80403683333333,28:70:4e:dd:d3:1f,-74,2462,11,Bermuda,pole 01 NE
2025-10-14T15:45:23.993408+00:00,26.6754755,-81.80403683333333,2e:70:4e:dd:d3:1f,-76,2462,11,Bermuda Guest WIFI,Unknown
2025-10-14T15:45:23.993408+00:00,26.6754755,-81.80403683333333,2e:70:4e:d0:87:62,-61,5240,49,Bermuda Guest WIFI,pole 22 NW
2025-10-14T15:45:23.993408+00:00,26.6754755,-81.80403683333333,28:70:4e:d3:d3:89,-50,5785,158,Bermuda,pole 22 SW
2025-10-14T15:45:23.993408+00:00,26.6754755,-81.80403683333333,2e:70:4e:d3:d3:89,-50,5785,158,Bermuda Guest WIFI,pole 22 SW
2025-10-14T15:46:05.973390+00:00,26.675578333333334,-81.80405066666667,28:70:4e:d0:87:62,-62,5240,49,Bermuda,pole 22 NW
2025-10-14T15:46:05.973390+00:00,26.675578333333334,-81.80405066666667,28:70:4e:d3:d3:88,-56,2437,6,Bermuda,pole 22 SW
2025-10-14T15:46:05.973390+00:00,26.675578333333334,-81.80405066666667,2e:70:4e:d3:d3:88,-56,2437,6,Bermuda Guest WIFI,pole 22 SW
2025-10-14T15:46:05.973390+00:00,26.675578333333334,-81.80405066666667,28:70:4e:d0:89:14,-70,2437,6,Bermuda,pole 21
2025-10-14T15:46:05.973390+00:00,26.675578333333334,-81.80405066666667,2e:70:4e:d0:89:14,-71,2437,6,Bermuda Guest WIFI,pole 21
2025-10-14T15:46:05.973390+00:00,26.675578333333334,-81.80405066666667,28:70:4e:d3:d3:89,-54,5785,158,Bermuda,pole 22 SW
2025-10-14T15:46:05.973390+00:00,26.675578333333334,-81.80405066666667,2e:70:4e:d3:d3:89,-54,5785,158,Bermuda Guest WIFI,pole 22 SW
2025-10-14T15:46:47.884918+00:00,26.675506166666665,-81.8041355,28:70:4e:d0:87:62,-61,5240,49,Bermuda,pole 22 NW
2025-10-14T15:46:47.884918+00:00,26.675506166666665,-81.8041355,28:70:4e:d0:87:61,-63,2412,1,Bermuda,pole 22 NW
2025-10-14T15:46:47.884918+00:00,26.675506166666665,-81.8041355,2e:70:4e:d0:87:61,-63,2412,1,Bermuda Guest WIFI,pole 22 NW
2025-10-14T15:46:47.884918+00:00,26.675506166666665,-81.8041355,28:70:4e:d3:d3:88,-61,2437,6,Bermuda,pole 22 SW
2025-10-14T15:46:47.884918+00:00,26.675506166666665,-81.8041355,2e:70:4e:d3:d3:88,-61,2437,6,Bermuda Guest WIFI,pole 22 SW
2025-10-14T15:46:47.884918+00:00,26.675506166666665,-81.8041355,a2:05:d6:e9:8e:7d,-86,2437,6,Bermuda Guest WIFI,Outside6
2025-10-14T15:46:47.884918+00:00,26.675506166666665,-81.8041355,28:70:4e:dd:d3:1f,-78,2462,11,Bermuda,pole 01 NE
2025-10-14T15:46:47.884918+00:00,26.675506166666665,-81.8041355,2e:70:4e:dd:d3:1f,-80,2462,11,Bermuda Guest WIFI,Unknown
2025-10-14T15:46:47.884918+00:00,26.675506166666665,-81.8041355,2e:70:4e:d0:87:62,-62,5240,49,Bermuda Guest WIFI,pole 22 NW
2025-10-14T15:46:47.884918+00:00,26.675506166666665,-81.8041355,28:70:4e:d3:d3:89,-55,5785,158,Bermuda,pole 22 SW
2025-10-14T15:46:47.884918+00:00,26.675506166666665,-81.8041355,2e:70:4e:d3:d3:89,-55,5785,158,Bermuda Guest WIFI,pole 22 SW
2025-10-14T15:46:47.884918+00:00,26.675506166666665,-81.8041355,28:70:4e:dd:d3:20,-86,5785,158,Bermuda,pole 01 NE
2025-10-14T15:46:47.884918+00:00,26.675506166666665,-81.8041355,2e:70:4e:dd:d3:20,-86,5785,158,Bermuda Guest WIFI,Unknown
2025-10-14T15:46:47.884918+00:00,26.675506166666665,-81.8041355,28:70:4e:d0:89:21,-76,5200,41,Bermuda,pole 01 S
2025-10-14T15:46:47.884918+00:00,26.675506166666665,-81.8041355,2e:70:4e:d0:89:21,-75,5200,41,Bermuda Guest WIFI,pole 01 S
2025-10-14T15:47:30.285384+00:00,26.675406333333335,-81.80418666666667,28:70:4e:d0:87:62,-45,5240,49,Bermuda,pole 22 NW
2025-10-14T15:47:30.285384+00:00,26.675406333333335,-81.80418666666667,28:70:4e:d0:87:61,-49,2412,1,Bermuda,pole 22 NW
2025-10-14T15:47:30.285384+00:00,26.675406333333335,-81.80418666666667,2e:70:4e:d0:87:61,-49,2412,1,Bermuda Guest WIFI,pole 22 NW
2025-10-14T15:47:30.285384+00:00,26.675406333333335,-81.80418666666667,28:70:4e:d3:d3:88,-55,2437,6,Bermuda,pole 22 SW
2025-10-14T15:47:30.285384+00:00,26.675406333333335,-81.80418666666667,28:70:4e:d0:89:14,-66,2437,6,Bermuda,pole 21
2025-10-14T15:47:30.285384+00:00,26.675406333333335,-81.80418666666667,2e:70:4e:d3:d3:88,-54,2437,6,Bermuda Guest WIFI,pole 22 SW
2025-10-14T15:47:30.285384+00:00,26.675406333333335,-81.80418666666667,2e:70:4e:d0:89:14,-71,2437,6,Bermuda Guest WIFI,pole 21
2025-10-14T15:47:30.285384+00:00,26.675406333333335,-81.80418666666667,2e:70:4e:d0:87:62,-45,5240,49,Bermuda Guest WIFI,pole 22 NW
2025-10-14T15:47:30.285384+00:00,26.675406333333335,-81.80418666666667,28:70:4e:d3:d3:89,-52,5785,158,Bermuda,pole 22 SW
2025-10-14T15:47:30.285384+00:00,26.675406333333335,-81.80418666666667,2e:70:4e:d3:d3:89,-52,5785,158,Bermuda Guest WIFI,pole 22 SW
2025-10-14T15:47:30.285384+00:00,26.675406333333335,-81.80418666666667,9c:05:d6:e9:8e:7e,-72,5745,150,Bermuda,Outside6
2025-10-14T15:47:30.285384+00:00,26.675406333333335,-81.80418666666667,a2:05:d6:e9:8e:7e,-72,5745,150,Bermuda Guest WIFI,Outside6
2025-10-14T15:47:30.285384+00:00,26.675406333333335,-81.80418666666667,28:70:4e:d0:89:15,-72,5180,37,Bermuda,pole 21
2025-10-14T15:47:30.285384+00:00,26.675406333333335,-81.80418666666667,2e:70:4e:d0:89:15,-72,5180,37,Bermuda Guest WIFI,pole 21
2025-10-14T15:48:12.929994+00:00,26.675277833333332,-81.80419766666667,28:70:4e:d0:87:62,-62,5240,49,Bermuda,pole 22 NW
2025-10-14T15:48:12.929994+00:00,26.675277833333332,-81.80419766666667,28:70:4e:d0:87:61,-58,2412,1,Bermuda,pole 22 NW
2025-10-14T15:48:12.929994+00:00,26.675277833333332,-81.80419766666667,2e:70:4e:d0:87:61,-57,2412,1,Bermuda Guest WIFI,pole 22 NW
2025-10-14T15:48:12.929994+00:00,26.675277833333332,-81.80419766666667,28:70:4e:d0:88:a8,-81,2412,1,Bermuda,pole 04
2025-10-14T15:48:12.929994+00:00,26.675277833333332,-81.80419766666667,28:70:4e:d0:89:14,-64,2437,6,Bermuda,pole 21
2025-10-14T15:48:12.929994+00:00,26.675277833333332,-81.80419766666667,2e:70:4e:d0:89:14,-63,2437,6,Bermuda Guest WIFI,pole 21
2025-10-14T15:48:12.929994+00:00,26.675277833333332,-81.80419766666667,2e:70:4e:d0:87:62,-62,5240,49,Bermuda Guest WIFI,pole 22 NW
2025-10-14T15:48:12.929994+00:00,26.675277833333332,-81.80419766666667,28:70:4e:d0:89:15,-63,5180,37,Bermuda,pole 21
2025-10-14T15:48:12.929994+00:00,26.675277833333332,-81.80419766666667,2e:70:4e:d0:89:15,-64,5180,37,Bermuda Guest WIFI,pole 21
2025-10-14T15:48:54.940291+00:00,26.6751215,-81.80419933333333,28:70:4e:d0:87:62,-62,5240,49,Bermuda,pole 22 NW
2025-10-14T15:48:54.940291+00:00,26.6751215,-81.80419933333333,28:70:4e:d0:87:61,-63,2412,1,Bermuda,pole 22 NW
2025-10-14T15:48:54.940291+00:00,26.6751215,-81.80419933333333,28:70:4e:d3:d3:88,-74,2437,6,Bermuda,pole 22 SW
2025-10-14T15:48:54.940291+00:00,26.6751215,-81.80419933333333,2e:70:4e:d0:88:f6,-78,2437,6,Bermuda Guest WIFI,Unknown
2025-10-14T15:48:54.940291+00:00,26.6751215,-81.80419933333333,2e:70:4e:d3:d3:88,-76,2437,6,Bermuda Guest WIFI,pole 22 SW
2025-10-14T15:48:54.940291+00:00,26.6751215,-81.80419933333333,28:70:4e:d0:89:14,-56,2437,6,Bermuda,pole 21
2025-10-14T15:48:54.940291+00:00,26.6751215,-81.80419933333333,2e:70:4e:d0:89:14,-55,2437,6,Bermuda Guest WIFI,pole 21
2025-10-14T15:48:54.940291+00:00,26.6751215,-81.80419933333333,f8:17:2d:76:5d:04,-83,2437,6,SmartLife-5D05,Unknown
2025-10-14T15:48:54.940291+00:00,26.6751215,-81.80419933333333,2e:70:4e:d0:87:62,-62,5240,49,Bermuda Guest WIFI,pole 22 NW
2025-10-14T15:48:54.940291+00:00,26.6751215,-81.80419933333333,28:70:4e:dd:d3:20,-80,5785,158,Bermuda,pole 01 NE
2025-10-14T15:48:54.940291+00:00,26.6751215,-81.80419933333333,2e:70:4e:dd:d3:20,-80,5785,158,Bermuda Guest WIFI,Unknown
2025-10-14T15:49:37.033799+00:00,26.675004,-81.8041965,28:70:4e:d0:87:62,-64,5240,49,Bermuda,pole 22 NW
2025-10-14T15:49:37.033799+00:00,26.675004,-81.8041965,28:70:4e:d0:89:14,-57,2437,6,Bermuda,pole 21
2025-10-14T15:49:37.033799+00:00,26.675004,-81.8041965,28:70:4e:d3:d3:88,-72,2437,6,Bermuda,pole 22 SW
2025-10-14T15:49:37.033799+00:00,26.675004,-81.8041965,2e:70:4e:d0:89:14,-57,2437,6,Bermuda Guest WIFI,pole 21
2025-10-14T15:49:37.033799+00:00,26.675004,-81.8041965,9c:05:d6:e9:8e:7e,-81,5745,150,Bermuda,Outside6
2025-10-14T15:49:37.033799+00:00,26.675004,-81.8041965,a2:05:d6:e9:8e:7e,-81,5745,150,Bermuda Guest WIFI,Outside6
2025-10-14T15:49:37.033799+00:00,26.675004,-81.8041965,28:70:4e:d0:89:15,-48,5180,37,Bermuda,pole 21
2025-10-14T15:49:37.033799+00:00,26.675004,-81.8041965,2e:70:4e:d0:89:15,-48,5180,37,Bermuda Guest WIFI,pole 21
2025-10-14T15:50:19.178727+00:00,26.67489966666667,-81.80419866666666,28:70:4e:d0:87:62,-63,5240,49,Bermuda,pole 22 NW
2025-10-14T15:50:19.178727+00:00,26.67489966666667,-81.80419866666666,28:70:4e:d0:89:14,-65,2437,6,Bermuda,pole 21
2025-10-14T15:50:19.178727+00:00,26.67489966666667,-81.80419866666666,2e:70:4e:d0:89:14,-65,2437,6,Bermuda Guest WIFI,pole 21
2025-10-14T15:50:19.178727+00:00,26.67489966666667,-81.80419866666666,f8:17:2d:76:5d:04,-89,2437,6,SmartLife-5D05,Unknown
2025-10-14T15:50:19.178727+00:00,26.67489966666667,-81.80419866666666,28:70:4e:d0:89:15,-56,5180,37,Bermuda,pole 21
2025-10-14T15:50:19.178727+00:00,26.67489966666667,-81.80419866666666,2e:70:4e:d0:89:15,-56,5180,37,Bermuda Guest WIFI,pole 21
2025-10-14T15:50:19.178727+00:00,26.67489966666667,-81.80419866666666,28:70:4e:d0:88:22,-81,5765,154,Bermuda,pole 14
2025-10-14T15:50:19.178727+00:00,26.67489966666667,-81.80419866666666,2e:70:4e:d0:88:22,-81,5765,154,Bermuda Guest WIFI,pole 14
2025-10-14T15:51:01.813127+00:00,26.674760833333334,-81.8042105,28:70:4e:d0:87:62,-65,5240,49,Bermuda,pole 22 NW
2025-10-14T15:51:01.813127+00:00,26.674760833333334,-81.8042105,28:70:4e:d0:88:21,-80,2412,1,Bermuda,pole 14
2025-10-14T15:51:01.813127+00:00,26.674760833333334,-81.8042105,2e:70:4e:d0:88:21,-80,2412,1,Bermuda Guest WIFI,pole 14
2025-10-14T15:51:01.813127+00:00,26.674760833333334,-81.8042105,9c:05:d6:e9:8e:7d,-85,2437,6,Bermuda,Outside6
2025-10-14T15:51:01.813127+00:00,26.674760833333334,-81.8042105,28:70:4e:d0:89:15,-65,5180,37,Bermuda,pole 21
2025-10-14T15:51:01.813127+00:00,26.674760833333334,-81.8042105,2e:70:4e:d0:89:15,-66,5180,37,Bermuda Guest WIFI,pole 21
2025-10-14T15:51:01.813127+00:00,26.674760833333334,-81.8042105,9c:05:d6:d6:2c:47,-89,5785,158,Bermuda,inside2
2025-10-14T15:51:01.813127+00:00,26.674760833333334,-81.8042105,9e:05:d6:96:2c:47,-87,5785,158,Bermuda Guest WIFI,inside2
2025-10-14T15:51:01.813127+00:00,26.674760833333334,-81.8042105,28:70:4e:d3:d3:89,-84,5785,158,Bermuda,pole 22 SW
2025-10-14T15:51:01.813127+00:00,26.674760833333334,-81.8042105,2e:70:4e:d3:d3:89,-85,5785,158,Bermuda Guest WIFI,pole 22 SW
2025-10-14T15:51:51.660300+00:00,26.674716833333335,-81.804324,28:70:4e:d0:89:14,-72,2437,6,Bermuda,pole 21
2025-10-14T15:51:51.660300+00:00,26.674716833333335,-81.804324,9c:05:d6:e9:8e:7d,-80,2437,6,Bermuda,Outside6
2025-10-14T15:51:51.660300+00:00,26.674716833333335,-81.804324,a2:05:d6:e9:8e:7d,-72,2437,6,Bermuda Guest WIFI,Outside6
2025-10-14T15:51:51.660300+00:00,26.674716833333335,-81.804324,2e:70:4e:d3:d3:88,-86,2437,6,Bermuda Guest WIFI,pole 22 SW
2025-10-14T15:51:51.660300+00:00,26.674716833333335,-81.804324,2e:70:4e:d0:89:14,-69,2437,6,Bermuda Guest WIFI,pole 21
2025-10-14T15:51:51.660300+00:00,26.674716833333335,-81.804324,9c:05:d6:e9:8e:7e,-68,5745,150,Bermuda,Outside6
2025-10-14T15:51:51.660300+00:00,26.674716833333335,-81.804324,a2:05:d6:e9:8e:7e,-68,5745,150,Bermuda Guest WIFI,Outside6
2025-10-14T15:51:51.660300+00:00,26.674716833333335,-81.804324,28:70:4e:d2:92:ab,-86,5745,150,Bermuda,pole 12 N
2025-10-14T15:51:51.660300+00:00,26.674716833333335,-81.804324,2e:70:4e:d2:92:ab,-87,5745,150,Bermuda Guest WIFI,pole 12 N
2025-10-14T15:51:51.660300+00:00,26.674716833333335,-81.804324,9e:05:d6:96:22:af,-88,5805,162,Bermuda Guest WIFI,inside5
2025-10-14T15:51:51.660300+00:00,26.674716833333335,-81.804324,9c:05:d6:d6:22:af,-87,5805,162,Bermuda,inside5
2025-10-14T15:51:51.660300+00:00,26.674716833333335,-81.804324,9e:05:d6:96:2c:47,-81,5785,158,Bermuda Guest WIFI,inside2
2025-10-14T15:51:51.660300+00:00,26.674716833333335,-81.804324,9c:05:d6:d6:2c:47,-82,5785,158,Bermuda,inside2
2025-10-14T15:51:51.660300+00:00,26.674716833333335,-81.804324,28:70:4e:23:62:7b,-90,5765,154,Bermuda,inside6
2025-10-14T15:51:51.660300+00:00,26.674716833333335,-81.804324,2a:70:4e:13:62:7b,-87,5765,154,Bermuda Guest WIFI,inside6
2025-10-14T15:52:34.552011+00:00,26.674706166666667,-81.804461,9c:05:d6:e9:8e:7e,-66,5745,150,Bermuda,Outside6
2025-10-14T15:52:34.552011+00:00,26.674706166666667,-81.804461,9e:05:d6:96:2c:46,-79,2412,1,Bermuda Guest WIFI,inside2
2025-10-14T15:52:34.552011+00:00,26.674706166666667,-81.804461,9c:05:d6:d6:2c:46,-76,2412,1,Bermuda,inside2
2025-10-14T15:52:34.552011+00:00,26.674706166666667,-81.804461,f8:17:2d:76:5d:04,-72,2437,6,SmartLife-5D05,Unknown
2025-10-14T15:52:34.552011+00:00,26.674706166666667,-81.804461,9c:05:d6:e9:8e:7d,-79,2437,6,Bermuda,Outside6
2025-10-14T15:52:34.552011+00:00,26.674706166666667,-81.804461,a2:05:d6:e9:8e:7d,-76,2437,6,Bermuda Guest WIFI,Outside6
2025-10-14T15:52:34.552011+00:00,26.674706166666667,-81.804461,28:70:4e:dd:d3:1f,-75,2462,11,Bermuda,pole 01 NE
2025-10-14T15:52:34.552011+00:00,26.674706166666667,-81.804461,a2:05:d6:e9:8e:7e,-66,5745,150,Bermuda Guest WIFI,Outside6
2025-10-14T15:52:34.552011+00:00,26.674706166666667,-81.804461,9c:05:d6:d6:2c:47,-73,5785,158,Bermuda,inside2
2025-10-14T15:52:34.552011+00:00,26.674706166666667,-81.804461,9e:05:d6:96:2c:47,-73,5785,158,Bermuda Guest WIFI,inside2
2025-10-14T15:52:34.552011+00:00,26.674706166666667,-81.804461,2a:70:4e:13:62:7b,-86,5765,154,Bermuda Guest WIFI,inside6
2025-10-14T15:52:34.552011+00:00,26.674706166666667,-81.804461,28:70:4e:23:62:7b,-88,5765,154,Bermuda,inside6
2025-10-14T15:52:34.552011+00:00,26.674706166666667,-81.804461,9c:05:d6:e9:69:b6,-67,5200,41,Bermuda,Outside4
2025-10-14T15:52:34.552011+00:00,26.674706166666667,-81.804461,a2:05:d6:e9:69:b6,-66,5200,41,Bermuda Guest WIFI,Outside4
2025-10-14T15:52:34.552011+00:00,26.674706166666667,-81.804461,9c:05:d6:e9:7e:62,-69,5200,41,Bermuda,Outside3
2025-10-14T15:52:34.552011+00:00,26.674706166666667,-81.804461,a2:05:d6:e9:7e:62,-69,5200,41,Bermuda Guest WIFI,Outside3
2025-10-14T15:53:23.593276+00:00,26.674645,-81.80451333333333,9c:05:d6:e9:7e:62,-60,5200,41,Bermuda,Outside3
2025-10-14T15:53:23.593276+00:00,26.674645,-81.80451333333333,9c:05:d6:e9:7e:61,-64,2412,1,Bermuda,Outside3
2025-10-14T15:53:23.593276+00:00,26.674645,-81.80451333333333,9e:05:d6:96:2c:46,-79,2412,1,Bermuda Guest WIFI,inside2
2025-10-14T15:53:23.593276+00:00,26.674645,-81.80451333333333,a2:05:d6:e9:7e:61,-63,2412,1,Bermuda Guest WIFI,Outside3
2025-10-14T15:53:23.593276+00:00,26.674645,-81.80451333333333,f8:17:2d:76:5d:04,-80,2437,6,SmartLife-5D05,Unknown
2025-10-14T15:53:23.593276+00:00,26.674645,-81.80451333333333,9c:05:d6:e9:69:b5,-84,2462,11,Bermuda,Outside4
2025-10-14T15:53:23.593276+00:00,26.674645,-81.80451333333333,a2:05:d6:e9:7e:62,-53,5200,41,Bermuda Guest WIFI,Outside3
2025-10-14T15:53:23.593276+00:00,26.674645,-81.80451333333333,9e:05:d6:96:2c:47,-73,5785,158,Bermuda Guest WIFI,inside2
2025-10-14T15:53:23.593276+00:00,26.674645,-81.80451333333333,9c:05:d6:d6:2c:47,-73,5785,158,Bermuda,inside2
2025-10-14T15:53:23.593276+00:00,26.674645,-81.80451333333333,2a:70:4e:13:62:7b,-85,5765,154,Bermuda Guest WIFI,inside6
2025-10-14T15:54:05.392443+00:00,26.674631,-81.804679,9c:05:d6:e9:7e:62,-69,5200,41,Bermuda,Outside3
2025-10-14T15:54:05.392443+00:00,26.674631,-81.804679,9e:05:d6:96:2c:46,-67,2412,1,Bermuda Guest WIFI,inside2
2025-10-14T15:54:05.392443+00:00,26.674631,-81.804679,9c:05:d6:d6:2c:46,-67,2412,1,Bermuda,inside2
2025-10-14T15:54:05.392443+00:00,26.674631,-81.804679,f8:17:2d:76:5d:04,-76,2437,6,SmartLife-5D05,Unknown
2025-10-14T15:54:05.392443+00:00,26.674631,-81.804679,9e:05:d6:96:20:6e,-77,2437,6,Bermuda Guest WIFI,inside1
2025-10-14T15:54:05.392443+00:00,26.674631,-81.804679,9e:05:d6:a6:20:6e,-76,2437,6,Private WIFI,Unknown
2025-10-14T15:54:05.392443+00:00,26.674631,-81.804679,9c:05:d6:d6:20:6e,-77,2437,6,Bermuda,inside1
2025-10-14T15:54:05.392443+00:00,26.674631,-81.804679,9c:05:d6:e9:69:b5,-46,2462,11,Bermuda,Outside4
2025-10-14T15:54:05.392443+00:00,26.674631,-81.804679,a2:05:d6:e9:69:b5,-46,2462,11,Bermuda Guest WIFI,Outside4
2025-10-14T15:54:05.392443+00:00,26.674631,-81.804679,9c:05:d6:e9:69:b6,-46,5200,41,Bermuda,Outside4
2025-10-14T15:54:05.392443+00:00,26.674631,-81.804679,a2:05:d6:e9:69:b6,-46,5200,41,Bermuda Guest WIFI,Outside4
2025-10-14T15:54:05.392443+00:00,26.674631,-81.804679,a2:05:d6:e9:7e:62,-69,5200,41,Bermuda Guest WIFI,Outside3
2025-10-14T15:54:05.392443+00:00,26.674631,-81.804679,9e:05:d6:96:2c:47,-60,5785,158,Bermuda Guest WIFI,inside2
2025-10-14T15:54:05.392443+00:00,26.674631,-81.804679,9c:05:d6:d6:2c:47,-60,5785,158,Bermuda,inside2
2025-10-14T15:54:05.392443+00:00,26.674631,-81.804679,2a:70:4e:13:62:7b,-81,5765,154,Bermuda Guest WIFI,inside6
2025-10-14T15:54:05.392443+00:00,26.674631,-81.804679,28:70:4e:23:62:7b,-81,5765,154,Bermuda,inside6
2025-10-14T15:54:05.392443+00:00,26.674631,-81.804679,9e:05:d6:96:11:ff,-80,5805,162,Bermuda Guest WIFI,inside3
2025-10-14T15:54:05.392443+00:00,26.674631,-81.804679,9c:05:d6:d6:11:ff,-80,5805,162,Bermuda,inside3
2025-10-14T15:54:05.392443+00:00,26.674631,-81.804679,9e:05:d6:96:20:6f,-73,5745,150,Bermuda Guest WIFI,inside1
2025-10-14T15:54:05.392443+00:00,26.674631,-81.804679,9e:05:d6:a6:20:6f,-73,5745,150,Private WIFI,Unknown
2025-10-14T15:54:05.392443+00:00,26.674631,-81.804679,9c:05:d6:d6:20:6f,-74,5745,150,Bermuda,inside1
2025-10-14T15:54:05.392443+00:00,26.674631,-81.804679,28:70:4e:d0:87:62,-75,5240,49,Bermuda,pole 22 NW
2025-10-14T15:54:48.584755+00:00,26.674635333333335,-81.80473033333334,9c:05:d6:e9:7e:62,-69,5200,41,Bermuda,Outside3
2025-10-14T15:54:48.584755+00:00,26.674635333333335,-81.80473033333334,9e:05:d6:96:2c:46,-77,2412,1,Bermuda Guest WIFI,inside2
2025-10-14T15:54:48.584755+00:00,26.674635333333335,-81.80473033333334,9c:05:d6:e9:7e:61,-82,2412,1,Bermuda,Outside3
2025-10-14T15:54:48.584755+00:00,26.674635333333335,-81.80473033333334,a2:05:d6:e9:7e:61,-82,2412,1,Bermuda Guest WIFI,Outside3
2025-10-14T15:54:48.584755+00:00,26.674635333333335,-81.80473033333334,9c:05:d6:e9:69:b5,-77,2462,11,Bermuda,Outside4
2025-10-14T15:54:48.584755+00:00,26.674635333333335,-81.80473033333334,a2:05:d6:e9:69:b5,-79,2462,11,Bermuda Guest WIFI,Outside4
2025-10-14T15:54:48.584755+00:00,26.674635333333335,-81.80473033333334,9c:05:d6:e9:8b:85,-62,2462,11,Bermuda,Outside1
2025-10-14T15:54:48.584755+00:00,26.674635333333335,-81.80473033333334,a2:05:d6:e9:8b:85,-63,2462,11,Bermuda Guest WIFI,Outside1
2025-10-14T15:54:48.584755+00:00,26.674635333333335,-81.80473033333334,9c:05:d6:e9:8b:86,-48,5200,41,Bermuda,Outside1
2025-10-14T15:54:48.584755+00:00,26.674635333333335,-81.80473033333334,a2:05:d6:e9:8b:86,-48,5200,41,Bermuda Guest WIFI,Outside1
2025-10-14T15:54:48.584755+00:00,26.674635333333335,-81.80473033333334,9c:05:d6:d6:2c:47,-60,5785,158,Bermuda,inside2
2025-10-14T15:54:48.584755+00:00,26.674635333333335,-81.80473033333334,9e:05:d6:96:2c:47,-60,5785,158,Bermuda Guest WIFI,inside2
2025-10-14T15:55:35.862477+00:00,26.674645166666668,-81.8050055,9c:05:d6:e9:8b:86,-49,5200,41,Bermuda,Outside1
2025-10-14T15:55:35.862477+00:00,26.674645166666668,-81.8050055,9c:05:d6:d6:2c:47,-69,5785,158,Bermuda,inside2
2025-10-14T15:55:35.862477+00:00,26.674645166666668,-81.8050055,9c:05:d6:d6:2c:46,-71,2412,1,Bermuda,inside2
2025-10-14T15:55:35.862477+00:00,26.674645166666668,-81.8050055,9e:05:d6:96:2c:46,-71,2412,1,Bermuda Guest WIFI,inside2
2025-10-14T15:55:35.862477+00:00,26.674645166666668,-81.8050055,9c:05:d6:e9:8b:85,-54,2462,11,Bermuda,Outside1
2025-10-14T15:55:35.862477+00:00,26.674645166666668,-81.8050055,a2:05:d6:e9:8b:85,-57,2462,11,Bermuda Guest WIFI,Outside1
2025-10-14T15:55:35.862477+00:00,26.674645166666668,-81.8050055,a2:05:d6:e9:8b:86,-49,5200,41,Bermuda Guest WIFI,Outside1
2025-10-14T15:55:35.862477+00:00,26.674645166666668,-81.8050055,9e:05:d6:96:2c:47,-68,5785,158,Bermuda Guest WIFI,inside2
2025-10-14T17:55:40.999915+00:00,26.674168,-81.80483616666666,9c:05:d6:d6:11:ff,-77,5805,162,Bermuda,inside3
2025-10-14T17:55:40.999915+00:00,26.674168,-81.80483616666666,28:70:4e:d0:88:21,-81,2412,1,Bermuda,pole 14
2025-10-14T17:55:40.999915+00:00,26.674168,-81.80483616666666,2e:70:4e:d0:88:21,-81,2412,1,Bermuda Guest WIFI,pole 14
2025-10-14T17:55:40.999915+00:00,26.674168,-81.80483616666666,28:70:4e:dd:d0:49,-75,2437,6,Bermuda,pole 13 SW
2025-10-14T17:55:40.999915+00:00,26.674168,-81.80483616666666,2e:70:4e:dd:d0:49,-77,2437,6,Bermuda Guest WIFI,pole 13 SW
2025-10-14T17:55:40.999915+00:00,26.674168,-81.80483616666666,28:70:4e:d2:92:aa,-82,2437,6,Bermuda,pole 12 N
2025-10-14T17:55:40.999915+00:00,26.674168,-81.80483616666666,2e:70:4e:d2:92:aa,-78,2437,6,Bermuda Guest WIFI,pole 12 N
2025-10-14T17:55:40.999915+00:00,26.674168,-81.80483616666666,28:70:4e:d0:87:4f,-75,2462,11,Bermuda,pole 13 E
2025-10-14T17:55:40.999915+00:00,26.674168,-81.80483616666666,9c:05:d6:d6:11:fe,-79,2462,11,Bermuda,inside3
2025-10-14T17:55:40.999915+00:00,26.674168,-81.80483616666666,2e:70:4e:d0:87:4f,-73,2462,11,Bermuda Guest WIFI,pole 13 E
2025-10-14T17:55:40.999915+00:00,26.674168,-81.80483616666666,9c:05:d6:d6:22:af,-82,5805,162,Bermuda,inside5
2025-10-14T17:55:40.999915+00:00,26.674168,-81.80483616666666,28:70:4e:d2:c9:b0,-78,2437,6,Bermuda,pole 15 NW
2025-10-14T17:55:40.999915+00:00,26.674168,-81.80483616666666,28:70:4e:d0:86:c2,-79,2437,6,Bermuda,pole 12 W
2025-10-14T17:55:40.999915+00:00,26.674168,-81.80483616666666,2e:70:4e:d0:86:c2,-79,2437,6,Bermuda Guest WIFI,pole 12 W
2025-10-14T17:55:40.999915+00:00,26.674168,-81.80483616666666,00:17:1a:d6:27:8a,-78,2462,11,Winegard2ghzD62789,Unknown
2025-10-14T17:55:40.999915+00:00,26.674168,-81.80483616666666,9e:05:d6:96:11:ff,-77,5805,162,Bermuda Guest WIFI,inside3
2025-10-14T17:55:40.999915+00:00,26.674168,-81.80483616666666,28:70:4e:dd:d0:4a,-70,5240,49,Bermuda,pole 13 SW
2025-10-14T17:55:40.999915+00:00,26.674168,-81.80483616666666,2e:70:4e:dd:d0:4a,-70,5240,49,Bermuda Guest WIFI,pole 13 SW
2025-10-14T17:56:32.793934+00:00,26.674070666666665,-81.80477016666667,28:70:4e:dd:d0:49,-73,2437,6,Bermuda,pole 13 SW
2025-10-14T17:56:32.793934+00:00,26.674070666666665,-81.80477016666667,9e:05:d6:96:11:fe,-84,2462,11,Bermuda Guest WIFI,inside3
2025-10-14T17:56:32.793934+00:00,26.674070666666665,-81.80477016666667,9c:05:d6:d6:11:fe,-84,2462,11,Bermuda,inside3
2025-10-14T17:56:32.793934+00:00,26.674070666666665,-81.80477016666667,00:17:1a:d6:27:8a,-73,2462,11,Winegard2ghzD62789,Unknown
2025-10-14T17:56:32.793934+00:00,26.674070666666665,-81.80477016666667,9c:05:d6:d6:22:ae,-89,2462,11,Bermuda,inside5
2025-10-14T17:56:32.793934+00:00,26.674070666666665,-81.80477016666667,9e:05:d6:96:22:ae,-86,2462,11,Bermuda Guest WIFI,inside5
2025-10-14T17:56:32.793934+00:00,26.674070666666665,-81.80477016666667,9e:05:d6:96:11:ff,-78,5805,162,Bermuda Guest WIFI,inside3
2025-10-14T17:56:32.793934+00:00,26.674070666666665,-81.80477016666667,9c:05:d6:d6:11:ff,-80,5805,162,Bermuda,inside3
2025-10-14T17:56:32.793934+00:00,26.674070666666665,-81.80477016666667,9c:05:d6:d6:22:af,-86,5805,162,Bermuda,inside5
2025-10-14T17:56:32.793934+00:00,26.674070666666665,-81.80477016666667,9c:05:d6:d6:20:6f,-86,5745,150,Bermuda,inside1
2025-10-14T17:56:32.793934+00:00,26.674070666666665,-81.80477016666667,9e:05:d6:96:20:6f,-86,5745,150,Bermuda Guest WIFI,inside1
2025-10-14T17:56:32.793934+00:00,26.674070666666665,-81.80477016666667,9e:05:d6:a6:20:6f,-86,5745,150,Private WIFI,Unknown
2025-10-14T17:56:32.793934+00:00,26.674070666666665,-81.80477016666667,9e:05:d6:96:25:73,-84,5220,45,Bermuda Guest WIFI,inside4
2025-10-14T17:56:32.793934+00:00,26.674070666666665,-81.80477016666667,9c:05:d6:d6:25:73,-85,5220,45,Bermuda,inside4
2025-10-14T17:56:32.793934+00:00,26.674070666666665,-81.80477016666667,9e:05:d6:96:25:72,-82,2412,1,Bermuda Guest WIFI,inside4
2025-10-14T17:56:32.793934+00:00,26.674070666666665,-81.80477016666667,9c:05:d6:d6:25:72,-81,2412,1,Bermuda,inside4
2025-10-14T17:56:32.793934+00:00,26.674070666666665,-81.80477016666667,28:70:4e:d0:88:21,-71,2412,1,Bermuda,pole 14
2025-10-14T17:56:32.793934+00:00,26.674070666666665,-81.80477016666667,2e:70:4e:d0:88:21,-71,2412,1,Bermuda Guest WIFI,pole 14
2025-10-14T17:56:32.793934+00:00,26.674070666666665,-81.80477016666667,28:70:4e:d0:87:73,-82,2412,1,Bermuda,pole 18 N
2025-10-14T17:56:32.793934+00:00,26.674070666666665,-81.80477016666667,28:70:4e:d3:d6:28,-81,2412,1,Bermuda,pole 18 W
2025-10-14T17:56:32.793934+00:00,26.674070666666665,-81.80477016666667,2e:70:4e:d0:87:73,-83,2412,1,Bermuda Guest WIFI,pole 18 N
2025-10-14T17:56:32.793934+00:00,26.674070666666665,-81.80477016666667,2e:70:4e:dd:d0:49,-68,2437,6,Bermuda Guest WIFI,pole 13 SW
2025-10-14T17:56:32.793934+00:00,26.674070666666665,-81.80477016666667,28:70:4e:d0:86:c2,-85,2437,6,Bermuda,pole 12 W
2025-10-14T17:56:32.793934+00:00,26.674070666666665,-81.80477016666667,28:70:4e:d2:92:aa,-82,2437,6,Bermuda,pole 12 N
2025-10-14T17:56:32.793934+00:00,26.674070666666665,-81.80477016666667,28:70:4e:d2:c9:b0,-83,2437,6,Bermuda,pole 15 NW
2025-10-14T17:56:32.793934+00:00,26.674070666666665,-81.80477016666667,2e:70:4e:d2:92:aa,-73,2437,6,Bermuda Guest WIFI,pole 12 N
2025-10-14T17:56:32.793934+00:00,26.674070666666665,-81.80477016666667,28:70:4e:d0:87:4f,-81,2462,11,Bermuda,pole 13 E
2025-10-14T17:56:32.793934+00:00,26.674070666666665,-81.80477016666667,2e:70:4e:d0:87:4f,-79,2462,11,Bermuda Guest WIFI,pole 13 E
2025-10-14T17:56:32.793934+00:00,26.674070666666665,-81.80477016666667,28:70:4e:dd:d0:4a,-67,5240,49,Bermuda,pole 13 SW
2025-10-14T17:56:32.793934+00:00,26.674070666666665,-81.80477016666667,2e:70:4e:dd:d0:4a,-67,5240,49,Bermuda Guest WIFI,pole 13 SW
2025-10-14T17:56:32.793934+00:00,26.674070666666665,-81.80477016666667,28:70:4e:d0:88:f9,-84,2412,1,Bermuda,pole 11
2025-10-14T17:56:32.793934+00:00,26.674070666666665,-81.80477016666667,2e:70:4e:d0:88:f9,-83,2412,1,Bermuda Guest WIFI,pole 11
2025-10-14T17:56:32.793934+00:00,26.674070666666665,-81.80477016666667,28:70:4e:d0:89:14,-87,2437,6,Bermuda,pole 21
2025-10-14T17:56:32.793934+00:00,26.674070666666665,-81.80477016666667,28:70:4e:d0:8d:34,-89,2462,11,Bermuda,pole 20
2025-10-14T17:56:32.793934+00:00,26.674070666666665,-81.80477016666667,2e:70:4e:d0:87:5e,-81,2462,11,Bermuda Guest WIFI,pole 15 S
2025-10-14T17:56:32.793934+00:00,26.674070666666665,-81.80477016666667,2e:70:4e:d0:8d:34,-88,2462,11,Bermuda Guest WIFI,pole 20
2025-10-14T17:56:32.793934+00:00,26.674070666666665,-81.80477016666667,9e:05:d6:96:22:af,-86,5805,162,Bermuda Guest WIFI,inside5
2025-10-14T17:56:32.793934+00:00,26.674070666666665,-81.80477016666667,2e:70:4e:d0:86:c2,-85,2437,6,Bermuda Guest WIFI,pole 12 W
2025-10-14T17:57:13.073574+00:00,26.673990333333332,-81.80483316666667,28:70:4e:dd:d0:49,-72,2437,6,Bermuda,pole 13 SW
2025-10-14T17:57:13.073574+00:00,26.673990333333332,-81.80483316666667,28:70:4e:d0:88:21,-71,2412,1,Bermuda,pole 14
2025-10-14T17:57:13.073574+00:00,26.673990333333332,-81.80483316666667,2e:70:4e:dd:d0:49,-72,2437,6,Bermuda Guest WIFI,pole 13 SW
2025-10-14T17:57:13.073574+00:00,26.673990333333332,-81.80483316666667,00:17:1a:d6:27:8a,-78,2462,11,Winegard2ghzD62789,Unknown
2025-10-14T17:57:13.073574+00:00,26.673990333333332,-81.80483316666667,28:70:4e:d0:87:4f,-79,2462,11,Bermuda,pole 13 E
2025-10-14T17:57:13.073574+00:00,26.673990333333332,-81.80483316666667,2e:70:4e:d0:87:4f,-76,2462,11,Bermuda Guest WIFI,pole 13 E
2025-10-14T17:57:13.073574+00:00,26.673990333333332,-81.80483316666667,28:70:4e:dd:d0:4a,-63,5240,49,Bermuda,pole 13 SW
2025-10-14T17:57:13.073574+00:00,26.673990333333332,-81.80483316666667,2e:70:4e:dd:d0:4a,-62,5240,49,Bermuda Guest WIFI,pole 13 SW
2025-10-14T17:57:13.073574+00:00,26.673990333333332,-81.80483316666667,9c:05:d6:d6:11:ff,-88,5805,162,Bermuda,inside3
2025-10-14T17:57:13.073574+00:00,26.673990333333332,-81.80483316666667,9e:05:d6:96:11:ff,-86,5805,162,Bermuda Guest WIFI,inside3
2025-10-14T17:57:13.073574+00:00,26.673990333333332,-81.80483316666667,9c:05:d6:d6:22:af,-85,5805,162,Bermuda,inside5
2025-10-14T17:57:13.073574+00:00,26.673990333333332,-81.80483316666667,2e:70:4e:d0:88:21,-69,2412,1,Bermuda Guest WIFI,pole 14
2025-10-14T17:58:59.394496+00:00,26.674014,-81.80486383333333,28:70:4e:dd:d0:49,-71,2437,6,Bermuda,pole 13 SW
2025-10-14T17:58:59.394496+00:00,26.674014,-81.80486383333333,28:70:4e:d0:88:21,-69,2412,1,Bermuda,pole 14
2025-10-14T17:58:59.394496+00:00,26.674014,-81.80486383333333,2e:70:4e:dd:d0:49,-71,2437,6,Bermuda Guest WIFI,pole 13 SW
2025-10-14T17:58:59.394496+00:00,26.674014,-81.80486383333333,2e:70:4e:d0:87:5e,-73,2462,11,Bermuda Guest WIFI,pole 15 S
2025-10-14T17:58:59.394496+00:00,26.674014,-81.80486383333333,00:17:1a:d6:27:8a,-81,2462,11,Winegard2ghzD62789,Unknown
2025-10-14T17:58:59.394496+00:00,26.674014,-81.80486383333333,28:70:4e:d0:87:4f,-74,2462,11,Bermuda,pole 13 E
2025-10-14T17:58:59.394496+00:00,26.674014,-81.80486383333333,2e:70:4e:d0:87:4f,-67,2462,11,Bermuda Guest WIFI,pole 13 E
2025-10-14T17:58:59.394496+00:00,26.674014,-81.80486383333333,2e:70:4e:d0:89:02,-74,2462,11,Bermuda Guest WIFI,pole 17
2025-10-14T17:59:06.024958+00:00,26.674022833333332,-81.8048865,28:70:4e:dd:d0:49,-67,2437,6,Bermuda,pole 13 SW
2025-10-14T17:59:06.024958+00:00,26.674022833333332,-81.8048865,28:70:4e:d0:88:21,-70,2412,1,Bermuda,pole 14
2025-10-14T17:59:06.024958+00:00,26.674022833333332,-81.8048865,2e:70:4e:dd:d0:49,-68,2437,6,Bermuda Guest WIFI,pole 13 SW
2025-10-14T17:59:06.024958+00:00,26.674022833333332,-81.8048865,2e:70:4e:d0:87:5e,-65,2462,11,Bermuda Guest WIFI,pole 15 S
2025-10-14T17:59:06.024958+00:00,26.674022833333332,-81.8048865,00:17:1a:d6:27:8a,-69,2462,11,Winegard2ghzD62789,Unknown
2025-10-14T17:59:06.024958+00:00,26.674022833333332,-81.8048865,28:70:4e:d0:87:4f,-70,2462,11,Bermuda,pole 13 E
2025-10-14T17:59:06.024958+00:00,26.674022833333332,-81.8048865,2e:70:4e:d0:87:4f,-67,2462,11,Bermuda Guest WIFI,pole 13 E
2025-10-14T17:59:06.024958+00:00,26.674022833333332,-81.8048865,2e:70:4e:d0:89:02,-74,2462,11,Bermuda Guest WIFI,pole 17
2025-10-14T17:59:06.024958+00:00,26.674022833333332,-81.8048865,2e:70:4e:d0:88:21,-70,2412,1,Bermuda Guest WIFI,pole 14
2025-10-14T17:59:06.024958+00:00,26.674022833333332,-81.8048865,2e:70:4e:d0:89:14,-82,2437,6,Bermuda Guest WIFI,pole 21
2025-10-14T17:59:06.024958+00:00,26.674022833333332,-81.8048865,28:70:4e:d2:c9:b0,-77,2437,6,Bermuda,pole 15 NW
2025-10-14T17:59:06.024958+00:00,26.674022833333332,-81.8048865,28:70:4e:d0:87:5e,-65,2462,11,Bermuda,pole 15 S
2025-10-14T17:59:06.024958+00:00,26.674022833333332,-81.8048865,28:70:4e:d0:8d:34,-82,2462,11,Bermuda,pole 20
2025-10-14T17:59:06.024958+00:00,26.674022833333332,-81.8048865,2e:70:4e:d0:8d:34,-84,2462,11,Bermuda Guest WIFI,pole 20
2025-10-14T17:59:06.024958+00:00,26.674022833333332,-81.8048865,9e:05:d6:96:11:ff,-84,5805,162,Bermuda Guest WIFI,inside3
2025-10-14T17:59:06.024958+00:00,26.674022833333332,-81.8048865,9c:05:d6:d6:11:ff,-85,5805,162,Bermuda,inside3
2025-10-14T17:59:12.074496+00:00,26.6739895,-81.80485316666666,28:70:4e:dd:d0:49,-71,2437,6,Bermuda,pole 13 SW
2025-10-14T17:59:12.074496+00:00,26.6739895,-81.80485316666666,2e:70:4e:dd:d0:49,-71,2437,6,Bermuda Guest WIFI,pole 13 SW
2025-10-14T17:59:12.074496+00:00,26.6739895,-81.80485316666666,00:17:1a:d6:27:8a,-76,2462,11,Winegard2ghzD62789,Unknown
2025-10-14T17:59:12.074496+00:00,26.6739895,-81.80485316666666,28:70:4e:d0:87:4f,-64,2462,11,Bermuda,pole 13 E
2025-10-14T17:59:12.074496+00:00,26.6739895,-81.80485316666666,2e:70:4e:d0:87:4f,-63,2462,11,Bermuda Guest WIFI,pole 13 E
2025-10-14T17:59:12.074496+00:00,26.6739895,-81.80485316666666,2e:70:4e:d0:89:02,-81,2462,11,Bermuda Guest WIFI,pole 17
2025-10-14T17:59:12.074496+00:00,26.6739895,-81.80485316666666,28:70:4e:d0:87:5e,-75,2462,11,Bermuda,pole 15 S
2025-10-14T17:59:12.074496+00:00,26.6739895,-81.80485316666666,28:70:4e:d0:86:c2,-70,2437,6,Bermuda,pole 12 W
2025-10-14T17:59:12.074496+00:00,26.6739895,-81.80485316666666,2e:70:4e:d0:86:c2,-71,2437,6,Bermuda Guest WIFI,pole 12 W
2025-10-14T17:59:12.074496+00:00,26.6739895,-81.80485316666666,28:70:4e:d0:89:02,-86,2462,11,Bermuda,pole 17
2025-10-14T17:59:12.074496+00:00,26.6739895,-81.80485316666666,28:70:4e:d0:88:21,-57,2412,1,Bermuda,pole 14
2025-10-14T17:59:12.074496+00:00,26.6739895,-81.80485316666666,2e:70:4e:d0:88:21,-57,2412,1,Bermuda Guest WIFI,pole 14
2025-10-14T17:59:12.074496+00:00,26.6739895,-81.80485316666666,28:70:4e:d2:92:aa,-68,2437,6,Bermuda,pole 12 N
2025-10-14T17:59:12.074496+00:00,26.6739895,-81.80485316666666,2e:70:4e:d2:c9:b0,-80,2437,6,Bermuda Guest WIFI,pole 15 NW
2025-10-14T17:59:12.074496+00:00,26.6739895,-81.80485316666666,2e:70:4e:d2:92:aa,-68,2437,6,Bermuda Guest WIFI,pole 12 N
2025-10-14T17:59:12.074496+00:00,26.6739895,-81.80485316666666,28:70:4e:dd:d0:4a,-60,5240,49,Bermuda,pole 13 SW
2025-10-14T17:59:12.074496+00:00,26.6739895,-81.80485316666666,2e:70:4e:dd:d0:4a,-60,5240,49,Bermuda Guest WIFI,pole 13 SW
2025-10-14T18:39:47.078924+00:00,26.674701333333335,-81.80466766666666,9c:05:d6:e9:7e:62,-53,5200,41,Bermuda,Outside3
2025-10-14T18:39:47.078924+00:00,26.674701333333335,-81.80466766666666,9c:05:d6:d6:2c:46,-83,2412,1,Bermuda,inside2
2025-10-14T18:39:47.078924+00:00,26.674701333333335,-81.80466766666666,9c:05:d6:e9:7e:61,-59,2412,1,Bermuda,Outside3
2025-10-14T18:39:47.078924+00:00,26.674701333333335,-81.80466766666666,a2:05:d6:e9:7e:61,-60,2412,1,Bermuda Guest WIFI,Outside3
2025-10-14T18:39:47.078924+00:00,26.674701333333335,-81.80466766666666,9e:05:d6:96:2c:46,-84,2412,1,Bermuda Guest WIFI,inside2
2025-10-14T18:39:47.078924+00:00,26.674701333333335,-81.80466766666666,02:8c:f2:00:6d:79,-84,2412,1,Pvt.WFR_Everest.7523,Unknown
2025-10-14T18:39:47.078924+00:00,26.674701333333335,-81.80466766666666,28:70:4e:d3:d3:88,-87,2437,6,Bermuda,pole 22 SW
2025-10-14T18:39:47.078924+00:00,26.674701333333335,-81.80466766666666,f8:17:2d:76:5d:04,-83,2437,6,SmartLife-5D05,Unknown
2025-10-14T18:39:47.078924+00:00,26.674701333333335,-81.80466766666666,28:70:4e:d0:89:14,-84,2437,6,Bermuda,pole 21
2025-10-14T18:39:47.078924+00:00,26.674701333333335,-81.80466766666666,2e:70:4e:d0:89:14,-84,2437,6,Bermuda Guest WIFI,pole 21
2025-10-14T18:39:47.078924+00:00,26.674701333333335,-81.80466766666666,02:5e:3c:48:ba:92,-82,2452,9,Pvt.WFR_Aspen.7353,Unknown
2025-10-14T18:39:47.078924+00:00,26.674701333333335,-81.80466766666666,9c:05:d6:e9:69:b5,-61,2462,11,Bermuda,Outside4
2025-10-14T18:39:47.078924+00:00,26.674701333333335,-81.80466766666666,a2:05:d6:e9:69:b5,-62,2462,11,Bermuda Guest WIFI,Outside4
2025-10-14T18:39:47.078924+00:00,26.674701333333335,-81.80466766666666,9c:05:d6:e9:8b:85,-83,2462,11,Bermuda,Outside1
2025-10-14T18:39:47.078924+00:00,26.674701333333335,-81.80466766666666,a2:05:d6:e9:8b:85,-83,2462,11,Bermuda Guest WIFI,Outside1
2025-10-14T18:39:47.078924+00:00,26.674701333333335,-81.80466766666666,9c:05:d6:e9:69:b6,-55,5200,41,Bermuda,Outside4
2025-10-14T18:39:47.078924+00:00,26.674701333333335,-81.80466766666666,a2:05:d6:e9:69:b6,-55,5200,41,Bermuda Guest WIFI,Outside4
2025-10-14T18:39:47.078924+00:00,26.674701333333335,-81.80466766666666,a2:05:d6:e9:7e:62,-68,5200,41,Bermuda Guest WIFI,Outside3
2025-10-14T18:39:47.078924+00:00,26.674701333333335,-81.80466766666666,9c:05:d6:e9:8b:86,-71,5200,41,Bermuda,Outside1
2025-10-14T18:39:47.078924+00:00,26.674701333333335,-81.80466766666666,a2:05:d6:e9:8b:86,-71,5200,41,Bermuda Guest WIFI,Outside1
2025-10-14T18:39:47.078924+00:00,26.674701333333335,-81.80466766666666,9c:05:d6:d6:2c:47,-69,5785,158,Bermuda,inside2
2025-10-14T18:39:47.078924+00:00,26.674701333333335,-81.80466766666666,9e:05:d6:96:2c:47,-70,5785,158,Bermuda Guest WIFI,inside2
2025-10-14T18:39:57.125114+00:00,26.674701,-81.80469766666667,9c:05:d6:e9:7e:62,-60,5200,41,Bermuda,Outside3
2025-10-14T18:39:57.125114+00:00,26.674701,-81.80469766666667,9c:05:d6:d6:2c:46,-79,2412,1,Bermuda,inside2
2025-10-14T18:39:57.125114+00:00,26.674701,-81.80469766666667,9c:05:d6:e9:7e:61,-72,2412,1,Bermuda,Outside3
2025-10-14T18:39:57.125114+00:00,26.674701,-81.80469766666667,a2:05:d6:e9:7e:61,-72,2412,1,Bermuda Guest WIFI,Outside3
2025-10-14T18:39:57.125114+00:00,26.674701,-81.80469766666667,9e:05:d6:96:2c:46,-72,2412,1,Bermuda Guest WIFI,inside2
2025-10-14T18:39:57.125114+00:00,26.674701,-81.80469766666667,02:8c:f2:00:6d:79,-73,2412,1,Pvt.WFR_Everest.7523,Unknown
2025-10-14T18:39:57.125114+00:00,26.674701,-81.80469766666667,28:70:4e:d3:d3:88,-85,2437,6,Bermuda,pole 22 SW
2025-10-14T18:39:57.125114+00:00,26.674701,-81.80469766666667,f8:17:2d:76:5d:04,-83,2437,6,SmartLife-5D05,Unknown
2025-10-14T18:39:57.125114+00:00,26.674701,-81.80469766666667,28:70:4e:d0:89:14,-84,2437,6,Bermuda,pole 21
2025-10-14T18:39:57.125114+00:00,26.674701,-81.80469766666667,2e:70:4e:d0:89:14,-84,2437,6,Bermuda Guest WIFI,pole 21
2025-10-14T18:39:57.125114+00:00,26.674701,-81.80469766666667,02:5e:3c:48:ba:92,-76,2452,9,Pvt.WFR_Aspen.7353,Unknown
2025-10-14T18:39:57.125114+00:00,26.674701,-81.80469766666667,9c:05:d6:e9:69:b5,-60,2462,11,Bermuda,Outside4
2025-10-14T18:39:57.125114+00:00,26.674701,-81.80469766666667,a2:05:d6:e9:69:b5,-60,2462,11,Bermuda Guest WIFI,Outside4
2025-10-14T18:39:57.125114+00:00,26.674701,-81.80469766666667,9c:05:d6:e9:8b:85,-85,2462,11,Bermuda,Outside1
2025-10-14T18:39:57.125114+00:00,26.674701,-81.80469766666667,a2:05:d6:e9:8b:85,-86,2462,11,Bermuda Guest WIFI,Outside1
2025-10-14T18:39:57.125114+00:00,26.674701,-81.80469766666667,9c:05:d6:e9:69:b6,-67,5200,41,Bermuda,Outside4
2025-10-14T18:39:57.125114+00:00,26.674701,-81.80469766666667,a2:05:d6:e9:69:b6,-68,5200,41,Bermuda Guest WIFI,Outside4
2025-10-14T18:39:57.125114+00:00,26.674701,-81.80469766666667,a2:05:d6:e9:7e:62,-60,5200,41,Bermuda Guest WIFI,Outside3
2025-10-14T18:39:57.125114+00:00,26.674701,-81.80469766666667,9c:05:d6:e9:8b:86,-71,5200,41,Bermuda,Outside1
2025-10-14T18:39:57.125114+00:00,26.674701,-81.80469766666667,a2:05:d6:e9:8b:86,-71,5200,41,Bermuda Guest WIFI,Outside1
2025-10-14T18:39:57.125114+00:00,26.674701,-81.80469766666667,9c:05:d6:d6:2c:47,-73,5785,158,Bermuda,inside2
2025-10-14T18:39:57.125114+00:00,26.674701,-81.80469766666667,9e:05:d6:96:2c:47,-74,5785,158,Bermuda Guest WIFI,inside2
2025-10-14T18:39:57.125114+00:00,26.674701,-81.80469766666667,28:70:4e:d0:89:20,-83,2412,1,Bermuda,pole 01 S
2025-10-14T18:39:57.125114+00:00,26.674701,-81.80469766666667,2e:70:4e:d0:89:20,-82,2412,1,Bermuda Guest WIFI,pole 01 S
2025-10-14T18:39:57.125114+00:00,26.674701,-81.80469766666667,06:5e:3c:48:ba:92,-77,2452,9,Newmar7353,Unknown
2025-10-14T18:39:57.125114+00:00,26.674701,-81.80469766666667,9c:05:d6:d6:11:fe,-83,2462,11,Bermuda,inside3
2025-10-14T18:39:57.125114+00:00,26.674701,-81.80469766666667,28:70:4e:dd:d3:1f,-83,2462,11,Bermuda,pole 01 NE
2025-10-14T18:39:57.125114+00:00,26.674701,-81.80469766666667,2e:70:4e:dd:d3:1f,-83,2462,11,Bermuda Guest WIFI,Unknown
2025-10-14T18:39:57.125114+00:00,26.674701,-81.80469766666667,02:8c:f2:00:6d:7a,-79,5825,166,Pvt.WFR_Everest.5GHz.7523,Unknown
2025-10-14T18:39:57.125114+00:00,26.674701,-81.80469766666667,9c:05:d6:d6:11:ff,-82,5805,162,Bermuda,inside3
2025-10-14T18:39:57.125114+00:00,26.674701,-81.80469766666667,9e:05:d6:96:11:ff,-82,5805,162,Bermuda Guest WIFI,inside3
2025-10-14T18:39:57.125114+00:00,26.674701,-81.80469766666667,9c:05:d6:d6:20:6f,-82,5745,150,Bermuda,inside1
2025-10-14T18:39:57.125114+00:00,26.674701,-81.80469766666667,9e:05:d6:96:20:6f,-81,5745,150,Bermuda Guest WIFI,inside1
2025-10-14T18:39:57.125114+00:00,26.674701,-81.80469766666667,9e:05:d6:a6:20:6f,-83,5745,150,Private WIFI,Unknown
2025-10-14T18:40:07.121793+00:00,26.674721333333334,-81.80472366666666,9c:05:d6:e9:7e:62,-57,5200,41,Bermuda,Outside3
2025-10-14T18:40:07.121793+00:00,26.674721333333334,-81.80472366666666,9c:05:d6:d6:2c:46,-77,2412,1,Bermuda,inside2
2025-10-14T18:40:07.121793+00:00,26.674721333333334,-81.80472366666666,9c:05:d6:e9:7e:61,-73,2412,1,Bermuda,Outside3
2025-10-14T18:40:07.121793+00:00,26.674721333333334,-81.80472366666666,a2:05:d6:e9:7e:61,-74,2412,1,Bermuda Guest WIFI,Outside3
2025-10-14T18:40:07.121793+00:00,26.674721333333334,-81.80472366666666,9e:05:d6:96:2c:46,-78,2412,1,Bermuda Guest WIFI,inside2
2025-10-14T18:40:07.121793+00:00,26.674721333333334,-81.80472366666666,02:8c:f2:00:6d:79,-75,2412,1,Pvt.WFR_Everest.7523,Unknown
2025-10-14T18:40:07.121793+00:00,26.674721333333334,-81.80472366666666,28:70:4e:d3:d3:88,-85,2437,6,Bermuda,pole 22 SW
2025-10-14T18:40:07.121793+00:00,26.674721333333334,-81.80472366666666,f8:17:2d:76:5d:04,-79,2437,6,SmartLife-5D05,Unknown
2025-10-14T18:40:07.121793+00:00,26.674721333333334,-81.80472366666666,28:70:4e:d0:89:14,-84,2437,6,Bermuda,pole 21
2025-10-14T18:40:07.121793+00:00,26.674721333333334,-81.80472366666666,2e:70:4e:d0:89:14,-84,2437,6,Bermuda Guest WIFI,pole 21
2025-10-14T18:40:07.121793+00:00,26.674721333333334,-81.80472366666666,02:5e:3c:48:ba:92,-80,2452,9,Pvt.WFR_Aspen.7353,Unknown
2025-10-14T18:40:07.121793+00:00,26.674721333333334,-81.80472366666666,9c:05:d6:e9:69:b5,-61,2462,11,Bermuda,Outside4
2025-10-14T18:40:07.121793+00:00,26.674721333333334,-81.80472366666666,a2:05:d6:e9:69:b5,-62,2462,11,Bermuda Guest WIFI,Outside4
2025-10-14T18:40:07.121793+00:00,26.674721333333334,-81.80472366666666,9c:05:d6:e9:8b:85,-85,2462,11,Bermuda,Outside1
2025-10-14T18:40:07.121793+00:00,26.674721333333334,-81.80472366666666,a2:05:d6:e9:8b:85,-86,2462,11,Bermuda Guest WIFI,Outside1
2025-10-14T18:40:07.121793+00:00,26.674721333333334,-81.80472366666666,9c:05:d6:e9:69:b6,-59,5200,41,Bermuda,Outside4
2025-10-14T18:40:07.121793+00:00,26.674721333333334,-81.80472366666666,a2:05:d6:e9:69:b6,-59,5200,41,Bermuda Guest WIFI,Outside4
2025-10-14T18:40:07.121793+00:00,26.674721333333334,-81.80472366666666,a2:05:d6:e9:7e:62,-57,5200,41,Bermuda Guest WIFI,Outside3
2025-10-14T18:40:07.121793+00:00,26.674721333333334,-81.80472366666666,9c:05:d6:e9:8b:86,-64,5200,41,Bermuda,Outside1
2025-10-14T18:40:07.121793+00:00,26.674721333333334,-81.80472366666666,a2:05:d6:e9:8b:86,-64,5200,41,Bermuda Guest WIFI,Outside1
2025-10-14T18:40:07.121793+00:00,26.674721333333334,-81.80472366666666,9c:05:d6:d6:2c:47,-70,5785,158,Bermuda,inside2
2025-10-14T18:40:07.121793+00:00,26.674721333333334,-81.80472366666666,9e:05:d6:96:2c:47,-71,5785,158,Bermuda Guest WIFI,inside2
2025-10-14T18:40:07.121793+00:00,26.674721333333334,-81.80472366666666,28:70:4e:d0:89:20,-83,2412,1,Bermuda,pole 01 S
2025-10-14T18:40:07.121793+00:00,26.674721333333334,-81.80472366666666,2e:70:4e:d0:89:20,-82,2412,1,Bermuda Guest WIFI,pole 01 S
2025-10-14T18:40:07.121793+00:00,26.674721333333334,-81.80472366666666,06:5e:3c:48:ba:92,-77,2452,9,Newmar7353,Unknown
2025-10-14T18:40:07.121793+00:00,26.674721333333334,-81.80472366666666,9c:05:d6:d6:11:fe,-83,2462,11,Bermuda,inside3
2025-10-14T18:40:07.121793+00:00,26.674721333333334,-81.80472366666666,28:70:4e:dd:d3:1f,-83,2462,11,Bermuda,pole 01 NE
2025-10-14T18:40:07.121793+00:00,26.674721333333334,-81.80472366666666,2e:70:4e:dd:d3:1f,-83,2462,11,Bermuda Guest WIFI,Unknown
2025-10-14T18:40:07.121793+00:00,26.674721333333334,-81.80472366666666,02:8c:f2:00:6d:7a,-79,5825,166,Pvt.WFR_Everest.5GHz.7523,Unknown
2025-10-14T18:40:07.121793+00:00,26.674721333333334,-81.80472366666666,9c:05:d6:d6:11:ff,-83,5805,162,Bermuda,inside3
2025-10-14T18:40:07.121793+00:00,26.674721333333334,-81.80472366666666,9e:05:d6:96:11:ff,-80,5805,162,Bermuda Guest WIFI,inside3
2025-10-14T18:40:07.121793+00:00,26.674721333333334,-81.80472366666666,9c:05:d6:d6:20:6f,-80,5745,150,Bermuda,inside1
2025-10-14T18:40:07.121793+00:00,26.674721333333334,-81.80472366666666,9e:05:d6:96:20:6f,-81,5745,150,Bermuda Guest WIFI,inside1
2025-10-14T18:40:07.121793+00:00,26.674721333333334,-81.80472366666666,9e:05:d6:a6:20:6f,-79,5745,150,Private WIFI,Unknown
2025-10-14T18:40:44.025196+00:00,26.674575166666667,-81.80478666666667,9c:05:d6:e9:7e:62,-67,5200,41,Bermuda,Outside3
2025-10-14T18:40:44.025196+00:00,26.674575166666667,-81.80478666666667,9c:05:d6:e9:7e:61,-70,2412,1,Bermuda,Outside3
2025-10-14T18:40:44.025196+00:00,26.674575166666667,-81.80478666666667,a2:05:d6:e9:7e:61,-72,2412,1,Bermuda Guest WIFI,Outside3
2025-10-14T18:40:44.025196+00:00,26.674575166666667,-81.80478666666667,02:8c:f2:00:6d:79,-75,2412,1,Pvt.WFR_Everest.7523,Unknown
2025-10-14T18:40:44.025196+00:00,26.674575166666667,-81.80478666666667,f8:17:2d:76:5d:04,-74,2437,6,SmartLife-5D05,Unknown
2025-10-14T18:40:44.025196+00:00,26.674575166666667,-81.80478666666667,9e:05:d6:96:20:6e,-80,2437,6,Bermuda Guest WIFI,inside1
2025-10-14T18:40:44.025196+00:00,26.674575166666667,-81.80478666666667,9c:05:d6:d6:20:6e,-80,2437,6,Bermuda,inside1
2025-10-14T18:40:44.025196+00:00,26.674575166666667,-81.80478666666667,9e:05:d6:a6:20:6e,-80,2437,6,Private WIFI,Unknown
2025-10-14T18:40:44.025196+00:00,26.674575166666667,-81.80478666666667,02:5e:3c:48:ba:92,-76,2452,9,Pvt.WFR_Aspen.7353,Unknown
2025-10-14T18:40:44.025196+00:00,26.674575166666667,-81.80478666666667,06:5e:3c:48:ba:92,-77,2452,9,Newmar7353,Unknown
2025-10-14T18:40:44.025196+00:00,26.674575166666667,-81.80478666666667,9c:05:d6:e9:69:b5,-50,2462,11,Bermuda,Outside4
2025-10-14T18:40:44.025196+00:00,26.674575166666667,-81.80478666666667,a2:05:d6:e9:69:b5,-51,2462,11,Bermuda Guest WIFI,Outside4
2025-10-14T18:40:44.025196+00:00,26.674575166666667,-81.80478666666667,9c:05:d6:e9:8b:85,-67,2462,11,Bermuda,Outside1
2025-10-14T18:40:44.025196+00:00,26.674575166666667,-81.80478666666667,a2:05:d6:e9:8b:85,-68,2462,11,Bermuda Guest WIFI,Outside1
2025-10-14T18:40:44.025196+00:00,26.674575166666667,-81.80478666666667,9c:05:d6:e9:69:b6,-47,5200,41,Bermuda,Outside4
2025-10-14T18:40:44.025196+00:00,26.674575166666667,-81.80478666666667,a2:05:d6:e9:69:b6,-47,5200,41,Bermuda Guest WIFI,Outside4
2025-10-14T18:40:44.025196+00:00,26.674575166666667,-81.80478666666667,a2:05:d6:e9:7e:62,-68,5200,41,Bermuda Guest WIFI,Outside3
2025-10-14T18:40:44.025196+00:00,26.674575166666667,-81.80478666666667,9e:05:d6:96:2c:47,-62,5785,158,Bermuda Guest WIFI,inside2
2025-10-14T18:40:44.025196+00:00,26.674575166666667,-81.80478666666667,9c:05:d6:d6:2c:47,-62,5785,158,Bermuda,inside2
2025-10-14T18:40:44.025196+00:00,26.674575166666667,-81.80478666666667,9c:05:d6:d6:20:6f,-81,5745,150,Bermuda,inside1
2025-10-14T18:40:44.025196+00:00,26.674575166666667,-81.80478666666667,9e:05:d6:a6:20:6f,-82,5745,150,Private WIFI,Unknown
2025-10-14T18:40:44.025196+00:00,26.674575166666667,-81.80478666666667,9e:05:d6:96:20:6f,-80,5745,150,Bermuda Guest WIFI,inside1
2025-10-14T18:40:44.025196+00:00,26.674575166666667,-81.80478666666667,02:8c:f2:00:6d:7a,-82,5825,166,Pvt.WFR_Everest.5GHz.7523,Unknown
2025-10-14T18:40:52.533609+00:00,26.674649666666667,-81.80481,9c:05:d6:e9:7e:62,-70,5200,41,Bermuda,Outside3
2025-10-14T18:40:52.533609+00:00,26.674649666666667,-81.80481,9c:05:d6:e9:7e:61,-70,2412,1,Bermuda,Outside3
2025-10-14T18:40:52.533609+00:00,26.674649666666667,-81.80481,a2:05:d6:e9:7e:61,-72,2412,1,Bermuda Guest WIFI,Outside3
2025-10-14T18:40:52.533609+00:00,26.674649666666667,-81.80481,02:8c:f2:00:6d:79,-81,2412,1,Pvt.WFR_Everest.7523,Unknown
2025-10-14T18:40:52.533609+00:00,26.674649666666667,-81.80481,f8:17:2d:76:5d:04,-85,2437,6,SmartLife-5D05,Unknown
2025-10-14T18:40:52.533609+00:00,26.674649666666667,-81.80481,9e:05:d6:96:20:6e,-80,2437,6,Bermuda Guest WIFI,inside1
2025-10-14T18:40:52.533609+00:00,26.674649666666667,-81.80481,9c:05:d6:d6:20:6e,-80,2437,6,Bermuda,inside1
2025-10-14T18:40:52.533609+00:00,26.674649666666667,-81.80481,9e:05:d6:a6:20:6e,-80,2437,6,Private WIFI,Unknown
2025-10-14T18:40:52.533609+00:00,26.674649666666667,-81.80481,02:5e:3c:48:ba:92,-76,2452,9,Pvt.WFR_Aspen.7353,Unknown
2025-10-14T18:40:52.533609+00:00,26.674649666666667,-81.80481,06:5e:3c:48:ba:92,-77,2452,9,Newmar7353,Unknown
2025-10-14T18:40:52.533609+00:00,26.674649666666667,-81.80481,9c:05:d6:e9:69:b5,-50,2462,11,Bermuda,Outside4
2025-10-14T18:40:52.533609+00:00,26.674649666666667,-81.80481,a2:05:d6:e9:69:b5,-51,2462,11,Bermuda Guest WIFI,Outside4
2025-10-14T18:40:52.533609+00:00,26.674649666666667,-81.80481,9c:05:d6:e9:8b:85,-70,2462,11,Bermuda,Outside1
2025-10-14T18:40:52.533609+00:00,26.674649666666667,-81.80481,a2:05:d6:e9:8b:85,-70,2462,11,Bermuda Guest WIFI,Outside1
2025-10-14T18:40:52.533609+00:00,26.674649666666667,-81.80481,9c:05:d6:e9:69:b6,-67,5200,41,Bermuda,Outside4
2025-10-14T18:40:52.533609+00:00,26.674649666666667,-81.80481,a2:05:d6:e9:69:b6,-68,5200,41,Bermuda Guest WIFI,Outside4
2025-10-14T18:40:52.533609+00:00,26.674649666666667,-81.80481,a2:05:d6:e9:7e:62,-68,5200,41,Bermuda Guest WIFI,Outside3
2025-10-14T18:40:52.533609+00:00,26.674649666666667,-81.80481,9e:05:d6:96:2c:47,-71,5785,158,Bermuda Guest WIFI,inside2
2025-10-14T18:40:52.533609+00:00,26.674649666666667,-81.80481,9c:05:d6:d6:2c:47,-71,5785,158,Bermuda,inside2
2025-10-14T18:40:52.533609+00:00,26.674649666666667,-81.80481,9c:05:d6:d6:20:6f,-81,5745,150,Bermuda,inside1
2025-10-14T18:40:52.533609+00:00,26.674649666666667,-81.80481,9e:05:d6:a6:20:6f,-82,5745,150,Private WIFI,Unknown
2025-10-14T18:40:52.533609+00:00,26.674649666666667,-81.80481,9e:05:d6:96:20:6f,-80,5745,150,Bermuda Guest WIFI,inside1
2025-10-14T18:40:52.533609+00:00,26.674649666666667,-81.80481,02:8c:f2:00:6d:7a,-82,5825,166,Pvt.WFR_Everest.5GHz.7523,Unknown
2025-10-14T18:40:52.533609+00:00,26.674649666666667,-81.80481,9c:05:d6:d6:2c:46,-72,2412,1,Bermuda,inside2
2025-10-14T18:40:52.533609+00:00,26.674649666666667,-81.80481,9e:05:d6:96:2c:46,-76,2412,1,Bermuda Guest WIFI,inside2
2025-10-14T18:40:52.533609+00:00,26.674649666666667,-81.80481,28:70:4e:d0:87:61,-76,2412,1,Bermuda,pole 22 NW
2025-10-14T18:40:52.533609+00:00,26.674649666666667,-81.80481,28:70:4e:d0:89:14,-81,2437,6,Bermuda,pole 21
2025-10-14T18:40:52.533609+00:00,26.674649666666667,-81.80481,9c:05:d6:e9:8b:86,-56,5200,41,Bermuda,Outside1
2025-10-14T18:40:52.533609+00:00,26.674649666666667,-81.80481,a2:05:d6:e9:8b:86,-55,5200,41,Bermuda Guest WIFI,Outside1
2025-10-14T18:41:01.454709+00:00,26.674659166666668,-81.804891,9c:05:d6:e9:7e:62,-74,5200,41,Bermuda,Outside3
2025-10-14T18:41:01.454709+00:00,26.674659166666668,-81.804891,9c:05:d6:e9:7e:61,-70,2412,1,Bermuda,Outside3
2025-10-14T18:41:01.454709+00:00,26.674659166666668,-81.804891,a2:05:d6:e9:7e:61,-72,2412,1,Bermuda Guest WIFI,Outside3
2025-10-14T18:41:01.454709+00:00,26.674659166666668,-81.804891,02:8c:f2:00:6d:79,-81,2412,1,Pvt.WFR_Everest.7523,Unknown
2025-10-14T18:41:01.454709+00:00,26.674659166666668,-81.804891,f8:17:2d:76:5d:04,-85,2437,6,SmartLife-5D05,Unknown
2025-10-14T18:41:01.454709+00:00,26.674659166666668,-81.804891,9e:05:d6:96:20:6e,-80,2437,6,Bermuda Guest WIFI,inside1
2025-10-14T18:41:01.454709+00:00,26.674659166666668,-81.804891,9c:05:d6:d6:20:6e,-80,2437,6,Bermuda,inside1
2025-10-14T18:41:01.454709+00:00,26.674659166666668,-81.804891,9e:05:d6:a6:20:6e,-80,2437,6,Private WIFI,Unknown
2025-10-14T18:41:01.454709+00:00,26.674659166666668,-81.804891,02:5e:3c:48:ba:92,-76,2452,9,Pvt.WFR_Aspen.7353,Unknown
2025-10-14T18:41:01.454709+00:00,26.674659166666668,-81.804891,06:5e:3c:48:ba:92,-77,2452,9,Newmar7353,Unknown
2025-10-14T18:41:01.454709+00:00,26.674659166666668,-81.804891,9c:05:d6:e9:69:b5,-74,2462,11,Bermuda,Outside4
2025-10-14T18:41:01.454709+00:00,26.674659166666668,-81.804891,a2:05:d6:e9:69:b5,-74,2462,11,Bermuda Guest WIFI,Outside4
2025-10-14T18:41:01.454709+00:00,26.674659166666668,-81.804891,9c:05:d6:e9:8b:85,-63,2462,11,Bermuda,Outside1
2025-10-14T18:41:01.454709+00:00,26.674659166666668,-81.804891,a2:05:d6:e9:8b:85,-63,2462,11,Bermuda Guest WIFI,Outside1
2025-10-14T18:41:01.454709+00:00,26.674659166666668,-81.804891,9c:05:d6:e9:69:b6,-55,5200,41,Bermuda,Outside4
2025-10-14T18:41:01.454709+00:00,26.674659166666668,-81.804891,a2:05:d6:e9:69:b6,-55,5200,41,Bermuda Guest WIFI,Outside4
2025-10-14T18:41:01.454709+00:00,26.674659166666668,-81.804891,a2:05:d6:e9:7e:62,-68,5200,41,Bermuda Guest WIFI,Outside3
2025-10-14T18:41:01.454709+00:00,26.674659166666668,-81.804891,9e:05:d6:96:2c:47,-73,5785,158,Bermuda Guest WIFI,inside2
2025-10-14T18:41:01.454709+00:00,26.674659166666668,-81.804891,9c:05:d6:d6:2c:47,-73,5785,158,Bermuda,inside2
2025-10-14T18:41:01.454709+00:00,26.674659166666668,-81.804891,9c:05:d6:d6:20:6f,-81,5745,150,Bermuda,inside1
2025-10-14T18:41:01.454709+00:00,26.674659166666668,-81.804891,9e:05:d6:a6:20:6f,-82,5745,150,Private WIFI,Unknown
2025-10-14T18:41:01.454709+00:00,26.674659166666668,-81.804891,9e:05:d6:96:20:6f,-80,5745,150,Bermuda Guest WIFI,inside1
2025-10-14T18:41:01.454709+00:00,26.674659166666668,-81.804891,02:8c:f2:00:6d:7a,-82,5825,166,Pvt.WFR_Everest.5GHz.7523,Unknown
2025-10-14T18:41:01.454709+00:00,26.674659166666668,-81.804891,9c:05:d6:d6:2c:46,-86,2412,1,Bermuda,inside2
2025-10-14T18:41:01.454709+00:00,26.674659166666668,-81.804891,9e:05:d6:96:2c:46,-76,2412,1,Bermuda Guest WIFI,inside2
2025-10-14T18:41:01.454709+00:00,26.674659166666668,-81.804891,28:70:4e:d0:87:61,-76,2412,1,Bermuda,pole 22 NW
2025-10-14T18:41:01.454709+00:00,26.674659166666668,-81.804891,28:70:4e:d0:89:14,-81,2437,6,Bermuda,pole 21
2025-10-14T18:41:01.454709+00:00,26.674659166666668,-81.804891,9c:05:d6:e9:8b:86,-58,5200,41,Bermuda,Outside1
2025-10-14T18:41:01.454709+00:00,26.674659166666668,-81.804891,a2:05:d6:e9:8b:86,-58,5200,41,Bermuda Guest WIFI,Outside1
2025-10-14T18:41:27.002633+00:00,26.674658833333332,-81.80496166666667,02:8c:f2:00:6d:79,-77,2412,1,Pvt.WFR_Everest.7523,Unknown
2025-10-14T18:41:27.002633+00:00,26.674658833333332,-81.80496166666667,9c:05:d6:e9:8b:86,-63,5200,41,Bermuda,Outside1
2025-10-14T18:41:27.002633+00:00,26.674658833333332,-81.80496166666667,a2:05:d6:e9:8b:86,-70,5200,41,Bermuda Guest WIFI,Outside1
2025-10-14T18:41:27.002633+00:00,26.674658833333332,-81.80496166666667,28:70:4e:d0:88:21,-85,2412,1,Bermuda,pole 14
2025-10-14T18:41:27.002633+00:00,26.674658833333332,-81.80496166666667,28:70:4e:d0:87:73,-85,2412,1,Bermuda,pole 18 N
2025-10-14T18:41:27.002633+00:00,26.674658833333332,-81.80496166666667,2e:70:4e:d0:87:73,-85,2412,1,Bermuda Guest WIFI,pole 18 N
2025-10-14T18:41:27.002633+00:00,26.674658833333332,-81.80496166666667,ac:d7:5b:8f:72:b7,-88,2437,6,TMOBILE-72B1,Unknown
2025-10-14T18:41:27.002633+00:00,26.674658833333332,-81.80496166666667,28:70:4e:d3:d3:88,-85,2437,6,Bermuda,pole 22 SW
2025-10-14T18:41:27.002633+00:00,26.674658833333332,-81.80496166666667,2e:70:4e:d3:d3:88,-84,2437,6,Bermuda Guest WIFI,pole 22 SW
2025-10-14T18:41:27.002633+00:00,26.674658833333332,-81.80496166666667,2e:70:4e:d0:87:5e,-88,2462,11,Bermuda Guest WIFI,pole 15 S
2025-10-14T18:41:27.002633+00:00,26.674658833333332,-81.80496166666667,00:17:1a:d6:27:8a,-83,2462,11,Winegard2ghzD62789,Unknown
2025-10-14T18:41:27.002633+00:00,26.674658833333332,-81.80496166666667,9c:05:d6:e9:69:b6,-75,5200,41,Bermuda,Outside4
2025-10-14T18:41:27.002633+00:00,26.674658833333332,-81.80496166666667,a2:05:d6:e9:69:b6,-75,5200,41,Bermuda Guest WIFI,Outside4
2025-10-14T18:41:27.002633+00:00,26.674658833333332,-81.80496166666667,9c:05:d6:d6:2c:46,-83,2412,1,Bermuda,inside2
2025-10-14T18:41:27.002633+00:00,26.674658833333332,-81.80496166666667,9e:05:d6:96:2c:46,-85,2412,1,Bermuda Guest WIFI,inside2
2025-10-14T18:41:27.002633+00:00,26.674658833333332,-81.80496166666667,9c:05:d6:e9:8b:85,-81,2462,11,Bermuda,Outside1
2025-10-14T18:41:27.002633+00:00,26.674658833333332,-81.80496166666667,a2:05:d6:e9:8b:85,-82,2462,11,Bermuda Guest WIFI,Outside1
2025-10-14T18:41:27.002633+00:00,26.674658833333332,-81.80496166666667,9c:05:d6:d6:2c:47,-79,5785,158,Bermuda,inside2
2025-10-14T18:41:27.002633+00:00,26.674658833333332,-81.80496166666667,9e:05:d6:96:2c:47,-79,5785,158,Bermuda Guest WIFI,inside2
2025-10-14T18:41:34.899496+00:00,26.674611666666667,-81.805008,02:8c:f2:00:6d:79,-80,2412,1,Pvt.WFR_Everest.7523,Unknown
2025-10-14T18:41:34.899496+00:00,26.674611666666667,-81.805008,9c:05:d6:e9:8b:86,-64,5200,41,Bermuda,Outside1
2025-10-14T18:41:34.899496+00:00,26.674611666666667,-81.805008,a2:05:d6:e9:8b:86,-70,5200,41,Bermuda Guest WIFI,Outside1
2025-10-14T18:41:34.899496+00:00,26.674611666666667,-81.805008,28:70:4e:d0:88:21,-85,2412,1,Bermuda,pole 14
2025-10-14T18:41:34.899496+00:00,26.674611666666667,-81.805008,28:70:4e:d0:87:73,-85,2412,1,Bermuda,pole 18 N
2025-10-14T18:41:34.899496+00:00,26.674611666666667,-81.805008,2e:70:4e:d0:87:73,-85,2412,1,Bermuda Guest WIFI,pole 18 N
2025-10-14T18:41:34.899496+00:00,26.674611666666667,-81.805008,ac:d7:5b:8f:72:b7,-88,2437,6,TMOBILE-72B1,Unknown
2025-10-14T18:41:34.899496+00:00,26.674611666666667,-81.805008,28:70:4e:d3:d3:88,-85,2437,6,Bermuda,pole 22 SW
2025-10-14T18:41:34.899496+00:00,26.674611666666667,-81.805008,2e:70:4e:d3:d3:88,-84,2437,6,Bermuda Guest WIFI,pole 22 SW
2025-10-14T18:41:34.899496+00:00,26.674611666666667,-81.805008,2e:70:4e:d0:87:5e,-88,2462,11,Bermuda Guest WIFI,pole 15 S
2025-10-14T18:41:34.899496+00:00,26.674611666666667,-81.805008,00:17:1a:d6:27:8a,-83,2462,11,Winegard2ghzD62789,Unknown
2025-10-14T18:41:34.899496+00:00,26.674611666666667,-81.805008,9c:05:d6:e9:69:b6,-75,5200,41,Bermuda,Outside4
2025-10-14T18:41:34.899496+00:00,26.674611666666667,-81.805008,a2:05:d6:e9:69:b6,-75,5200,41,Bermuda Guest WIFI,Outside4
2025-10-14T18:41:34.899496+00:00,26.674611666666667,-81.805008,9c:05:d6:d6:2c:46,-83,2412,1,Bermuda,inside2
2025-10-14T18:41:34.899496+00:00,26.674611666666667,-81.805008,9e:05:d6:96:2c:46,-85,2412,1,Bermuda Guest WIFI,inside2
2025-10-14T18:41:34.899496+00:00,26.674611666666667,-81.805008,9c:05:d6:e9:8b:85,-67,2462,11,Bermuda,Outside1
2025-10-14T18:41:34.899496+00:00,26.674611666666667,-81.805008,a2:05:d6:e9:8b:85,-67,2462,11,Bermuda Guest WIFI,Outside1
2025-10-14T18:41:34.899496+00:00,26.674611666666667,-81.805008,9c:05:d6:d6:2c:47,-79,5785,158,Bermuda,inside2
2025-10-14T18:41:34.899496+00:00,26.674611666666667,-81.805008,9e:05:d6:96:2c:47,-79,5785,158,Bermuda Guest WIFI,inside2
2025-10-14T18:41:34.899496+00:00,26.674611666666667,-81.805008,28:70:4e:d0:86:c2,-85,2437,6,Bermuda,pole 12 W
2025-10-14T18:41:34.899496+00:00,26.674611666666667,-81.805008,2e:70:4e:d0:86:c2,-84,2437,6,Bermuda Guest WIFI,pole 12 W
2025-10-14T18:41:34.899496+00:00,26.674611666666667,-81.805008,28:70:4e:d0:87:4f,-75,2462,11,Bermuda,pole 13 E
2025-10-14T18:41:42.743414+00:00,26.674563666666668,-81.805031,02:8c:f2:00:6d:79,-81,2412,1,Pvt.WFR_Everest.7523,Unknown
2025-10-14T18:41:42.743414+00:00,26.674563666666668,-81.805031,9c:05:d6:e9:8b:86,-64,5200,41,Bermuda,Outside1
2025-10-14T18:41:42.743414+00:00,26.674563666666668,-81.805031,00:17:1a:d6:27:8a,-83,2462,11,Winegard2ghzD62789,Unknown
2025-10-14T18:41:42.743414+00:00,26.674563666666668,-81.805031,9c:05:d6:d6:2c:46,-83,2412,1,Bermuda,inside2
2025-10-14T18:41:42.743414+00:00,26.674563666666668,-81.805031,9e:05:d6:96:2c:46,-85,2412,1,Bermuda Guest WIFI,inside2
2025-10-14T18:41:42.743414+00:00,26.674563666666668,-81.805031,9c:05:d6:e9:8b:85,-67,2462,11,Bermuda,Outside1
2025-10-14T18:41:42.743414+00:00,26.674563666666668,-81.805031,a2:05:d6:e9:8b:85,-67,2462,11,Bermuda Guest WIFI,Outside1
2025-10-14T18:41:42.743414+00:00,26.674563666666668,-81.805031,9c:05:d6:d6:2c:47,-83,5785,158,Bermuda,inside2
2025-10-14T18:41:42.743414+00:00,26.674563666666668,-81.805031,9e:05:d6:96:2c:47,-85,5785,158,Bermuda Guest WIFI,inside2
2025-10-14T18:41:42.743414+00:00,26.674563666666668,-81.805031,28:70:4e:d0:86:c2,-85,2437,6,Bermuda,pole 12 W
2025-10-14T18:41:42.743414+00:00,26.674563666666668,-81.805031,2e:70:4e:d0:86:c2,-85,2437,6,Bermuda Guest WIFI,pole 12 W
2025-10-14T18:41:42.743414+00:00,26.674563666666668,-81.805031,28:70:4e:d0:87:4f,-75,2462,11,Bermuda,pole 13 E
2025-10-14T18:41:42.743414+00:00,26.674563666666668,-81.805031,f8:17:2d:76:5d:04,-85,2437,6,SmartLife-5D05,Unknown
2025-10-14T18:41:42.743414+00:00,26.674563666666668,-81.805031,02:8c:f2:00:6d:7a,-82,5825,166,Pvt.WFR_Everest.5GHz.7523,Unknown
2025-10-14T18:42:17.301570+00:00,26.674639833333334,-81.80498316666667,9c:05:d6:e9:8b:86,-67,5200,41,Bermuda,Outside1
2025-10-14T18:42:17.301570+00:00,26.674639833333334,-81.80498316666667,2e:70:4e:d0:87:61,-90,2412,1,Bermuda Guest WIFI,pole 22 NW
2025-10-14T18:42:17.301570+00:00,26.674639833333334,-81.80498316666667,28:70:4e:d0:87:62,-82,5240,49,Bermuda,pole 22 NW
2025-10-14T18:42:17.301570+00:00,26.674639833333334,-81.80498316666667,2e:70:4e:d0:87:62,-82,5240,49,Bermuda Guest WIFI,pole 22 NW
2025-10-14T18:42:26.058016+00:00,26.6748215,-81.805118,9c:05:d6:e9:8b:86,-67,5200,41,Bermuda,Outside1
2025-10-14T18:42:26.058016+00:00,26.6748215,-81.805118,2e:70:4e:d0:87:61,-90,2412,1,Bermuda Guest WIFI,pole 22 NW
2025-10-14T18:42:26.058016+00:00,26.6748215,-81.805118,28:70:4e:d0:87:62,-82,5240,49,Bermuda,pole 22 NW
2025-10-14T18:42:26.058016+00:00,26.6748215,-81.805118,2e:70:4e:d0:87:62,-82,5240,49,Bermuda Guest WIFI,pole 22 NW
2025-10-14T18:42:26.058016+00:00,26.6748215,-81.805118,02:8c:f2:00:6d:79,-85,2412,1,Pvt.WFR_Everest.7523,Unknown
2025-10-14T18:42:26.058016+00:00,26.6748215,-81.805118,a2:05:d6:e9:69:b5,-87,2462,11,Bermuda Guest WIFI,Outside4
2025-10-14T18:42:26.058016+00:00,26.6748215,-81.805118,28:70:4e:d0:87:4f,-84,2462,11,Bermuda,pole 13 E
2025-10-14T18:42:34.426144+00:00,26.674818166666668,-81.80510466666667,9c:05:d6:e9:8b:86,-67,5200,41,Bermuda,Outside1
2025-10-14T18:42:34.426144+00:00,26.674818166666668,-81.80510466666667,2e:70:4e:d0:87:61,-90,2412,1,Bermuda Guest WIFI,pole 22 NW
2025-10-14T18:42:34.426144+00:00,26.674818166666668,-81.80510466666667,28:70:4e:d0:87:62,-82,5240,49,Bermuda,pole 22 NW
2025-10-14T18:42:34.426144+00:00,26.674818166666668,-81.80510466666667,2e:70:4e:d0:87:62,-82,5240,49,Bermuda Guest WIFI,pole 22 NW
2025-10-14T18:42:34.426144+00:00,26.674818166666668,-81.80510466666667,02:8c:f2:00:6d:79,-85,2412,1,Pvt.WFR_Everest.7523,Unknown
2025-10-14T18:42:34.426144+00:00,26.674818166666668,-81.80510466666667,a2:05:d6:e9:69:b5,-87,2462,11,Bermuda Guest WIFI,Outside4
2025-10-14T18:42:34.426144+00:00,26.674818166666668,-81.80510466666667,28:70:4e:d0:87:4f,-81,2462,11,Bermuda,pole 13 E
2025-10-14T18:42:34.426144+00:00,26.674818166666668,-81.80510466666667,2e:70:4e:d0:87:4f,-84,2462,11,Bermuda Guest WIFI,pole 13 E
2025-10-14T18:43:12.744758+00:00,26.674981333333335,-81.80539483333334,9c:05:d6:e9:8b:86,-75,5200,41,Bermuda,Outside1
2025-10-14T18:43:12.744758+00:00,26.674981333333335,-81.80539483333334,28:70:4e:dd:d0:49,-82,2437,6,Bermuda,pole 13 SW
2025-10-14T18:43:12.744758+00:00,26.674981333333335,-81.80539483333334,2e:70:4e:d3:d3:88,-82,2437,6,Bermuda Guest WIFI,pole 22 SW
2025-10-14T18:43:12.744758+00:00,26.674981333333335,-81.80539483333334,28:70:4e:d0:87:4f,-79,2462,11,Bermuda,pole 13 E
2025-10-14T18:43:12.744758+00:00,26.674981333333335,-81.80539483333334,2e:70:4e:d0:87:4f,-78,2462,11,Bermuda Guest WIFI,pole 13 E
2025-10-14T18:43:12.744758+00:00,26.674981333333335,-81.80539483333334,9e:05:d6:96:2c:47,-80,5785,158,Bermuda Guest WIFI,inside2
2025-10-14T18:43:12.744758+00:00,26.674981333333335,-81.80539483333334,9c:05:d6:d6:2c:47,-81,5785,158,Bermuda,inside2
2025-10-14T18:43:12.744758+00:00,26.674981333333335,-81.80539483333334,28:70:4e:d0:87:50,-76,5745,150,Bermuda,pole 13 E
2025-10-14T18:43:21.060589+00:00,26.674757666666668,-81.8052775,9c:05:d6:e9:8b:86,-74,5200,41,Bermuda,Outside1
2025-10-14T18:43:21.060589+00:00,26.674757666666668,-81.8052775,28:70:4e:dd:d0:49,-82,2437,6,Bermuda,pole 13 SW
2025-10-14T18:43:21.060589+00:00,26.674757666666668,-81.8052775,2e:70:4e:d3:d3:88,-82,2437,6,Bermuda Guest WIFI,pole 22 SW
2025-10-14T18:43:21.060589+00:00,26.674757666666668,-81.8052775,28:70:4e:d0:87:4f,-79,2462,11,Bermuda,pole 13 E
2025-10-14T18:43:21.060589+00:00,26.674757666666668,-81.8052775,2e:70:4e:d0:87:4f,-78,2462,11,Bermuda Guest WIFI,pole 13 E
2025-10-14T18:43:21.060589+00:00,26.674757666666668,-81.8052775,9e:05:d6:96:2c:47,-80,5785,158,Bermuda Guest WIFI,inside2
2025-10-14T18:43:21.060589+00:00,26.674757666666668,-81.8052775,9c:05:d6:d6:2c:47,-81,5785,158,Bermuda,inside2
2025-10-14T18:43:21.060589+00:00,26.674757666666668,-81.8052775,28:70:4e:d0:87:50,-76,5745,150,Bermuda,pole 13 E
2025-10-14T18:43:21.060589+00:00,26.674757666666668,-81.8052775,9c:05:d6:e9:8b:85,-81,2462,11,Bermuda,Outside1
2025-10-14T18:43:21.060589+00:00,26.674757666666668,-81.8052775,a2:05:d6:e9:8b:85,-81,2462,11,Bermuda Guest WIFI,Outside1
2025-10-14T18:43:21.060589+00:00,26.674757666666668,-81.8052775,2e:70:4e:d0:87:5e,-88,2462,11,Bermuda Guest WIFI,pole 15 S
2025-10-14T18:43:21.060589+00:00,26.674757666666668,-81.8052775,28:70:4e:d0:87:62,-83,5240,49,Bermuda,pole 22 NW
2025-10-14T18:43:21.060589+00:00,26.674757666666668,-81.8052775,2e:70:4e:d0:87:62,-83,5240,49,Bermuda Guest WIFI,pole 22 NW
2025-10-14T18:43:29.154507+00:00,26.674503833333333,-81.805225,9c:05:d6:e9:8b:86,-77,5200,41,Bermuda,Outside1
2025-10-14T18:43:29.154507+00:00,26.674503833333333,-81.805225,28:70:4e:dd:d0:49,-79,2437,6,Bermuda,pole 13 SW
2025-10-14T18:43:29.154507+00:00,26.674503833333333,-81.805225,2e:70:4e:d3:d3:88,-82,2437,6,Bermuda Guest WIFI,pole 22 SW
2025-10-14T18:43:29.154507+00:00,26.674503833333333,-81.805225,28:70:4e:d0:87:4f,-77,2462,11,Bermuda,pole 13 E
2025-10-14T18:43:29.154507+00:00,26.674503833333333,-81.805225,2e:70:4e:d0:87:4f,-77,2462,11,Bermuda Guest WIFI,pole 13 E
2025-10-14T18:43:29.154507+00:00,26.674503833333333,-81.805225,9e:05:d6:96:2c:47,-80,5785,158,Bermuda Guest WIFI,inside2
2025-10-14T18:43:29.154507+00:00,26.674503833333333,-81.805225,9c:05:d6:d6:2c:47,-81,5785,158,Bermuda,inside2
2025-10-14T18:43:29.154507+00:00,26.674503833333333,-81.805225,28:70:4e:d0:87:50,-76,5745,150,Bermuda,pole 13 E
2025-10-14T18:43:29.154507+00:00,26.674503833333333,-81.805225,9c:05:d6:e9:8b:85,-81,2462,11,Bermuda,Outside1
2025-10-14T18:43:29.154507+00:00,26.674503833333333,-81.805225,a2:05:d6:e9:8b:85,-81,2462,11,Bermuda Guest WIFI,Outside1
2025-10-14T18:43:29.154507+00:00,26.674503833333333,-81.805225,2e:70:4e:d0:87:5e,-88,2462,11,Bermuda Guest WIFI,pole 15 S
2025-10-14T18:43:29.154507+00:00,26.674503833333333,-81.805225,28:70:4e:d0:87:62,-83,5240,49,Bermuda,pole 22 NW
2025-10-14T18:43:29.154507+00:00,26.674503833333333,-81.805225,2e:70:4e:d0:87:62,-83,5240,49,Bermuda Guest WIFI,pole 22 NW
2025-10-14T18:43:29.154507+00:00,26.674503833333333,-81.805225,2e:70:4e:dd:d0:49,-79,2437,6,Bermuda Guest WIFI,pole 13 SW
2025-10-14T18:43:29.154507+00:00,26.674503833333333,-81.805225,00:17:1a:d6:27:8a,-82,2462,11,Winegard2ghzD62789,Unknown
2025-10-14T18:43:29.154507+00:00,26.674503833333333,-81.805225,28:70:4e:d0:88:22,-78,5765,154,Bermuda,pole 14
2025-10-14T18:43:29.154507+00:00,26.674503833333333,-81.805225,2e:70:4e:d0:88:22,-78,5765,154,Bermuda Guest WIFI,pole 14
2025-10-14T18:43:29.154507+00:00,26.674503833333333,-81.805225,28:70:4e:d2:92:ab,-77,5745,150,Bermuda,pole 12 N
2025-10-14T18:43:29.154507+00:00,26.674503833333333,-81.805225,2e:70:4e:d2:92:ab,-78,5745,150,Bermuda Guest WIFI,pole 12 N
2025-10-14T18:43:54.385871+00:00,26.674845833333332,-81.80524566666666,28:70:4e:d2:c9:b0,-87,2437,6,Bermuda,pole 15 NW
2025-10-14T18:43:54.385871+00:00,26.674845833333332,-81.80524566666666,28:70:4e:d0:88:21,-71,2412,1,Bermuda,pole 14
2025-10-14T18:43:54.385871+00:00,26.674845833333332,-81.80524566666666,28:70:4e:dd:d0:49,-76,2437,6,Bermuda,pole 13 SW
2025-10-14T18:43:54.385871+00:00,26.674845833333332,-81.80524566666666,2e:70:4e:dd:d0:49,-75,2437,6,Bermuda Guest WIFI,pole 13 SW
2025-10-14T18:43:54.385871+00:00,26.674845833333332,-81.80524566666666,28:70:4e:d0:86:c2,-83,2437,6,Bermuda,pole 12 W
2025-10-14T18:43:54.385871+00:00,26.674845833333332,-81.80524566666666,2e:70:4e:d0:86:c2,-83,2437,6,Bermuda Guest WIFI,pole 12 W
2025-10-14T18:43:54.385871+00:00,26.674845833333332,-81.80524566666666,2e:70:4e:d2:92:aa,-83,2437,6,Bermuda Guest WIFI,pole 12 N
2025-10-14T18:43:54.385871+00:00,26.674845833333332,-81.80524566666666,2e:70:4e:d0:87:73,-86,2412,1,Bermuda Guest WIFI,pole 18 N
2025-10-14T18:43:54.385871+00:00,26.674845833333332,-81.80524566666666,2e:70:4e:d0:87:61,-87,2412,1,Bermuda Guest WIFI,pole 22 NW
2025-10-14T18:43:54.385871+00:00,26.674845833333332,-81.80524566666666,28:70:4e:d0:87:4f,-69,2462,11,Bermuda,pole 13 E
2025-10-14T18:43:54.385871+00:00,26.674845833333332,-81.80524566666666,00:17:1a:d6:27:8a,-74,2462,11,Winegard2ghzD62789,Unknown
2025-10-14T18:43:54.385871+00:00,26.674845833333332,-81.80524566666666,2e:70:4e:d0:87:4f,-68,2462,11,Bermuda Guest WIFI,pole 13 E
2025-10-14T18:43:54.385871+00:00,26.674845833333332,-81.80524566666666,9c:05:d6:e9:8b:85,-83,2462,11,Bermuda,Outside1
2025-10-14T18:43:54.385871+00:00,26.674845833333332,-81.80524566666666,a2:05:d6:e9:8b:85,-84,2462,11,Bermuda Guest WIFI,Outside1
2025-10-14T18:43:54.385871+00:00,26.674845833333332,-81.80524566666666,2e:70:4e:d0:87:5e,-85,2462,11,Bermuda Guest WIFI,pole 15 S
2025-10-14T18:43:54.385871+00:00,26.674845833333332,-81.80524566666666,28:70:4e:d0:89:02,-84,2462,11,Bermuda,pole 17
2025-10-14T18:43:54.385871+00:00,26.674845833333332,-81.80524566666666,2e:70:4e:d0:89:02,-83,2462,11,Bermuda Guest WIFI,pole 17
2025-10-14T18:43:54.385871+00:00,26.674845833333332,-81.80524566666666,28:70:4e:d0:87:50,-81,5745,150,Bermuda,pole 13 E
2025-10-14T18:44:02.475699+00:00,26.675096,-81.80514216666667,28:70:4e:d2:c9:b0,-87,2437,6,Bermuda,pole 15 NW
2025-10-14T18:44:02.475699+00:00,26.675096,-81.80514216666667,28:70:4e:d0:88:21,-76,2412,1,Bermuda,pole 14
2025-10-14T18:44:02.475699+00:00,26.675096,-81.80514216666667,28:70:4e:dd:d0:49,-76,2437,6,Bermuda,pole 13 SW
2025-10-14T18:44:02.475699+00:00,26.675096,-81.80514216666667,2e:70:4e:dd:d0:49,-76,2437,6,Bermuda Guest WIFI,pole 13 SW
2025-10-14T18:44:02.475699+00:00,26.675096,-81.80514216666667,28:70:4e:d0:86:c2,-83,2437,6,Bermuda,pole 12 W
2025-10-14T18:44:02.475699+00:00,26.675096,-81.80514216666667,2e:70:4e:d0:86:c2,-83,2437,6,Bermuda Guest WIFI,pole 12 W
2025-10-14T18:44:02.475699+00:00,26.675096,-81.80514216666667,2e:70:4e:d2:92:aa,-83,2437,6,Bermuda Guest WIFI,pole 12 N
2025-10-14T18:44:02.475699+00:00,26.675096,-81.80514216666667,2e:70:4e:d0:87:73,-86,2412,1,Bermuda Guest WIFI,pole 18 N
2025-10-14T18:44:02.475699+00:00,26.675096,-81.80514216666667,2e:70:4e:d0:87:61,-87,2412,1,Bermuda Guest WIFI,pole 22 NW
2025-10-14T18:44:02.475699+00:00,26.675096,-81.80514216666667,28:70:4e:d0:87:4f,-69,2462,11,Bermuda,pole 13 E
2025-10-14T18:44:02.475699+00:00,26.675096,-81.80514216666667,00:17:1a:d6:27:8a,-86,2462,11,Winegard2ghzD62789,Unknown
2025-10-14T18:44:02.475699+00:00,26.675096,-81.80514216666667,2e:70:4e:d0:87:4f,-77,2462,11,Bermuda Guest WIFI,pole 13 E
2025-10-14T18:44:02.475699+00:00,26.675096,-81.80514216666667,9c:05:d6:e9:8b:85,-83,2462,11,Bermuda,Outside1
2025-10-14T18:44:02.475699+00:00,26.675096,-81.80514216666667,a2:05:d6:e9:8b:85,-84,2462,11,Bermuda Guest WIFI,Outside1
2025-10-14T18:44:02.475699+00:00,26.675096,-81.80514216666667,2e:70:4e:d0:87:5e,-85,2462,11,Bermuda Guest WIFI,pole 15 S
2025-10-14T18:44:02.475699+00:00,26.675096,-81.80514216666667,28:70:4e:d0:89:02,-84,2462,11,Bermuda,pole 17
2025-10-14T18:44:02.475699+00:00,26.675096,-81.80514216666667,2e:70:4e:d0:89:02,-83,2462,11,Bermuda Guest WIFI,pole 17
2025-10-14T18:44:02.475699+00:00,26.675096,-81.80514216666667,28:70:4e:d0:87:50,-81,5745,150,Bermuda,pole 13 E
2025-10-14T18:44:10.866788+00:00,26.675029333333335,-81.80503283333333,28:70:4e:d2:c9:b0,-87,2437,6,Bermuda,pole 15 NW
2025-10-14T18:44:10.866788+00:00,26.675029333333335,-81.80503283333333,28:70:4e:d0:88:21,-84,2412,1,Bermuda,pole 14
2025-10-14T18:44:10.866788+00:00,26.675029333333335,-81.80503283333333,28:70:4e:dd:d0:49,-76,2437,6,Bermuda,pole 13 SW
2025-10-14T18:44:10.866788+00:00,26.675029333333335,-81.80503283333333,2e:70:4e:dd:d0:49,-76,2437,6,Bermuda Guest WIFI,pole 13 SW
2025-10-14T18:44:10.866788+00:00,26.675029333333335,-81.80503283333333,28:70:4e:d0:86:c2,-83,2437,6,Bermuda,pole 12 W
2025-10-14T18:44:10.866788+00:00,26.675029333333335,-81.80503283333333,2e:70:4e:d0:86:c2,-83,2437,6,Bermuda Guest WIFI,pole 12 W
2025-10-14T18:44:10.866788+00:00,26.675029333333335,-81.80503283333333,2e:70:4e:d2:92:aa,-83,2437,6,Bermuda Guest WIFI,pole 12 N
2025-10-14T18:44:10.866788+00:00,26.675029333333335,-81.80503283333333,2e:70:4e:d0:87:73,-86,2412,1,Bermuda Guest WIFI,pole 18 N
2025-10-14T18:44:10.866788+00:00,26.675029333333335,-81.80503283333333,2e:70:4e:d0:87:61,-87,2412,1,Bermuda Guest WIFI,pole 22 NW
2025-10-14T18:44:10.866788+00:00,26.675029333333335,-81.80503283333333,28:70:4e:d0:87:4f,-69,2462,11,Bermuda,pole 13 E
2025-10-14T18:44:10.866788+00:00,26.675029333333335,-81.80503283333333,00:17:1a:d6:27:8a,-86,2462,11,Winegard2ghzD62789,Unknown
2025-10-14T18:44:10.866788+00:00,26.675029333333335,-81.80503283333333,2e:70:4e:d0:87:4f,-77,2462,11,Bermuda Guest WIFI,pole 13 E
2025-10-14T18:44:10.866788+00:00,26.675029333333335,-81.80503283333333,9c:05:d6:e9:8b:85,-83,2462,11,Bermuda,Outside1
2025-10-14T18:44:10.866788+00:00,26.675029333333335,-81.80503283333333,a2:05:d6:e9:8b:85,-84,2462,11,Bermuda Guest WIFI,Outside1
2025-10-14T18:44:10.866788+00:00,26.675029333333335,-81.80503283333333,2e:70:4e:d0:87:5e,-85,2462,11,Bermuda Guest WIFI,pole 15 S
2025-10-14T18:44:10.866788+00:00,26.675029333333335,-81.80503283333333,28:70:4e:d0:89:02,-84,2462,11,Bermuda,pole 17
2025-10-14T18:44:10.866788+00:00,26.675029333333335,-81.80503283333333,2e:70:4e:d0:89:02,-83,2462,11,Bermuda Guest WIFI,pole 17
2025-10-14T18:44:10.866788+00:00,26.675029333333335,-81.80503283333333,28:70:4e:d0:87:50,-81,5745,150,Bermuda,pole 13 E
2025-10-14T18:44:47.752792+00:00,26.674262,-81.804917,28:70:4e:d0:88:21,-72,2412,1,Bermuda,pole 14
2025-10-14T18:44:47.752792+00:00,26.674262,-81.804917,28:70:4e:dd:d0:49,-79,2437,6,Bermuda,pole 13 SW
2025-10-14T18:44:47.752792+00:00,26.674262,-81.804917,2e:70:4e:dd:d0:49,-81,2437,6,Bermuda Guest WIFI,pole 13 SW
2025-10-14T18:44:47.752792+00:00,26.674262,-81.804917,00:17:1a:d6:27:8a,-82,2462,11,Winegard2ghzD62789,Unknown
2025-10-14T18:44:47.752792+00:00,26.674262,-81.804917,28:70:4e:d0:87:4f,-82,2462,11,Bermuda,pole 13 E
2025-10-14T18:44:59.985180+00:00,26.674270833333335,-81.80488016666666,28:70:4e:d0:88:21,-78,2412,1,Bermuda,pole 14
2025-10-14T18:44:59.985180+00:00,26.674270833333335,-81.80488016666666,28:70:4e:dd:d0:49,-78,2437,6,Bermuda,pole 13 SW
2025-10-14T18:44:59.985180+00:00,26.674270833333335,-81.80488016666666,2e:70:4e:dd:d0:49,-78,2437,6,Bermuda Guest WIFI,pole 13 SW
2025-10-14T18:44:59.985180+00:00,26.674270833333335,-81.80488016666666,9c:05:d6:d6:25:72,-86,2412,1,Bermuda,inside4
2025-10-14T18:44:59.985180+00:00,26.674270833333335,-81.80488016666666,28:70:4e:d0:87:73,-81,2412,1,Bermuda,pole 18 N
2025-10-14T18:44:59.985180+00:00,26.674270833333335,-81.80488016666666,2e:70:4e:d3:d6:28,-83,2412,1,Bermuda Guest WIFI,pole 18 W
2025-10-14T18:44:59.985180+00:00,26.674270833333335,-81.80488016666666,2e:70:4e:d0:87:73,-81,2412,1,Bermuda Guest WIFI,pole 18 N
2025-10-14T18:44:59.985180+00:00,26.674270833333335,-81.80488016666666,00:17:1a:d6:27:8a,-82,2462,11,Winegard2ghzD62789,Unknown
2025-10-14T18:44:59.985180+00:00,26.674270833333335,-81.80488016666666,28:70:4e:d0:87:4f,-81,2462,11,Bermuda,pole 13 E
2025-10-14T18:44:59.985180+00:00,26.674270833333335,-81.80488016666666,2e:70:4e:d0:87:4f,-82,2462,11,Bermuda Guest WIFI,pole 13 E
2025-10-14T18:44:59.985180+00:00,26.674270833333335,-81.80488016666666,28:70:4e:d0:87:5e,-84,2462,11,Bermuda,pole 15 S
2025-10-14T18:44:59.985180+00:00,26.674270833333335,-81.80488016666666,9c:05:d6:d6:11:ff,-80,5805,162,Bermuda,inside3
2025-10-14T18:44:59.985180+00:00,26.674270833333335,-81.80488016666666,9e:05:d6:96:11:ff,-80,5805,162,Bermuda Guest WIFI,inside3
2025-10-14T18:44:59.985180+00:00,26.674270833333335,-81.80488016666666,28:70:4e:d2:92:ab,-81,5745,150,Bermuda,pole 12 N
2025-10-14T18:44:59.985180+00:00,26.674270833333335,-81.80488016666666,2e:70:4e:d0:87:5e,-86,2462,11,Bermuda Guest WIFI,pole 15 S
2025-10-14T18:45:37.187721+00:00,26.674233333333333,-81.8049955,28:70:4e:d0:88:21,-73,2412,1,Bermuda,pole 14
2025-10-14T18:45:37.187721+00:00,26.674233333333333,-81.8049955,9c:05:d6:d6:25:72,-82,2412,1,Bermuda,inside4
2025-10-14T18:45:37.187721+00:00,26.674233333333333,-81.8049955,9e:05:d6:96:25:72,-86,2412,1,Bermuda Guest WIFI,inside4
2025-10-14T18:45:37.187721+00:00,26.674233333333333,-81.8049955,28:70:4e:dd:d0:49,-83,2437,6,Bermuda,pole 13 SW
2025-10-14T18:45:37.187721+00:00,26.674233333333333,-81.8049955,2e:70:4e:dd:d0:49,-85,2437,6,Bermuda Guest WIFI,pole 13 SW
2025-10-14T18:45:37.187721+00:00,26.674233333333333,-81.8049955,00:17:1a:d6:27:8a,-81,2462,11,Winegard2ghzD62789,Unknown
2025-10-14T18:45:37.187721+00:00,26.674233333333333,-81.8049955,28:70:4e:d0:87:4f,-83,2462,11,Bermuda,pole 13 E
2025-10-14T18:45:37.187721+00:00,26.674233333333333,-81.8049955,9c:05:d6:d6:22:af,-77,5805,162,Bermuda,inside5
2025-10-14T18:45:37.187721+00:00,26.674233333333333,-81.8049955,9e:05:d6:96:22:af,-77,5805,162,Bermuda Guest WIFI,inside5
2025-10-14T18:45:37.187721+00:00,26.674233333333333,-81.8049955,9c:05:d6:d6:11:ff,-78,5805,162,Bermuda,inside3
2025-10-14T18:45:45.041088+00:00,26.674179,-81.80500916666666,28:70:4e:d0:88:21,-72,2412,1,Bermuda,pole 14
2025-10-14T18:45:45.041088+00:00,26.674179,-81.80500916666666,9c:05:d6:d6:25:72,-86,2412,1,Bermuda,inside4
2025-10-14T18:45:45.041088+00:00,26.674179,-81.80500916666666,9e:05:d6:96:25:72,-84,2412,1,Bermuda Guest WIFI,inside4
2025-10-14T18:45:45.041088+00:00,26.674179,-81.80500916666666,28:70:4e:dd:d0:49,-83,2437,6,Bermuda,pole 13 SW
2025-10-14T18:45:45.041088+00:00,26.674179,-81.80500916666666,2e:70:4e:dd:d0:49,-85,2437,6,Bermuda Guest WIFI,pole 13 SW
2025-10-14T18:45:45.041088+00:00,26.674179,-81.80500916666666,00:17:1a:d6:27:8a,-82,2462,11,Winegard2ghzD62789,Unknown
2025-10-14T18:45:45.041088+00:00,26.674179,-81.80500916666666,28:70:4e:d0:87:4f,-80,2462,11,Bermuda,pole 13 E
2025-10-14T18:45:45.041088+00:00,26.674179,-81.80500916666666,9c:05:d6:d6:22:af,-83,5805,162,Bermuda,inside5
2025-10-14T18:45:45.041088+00:00,26.674179,-81.80500916666666,9e:05:d6:96:22:af,-83,5805,162,Bermuda Guest WIFI,inside5
2025-10-14T18:45:45.041088+00:00,26.674179,-81.80500916666666,9c:05:d6:d6:11:ff,-74,5805,162,Bermuda,inside3
2025-10-14T18:45:45.041088+00:00,26.674179,-81.80500916666666,9e:05:d6:96:11:ff,-74,5805,162,Bermuda Guest WIFI,inside3
2025-10-14T18:45:45.041088+00:00,26.674179,-81.80500916666666,9c:05:d6:d6:25:73,-69,5220,45,Bermuda,inside4
2025-10-14T18:45:45.041088+00:00,26.674179,-81.80500916666666,9e:05:d6:96:25:73,-69,5220,45,Bermuda Guest WIFI,inside4
2025-10-14T18:45:52.624529+00:00,26.674128166666666,-81.80496266666667,28:70:4e:d0:88:21,-71,2412,1,Bermuda,pole 14
2025-10-14T18:45:52.624529+00:00,26.674128166666666,-81.80496266666667,9c:05:d6:d6:25:72,-86,2412,1,Bermuda,inside4
2025-10-14T18:45:52.624529+00:00,26.674128166666666,-81.80496266666667,9e:05:d6:96:25:72,-84,2412,1,Bermuda Guest WIFI,inside4
2025-10-14T18:45:52.624529+00:00,26.674128166666666,-81.80496266666667,28:70:4e:dd:d0:49,-83,2437,6,Bermuda,pole 13 SW
2025-10-14T18:45:52.624529+00:00,26.674128166666666,-81.80496266666667,2e:70:4e:dd:d0:49,-85,2437,6,Bermuda Guest WIFI,pole 13 SW
2025-10-14T18:45:52.624529+00:00,26.674128166666666,-81.80496266666667,00:17:1a:d6:27:8a,-82,2462,11,Winegard2ghzD62789,Unknown
2025-10-14T18:45:52.624529+00:00,26.674128166666666,-81.80496266666667,28:70:4e:d0:87:4f,-80,2462,11,Bermuda,pole 13 E
2025-10-14T18:45:52.624529+00:00,26.674128166666666,-81.80496266666667,9c:05:d6:d6:22:af,-82,5805,162,Bermuda,inside5
2025-10-14T18:45:52.624529+00:00,26.674128166666666,-81.80496266666667,9e:05:d6:96:22:af,-83,5805,162,Bermuda Guest WIFI,inside5
2025-10-14T18:45:52.624529+00:00,26.674128166666666,-81.80496266666667,9c:05:d6:d6:11:ff,-78,5805,162,Bermuda,inside3
2025-10-14T18:45:52.624529+00:00,26.674128166666666,-81.80496266666667,9e:05:d6:96:11:ff,-74,5805,162,Bermuda Guest WIFI,inside3
2025-10-14T18:45:52.624529+00:00,26.674128166666666,-81.80496266666667,9c:05:d6:d6:25:73,-69,5220,45,Bermuda,inside4
2025-10-14T18:45:52.624529+00:00,26.674128166666666,-81.80496266666667,9e:05:d6:96:25:73,-69,5220,45,Bermuda Guest WIFI,inside4
2025-10-14T18:45:52.624529+00:00,26.674128166666666,-81.80496266666667,28:70:4e:d0:87:5e,-82,2462,11,Bermuda,pole 15 S
2025-10-14T18:45:52.624529+00:00,26.674128166666666,-81.80496266666667,2e:70:4e:d0:87:5e,-82,2462,11,Bermuda Guest WIFI,pole 15 S
2025-10-14T18:45:52.624529+00:00,26.674128166666666,-81.80496266666667,28:70:4e:d2:92:ab,-79,5745,150,Bermuda,pole 12 N
2025-10-14T18:45:52.624529+00:00,26.674128166666666,-81.80496266666667,2e:70:4e:d2:92:ab,-80,5745,150,Bermuda Guest WIFI,pole 12 N
2025-10-14T18:46:27.180596+00:00,26.674180166666666,-81.80470333333334,2e:70:4e:dd:d0:49,-66,2437,6,Bermuda Guest WIFI,pole 13 SW
2025-10-14T18:46:27.180596+00:00,26.674180166666666,-81.80470333333334,28:70:4e:d0:87:4f,-74,2462,11,Bermuda,pole 13 E
2025-10-14T18:46:27.180596+00:00,26.674180166666666,-81.80470333333334,28:70:4e:d0:86:c2,-76,2437,6,Bermuda,pole 12 W
2025-10-14T18:46:27.180596+00:00,26.674180166666666,-81.80470333333334,2e:70:4e:d0:86:c2,-79,2437,6,Bermuda Guest WIFI,pole 12 W
2025-10-14T18:46:27.180596+00:00,26.674180166666666,-81.80470333333334,28:70:4e:d0:8d:34,-85,2462,11,Bermuda,pole 20
2025-10-14T18:46:27.180596+00:00,26.674180166666666,-81.80470333333334,28:70:4e:d0:87:5e,-86,2462,11,Bermuda,pole 15 S
2025-10-14T18:46:27.180596+00:00,26.674180166666666,-81.80470333333334,2e:70:4e:d0:87:5e,-78,2462,11,Bermuda Guest WIFI,pole 15 S
2025-10-14T18:46:27.180596+00:00,26.674180166666666,-81.80470333333334,2e:70:4e:d0:8d:34,-88,2462,11,Bermuda Guest WIFI,pole 20
2025-10-14T18:46:27.180596+00:00,26.674180166666666,-81.80470333333334,28:70:4e:dd:d0:49,-65,2437,6,Bermuda,pole 13 SW
2025-10-14T18:46:27.180596+00:00,26.674180166666666,-81.80470333333334,28:70:4e:d0:88:21,-70,2412,1,Bermuda,pole 14
2025-10-14T18:46:27.180596+00:00,26.674180166666666,-81.80470333333334,2e:70:4e:d0:88:21,-71,2412,1,Bermuda Guest WIFI,pole 14
2025-10-14T18:46:27.180596+00:00,26.674180166666666,-81.80470333333334,9e:05:d6:96:25:72,-86,2412,1,Bermuda Guest WIFI,inside4
2025-10-14T18:46:27.180596+00:00,26.674180166666666,-81.80470333333334,9c:05:d6:d6:11:ff,-82,5805,162,Bermuda,inside3
2025-10-14T18:46:42.950049+00:00,26.674016166666668,-81.804801,28:70:4e:d0:87:4f,-76,2462,11,Bermuda,pole 13 E
2025-10-14T18:46:42.950049+00:00,26.674016166666668,-81.804801,2e:70:4e:d0:87:5e,-87,2462,11,Bermuda Guest WIFI,pole 15 S
2025-10-14T18:46:42.950049+00:00,26.674016166666668,-81.804801,28:70:4e:d0:88:21,-70,2412,1,Bermuda,pole 14
2025-10-14T18:46:42.950049+00:00,26.674016166666668,-81.804801,2e:70:4e:d0:88:21,-69,2412,1,Bermuda Guest WIFI,pole 14
2025-10-14T18:46:42.950049+00:00,26.674016166666668,-81.804801,28:70:4e:dd:d0:49,-64,2437,6,Bermuda,pole 13 SW
2025-10-14T18:46:42.950049+00:00,26.674016166666668,-81.804801,2e:70:4e:dd:d0:49,-63,2437,6,Bermuda Guest WIFI,pole 13 SW
2025-10-14T18:46:42.950049+00:00,26.674016166666668,-81.804801,9c:05:d6:d6:11:ff,-82,5805,162,Bermuda,inside3
2025-10-14T18:46:42.950049+00:00,26.674016166666668,-81.804801,9c:05:d6:d6:22:af,-81,5805,162,Bermuda,inside5
2025-10-14T18:46:42.950049+00:00,26.674016166666668,-81.804801,28:70:4e:d0:87:73,-74,2412,1,Bermuda,pole 18 N
2025-10-14T18:46:42.950049+00:00,26.674016166666668,-81.804801,28:70:4e:d0:88:f9,-74,2412,1,Bermuda,pole 11
2025-10-14T18:46:42.950049+00:00,26.674016166666668,-81.804801,00:17:1a:d6:27:8a,-65,2462,11,Winegard2ghzD62789,Unknown
2025-10-14T18:46:42.950049+00:00,26.674016166666668,-81.804801,28:70:4e:d2:92:ab,-80,5745,150,Bermuda,pole 12 N
2025-10-14T18:46:42.950049+00:00,26.674016166666668,-81.804801,2e:70:4e:d2:92:ab,-79,5745,150,Bermuda Guest WIFI,pole 12 N
2025-10-14T18:47:19.796113+00:00,26.673890333333333,-81.80492033333333,28:70:4e:d0:88:21,-64,2412,1,Bermuda,pole 14
2025-10-14T18:47:19.796113+00:00,26.673890333333333,-81.80492033333333,2e:70:4e:d0:88:21,-64,2412,1,Bermuda Guest WIFI,pole 14
2025-10-14T18:47:19.796113+00:00,26.673890333333333,-81.80492033333333,00:17:1a:d6:27:8a,-79,2462,11,Winegard2ghzD62789,Unknown
2025-10-14T18:47:19.796113+00:00,26.673890333333333,-81.80492033333333,28:70:4e:d0:87:4f,-66,2462,11,Bermuda,pole 13 E
2025-10-14T18:47:19.796113+00:00,26.673890333333333,-81.80492033333333,2e:70:4e:d0:87:4f,-66,2462,11,Bermuda Guest WIFI,pole 13 E
2025-10-14T18:47:27.007359+00:00,26.673838166666666,-81.8049625,28:70:4e:d0:88:21,-71,2412,1,Bermuda,pole 14
2025-10-14T18:47:27.007359+00:00,26.673838166666666,-81.8049625,2e:70:4e:d0:88:21,-64,2412,1,Bermuda Guest WIFI,pole 14
2025-10-14T18:47:27.007359+00:00,26.673838166666666,-81.8049625,00:17:1a:d6:27:8a,-72,2462,11,Winegard2ghzD62789,Unknown
2025-10-14T18:47:27.007359+00:00,26.673838166666666,-81.8049625,28:70:4e:d0:87:4f,-67,2462,11,Bermuda,pole 13 E
2025-10-14T18:47:27.007359+00:00,26.673838166666666,-81.8049625,2e:70:4e:d0:87:4f,-66,2462,11,Bermuda Guest WIFI,pole 13 E
2025-10-14T18:47:27.007359+00:00,26.673838166666666,-81.8049625,62:22:32:16:1e:32,-86,2437,6,Bermuda Guest WIFI,laundry1
2025-10-14T18:47:27.007359+00:00,26.673838166666666,-81.8049625,28:70:4e:dd:d0:49,-62,2437,6,Bermuda,pole 13 SW
2025-10-14T18:47:27.007359+00:00,26.673838166666666,-81.8049625,2e:70:4e:dd:d0:49,-61,2437,6,Bermuda Guest WIFI,pole 13 SW
2025-10-14T18:47:27.007359+00:00,26.673838166666666,-81.8049625,60:22:32:16:1e:32,-87,2437,6,Bermuda,laundry1
2025-10-14T18:47:27.007359+00:00,26.673838166666666,-81.8049625,28:70:4e:d2:92:ab,-72,5745,150,Bermuda,pole 12 N
2025-10-14T18:47:27.007359+00:00,26.673838166666666,-81.8049625,2e:70:4e:d2:92:ab,-72,5745,150,Bermuda Guest WIFI,pole 12 N
2025-10-14T18:47:34.790777+00:00,26.673786166666666,-81.80497933333334,28:70:4e:d0:88:21,-71,2412,1,Bermuda,pole 14
2025-10-14T18:47:34.790777+00:00,26.673786166666666,-81.80497933333334,2e:70:4e:d0:88:21,-64,2412,1,Bermuda Guest WIFI,pole 14
2025-10-14T18:47:34.790777+00:00,26.673786166666666,-81.80497933333334,00:17:1a:d6:27:8a,-77,2462,11,Winegard2ghzD62789,Unknown
2025-10-14T18:47:34.790777+00:00,26.673786166666666,-81.80497933333334,28:70:4e:d0:87:4f,-64,2462,11,Bermuda,pole 13 E
2025-10-14T18:47:34.790777+00:00,26.673786166666666,-81.80497933333334,2e:70:4e:d0:87:4f,-65,2462,11,Bermuda Guest WIFI,pole 13 E
2025-10-14T18:47:34.790777+00:00,26.673786166666666,-81.80497933333334,62:22:32:16:1e:32,-86,2437,6,Bermuda Guest WIFI,laundry1
2025-10-14T18:47:34.790777+00:00,26.673786166666666,-81.80497933333334,28:70:4e:dd:d0:49,-62,2437,6,Bermuda,pole 13 SW
2025-10-14T18:47:34.790777+00:00,26.673786166666666,-81.80497933333334,2e:70:4e:dd:d0:49,-61,2437,6,Bermuda Guest WIFI,pole 13 SW
2025-10-14T18:47:34.790777+00:00,26.673786166666666,-81.80497933333334,60:22:32:16:1e:32,-87,2437,6,Bermuda,laundry1
2025-10-14T18:47:34.790777+00:00,26.673786166666666,-81.80497933333334,28:70:4e:d2:92:ab,-72,5745,150,Bermuda,pole 12 N
2025-10-14T18:47:34.790777+00:00,26.673786166666666,-81.80497933333334,2e:70:4e:d2:92:ab,-72,5745,150,Bermuda Guest WIFI,pole 12 N
2025-10-14T18:48:08.625163+00:00,26.673738166666666,-81.80507316666667,28:70:4e:d0:88:21,-64,2412,1,Bermuda,pole 14
2025-10-14T18:48:08.625163+00:00,26.673738166666666,-81.80507316666667,28:70:4e:dd:d0:49,-72,2437,6,Bermuda,pole 13 SW
2025-10-14T18:48:08.625163+00:00,26.673738166666666,-81.80507316666667,60:22:32:16:1e:32,-88,2437,6,Bermuda,laundry1
2025-10-14T18:48:08.625163+00:00,26.673738166666666,-81.80507316666667,2e:70:4e:d0:86:c2,-80,2437,6,Bermuda Guest WIFI,pole 12 W
2025-10-14T18:48:08.625163+00:00,26.673738166666666,-81.80507316666667,28:70:4e:d0:89:14,-85,2437,6,Bermuda,pole 21
2025-10-14T18:48:08.625163+00:00,26.673738166666666,-81.80507316666667,28:70:4e:d2:92:aa,-77,2437,6,Bermuda,pole 12 N
2025-10-14T18:48:08.625163+00:00,26.673738166666666,-81.80507316666667,28:70:4e:d0:87:50,-69,5745,150,Bermuda,pole 13 E
2025-10-14T18:48:08.625163+00:00,26.673738166666666,-81.80507316666667,28:70:4e:dd:d0:4a,-66,5240,49,Bermuda,pole 13 SW
2025-10-14T18:48:08.625163+00:00,26.673738166666666,-81.80507316666667,28:70:4e:d0:88:f9,-70,2412,1,Bermuda,pole 11
2025-10-14T18:48:08.625163+00:00,26.673738166666666,-81.80507316666667,2e:70:4e:d0:88:21,-58,2412,1,Bermuda Guest WIFI,pole 14
2025-10-14T18:48:08.625163+00:00,26.673738166666666,-81.80507316666667,2e:70:4e:d0:88:f9,-71,2412,1,Bermuda Guest WIFI,pole 11
2025-10-14T18:48:08.625163+00:00,26.673738166666666,-81.80507316666667,2e:70:4e:dd:d0:49,-72,2437,6,Bermuda Guest WIFI,pole 13 SW
2025-10-14T18:48:08.625163+00:00,26.673738166666666,-81.80507316666667,28:70:4e:d0:86:c2,-80,2437,6,Bermuda,pole 12 W
2025-10-14T18:48:08.625163+00:00,26.673738166666666,-81.80507316666667,00:17:1a:d6:27:8a,-72,2462,11,Winegard2ghzD62789,Unknown
2025-10-14T18:48:08.625163+00:00,26.673738166666666,-81.80507316666667,28:70:4e:d0:87:4f,-64,2462,11,Bermuda,pole 13 E
2025-10-14T18:48:08.625163+00:00,26.673738166666666,-81.80507316666667,2e:70:4e:d0:87:4f,-63,2462,11,Bermuda Guest WIFI,pole 13 E
2025-10-14T18:48:08.625163+00:00,26.673738166666666,-81.80507316666667,2e:70:4e:dd:d0:4a,-60,5240,49,Bermuda Guest WIFI,pole 13 SW
2025-10-14T18:48:15.566267+00:00,26.673761166666665,-81.80511366666667,28:70:4e:d0:88:21,-64,2412,1,Bermuda,pole 14
2025-10-14T18:48:15.566267+00:00,26.673761166666665,-81.80511366666667,28:70:4e:dd:d0:49,-72,2437,6,Bermuda,pole 13 SW
2025-10-14T18:48:15.566267+00:00,26.673761166666665,-81.80511366666667,60:22:32:16:1e:32,-88,2437,6,Bermuda,laundry1
2025-10-14T18:48:15.566267+00:00,26.673761166666665,-81.80511366666667,2e:70:4e:d0:86:c2,-80,2437,6,Bermuda Guest WIFI,pole 12 W
2025-10-14T18:48:15.566267+00:00,26.673761166666665,-81.80511366666667,28:70:4e:d0:89:14,-85,2437,6,Bermuda,pole 21
2025-10-14T18:48:15.566267+00:00,26.673761166666665,-81.80511366666667,28:70:4e:d2:92:aa,-77,2437,6,Bermuda,pole 12 N
2025-10-14T18:48:15.566267+00:00,26.673761166666665,-81.80511366666667,28:70:4e:d0:87:50,-57,5745,150,Bermuda,pole 13 E
2025-10-14T18:48:15.566267+00:00,26.673761166666665,-81.80511366666667,28:70:4e:dd:d0:4a,-68,5240,49,Bermuda,pole 13 SW
2025-10-14T18:48:15.566267+00:00,26.673761166666665,-81.80511366666667,28:70:4e:d0:88:f9,-76,2412,1,Bermuda,pole 11
2025-10-14T18:48:15.566267+00:00,26.673761166666665,-81.80511366666667,2e:70:4e:d0:88:21,-58,2412,1,Bermuda Guest WIFI,pole 14
2025-10-14T18:48:15.566267+00:00,26.673761166666665,-81.80511366666667,2e:70:4e:d0:88:f9,-75,2412,1,Bermuda Guest WIFI,pole 11
2025-10-14T18:48:15.566267+00:00,26.673761166666665,-81.80511366666667,2e:70:4e:dd:d0:49,-72,2437,6,Bermuda Guest WIFI,pole 13 SW
2025-10-14T18:48:15.566267+00:00,26.673761166666665,-81.80511366666667,28:70:4e:d0:86:c2,-80,2437,6,Bermuda,pole 12 W
2025-10-14T18:48:15.566267+00:00,26.673761166666665,-81.80511366666667,00:17:1a:d6:27:8a,-82,2462,11,Winegard2ghzD62789,Unknown
2025-10-14T18:48:15.566267+00:00,26.673761166666665,-81.80511366666667,28:70:4e:d0:87:4f,-64,2462,11,Bermuda,pole 13 E
2025-10-14T18:48:15.566267+00:00,26.673761166666665,-81.80511366666667,2e:70:4e:d0:87:4f,-63,2462,11,Bermuda Guest WIFI,pole 13 E
2025-10-14T18:48:15.566267+00:00,26.673761166666665,-81.80511366666667,2e:70:4e:dd:d0:4a,-60,5240,49,Bermuda Guest WIFI,pole 13 SW
2025-10-14T18:48:15.566267+00:00,26.673761166666665,-81.80511366666667,2e:70:4e:d0:89:0b,-85,2412,1,Bermuda Guest WIFI,pole 10
2025-10-14T18:48:15.566267+00:00,26.673761166666665,-81.80511366666667,28:70:4e:d0:89:02,-78,2462,11,Bermuda,pole 17
2025-10-14T18:48:15.566267+00:00,26.673761166666665,-81.80511366666667,9e:05:d6:96:11:ff,-82,5805,162,Bermuda Guest WIFI,inside3
2025-10-14T18:48:15.566267+00:00,26.673761166666665,-81.80511366666667,2e:70:4e:d0:87:50,-57,5745,150,Bermuda Guest WIFI,pole 13 E
2025-10-14T18:48:23.551447+00:00,26.673815,-81.805166,28:70:4e:d0:88:21,-64,2412,1,Bermuda,pole 14
2025-10-14T18:48:23.551447+00:00,26.673815,-81.805166,28:70:4e:dd:d0:49,-72,2437,6,Bermuda,pole 13 SW
2025-10-14T18:48:23.551447+00:00,26.673815,-81.805166,2e:70:4e:d0:86:c2,-80,2437,6,Bermuda Guest WIFI,pole 12 W
2025-10-14T18:48:23.551447+00:00,26.673815,-81.805166,28:70:4e:d0:87:50,-63,5745,150,Bermuda,pole 13 E
2025-10-14T18:48:23.551447+00:00,26.673815,-81.805166,28:70:4e:dd:d0:4a,-68,5240,49,Bermuda,pole 13 SW
2025-10-14T18:48:23.551447+00:00,26.673815,-81.805166,28:70:4e:d0:88:f9,-76,2412,1,Bermuda,pole 11
2025-10-14T18:48:23.551447+00:00,26.673815,-81.805166,2e:70:4e:d0:88:21,-58,2412,1,Bermuda Guest WIFI,pole 14
2025-10-14T18:48:23.551447+00:00,26.673815,-81.805166,2e:70:4e:d0:88:f9,-75,2412,1,Bermuda Guest WIFI,pole 11
2025-10-14T18:48:23.551447+00:00,26.673815,-81.805166,2e:70:4e:dd:d0:49,-72,2437,6,Bermuda Guest WIFI,pole 13 SW
2025-10-14T18:48:23.551447+00:00,26.673815,-81.805166,28:70:4e:d0:86:c2,-86,2437,6,Bermuda,pole 12 W
2025-10-14T18:48:23.551447+00:00,26.673815,-81.805166,00:17:1a:d6:27:8a,-82,2462,11,Winegard2ghzD62789,Unknown
2025-10-14T18:48:23.551447+00:00,26.673815,-81.805166,28:70:4e:d0:87:4f,-69,2462,11,Bermuda,pole 13 E
2025-10-14T18:48:23.551447+00:00,26.673815,-81.805166,2e:70:4e:d0:87:4f,-72,2462,11,Bermuda Guest WIFI,pole 13 E
2025-10-14T18:48:23.551447+00:00,26.673815,-81.805166,2e:70:4e:dd:d0:4a,-60,5240,49,Bermuda Guest WIFI,pole 13 SW
2025-10-14T18:48:23.551447+00:00,26.673815,-81.805166,2e:70:4e:d0:89:0b,-85,2412,1,Bermuda Guest WIFI,pole 10
2025-10-14T18:48:23.551447+00:00,26.673815,-81.805166,28:70:4e:d0:89:02,-78,2462,11,Bermuda,pole 17
2025-10-14T18:48:23.551447+00:00,26.673815,-81.805166,9e:05:d6:96:11:ff,-82,5805,162,Bermuda Guest WIFI,inside3
2025-10-14T18:48:23.551447+00:00,26.673815,-81.805166,2e:70:4e:d0:87:50,-63,5745,150,Bermuda Guest WIFI,pole 13 E
2025-10-14T18:48:23.551447+00:00,26.673815,-81.805166,28:70:4e:d2:92:aa,-84,2437,6,Bermuda,pole 12 N
2025-10-14T18:48:23.551447+00:00,26.673815,-81.805166,2e:70:4e:d2:92:aa,-83,2437,6,Bermuda Guest WIFI,pole 12 N
2025-10-14T18:48:57.551806+00:00,26.673883333333333,-81.80519116666666,28:70:4e:d0:87:50,-60,5745,150,Bermuda,pole 13 E
2025-10-14T18:48:57.551806+00:00,26.673883333333333,-81.80519116666666,00:17:1a:d6:27:8a,-87,2462,11,Winegard2ghzD62789,Unknown
2025-10-14T18:48:57.551806+00:00,26.673883333333333,-81.80519116666666,28:70:4e:d0:87:4f,-60,2462,11,Bermuda,pole 13 E
2025-10-14T18:48:57.551806+00:00,26.673883333333333,-81.80519116666666,2e:70:4e:d0:87:4f,-60,2462,11,Bermuda Guest WIFI,pole 13 E
2025-10-14T18:48:57.551806+00:00,26.673883333333333,-81.80519116666666,2e:70:4e:d0:87:50,-62,5745,150,Bermuda Guest WIFI,pole 13 E
2025-10-14T18:48:57.551806+00:00,26.673883333333333,-81.80519116666666,28:70:4e:dd:d0:49,-76,2437,6,Bermuda,pole 13 SW
2025-10-14T18:48:57.551806+00:00,26.673883333333333,-81.80519116666666,62:22:32:16:1e:32,-88,2437,6,Bermuda Guest WIFI,laundry1
2025-10-14T18:48:57.551806+00:00,26.673883333333333,-81.80519116666666,2e:70:4e:d0:86:c2,-78,2437,6,Bermuda Guest WIFI,pole 12 W
2025-10-14T18:48:57.551806+00:00,26.673883333333333,-81.80519116666666,2a:38:5c:02:2d:2d,-82,5745,150,PROJ022d2d,Unknown
2025-10-14T18:48:57.551806+00:00,26.673883333333333,-81.80519116666666,28:70:4e:d0:86:c2,-76,2437,6,Bermuda,pole 12 W
2025-10-14T18:48:57.551806+00:00,26.673883333333333,-81.80519116666666,28:70:4e:d0:86:c3,-78,5765,154,Bermuda,pole 12 W
2025-10-14T18:48:57.551806+00:00,26.673883333333333,-81.80519116666666,2e:70:4e:d0:86:c3,-77,5765,154,Bermuda Guest WIFI,pole 12 W
2025-10-14T18:49:06.018150+00:00,26.6737715,-81.80518783333333,28:70:4e:d0:87:50,-60,5745,150,Bermuda,pole 13 E
2025-10-14T18:49:06.018150+00:00,26.6737715,-81.80518783333333,00:17:1a:d6:27:8a,-87,2462,11,Winegard2ghzD62789,Unknown
2025-10-14T18:49:06.018150+00:00,26.6737715,-81.80518783333333,28:70:4e:d0:87:4f,-65,2462,11,Bermuda,pole 13 E
2025-10-14T18:49:06.018150+00:00,26.6737715,-81.80518783333333,2e:70:4e:d0:87:4f,-64,2462,11,Bermuda Guest WIFI,pole 13 E
2025-10-14T18:49:06.018150+00:00,26.6737715,-81.80518783333333,2e:70:4e:d0:87:50,-62,5745,150,Bermuda Guest WIFI,pole 13 E
2025-10-14T18:49:06.018150+00:00,26.6737715,-81.80518783333333,28:70:4e:dd:d0:49,-76,2437,6,Bermuda,pole 13 SW
2025-10-14T18:49:06.018150+00:00,26.6737715,-81.80518783333333,62:22:32:16:1e:32,-88,2437,6,Bermuda Guest WIFI,laundry1
2025-10-14T18:49:06.018150+00:00,26.6737715,-81.80518783333333,2e:70:4e:d0:86:c2,-78,2437,6,Bermuda Guest WIFI,pole 12 W
2025-10-14T18:49:06.018150+00:00,26.6737715,-81.80518783333333,2a:38:5c:02:2d:2d,-82,5745,150,PROJ022d2d,Unknown
2025-10-14T18:49:06.018150+00:00,26.6737715,-81.80518783333333,28:70:4e:d0:86:c2,-76,2437,6,Bermuda,pole 12 W
2025-10-14T18:49:06.018150+00:00,26.6737715,-81.80518783333333,28:70:4e:d0:86:c3,-78,5765,154,Bermuda,pole 12 W
2025-10-14T18:49:06.018150+00:00,26.6737715,-81.80518783333333,2e:70:4e:d0:86:c3,-77,5765,154,Bermuda Guest WIFI,pole 12 W
2025-10-14T18:49:13.387147+00:00,26.6737115,-81.80517083333334,28:70:4e:d0:87:50,-69,5745,150,Bermuda,pole 13 E
2025-10-14T18:49:13.387147+00:00,26.6737115,-81.80517083333334,00:17:1a:d6:27:8a,-87,2462,11,Winegard2ghzD62789,Unknown
2025-10-14T18:49:13.387147+00:00,26.6737115,-81.80517083333334,28:70:4e:d0:87:4f,-60,2462,11,Bermuda,pole 13 E
2025-10-14T18:49:13.387147+00:00,26.6737115,-81.80517083333334,2e:70:4e:d0:87:4f,-59,2462,11,Bermuda Guest WIFI,pole 13 E
2025-10-14T18:49:13.387147+00:00,26.6737115,-81.80517083333334,2e:70:4e:d0:87:50,-69,5745,150,Bermuda Guest WIFI,pole 13 E
2025-10-14T18:49:13.387147+00:00,26.6737115,-81.80517083333334,28:70:4e:dd:d0:49,-76,2437,6,Bermuda,pole 13 SW
2025-10-14T18:49:13.387147+00:00,26.6737115,-81.80517083333334,62:22:32:16:1e:32,-88,2437,6,Bermuda Guest WIFI,laundry1
2025-10-14T18:49:13.387147+00:00,26.6737115,-81.80517083333334,2e:70:4e:d0:86:c2,-78,2437,6,Bermuda Guest WIFI,pole 12 W
2025-10-14T18:49:13.387147+00:00,26.6737115,-81.80517083333334,2a:38:5c:02:2d:2d,-82,5745,150,PROJ022d2d,Unknown
2025-10-14T18:49:13.387147+00:00,26.6737115,-81.80517083333334,28:70:4e:d0:86:c2,-76,2437,6,Bermuda,pole 12 W
2025-10-14T18:49:13.387147+00:00,26.6737115,-81.80517083333334,28:70:4e:d0:86:c3,-78,5765,154,Bermuda,pole 12 W
2025-10-14T18:49:13.387147+00:00,26.6737115,-81.80517083333334,2e:70:4e:d0:86:c3,-77,5765,154,Bermuda Guest WIFI,pole 12 W
2025-10-14T18:49:13.387147+00:00,26.6737115,-81.80517083333334,2e:70:4e:d0:88:21,-83,2412,1,Bermuda Guest WIFI,pole 14
2025-10-14T18:49:13.387147+00:00,26.6737115,-81.80517083333334,28:70:4e:d0:89:02,-79,2462,11,Bermuda,pole 17
2025-10-14T18:49:13.387147+00:00,26.6737115,-81.80517083333334,2e:70:4e:d0:89:02,-78,2462,11,Bermuda Guest WIFI,pole 17
2025-10-14T18:49:13.387147+00:00,26.6737115,-81.80517083333334,28:70:4e:d0:88:22,-75,5765,154,Bermuda,pole 14
2025-10-14T18:49:13.387147+00:00,26.6737115,-81.80517083333334,2e:70:4e:d0:88:22,-75,5765,154,Bermuda Guest WIFI,pole 14
2025-10-14T18:49:48.016774+00:00,26.6736175,-81.80511183333333,28:70:4e:d0:87:50,-64,5745,150,Bermuda,pole 13 E
2025-10-14T18:49:48.016774+00:00,26.6736175,-81.80511183333333,2e:70:4e:d0:88:21,-76,2412,1,Bermuda Guest WIFI,pole 14
2025-10-14T18:49:48.016774+00:00,26.6736175,-81.80511183333333,28:70:4e:d0:87:73,-88,2412,1,Bermuda,pole 18 N
2025-10-14T18:49:48.016774+00:00,26.6736175,-81.80511183333333,28:70:4e:dd:d0:49,-54,2437,6,Bermuda,pole 13 SW
2025-10-14T18:49:48.016774+00:00,26.6736175,-81.80511183333333,2e:70:4e:dd:d0:49,-53,2437,6,Bermuda Guest WIFI,pole 13 SW
2025-10-14T18:49:48.016774+00:00,26.6736175,-81.80511183333333,28:70:4e:d0:87:4f,-61,2462,11,Bermuda,pole 13 E
2025-10-14T18:49:48.016774+00:00,26.6736175,-81.80511183333333,2e:70:4e:d0:87:4f,-61,2462,11,Bermuda Guest WIFI,pole 13 E
2025-10-14T18:49:48.016774+00:00,26.6736175,-81.80511183333333,28:70:4e:d0:89:02,-79,2462,11,Bermuda,pole 17
2025-10-14T18:49:48.016774+00:00,26.6736175,-81.80511183333333,2e:70:4e:d0:89:02,-80,2462,11,Bermuda Guest WIFI,pole 17
2025-10-14T18:49:48.016774+00:00,26.6736175,-81.80511183333333,2e:70:4e:d0:87:50,-64,5745,150,Bermuda Guest WIFI,pole 13 E
2025-10-14T18:49:48.016774+00:00,26.6736175,-81.80511183333333,28:70:4e:dd:d0:4a,-54,5240,49,Bermuda,pole 13 SW
2025-10-14T18:49:48.016774+00:00,26.6736175,-81.80511183333333,2e:70:4e:dd:d0:4a,-54,5240,49,Bermuda Guest WIFI,pole 13 SW
2025-10-14T18:49:56.390903+00:00,26.673564833333334,-81.80516716666666,28:70:4e:d0:87:50,-59,5745,150,Bermuda,pole 13 E
2025-10-14T18:49:56.390903+00:00,26.673564833333334,-81.80516716666666,2e:70:4e:d0:88:21,-81,2412,1,Bermuda Guest WIFI,pole 14
2025-10-14T18:49:56.390903+00:00,26.673564833333334,-81.80516716666666,28:70:4e:d0:87:73,-88,2412,1,Bermuda,pole 18 N
2025-10-14T18:49:56.390903+00:00,26.673564833333334,-81.80516716666666,28:70:4e:dd:d0:49,-51,2437,6,Bermuda,pole 13 SW
2025-10-14T18:49:56.390903+00:00,26.673564833333334,-81.80516716666666,2e:70:4e:dd:d0:49,-53,2437,6,Bermuda Guest WIFI,pole 13 SW
2025-10-14T18:49:56.390903+00:00,26.673564833333334,-81.80516716666666,28:70:4e:d0:87:4f,-64,2462,11,Bermuda,pole 13 E
2025-10-14T18:49:56.390903+00:00,26.673564833333334,-81.80516716666666,2e:70:4e:d0:87:4f,-64,2462,11,Bermuda Guest WIFI,pole 13 E
2025-10-14T18:49:56.390903+00:00,26.673564833333334,-81.80516716666666,28:70:4e:d0:89:02,-79,2462,11,Bermuda,pole 17
2025-10-14T18:49:56.390903+00:00,26.673564833333334,-81.80516716666666,2e:70:4e:d0:89:02,-75,2462,11,Bermuda Guest WIFI,pole 17
2025-10-14T18:49:56.390903+00:00,26.673564833333334,-81.80516716666666,2e:70:4e:d0:87:50,-59,5745,150,Bermuda Guest WIFI,pole 13 E
2025-10-14T18:49:56.390903+00:00,26.673564833333334,-81.80516716666666,28:70:4e:dd:d0:4a,-45,5240,49,Bermuda,pole 13 SW
2025-10-14T18:49:56.390903+00:00,26.673564833333334,-81.80516716666666,2e:70:4e:dd:d0:4a,-45,5240,49,Bermuda Guest WIFI,pole 13 SW
2025-10-14T18:49:56.390903+00:00,26.673564833333334,-81.80516716666666,28:70:4e:d3:d6:28,-81,2412,1,Bermuda,pole 18 W
2025-10-14T18:49:56.390903+00:00,26.673564833333334,-81.80516716666666,28:70:4e:d0:88:f9,-69,2412,1,Bermuda,pole 11
2025-10-14T18:49:56.390903+00:00,26.673564833333334,-81.80516716666666,2e:70:4e:d0:88:f9,-69,2412,1,Bermuda Guest WIFI,pole 11
2025-10-14T18:49:56.390903+00:00,26.673564833333334,-81.80516716666666,28:70:4e:d0:86:c2,-71,2437,6,Bermuda,pole 12 W
2025-10-14T18:49:56.390903+00:00,26.673564833333334,-81.80516716666666,28:70:4e:d2:92:aa,-69,2437,6,Bermuda,pole 12 N
2025-10-14T18:49:56.390903+00:00,26.673564833333334,-81.80516716666666,2e:70:4e:d0:86:c2,-71,2437,6,Bermuda Guest WIFI,pole 12 W
2025-10-14T18:49:56.390903+00:00,26.673564833333334,-81.80516716666666,2e:70:4e:d2:92:aa,-69,2437,6,Bermuda Guest WIFI,pole 12 N
2025-10-14T18:50:04.362553+00:00,26.673601833333333,-81.80523133333334,28:70:4e:d0:87:50,-62,5745,150,Bermuda,pole 13 E
2025-10-14T18:50:04.362553+00:00,26.673601833333333,-81.80523133333334,2e:70:4e:d0:88:21,-86,2412,1,Bermuda Guest WIFI,pole 14
2025-10-14T18:50:04.362553+00:00,26.673601833333333,-81.80523133333334,28:70:4e:d0:87:73,-87,2412,1,Bermuda,pole 18 N
2025-10-14T18:50:04.362553+00:00,26.673601833333333,-81.80523133333334,28:70:4e:dd:d0:49,-87,2437,6,Bermuda,pole 13 SW
2025-10-14T18:50:04.362553+00:00,26.673601833333333,-81.80523133333334,2e:70:4e:dd:d0:49,-53,2437,6,Bermuda Guest WIFI,pole 13 SW
2025-10-14T18:50:04.362553+00:00,26.673601833333333,-81.80523133333334,28:70:4e:d0:87:4f,-73,2462,11,Bermuda,pole 13 E
2025-10-14T18:50:04.362553+00:00,26.673601833333333,-81.80523133333334,2e:70:4e:d0:87:4f,-73,2462,11,Bermuda Guest WIFI,pole 13 E
2025-10-14T18:50:04.362553+00:00,26.673601833333333,-81.80523133333334,28:70:4e:d0:89:02,-79,2462,11,Bermuda,pole 17
2025-10-14T18:50:04.362553+00:00,26.673601833333333,-81.80523133333334,2e:70:4e:d0:89:02,-75,2462,11,Bermuda Guest WIFI,pole 17
2025-10-14T18:50:04.362553+00:00,26.673601833333333,-81.80523133333334,2e:70:4e:d0:87:50,-62,5745,150,Bermuda Guest WIFI,pole 13 E
2025-10-14T18:50:04.362553+00:00,26.673601833333333,-81.80523133333334,28:70:4e:dd:d0:4a,-57,5240,49,Bermuda,pole 13 SW
2025-10-14T18:50:04.362553+00:00,26.673601833333333,-81.80523133333334,2e:70:4e:dd:d0:4a,-57,5240,49,Bermuda Guest WIFI,pole 13 SW
2025-10-14T18:50:04.362553+00:00,26.673601833333333,-81.80523133333334,28:70:4e:d3:d6:28,-81,2412,1,Bermuda,pole 18 W
2025-10-14T18:50:04.362553+00:00,26.673601833333333,-81.80523133333334,28:70:4e:d0:88:f9,-69,2412,1,Bermuda,pole 11
2025-10-14T18:50:04.362553+00:00,26.673601833333333,-81.80523133333334,2e:70:4e:d0:88:f9,-69,2412,1,Bermuda Guest WIFI,pole 11
2025-10-14T18:50:04.362553+00:00,26.673601833333333,-81.80523133333334,28:70:4e:d0:86:c2,-71,2437,6,Bermuda,pole 12 W
2025-10-14T18:50:04.362553+00:00,26.673601833333333,-81.80523133333334,28:70:4e:d2:92:aa,-69,2437,6,Bermuda,pole 12 N
2025-10-14T18:50:04.362553+00:00,26.673601833333333,-81.80523133333334,2e:70:4e:d0:86:c2,-71,2437,6,Bermuda Guest WIFI,pole 12 W
2025-10-14T18:50:04.362553+00:00,26.673601833333333,-81.80523133333334,2e:70:4e:d2:92:aa,-69,2437,6,Bermuda Guest WIFI,pole 12 N
2025-10-14T18:50:04.362553+00:00,26.673601833333333,-81.80523133333334,2e:70:4e:d3:d6:28,-86,2412,1,Bermuda Guest WIFI,pole 18 W
2025-10-14T18:50:04.362553+00:00,26.673601833333333,-81.80523133333334,2e:70:4e:d0:87:73,-84,2412,1,Bermuda Guest WIFI,pole 18 N
2025-10-14T18:50:04.362553+00:00,26.673601833333333,-81.80523133333334,00:17:1a:d6:27:8a,-86,2462,11,Winegard2ghzD62789,Unknown
2025-10-14T18:50:04.362553+00:00,26.673601833333333,-81.80523133333334,28:70:4e:d0:86:3e,-78,2462,11,Bermuda,pole 09
2025-10-14T18:50:04.362553+00:00,26.673601833333333,-81.80523133333334,28:70:4e:d0:87:dc,-78,2462,11,Bermuda,pole 07
2025-10-14T18:50:39.462884+00:00,26.673664666666667,-81.8053105,28:70:4e:d0:87:50,-58,5745,150,Bermuda,pole 13 E
2025-10-14T18:50:39.462884+00:00,26.673664666666667,-81.8053105,2e:70:4e:d0:88:21,-77,2412,1,Bermuda Guest WIFI,pole 14
2025-10-14T18:50:39.462884+00:00,26.673664666666667,-81.8053105,28:70:4e:d3:d6:28,-75,2412,1,Bermuda,pole 18 W
2025-10-14T18:50:39.462884+00:00,26.673664666666667,-81.8053105,28:70:4e:d0:87:73,-72,2412,1,Bermuda,pole 18 N
2025-10-14T18:50:39.462884+00:00,26.673664666666667,-81.8053105,2e:70:4e:d3:d6:28,-75,2412,1,Bermuda Guest WIFI,pole 18 W
2025-10-14T18:50:39.462884+00:00,26.673664666666667,-81.8053105,2e:70:4e:d0:87:73,-73,2412,1,Bermuda Guest WIFI,pole 18 N
2025-10-14T18:50:39.462884+00:00,26.673664666666667,-81.8053105,28:70:4e:dd:d0:49,-62,2437,6,Bermuda,pole 13 SW
2025-10-14T18:50:39.462884+00:00,26.673664666666667,-81.8053105,2e:70:4e:dd:d0:49,-62,2437,6,Bermuda Guest WIFI,pole 13 SW
2025-10-14T18:50:39.462884+00:00,26.673664666666667,-81.8053105,2e:70:4e:d0:86:c2,-67,2437,6,Bermuda Guest WIFI,pole 12 W
2025-10-14T18:50:39.462884+00:00,26.673664666666667,-81.8053105,28:70:4e:d0:86:c2,-67,2437,6,Bermuda,pole 12 W
2025-10-14T18:50:39.462884+00:00,26.673664666666667,-81.8053105,28:70:4e:d2:92:aa,-65,2437,6,Bermuda,pole 12 N
2025-10-14T18:50:39.462884+00:00,26.673664666666667,-81.8053105,28:70:4e:d0:87:4f,-60,2462,11,Bermuda,pole 13 E
2025-10-14T18:50:39.462884+00:00,26.673664666666667,-81.8053105,2e:70:4e:d0:87:4f,-60,2462,11,Bermuda Guest WIFI,pole 13 E
2025-10-14T18:50:39.462884+00:00,26.673664666666667,-81.8053105,2e:70:4e:d0:87:50,-58,5745,150,Bermuda Guest WIFI,pole 13 E
2025-10-14T18:50:39.462884+00:00,26.673664666666667,-81.8053105,28:70:4e:d0:88:22,-78,5765,154,Bermuda,pole 14
2025-10-14T18:50:39.462884+00:00,26.673664666666667,-81.8053105,2e:70:4e:d0:88:22,-78,5765,154,Bermuda Guest WIFI,pole 14
2025-10-14T18:50:47.536483+00:00,26.6736105,-81.80533833333334,28:70:4e:d0:87:50,-58,5745,150,Bermuda,pole 13 E
2025-10-14T18:50:47.536483+00:00,26.6736105,-81.80533833333334,2e:70:4e:d0:88:21,-84,2412,1,Bermuda Guest WIFI,pole 14
2025-10-14T18:50:47.536483+00:00,26.6736105,-81.80533833333334,28:70:4e:d3:d6:28,-78,2412,1,Bermuda,pole 18 W
2025-10-14T18:50:47.536483+00:00,26.6736105,-81.80533833333334,28:70:4e:d0:87:73,-78,2412,1,Bermuda,pole 18 N
2025-10-14T18:50:47.536483+00:00,26.6736105,-81.80533833333334,2e:70:4e:d3:d6:28,-82,2412,1,Bermuda Guest WIFI,pole 18 W
2025-10-14T18:50:47.536483+00:00,26.6736105,-81.80533833333334,2e:70:4e:d0:87:73,-80,2412,1,Bermuda Guest WIFI,pole 18 N
2025-10-14T18:50:47.536483+00:00,26.6736105,-81.80533833333334,28:70:4e:dd:d0:49,-69,2437,6,Bermuda,pole 13 SW
2025-10-14T18:50:47.536483+00:00,26.6736105,-81.80533833333334,2e:70:4e:dd:d0:49,-62,2437,6,Bermuda Guest WIFI,pole 13 SW
2025-10-14T18:50:47.536483+00:00,26.6736105,-81.80533833333334,2e:70:4e:d0:86:c2,-68,2437,6,Bermuda Guest WIFI,pole 12 W
2025-10-14T18:50:47.536483+00:00,26.6736105,-81.80533833333334,28:70:4e:d0:86:c2,-68,2437,6,Bermuda,pole 12 W
2025-10-14T18:50:47.536483+00:00,26.6736105,-81.80533833333334,28:70:4e:d2:92:aa,-65,2437,6,Bermuda,pole 12 N
2025-10-14T18:50:47.536483+00:00,26.6736105,-81.80533833333334,28:70:4e:d0:87:4f,-58,2462,11,Bermuda,pole 13 E
2025-10-14T18:50:47.536483+00:00,26.6736105,-81.80533833333334,2e:70:4e:d0:87:4f,-57,2462,11,Bermuda Guest WIFI,pole 13 E
2025-10-14T18:50:47.536483+00:00,26.6736105,-81.80533833333334,2e:70:4e:d0:87:50,-58,5745,150,Bermuda Guest WIFI,pole 13 E
2025-10-14T18:50:47.536483+00:00,26.6736105,-81.80533833333334,28:70:4e:d0:88:22,-78,5765,154,Bermuda,pole 14
2025-10-14T18:50:47.536483+00:00,26.6736105,-81.80533833333334,2e:70:4e:d0:88:22,-78,5765,154,Bermuda Guest WIFI,pole 14
2025-10-14T18:50:47.536483+00:00,26.6736105,-81.80533833333334,28:70:4e:d0:88:f9,-71,2412,1,Bermuda,pole 11
2025-10-14T18:50:47.536483+00:00,26.6736105,-81.80533833333334,2e:70:4e:d0:88:f9,-70,2412,1,Bermuda Guest WIFI,pole 11
2025-10-14T18:50:47.536483+00:00,26.6736105,-81.80533833333334,2e:70:4e:d2:92:aa,-65,2437,6,Bermuda Guest WIFI,pole 12 N
2025-10-14T18:50:47.536483+00:00,26.6736105,-81.80533833333334,28:70:4e:d0:86:3e,-83,2462,11,Bermuda,pole 09
2025-10-14T18:50:47.536483+00:00,26.6736105,-81.80533833333334,28:70:4e:d0:87:dc,-88,2462,11,Bermuda,pole 07
2025-10-14T18:50:47.536483+00:00,26.6736105,-81.80533833333334,2e:70:4e:d0:87:dc,-89,2462,11,Bermuda Guest WIFI,pole 07
2025-10-14T18:50:55.371387+00:00,26.673543333333335,-81.8053145,28:70:4e:d0:87:50,-59,5745,150,Bermuda,pole 13 E
2025-10-14T18:50:55.371387+00:00,26.673543333333335,-81.8053145,2e:70:4e:d0:88:21,-84,2412,1,Bermuda Guest WIFI,pole 14
2025-10-14T18:50:55.371387+00:00,26.673543333333335,-81.8053145,28:70:4e:d3:d6:28,-79,2412,1,Bermuda,pole 18 W
2025-10-14T18:50:55.371387+00:00,26.673543333333335,-81.8053145,28:70:4e:d0:87:73,-79,2412,1,Bermuda,pole 18 N
2025-10-14T18:50:55.371387+00:00,26.673543333333335,-81.8053145,2e:70:4e:d3:d6:28,-81,2412,1,Bermuda Guest WIFI,pole 18 W
2025-10-14T18:50:55.371387+00:00,26.673543333333335,-81.8053145,2e:70:4e:d0:87:73,-80,2412,1,Bermuda Guest WIFI,pole 18 N
2025-10-14T18:50:55.371387+00:00,26.673543333333335,-81.8053145,28:70:4e:dd:d0:49,-71,2437,6,Bermuda,pole 13 SW
2025-10-14T18:50:55.371387+00:00,26.673543333333335,-81.8053145,2e:70:4e:dd:d0:49,-71,2437,6,Bermuda Guest WIFI,pole 13 SW
2025-10-14T18:50:55.371387+00:00,26.673543333333335,-81.8053145,2e:70:4e:d0:86:c2,-70,2437,6,Bermuda Guest WIFI,pole 12 W
2025-10-14T18:50:55.371387+00:00,26.673543333333335,-81.8053145,28:70:4e:d0:86:c2,-69,2437,6,Bermuda,pole 12 W
2025-10-14T18:50:55.371387+00:00,26.673543333333335,-81.8053145,28:70:4e:d2:92:aa,-64,2437,6,Bermuda,pole 12 N
2025-10-14T18:50:55.371387+00:00,26.673543333333335,-81.8053145,28:70:4e:d0:87:4f,-54,2462,11,Bermuda,pole 13 E
2025-10-14T18:50:55.371387+00:00,26.673543333333335,-81.8053145,2e:70:4e:d0:87:4f,-54,2462,11,Bermuda Guest WIFI,pole 13 E
2025-10-14T18:50:55.371387+00:00,26.673543333333335,-81.8053145,2e:70:4e:d0:87:50,-57,5745,150,Bermuda Guest WIFI,pole 13 E
2025-10-14T18:50:55.371387+00:00,26.673543333333335,-81.8053145,28:70:4e:d0:88:22,-78,5765,154,Bermuda,pole 14
2025-10-14T18:50:55.371387+00:00,26.673543333333335,-81.8053145,2e:70:4e:d0:88:22,-78,5765,154,Bermuda Guest WIFI,pole 14
2025-10-14T18:50:55.371387+00:00,26.673543333333335,-81.8053145,28:70:4e:d0:88:f9,-71,2412,1,Bermuda,pole 11
2025-10-14T18:50:55.371387+00:00,26.673543333333335,-81.8053145,2e:70:4e:d0:88:f9,-70,2412,1,Bermuda Guest WIFI,pole 11
2025-10-14T18:50:55.371387+00:00,26.673543333333335,-81.8053145,2e:70:4e:d2:92:aa,-65,2437,6,Bermuda Guest WIFI,pole 12 N
2025-10-14T18:50:55.371387+00:00,26.673543333333335,-81.8053145,28:70:4e:d0:86:3e,-83,2462,11,Bermuda,pole 09
2025-10-14T18:50:55.371387+00:00,26.673543333333335,-81.8053145,28:70:4e:d0:87:dc,-88,2462,11,Bermuda,pole 07
2025-10-14T18:50:55.371387+00:00,26.673543333333335,-81.8053145,2e:70:4e:d0:87:dc,-89,2462,11,Bermuda Guest WIFI,pole 07
2025-10-14T18:50:55.371387+00:00,26.673543333333335,-81.8053145,28:70:4e:d0:87:5e,-85,2462,11,Bermuda,pole 15 S
2025-10-14T18:51:31.349759+00:00,26.6734615,-81.80527133333334,28:70:4e:d0:87:50,-49,5745,150,Bermuda,pole 13 E
2025-10-14T18:51:31.349759+00:00,26.6734615,-81.80527133333334,2e:70:4e:d0:88:21,-80,2412,1,Bermuda Guest WIFI,pole 14
2025-10-14T18:51:31.349759+00:00,26.6734615,-81.80527133333334,28:70:4e:d0:88:f9,-67,2412,1,Bermuda,pole 11
2025-10-14T18:51:31.349759+00:00,26.6734615,-81.80527133333334,2e:70:4e:d0:88:f9,-67,2412,1,Bermuda Guest WIFI,pole 11
2025-10-14T18:51:31.349759+00:00,26.6734615,-81.80527133333334,28:70:4e:dd:d0:49,-60,2437,6,Bermuda,pole 13 SW
2025-10-14T18:51:31.349759+00:00,26.6734615,-81.80527133333334,2e:70:4e:dd:d0:49,-60,2437,6,Bermuda Guest WIFI,pole 13 SW
2025-10-14T18:51:31.349759+00:00,26.6734615,-81.80527133333334,2e:70:4e:d0:86:c2,-78,2437,6,Bermuda Guest WIFI,pole 12 W
2025-10-14T18:51:31.349759+00:00,26.6734615,-81.80527133333334,28:70:4e:d2:92:aa,-75,2437,6,Bermuda,pole 12 N
2025-10-14T18:51:31.349759+00:00,26.6734615,-81.80527133333334,2e:70:4e:d2:92:aa,-73,2437,6,Bermuda Guest WIFI,pole 12 N
2025-10-14T18:51:31.349759+00:00,26.6734615,-81.80527133333334,00:17:1a:d6:27:8a,-84,2462,11,Winegard2ghzD62789,Unknown
2025-10-14T18:51:31.349759+00:00,26.6734615,-81.80527133333334,28:70:4e:d0:87:4f,-57,2462,11,Bermuda,pole 13 E
2025-10-14T18:51:31.349759+00:00,26.6734615,-81.80527133333334,2e:70:4e:d0:87:4f,-57,2462,11,Bermuda Guest WIFI,pole 13 E
2025-10-14T18:51:31.349759+00:00,26.6734615,-81.80527133333334,2e:70:4e:d0:87:50,-49,5745,150,Bermuda Guest WIFI,pole 13 E
2025-10-14T18:51:31.349759+00:00,26.6734615,-81.80527133333334,28:70:4e:dd:d0:4a,-50,5240,49,Bermuda,pole 13 SW
2025-10-14T18:51:31.349759+00:00,26.6734615,-81.80527133333334,2e:70:4e:dd:d0:4a,-50,5240,49,Bermuda Guest WIFI,pole 13 SW
2025-10-14T18:51:39.452041+00:00,26.673395833333334,-81.80525666666666,28:70:4e:d0:87:50,-59,5745,150,Bermuda,pole 13 E
2025-10-14T18:51:39.452041+00:00,26.673395833333334,-81.80525666666666,2e:70:4e:d0:88:21,-75,2412,1,Bermuda Guest WIFI,pole 14
2025-10-14T18:51:39.452041+00:00,26.673395833333334,-81.80525666666666,28:70:4e:d0:88:f9,-67,2412,1,Bermuda,pole 11
2025-10-14T18:51:39.452041+00:00,26.673395833333334,-81.80525666666666,2e:70:4e:d0:88:f9,-67,2412,1,Bermuda Guest WIFI,pole 11
2025-10-14T18:51:39.452041+00:00,26.673395833333334,-81.80525666666666,28:70:4e:dd:d0:49,-57,2437,6,Bermuda,pole 13 SW
2025-10-14T18:51:39.452041+00:00,26.673395833333334,-81.80525666666666,2e:70:4e:dd:d0:49,-57,2437,6,Bermuda Guest WIFI,pole 13 SW
2025-10-14T18:51:39.452041+00:00,26.673395833333334,-81.80525666666666,2e:70:4e:d0:86:c2,-69,2437,6,Bermuda Guest WIFI,pole 12 W
2025-10-14T18:51:39.452041+00:00,26.673395833333334,-81.80525666666666,28:70:4e:d2:92:aa,-63,2437,6,Bermuda,pole 12 N
2025-10-14T18:51:39.452041+00:00,26.673395833333334,-81.80525666666666,2e:70:4e:d2:92:aa,-64,2437,6,Bermuda Guest WIFI,pole 12 N
2025-10-14T18:51:39.452041+00:00,26.673395833333334,-81.80525666666666,00:17:1a:d6:27:8a,-84,2462,11,Winegard2ghzD62789,Unknown
2025-10-14T18:51:39.452041+00:00,26.673395833333334,-81.80525666666666,28:70:4e:d0:87:4f,-67,2462,11,Bermuda,pole 13 E
2025-10-14T18:51:39.452041+00:00,26.673395833333334,-81.80525666666666,2e:70:4e:d0:87:4f,-68,2462,11,Bermuda Guest WIFI,pole 13 E
2025-10-14T18:51:39.452041+00:00,26.673395833333334,-81.80525666666666,2e:70:4e:d0:87:50,-49,5745,150,Bermuda Guest WIFI,pole 13 E
2025-10-14T18:51:39.452041+00:00,26.673395833333334,-81.80525666666666,28:70:4e:dd:d0:4a,-54,5240,49,Bermuda,pole 13 SW
2025-10-14T18:51:39.452041+00:00,26.673395833333334,-81.80525666666666,2e:70:4e:dd:d0:4a,-54,5240,49,Bermuda Guest WIFI,pole 13 SW
2025-10-14T18:51:39.452041+00:00,26.673395833333334,-81.80525666666666,2e:70:4e:d0:88:a8,-87,2412,1,Bermuda Guest WIFI,pole 04
2025-10-14T18:51:39.452041+00:00,26.673395833333334,-81.80525666666666,28:70:4e:d0:87:73,-75,2412,1,Bermuda,pole 18 N
2025-10-14T18:51:39.452041+00:00,26.673395833333334,-81.80525666666666,28:70:4e:d0:86:c2,-68,2437,6,Bermuda,pole 12 W
2025-10-14T18:51:39.452041+00:00,26.673395833333334,-81.80525666666666,28:70:4e:d2:c9:b0,-83,2437,6,Bermuda,pole 15 NW
2025-10-14T18:51:39.452041+00:00,26.673395833333334,-81.80525666666666,28:70:4e:d0:86:3e,-81,2462,11,Bermuda,pole 09
2025-10-14T18:51:48.159896+00:00,26.6733645,-81.80531383333333,28:70:4e:d0:87:50,-63,5745,150,Bermuda,pole 13 E
2025-10-14T18:51:48.159896+00:00,26.6733645,-81.80531383333333,2e:70:4e:d0:88:21,-75,2412,1,Bermuda Guest WIFI,pole 14
2025-10-14T18:51:48.159896+00:00,26.6733645,-81.80531383333333,28:70:4e:d0:88:f9,-67,2412,1,Bermuda,pole 11
2025-10-14T18:51:48.159896+00:00,26.6733645,-81.80531383333333,2e:70:4e:d0:88:f9,-67,2412,1,Bermuda Guest WIFI,pole 11
2025-10-14T18:51:48.159896+00:00,26.6733645,-81.80531383333333,28:70:4e:dd:d0:49,-67,2437,6,Bermuda,pole 13 SW
2025-10-14T18:51:48.159896+00:00,26.6733645,-81.80531383333333,2e:70:4e:dd:d0:49,-68,2437,6,Bermuda Guest WIFI,pole 13 SW
2025-10-14T18:51:48.159896+00:00,26.6733645,-81.80531383333333,2e:70:4e:d0:86:c2,-69,2437,6,Bermuda Guest WIFI,pole 12 W
2025-10-14T18:51:48.159896+00:00,26.6733645,-81.80531383333333,28:70:4e:d2:92:aa,-63,2437,6,Bermuda,pole 12 N
2025-10-14T18:51:48.159896+00:00,26.6733645,-81.80531383333333,2e:70:4e:d2:92:aa,-64,2437,6,Bermuda Guest WIFI,pole 12 N
2025-10-14T18:51:48.159896+00:00,26.6733645,-81.80531383333333,00:17:1a:d6:27:8a,-82,2462,11,Winegard2ghzD62789,Unknown
2025-10-14T18:51:48.159896+00:00,26.6733645,-81.80531383333333,28:70:4e:d0:87:4f,-59,2462,11,Bermuda,pole 13 E
2025-10-14T18:51:48.159896+00:00,26.6733645,-81.80531383333333,2e:70:4e:d0:87:4f,-58,2462,11,Bermuda Guest WIFI,pole 13 E
2025-10-14T18:51:48.159896+00:00,26.6733645,-81.80531383333333,2e:70:4e:d0:87:50,-63,5745,150,Bermuda Guest WIFI,pole 13 E
2025-10-14T18:51:48.159896+00:00,26.6733645,-81.80531383333333,28:70:4e:dd:d0:4a,-54,5240,49,Bermuda,pole 13 SW
2025-10-14T18:51:48.159896+00:00,26.6733645,-81.80531383333333,2e:70:4e:dd:d0:4a,-54,5240,49,Bermuda Guest WIFI,pole 13 SW
2025-10-14T18:51:48.159896+00:00,26.6733645,-81.80531383333333,2e:70:4e:d0:88:a8,-87,2412,1,Bermuda Guest WIFI,pole 04
2025-10-14T18:51:48.159896+00:00,26.6733645,-81.80531383333333,28:70:4e:d0:87:73,-75,2412,1,Bermuda,pole 18 N
2025-10-14T18:51:48.159896+00:00,26.6733645,-81.80531383333333,28:70:4e:d0:86:c2,-68,2437,6,Bermuda,pole 12 W
2025-10-14T18:51:48.159896+00:00,26.6733645,-81.80531383333333,28:70:4e:d2:c9:b0,-83,2437,6,Bermuda,pole 15 NW
2025-10-14T18:51:48.159896+00:00,26.6733645,-81.80531383333333,28:70:4e:d0:86:3e,-81,2462,11,Bermuda,pole 09
2025-10-14T18:51:48.159896+00:00,26.6733645,-81.80531383333333,28:70:4e:d0:88:a8,-92,2412,1,Bermuda,pole 04
2025-10-14T18:51:48.159896+00:00,26.6733645,-81.80531383333333,28:70:4e:d0:86:c3,-79,5765,154,Bermuda,pole 12 W
2025-10-14T18:51:48.159896+00:00,26.6733645,-81.80531383333333,2e:70:4e:d0:86:c3,-79,5765,154,Bermuda Guest WIFI,pole 12 W
2025-10-14T18:51:48.159896+00:00,26.6733645,-81.80531383333333,28:70:4e:d0:88:fa,-69,5765,154,Bermuda,pole 11
2025-10-14T18:51:48.159896+00:00,26.6733645,-81.80531383333333,2e:70:4e:d0:88:fa,-68,5765,154,Bermuda Guest WIFI,pole 11
2025-10-14T18:52:34.965999+00:00,26.673418166666668,-81.80536633333334,28:70:4e:d0:87:50,-63,5745,150,Bermuda,pole 13 E
2025-10-14T18:52:34.965999+00:00,26.673418166666668,-81.80536633333334,28:70:4e:dd:d0:49,-62,2437,6,Bermuda,pole 13 SW
2025-10-14T18:52:34.965999+00:00,26.673418166666668,-81.80536633333334,2e:70:4e:dd:d0:49,-64,2437,6,Bermuda Guest WIFI,pole 13 SW
2025-10-14T18:52:34.965999+00:00,26.673418166666668,-81.80536633333334,28:70:4e:d0:86:c2,-67,2437,6,Bermuda,pole 12 W
2025-10-14T18:52:34.965999+00:00,26.673418166666668,-81.80536633333334,2e:70:4e:d0:86:c2,-69,2437,6,Bermuda Guest WIFI,pole 12 W
2025-10-14T18:52:34.965999+00:00,26.673418166666668,-81.80536633333334,2e:70:4e:d2:92:aa,-74,2437,6,Bermuda Guest WIFI,pole 12 N
2025-10-14T18:52:34.965999+00:00,26.673418166666668,-81.80536633333334,2e:70:4e:d0:87:5e,-85,2462,11,Bermuda Guest WIFI,pole 15 S
2025-10-14T18:52:34.965999+00:00,26.673418166666668,-81.80536633333334,00:17:1a:d6:27:8a,-84,2462,11,Winegard2ghzD62789,Unknown
2025-10-14T18:52:34.965999+00:00,26.673418166666668,-81.80536633333334,28:70:4e:d0:87:4f,-69,2462,11,Bermuda,pole 13 E
2025-10-14T18:52:34.965999+00:00,26.673418166666668,-81.80536633333334,2e:70:4e:d0:87:4f,-67,2462,11,Bermuda Guest WIFI,pole 13 E
2025-10-14T18:52:34.965999+00:00,26.673418166666668,-81.80536633333334,2e:70:4e:d0:87:50,-63,5745,150,Bermuda Guest WIFI,pole 13 E
2025-10-14T18:52:34.965999+00:00,26.673418166666668,-81.80536633333334,28:70:4e:d0:88:fa,-80,5765,154,Bermuda,pole 11
2025-10-14T18:52:34.965999+00:00,26.673418166666668,-81.80536633333334,28:70:4e:dd:d0:4a,-67,5240,49,Bermuda,pole 13 SW
2025-10-14T18:52:34.965999+00:00,26.673418166666668,-81.80536633333334,2e:70:4e:dd:d0:4a,-67,5240,49,Bermuda Guest WIFI,pole 13 SW
2025-10-14T18:52:43.591505+00:00,26.673470666666667,-81.805422,28:70:4e:d0:87:50,-64,5745,150,Bermuda,pole 13 E
2025-10-14T18:52:43.591505+00:00,26.673470666666667,-81.805422,28:70:4e:dd:d0:49,-62,2437,6,Bermuda,pole 13 SW
2025-10-14T18:52:43.591505+00:00,26.673470666666667,-81.805422,2e:70:4e:dd:d0:49,-64,2437,6,Bermuda Guest WIFI,pole 13 SW
2025-10-14T18:52:43.591505+00:00,26.673470666666667,-81.805422,28:70:4e:d0:86:c2,-67,2437,6,Bermuda,pole 12 W
2025-10-14T18:52:43.591505+00:00,26.673470666666667,-81.805422,2e:70:4e:d0:86:c2,-74,2437,6,Bermuda Guest WIFI,pole 12 W
2025-10-14T18:52:43.591505+00:00,26.673470666666667,-81.805422,2e:70:4e:d2:92:aa,-68,2437,6,Bermuda Guest WIFI,pole 12 N
2025-10-14T18:52:43.591505+00:00,26.673470666666667,-81.805422,2e:70:4e:d0:87:5e,-85,2462,11,Bermuda Guest WIFI,pole 15 S
2025-10-14T18:52:43.591505+00:00,26.673470666666667,-81.805422,00:17:1a:d6:27:8a,-84,2462,11,Winegard2ghzD62789,Unknown
2025-10-14T18:52:43.591505+00:00,26.673470666666667,-81.805422,28:70:4e:d0:87:4f,-59,2462,11,Bermuda,pole 13 E
2025-10-14T18:52:43.591505+00:00,26.673470666666667,-81.805422,2e:70:4e:d0:87:4f,-60,2462,11,Bermuda Guest WIFI,pole 13 E
2025-10-14T18:52:43.591505+00:00,26.673470666666667,-81.805422,2e:70:4e:d0:87:50,-65,5745,150,Bermuda Guest WIFI,pole 13 E
2025-10-14T18:52:43.591505+00:00,26.673470666666667,-81.805422,28:70:4e:d0:88:fa,-80,5765,154,Bermuda,pole 11
2025-10-14T18:52:43.591505+00:00,26.673470666666667,-81.805422,28:70:4e:dd:d0:4a,-67,5240,49,Bermuda,pole 13 SW
2025-10-14T18:52:43.591505+00:00,26.673470666666667,-81.805422,2e:70:4e:dd:d0:4a,-67,5240,49,Bermuda Guest WIFI,pole 13 SW
2025-10-14T18:52:43.591505+00:00,26.673470666666667,-81.805422,28:70:4e:d0:88:f9,-65,2412,1,Bermuda,pole 11
2025-10-14T18:52:43.591505+00:00,26.673470666666667,-81.805422,2e:70:4e:d0:88:f9,-64,2412,1,Bermuda Guest WIFI,pole 11
2025-10-14T18:52:43.591505+00:00,26.673470666666667,-81.805422,28:70:4e:d2:92:aa,-68,2437,6,Bermuda,pole 12 N
2025-10-14T18:52:43.591505+00:00,26.673470666666667,-81.805422,2e:70:4e:d2:c9:b0,-87,2437,6,Bermuda Guest WIFI,pole 15 NW
2025-10-14T18:52:52.190689+00:00,26.673525833333333,-81.80549083333334,28:70:4e:d0:87:50,-67,5745,150,Bermuda,pole 13 E
2025-10-14T18:52:52.190689+00:00,26.673525833333333,-81.80549083333334,28:70:4e:dd:d0:49,-62,2437,6,Bermuda,pole 13 SW
2025-10-14T18:52:52.190689+00:00,26.673525833333333,-81.80549083333334,2e:70:4e:dd:d0:49,-64,2437,6,Bermuda Guest WIFI,pole 13 SW
2025-10-14T18:52:52.190689+00:00,26.673525833333333,-81.80549083333334,28:70:4e:d0:86:c2,-67,2437,6,Bermuda,pole 12 W
2025-10-14T18:52:52.190689+00:00,26.673525833333333,-81.80549083333334,2e:70:4e:d0:86:c2,-74,2437,6,Bermuda Guest WIFI,pole 12 W
2025-10-14T18:52:52.190689+00:00,26.673525833333333,-81.80549083333334,2e:70:4e:d2:92:aa,-68,2437,6,Bermuda Guest WIFI,pole 12 N
2025-10-14T18:52:52.190689+00:00,26.673525833333333,-81.80549083333334,2e:70:4e:d0:87:5e,-85,2462,11,Bermuda Guest WIFI,pole 15 S
2025-10-14T18:52:52.190689+00:00,26.673525833333333,-81.80549083333334,00:17:1a:d6:27:8a,-84,2462,11,Winegard2ghzD62789,Unknown
2025-10-14T18:52:52.190689+00:00,26.673525833333333,-81.80549083333334,28:70:4e:d0:87:4f,-63,2462,11,Bermuda,pole 13 E
2025-10-14T18:52:52.190689+00:00,26.673525833333333,-81.80549083333334,2e:70:4e:d0:87:4f,-63,2462,11,Bermuda Guest WIFI,pole 13 E
2025-10-14T18:52:52.190689+00:00,26.673525833333333,-81.80549083333334,2e:70:4e:d0:87:50,-65,5745,150,Bermuda Guest WIFI,pole 13 E
2025-10-14T18:52:52.190689+00:00,26.673525833333333,-81.80549083333334,28:70:4e:d0:88:fa,-79,5765,154,Bermuda,pole 11
2025-10-14T18:52:52.190689+00:00,26.673525833333333,-81.80549083333334,28:70:4e:dd:d0:4a,-67,5240,49,Bermuda,pole 13 SW
2025-10-14T18:52:52.190689+00:00,26.673525833333333,-81.80549083333334,2e:70:4e:dd:d0:4a,-72,5240,49,Bermuda Guest WIFI,pole 13 SW
2025-10-14T18:52:52.190689+00:00,26.673525833333333,-81.80549083333334,28:70:4e:d0:88:f9,-67,2412,1,Bermuda,pole 11
2025-10-14T18:52:52.190689+00:00,26.673525833333333,-81.80549083333334,2e:70:4e:d0:88:f9,-67,2412,1,Bermuda Guest WIFI,pole 11
2025-10-14T18:52:52.190689+00:00,26.673525833333333,-81.80549083333334,28:70:4e:d2:92:aa,-68,2437,6,Bermuda,pole 12 N
2025-10-14T18:52:52.190689+00:00,26.673525833333333,-81.80549083333334,2e:70:4e:d2:c9:b0,-87,2437,6,Bermuda Guest WIFI,pole 15 NW
2025-10-14T18:52:52.190689+00:00,26.673525833333333,-81.80549083333334,2e:70:4e:d0:88:21,-87,2412,1,Bermuda Guest WIFI,pole 14
2025-10-14T18:52:52.190689+00:00,26.673525833333333,-81.80549083333334,28:70:4e:d0:86:3e,-84,2462,11,Bermuda,pole 09
2025-10-14T18:52:52.190689+00:00,26.673525833333333,-81.80549083333334,28:70:4e:d0:86:c3,-77,5765,154,Bermuda,pole 12 W
2025-10-14T18:52:52.190689+00:00,26.673525833333333,-81.80549083333334,2e:70:4e:d0:86:c3,-77,5765,154,Bermuda Guest WIFI,pole 12 W
2025-10-14T18:52:52.190689+00:00,26.673525833333333,-81.80549083333334,2e:70:4e:d0:88:fa,-79,5765,154,Bermuda Guest WIFI,pole 11
2025-10-14T18:53:00.540635+00:00,26.673497666666666,-81.80553,28:70:4e:d0:87:50,-67,5745,150,Bermuda,pole 13 E
2025-10-14T18:53:00.540635+00:00,26.673497666666666,-81.80553,28:70:4e:dd:d0:49,-62,2437,6,Bermuda,pole 13 SW
2025-10-14T18:53:00.540635+00:00,26.673497666666666,-81.80553,2e:70:4e:dd:d0:49,-64,2437,6,Bermuda Guest WIFI,pole 13 SW
2025-10-14T18:53:00.540635+00:00,26.673497666666666,-81.80553,28:70:4e:d0:86:c2,-67,2437,6,Bermuda,pole 12 W
2025-10-14T18:53:00.540635+00:00,26.673497666666666,-81.80553,2e:70:4e:d0:86:c2,-74,2437,6,Bermuda Guest WIFI,pole 12 W
2025-10-14T18:53:00.540635+00:00,26.673497666666666,-81.80553,2e:70:4e:d2:92:aa,-68,2437,6,Bermuda Guest WIFI,pole 12 N
2025-10-14T18:53:00.540635+00:00,26.673497666666666,-81.80553,2e:70:4e:d0:87:5e,-85,2462,11,Bermuda Guest WIFI,pole 15 S
2025-10-14T18:53:00.540635+00:00,26.673497666666666,-81.80553,00:17:1a:d6:27:8a,-89,2462,11,Winegard2ghzD62789,Unknown
2025-10-14T18:53:00.540635+00:00,26.673497666666666,-81.80553,28:70:4e:d0:87:4f,-63,2462,11,Bermuda,pole 13 E
2025-10-14T18:53:00.540635+00:00,26.673497666666666,-81.80553,2e:70:4e:d0:87:4f,-63,2462,11,Bermuda Guest WIFI,pole 13 E
2025-10-14T18:53:00.540635+00:00,26.673497666666666,-81.80553,2e:70:4e:d0:87:50,-65,5745,150,Bermuda Guest WIFI,pole 13 E
2025-10-14T18:53:00.540635+00:00,26.673497666666666,-81.80553,28:70:4e:d0:88:fa,-61,5765,154,Bermuda,pole 11
2025-10-14T18:53:00.540635+00:00,26.673497666666666,-81.80553,28:70:4e:dd:d0:4a,-67,5240,49,Bermuda,pole 13 SW
2025-10-14T18:53:00.540635+00:00,26.673497666666666,-81.80553,2e:70:4e:dd:d0:4a,-72,5240,49,Bermuda Guest WIFI,pole 13 SW
2025-10-14T18:53:00.540635+00:00,26.673497666666666,-81.80553,28:70:4e:d0:88:f9,-63,2412,1,Bermuda,pole 11
2025-10-14T18:53:00.540635+00:00,26.673497666666666,-81.80553,2e:70:4e:d0:88:f9,-63,2412,1,Bermuda Guest WIFI,pole 11
2025-10-14T18:53:00.540635+00:00,26.673497666666666,-81.80553,28:70:4e:d2:92:aa,-68,2437,6,Bermuda,pole 12 N
2025-10-14T18:53:00.540635+00:00,26.673497666666666,-81.80553,2e:70:4e:d2:c9:b0,-87,2437,6,Bermuda Guest WIFI,pole 15 NW
2025-10-14T18:53:00.540635+00:00,26.673497666666666,-81.80553,2e:70:4e:d0:88:21,-87,2412,1,Bermuda Guest WIFI,pole 14
2025-10-14T18:53:00.540635+00:00,26.673497666666666,-81.80553,28:70:4e:d0:86:3e,-84,2462,11,Bermuda,pole 09
2025-10-14T18:53:00.540635+00:00,26.673497666666666,-81.80553,28:70:4e:d0:86:c3,-73,5765,154,Bermuda,pole 12 W
2025-10-14T18:53:00.540635+00:00,26.673497666666666,-81.80553,2e:70:4e:d0:86:c3,-73,5765,154,Bermuda Guest WIFI,pole 12 W
2025-10-14T18:53:00.540635+00:00,26.673497666666666,-81.80553,2e:70:4e:d0:88:fa,-61,5765,154,Bermuda Guest WIFI,pole 11
2025-10-14T18:53:00.540635+00:00,26.673497666666666,-81.80553,2e:70:4e:d0:87:73,-82,2412,1,Bermuda Guest WIFI,pole 18 N
2025-10-14T18:53:35.431819+00:00,26.673373333333334,-81.805603,28:70:4e:d0:88:f9,-59,2412,1,Bermuda,pole 11
2025-10-14T18:53:35.431819+00:00,26.673373333333334,-81.805603,2e:70:4e:d0:88:f9,-58,2412,1,Bermuda Guest WIFI,pole 11
2025-10-14T18:53:35.431819+00:00,26.673373333333334,-81.805603,28:70:4e:dd:d0:49,-75,2437,6,Bermuda,pole 13 SW
2025-10-14T18:53:35.431819+00:00,26.673373333333334,-81.805603,2e:70:4e:dd:d0:49,-75,2437,6,Bermuda Guest WIFI,pole 13 SW
2025-10-14T18:53:35.431819+00:00,26.673373333333334,-81.805603,28:70:4e:d0:87:4f,-73,2462,11,Bermuda,pole 13 E
2025-10-14T18:53:35.431819+00:00,26.673373333333334,-81.805603,2e:70:4e:d0:87:4f,-72,2462,11,Bermuda Guest WIFI,pole 13 E
2025-10-14T18:53:35.431819+00:00,26.673373333333334,-81.805603,2a:38:5c:02:2d:2d,-52,5745,150,PROJ022d2d,Unknown
2025-10-14T18:53:35.431819+00:00,26.673373333333334,-81.805603,d0:c3:5a:03:a6:93,-56,5805,162,HotspotZ5ms,Unknown
2025-10-14T18:53:35.431819+00:00,26.673373333333334,-81.805603,2e:70:4e:d0:88:21,-75,2412,1,Bermuda Guest WIFI,pole 14
2025-10-14T18:53:35.431819+00:00,26.673373333333334,-81.805603,28:70:4e:d0:89:05,-75,2412,1,Bermuda,pole 06
2025-10-14T18:53:35.431819+00:00,26.673373333333334,-81.805603,28:70:4e:d0:89:0b,-75,2412,1,Bermuda,pole 10
2025-10-14T18:53:35.431819+00:00,26.673373333333334,-81.805603,2e:70:4e:d0:89:0b,-75,2412,1,Bermuda Guest WIFI,pole 10
2025-10-14T18:53:35.431819+00:00,26.673373333333334,-81.805603,2e:70:4e:d0:88:a8,-75,2412,1,Bermuda Guest WIFI,pole 04
2025-10-14T18:53:35.431819+00:00,26.673373333333334,-81.805603,2e:70:4e:d0:87:5e,-87,2462,11,Bermuda Guest WIFI,pole 15 S
2025-10-14T18:53:35.431819+00:00,26.673373333333334,-81.805603,28:70:4e:d2:92:ab,-62,5745,150,Bermuda,pole 12 N
2025-10-14T18:53:35.431819+00:00,26.673373333333334,-81.805603,2e:70:4e:d2:92:ab,-62,5745,150,Bermuda Guest WIFI,pole 12 N
2025-10-14T18:53:35.431819+00:00,26.673373333333334,-81.805603,28:70:4e:d0:87:50,-71,5745,150,Bermuda,pole 13 E
2025-10-14T18:53:35.431819+00:00,26.673373333333334,-81.805603,2e:70:4e:d0:87:50,-72,5745,150,Bermuda Guest WIFI,pole 13 E
2025-10-14T18:53:44.456890+00:00,26.673369,-81.8056015,28:70:4e:d0:88:f9,-73,2412,1,Bermuda,pole 11
2025-10-14T18:53:44.456890+00:00,26.673369,-81.8056015,2e:70:4e:d0:88:f9,-58,2412,1,Bermuda Guest WIFI,pole 11
2025-10-14T18:53:44.456890+00:00,26.673369,-81.8056015,28:70:4e:dd:d0:49,-75,2437,6,Bermuda,pole 13 SW
2025-10-14T18:53:44.456890+00:00,26.673369,-81.8056015,2e:70:4e:dd:d0:49,-75,2437,6,Bermuda Guest WIFI,pole 13 SW
2025-10-14T18:53:44.456890+00:00,26.673369,-81.8056015,28:70:4e:d0:87:4f,-73,2462,11,Bermuda,pole 13 E
2025-10-14T18:53:44.456890+00:00,26.673369,-81.8056015,2e:70:4e:d0:87:4f,-72,2462,11,Bermuda Guest WIFI,pole 13 E
2025-10-14T18:53:44.456890+00:00,26.673369,-81.8056015,2a:38:5c:02:2d:2d,-53,5745,150,PROJ022d2d,Unknown
2025-10-14T18:53:44.456890+00:00,26.673369,-81.8056015,d0:c3:5a:03:a6:93,-61,5805,162,HotspotZ5ms,Unknown
2025-10-14T18:53:44.456890+00:00,26.673369,-81.8056015,2e:70:4e:d0:88:21,-75,2412,1,Bermuda Guest WIFI,pole 14
2025-10-14T18:53:44.456890+00:00,26.673369,-81.8056015,28:70:4e:d0:89:05,-75,2412,1,Bermuda,pole 06
2025-10-14T18:53:44.456890+00:00,26.673369,-81.8056015,28:70:4e:d0:89:0b,-75,2412,1,Bermuda,pole 10
2025-10-14T18:53:44.456890+00:00,26.673369,-81.8056015,2e:70:4e:d0:89:0b,-75,2412,1,Bermuda Guest WIFI,pole 10
2025-10-14T18:53:44.456890+00:00,26.673369,-81.8056015,2e:70:4e:d0:88:a8,-75,2412,1,Bermuda Guest WIFI,pole 04
2025-10-14T18:53:44.456890+00:00,26.673369,-81.8056015,2e:70:4e:d0:87:5e,-87,2462,11,Bermuda Guest WIFI,pole 15 S
2025-10-14T18:53:44.456890+00:00,26.673369,-81.8056015,28:70:4e:d2:92:ab,-80,5745,150,Bermuda,pole 12 N
2025-10-14T18:53:44.456890+00:00,26.673369,-81.8056015,2e:70:4e:d2:92:ab,-80,5745,150,Bermuda Guest WIFI,pole 12 N
2025-10-14T18:53:44.456890+00:00,26.673369,-81.8056015,28:70:4e:d0:87:50,-71,5745,150,Bermuda,pole 13 E
2025-10-14T18:53:44.456890+00:00,26.673369,-81.8056015,2e:70:4e:d0:87:50,-72,5745,150,Bermuda Guest WIFI,pole 13 E
2025-10-14T18:53:44.456890+00:00,26.673369,-81.8056015,28:70:4e:d0:88:21,-71,2412,1,Bermuda,pole 14
2025-10-14T18:53:44.456890+00:00,26.673369,-81.8056015,28:70:4e:dd:d0:4a,-73,5240,49,Bermuda,pole 13 SW
2025-10-14T18:53:59.912982+00:00,26.6733835,-81.80560266666667,2e:70:4e:d2:92:ab,-75,5745,150,Bermuda Guest WIFI,pole 12 N
2025-10-14T18:53:59.912982+00:00,26.6733835,-81.80560266666667,2a:38:5c:02:2d:2d,-56,5745,150,PROJ022d2d,Unknown
2025-10-14T18:53:59.912982+00:00,26.6733835,-81.80560266666667,2e:70:4e:dd:d0:49,-75,2437,6,Bermuda Guest WIFI,pole 13 SW
2025-10-14T18:53:59.912982+00:00,26.6733835,-81.80560266666667,2e:70:4e:d0:86:c2,-75,2437,6,Bermuda Guest WIFI,pole 12 W
2025-10-14T18:53:59.912982+00:00,26.6733835,-81.80560266666667,28:70:4e:d2:92:aa,-69,2437,6,Bermuda,pole 12 N
2025-10-14T18:53:59.912982+00:00,26.6733835,-81.80560266666667,2e:70:4e:d0:88:f6,-75,2437,6,Bermuda Guest WIFI,Unknown
2025-10-14T18:53:59.912982+00:00,26.6733835,-81.80560266666667,2e:70:4e:d2:92:aa,-75,2437,6,Bermuda Guest WIFI,pole 12 N
2025-10-14T18:53:59.912982+00:00,26.6733835,-81.80560266666667,28:70:4e:d0:86:c2,-75,2437,6,Bermuda,pole 12 W
2025-10-14T18:53:59.912982+00:00,26.6733835,-81.80560266666667,2e:70:4e:d2:c9:b0,-75,2437,6,Bermuda Guest WIFI,pole 15 NW
2025-10-14T18:53:59.912982+00:00,26.6733835,-81.80560266666667,2e:70:4e:d0:87:50,-75,5745,150,Bermuda Guest WIFI,pole 13 E
2025-10-14T18:53:59.912982+00:00,26.6733835,-81.80560266666667,2e:70:4e:d0:88:f9,-80,2412,1,Bermuda Guest WIFI,pole 11
2025-10-14T18:53:59.912982+00:00,26.6733835,-81.80560266666667,2e:70:4e:d0:88:21,-76,2412,1,Bermuda Guest WIFI,pole 14
2025-10-14T18:53:59.912982+00:00,26.6733835,-81.80560266666667,28:70:4e:dd:d0:49,-75,2437,6,Bermuda,pole 13 SW
2025-10-14T18:53:59.912982+00:00,26.6733835,-81.80560266666667,d0:c3:5a:03:a6:93,-56,5805,162,HotspotZ5ms,Unknown
2025-10-14T18:53:59.912982+00:00,26.6733835,-81.80560266666667,28:70:4e:d0:86:c3,-71,5765,154,Bermuda,pole 12 W
2025-10-14T18:53:59.912982+00:00,26.6733835,-81.80560266666667,2e:70:4e:d0:86:c3,-71,5765,154,Bermuda Guest WIFI,pole 12 W
2025-10-14T18:53:59.912982+00:00,26.6733835,-81.80560266666667,28:70:4e:d0:88:fa,-77,5765,154,Bermuda,pole 11
2025-10-14T18:53:59.912982+00:00,26.6733835,-81.80560266666667,2e:70:4e:d0:88:fa,-77,5765,154,Bermuda Guest WIFI,pole 11
2025-10-14T18:53:59.912982+00:00,26.6733835,-81.80560266666667,28:70:4e:d0:88:22,-80,5765,154,Bermuda,pole 14
2025-10-14T18:53:59.912982+00:00,26.6733835,-81.80560266666667,2e:70:4e:d0:88:22,-80,5765,154,Bermuda Guest WIFI,pole 14
2025-10-14T18:53:59.912982+00:00,26.6733835,-81.80560266666667,28:70:4e:d2:92:ab,-75,5745,150,Bermuda,pole 12 N
2025-10-14T18:53:59.912982+00:00,26.6733835,-81.80560266666667,2e:70:4e:dd:d0:4a,-75,5240,49,Bermuda Guest WIFI,pole 13 SW
2025-10-14T18:53:59.912982+00:00,26.6733835,-81.80560266666667,28:70:4e:d2:c9:b0,-75,2437,6,Bermuda,pole 15 NW
2025-10-14T18:54:37.765874+00:00,26.6733795,-81.80559633333333,28:70:4e:d2:92:aa,-72,2437,6,Bermuda,pole 12 N
2025-10-14T18:54:37.765874+00:00,26.6733795,-81.80559633333333,2e:70:4e:d0:89:0b,-79,2412,1,Bermuda Guest WIFI,pole 10
2025-10-14T18:54:37.765874+00:00,26.6733795,-81.80559633333333,28:70:4e:d0:87:4f,-74,2462,11,Bermuda,pole 13 E
2025-10-14T18:54:37.765874+00:00,26.6733795,-81.80559633333333,2a:38:5c:02:2d:2d,-55,5745,150,PROJ022d2d,Unknown
2025-10-14T18:54:37.765874+00:00,26.6733795,-81.80559633333333,28:70:4e:d2:92:ab,-64,5745,150,Bermuda,pole 12 N
2025-10-14T18:54:37.765874+00:00,26.6733795,-81.80559633333333,2e:70:4e:d2:92:ab,-64,5745,150,Bermuda Guest WIFI,pole 12 N
2025-10-14T18:54:37.765874+00:00,26.6733795,-81.80559633333333,d0:c3:5a:03:a6:93,-54,5805,162,HotspotZ5ms,Unknown
2025-10-14T18:54:37.765874+00:00,26.6733795,-81.80559633333333,28:70:4e:d0:88:22,-78,5765,154,Bermuda,pole 14
2025-10-14T18:54:46.890226+00:00,26.6733705,-81.805614,28:70:4e:d2:92:aa,-72,2437,6,Bermuda,pole 12 N
2025-10-14T18:54:46.890226+00:00,26.6733705,-81.805614,2e:70:4e:d0:89:0b,-82,2412,1,Bermuda Guest WIFI,pole 10
2025-10-14T18:54:46.890226+00:00,26.6733705,-81.805614,28:70:4e:d0:87:4f,-74,2462,11,Bermuda,pole 13 E
2025-10-14T18:54:46.890226+00:00,26.6733705,-81.805614,2a:38:5c:02:2d:2d,-55,5745,150,PROJ022d2d,Unknown
2025-10-14T18:54:46.890226+00:00,26.6733705,-81.805614,28:70:4e:d2:92:ab,-64,5745,150,Bermuda,pole 12 N
2025-10-14T18:54:46.890226+00:00,26.6733705,-81.805614,2e:70:4e:d2:92:ab,-64,5745,150,Bermuda Guest WIFI,pole 12 N
2025-10-14T18:54:46.890226+00:00,26.6733705,-81.805614,d0:c3:5a:03:a6:93,-56,5805,162,HotspotZ5ms,Unknown
2025-10-14T18:54:46.890226+00:00,26.6733705,-81.805614,28:70:4e:d0:88:22,-78,5765,154,Bermuda,pole 14
2025-10-14T18:54:46.890226+00:00,26.6733705,-81.805614,28:70:4e:dd:d0:49,-73,2437,6,Bermuda,pole 13 SW
2025-10-14T18:54:46.890226+00:00,26.6733705,-81.805614,28:70:4e:d0:88:fa,-79,5765,154,Bermuda,pole 11
2025-10-14T18:54:46.890226+00:00,26.6733705,-81.805614,2e:70:4e:d0:88:fa,-79,5765,154,Bermuda Guest WIFI,pole 11
2025-10-14T18:54:55.077470+00:00,26.6733645,-81.80563916666667,28:70:4e:d2:92:aa,-70,2437,6,Bermuda,pole 12 N
2025-10-14T18:54:55.077470+00:00,26.6733645,-81.80563916666667,2e:70:4e:d0:89:0b,-81,2412,1,Bermuda Guest WIFI,pole 10
2025-10-14T18:54:55.077470+00:00,26.6733645,-81.80563916666667,28:70:4e:d0:87:4f,-74,2462,11,Bermuda,pole 13 E
2025-10-14T18:54:55.077470+00:00,26.6733645,-81.80563916666667,2a:38:5c:02:2d:2d,-55,5745,150,PROJ022d2d,Unknown
2025-10-14T18:54:55.077470+00:00,26.6733645,-81.80563916666667,28:70:4e:d2:92:ab,-64,5745,150,Bermuda,pole 12 N
2025-10-14T18:54:55.077470+00:00,26.6733645,-81.80563916666667,2e:70:4e:d2:92:ab,-64,5745,150,Bermuda Guest WIFI,pole 12 N
2025-10-14T18:54:55.077470+00:00,26.6733645,-81.80563916666667,d0:c3:5a:03:a6:93,-51,5805,162,HotspotZ5ms,Unknown
2025-10-14T18:54:55.077470+00:00,26.6733645,-81.80563916666667,28:70:4e:d0:88:22,-78,5765,154,Bermuda,pole 14
2025-10-14T18:54:55.077470+00:00,26.6733645,-81.80563916666667,28:70:4e:dd:d0:49,-70,2437,6,Bermuda,pole 13 SW
2025-10-14T18:54:55.077470+00:00,26.6733645,-81.80563916666667,28:70:4e:d0:88:fa,-79,5765,154,Bermuda,pole 11
2025-10-14T18:54:55.077470+00:00,26.6733645,-81.80563916666667,2e:70:4e:d0:88:fa,-79,5765,154,Bermuda Guest WIFI,pole 11
2025-10-14T18:54:55.077470+00:00,26.6733645,-81.80563916666667,2e:70:4e:d0:88:f9,-72,2412,1,Bermuda Guest WIFI,pole 11
2025-10-14T18:55:04.716488+00:00,26.673363666666667,-81.805631,28:70:4e:d2:92:aa,-75,2437,6,Bermuda,pole 12 N
2025-10-14T18:55:04.716488+00:00,26.673363666666667,-81.805631,2e:70:4e:d0:89:0b,-81,2412,1,Bermuda Guest WIFI,pole 10
2025-10-14T18:55:04.716488+00:00,26.673363666666667,-81.805631,28:70:4e:d0:87:4f,-74,2462,11,Bermuda,pole 13 E
2025-10-14T18:55:04.716488+00:00,26.673363666666667,-81.805631,2a:38:5c:02:2d:2d,-55,5745,150,PROJ022d2d,Unknown
2025-10-14T18:55:04.716488+00:00,26.673363666666667,-81.805631,28:70:4e:d2:92:ab,-64,5745,150,Bermuda,pole 12 N
2025-10-14T18:55:04.716488+00:00,26.673363666666667,-81.805631,2e:70:4e:d2:92:ab,-64,5745,150,Bermuda Guest WIFI,pole 12 N
2025-10-14T18:55:04.716488+00:00,26.673363666666667,-81.805631,d0:c3:5a:03:a6:93,-58,5805,162,HotspotZ5ms,Unknown
2025-10-14T18:55:04.716488+00:00,26.673363666666667,-81.805631,28:70:4e:d0:88:22,-78,5765,154,Bermuda,pole 14
2025-10-14T18:55:04.716488+00:00,26.673363666666667,-81.805631,28:70:4e:dd:d0:49,-70,2437,6,Bermuda,pole 13 SW
2025-10-14T18:55:04.716488+00:00,26.673363666666667,-81.805631,28:70:4e:d0:88:fa,-79,5765,154,Bermuda,pole 11
2025-10-14T18:55:04.716488+00:00,26.673363666666667,-81.805631,2e:70:4e:d0:88:fa,-79,5765,154,Bermuda Guest WIFI,pole 11
2025-10-14T18:55:04.716488+00:00,26.673363666666667,-81.805631,2e:70:4e:d0:88:f9,-72,2412,1,Bermuda Guest WIFI,pole 11
2025-10-14T18:55:04.716488+00:00,26.673363666666667,-81.805631,28:70:4e:d0:89:0b,-83,2412,1,Bermuda,pole 10
2025-10-14T18:55:04.716488+00:00,26.673363666666667,-81.805631,2e:70:4e:dd:d0:49,-65,2437,6,Bermuda Guest WIFI,pole 13 SW
2025-10-14T18:55:56.943683+00:00,26.67336,-81.8056725,28:70:4e:d2:92:aa,-63,2437,6,Bermuda,pole 12 N
2025-10-14T18:55:56.943683+00:00,26.67336,-81.8056725,2e:70:4e:d0:88:21,-78,2412,1,Bermuda Guest WIFI,pole 14
2025-10-14T18:55:56.943683+00:00,26.67336,-81.8056725,28:70:4e:d0:88:f9,-64,2412,1,Bermuda,pole 11
2025-10-14T18:55:56.943683+00:00,26.67336,-81.8056725,28:70:4e:d0:86:c2,-65,2437,6,Bermuda,pole 12 W
2025-10-14T18:55:56.943683+00:00,26.67336,-81.8056725,28:70:4e:d0:87:4f,-69,2462,11,Bermuda,pole 13 E
2025-10-14T18:55:56.943683+00:00,26.67336,-81.8056725,2e:70:4e:d0:88:f9,-64,2412,1,Bermuda Guest WIFI,pole 11
2025-10-14T18:55:56.943683+00:00,26.67336,-81.8056725,28:70:4e:d0:88:fa,-65,5765,154,Bermuda,pole 11
2025-10-14T18:55:56.943683+00:00,26.67336,-81.8056725,2e:70:4e:d0:88:fa,-65,5765,154,Bermuda Guest WIFI,pole 11
2025-10-14T18:56:06.877191+00:00,26.673355166666667,-81.80576666666667,28:70:4e:d2:92:aa,-73,2437,6,Bermuda,pole 12 N
2025-10-14T18:56:06.877191+00:00,26.673355166666667,-81.80576666666667,28:70:4e:d0:88:f9,-65,2412,1,Bermuda,pole 11
2025-10-14T18:56:06.877191+00:00,26.673355166666667,-81.80576666666667,28:70:4e:d0:86:c2,-68,2437,6,Bermuda,pole 12 W
2025-10-14T18:56:06.877191+00:00,26.673355166666667,-81.80576666666667,28:70:4e:d0:88:fa,-61,5765,154,Bermuda,pole 11
2025-10-14T18:56:06.877191+00:00,26.673355166666667,-81.80576666666667,28:70:4e:dd:d0:49,-73,2437,6,Bermuda,pole 13 SW
2025-10-14T18:56:06.877191+00:00,26.673355166666667,-81.80576666666667,2e:70:4e:dd:d0:49,-72,2437,6,Bermuda Guest WIFI,pole 13 SW
2025-10-14T18:56:06.877191+00:00,26.673355166666667,-81.80576666666667,28:70:4e:d0:89:0b,-72,2412,1,Bermuda,pole 10
2025-10-14T18:56:06.877191+00:00,26.673355166666667,-81.80576666666667,2e:70:4e:d0:89:0b,-72,2412,1,Bermuda Guest WIFI,pole 10
2025-10-14T18:56:06.877191+00:00,26.673355166666667,-81.80576666666667,2e:70:4e:d0:88:f9,-62,2412,1,Bermuda Guest WIFI,pole 11
2025-10-14T18:56:06.877191+00:00,26.673355166666667,-81.80576666666667,28:70:4e:d0:88:21,-89,2412,1,Bermuda,pole 14
2025-10-14T18:56:06.877191+00:00,26.673355166666667,-81.80576666666667,2e:70:4e:d0:88:21,-89,2412,1,Bermuda Guest WIFI,pole 14
2025-10-14T18:56:06.877191+00:00,26.673355166666667,-81.80576666666667,28:70:4e:d2:c9:b0,-79,2437,6,Bermuda,pole 15 NW
2025-10-14T18:56:06.877191+00:00,26.673355166666667,-81.80576666666667,2e:70:4e:d2:c9:b0,-84,2437,6,Bermuda Guest WIFI,pole 15 NW
2025-10-14T18:56:06.877191+00:00,26.673355166666667,-81.80576666666667,2e:70:4e:d0:87:5e,-85,2462,11,Bermuda Guest WIFI,pole 15 S
2025-10-14T18:56:06.877191+00:00,26.673355166666667,-81.80576666666667,2e:70:4e:d0:88:fa,-61,5765,154,Bermuda Guest WIFI,pole 11
2025-10-14T18:56:46.778049+00:00,26.673408,-81.80587766666666,28:70:4e:d0:88:f9,-55,2412,1,Bermuda,pole 11
2025-10-14T18:56:46.778049+00:00,26.673408,-81.80587766666666,28:70:4e:d0:89:0b,-68,2412,1,Bermuda,pole 10
2025-10-14T18:56:46.778049+00:00,26.673408,-81.80587766666666,28:70:4e:d0:88:21,-85,2412,1,Bermuda,pole 14
2025-10-14T18:56:46.778049+00:00,26.673408,-81.80587766666666,2e:70:4e:d0:89:0b,-68,2412,1,Bermuda Guest WIFI,pole 10
2025-10-14T18:56:46.778049+00:00,26.673408,-81.80587766666666,2e:70:4e:d0:88:21,-84,2412,1,Bermuda Guest WIFI,pole 14
2025-10-14T18:56:46.778049+00:00,26.673408,-81.80587766666666,2e:70:4e:d0:88:f9,-55,2412,1,Bermuda Guest WIFI,pole 11
2025-10-14T18:56:46.778049+00:00,26.673408,-81.80587766666666,28:70:4e:d0:88:fa,-52,5765,154,Bermuda,pole 11
2025-10-14T18:56:46.778049+00:00,26.673408,-81.80587766666666,2e:70:4e:d0:88:fa,-52,5765,154,Bermuda Guest WIFI,pole 11
2025-10-14T18:56:46.778049+00:00,26.673408,-81.80587766666666,28:70:4e:d2:92:ab,-72,5745,150,Bermuda,pole 12 N
2025-10-14T18:56:46.778049+00:00,26.673408,-81.80587766666666,2e:70:4e:d2:92:ab,-72,5745,150,Bermuda Guest WIFI,pole 12 N
2025-10-14T18:56:55.767401+00:00,26.673451,-81.80596416666667,28:70:4e:d0:88:f9,-59,2412,1,Bermuda,pole 11
2025-10-14T18:56:55.767401+00:00,26.673451,-81.80596416666667,28:70:4e:d0:89:0b,-77,2412,1,Bermuda,pole 10
2025-10-14T18:56:55.767401+00:00,26.673451,-81.80596416666667,28:70:4e:d0:88:21,-85,2412,1,Bermuda,pole 14
2025-10-14T18:56:55.767401+00:00,26.673451,-81.80596416666667,2e:70:4e:d0:89:0b,-79,2412,1,Bermuda Guest WIFI,pole 10
2025-10-14T18:56:55.767401+00:00,26.673451,-81.80596416666667,2e:70:4e:d0:88:21,-84,2412,1,Bermuda Guest WIFI,pole 14
2025-10-14T18:56:55.767401+00:00,26.673451,-81.80596416666667,2e:70:4e:d0:88:f9,-55,2412,1,Bermuda Guest WIFI,pole 11
2025-10-14T18:56:55.767401+00:00,26.673451,-81.80596416666667,28:70:4e:d0:88:fa,-72,5765,154,Bermuda,pole 11
2025-10-14T18:56:55.767401+00:00,26.673451,-81.80596416666667,2e:70:4e:d0:88:fa,-71,5765,154,Bermuda Guest WIFI,pole 11
2025-10-14T18:56:55.767401+00:00,26.673451,-81.80596416666667,28:70:4e:d2:92:ab,-72,5745,150,Bermuda,pole 12 N
2025-10-14T18:56:55.767401+00:00,26.673451,-81.80596416666667,2e:70:4e:d2:92:ab,-72,5745,150,Bermuda Guest WIFI,pole 12 N
2025-10-14T18:56:55.767401+00:00,26.673451,-81.80596416666667,28:70:4e:d0:89:20,-82,2412,1,Bermuda,pole 01 S
2025-10-14T18:56:55.767401+00:00,26.673451,-81.80596416666667,28:70:4e:d2:92:aa,-87,2437,6,Bermuda,pole 12 N
2025-10-14T18:56:55.767401+00:00,26.673451,-81.80596416666667,2e:70:4e:d2:92:aa,-89,2437,6,Bermuda Guest WIFI,pole 12 N
2025-10-14T18:56:55.767401+00:00,26.673451,-81.80596416666667,28:70:4e:d0:87:4f,-82,2462,11,Bermuda,pole 13 E
2025-10-14T18:56:55.767401+00:00,26.673451,-81.80596416666667,2e:70:4e:d0:87:4f,-81,2462,11,Bermuda Guest WIFI,pole 13 E
2025-10-14T18:56:55.767401+00:00,26.673451,-81.80596416666667,28:70:4e:d0:87:50,-83,5745,150,Bermuda,pole 13 E
2025-10-14T18:56:55.767401+00:00,26.673451,-81.80596416666667,2e:70:4e:d0:87:50,-83,5745,150,Bermuda Guest WIFI,pole 13 E
2025-10-14T18:57:04.989423+00:00,26.673427833333335,-81.80601916666667,28:70:4e:d0:88:f9,-59,2412,1,Bermuda,pole 11
2025-10-14T18:57:04.989423+00:00,26.673427833333335,-81.80601916666667,28:70:4e:d0:89:0b,-77,2412,1,Bermuda,pole 10
2025-10-14T18:57:04.989423+00:00,26.673427833333335,-81.80601916666667,28:70:4e:d0:88:21,-78,2412,1,Bermuda,pole 14
2025-10-14T18:57:04.989423+00:00,26.673427833333335,-81.80601916666667,2e:70:4e:d0:89:0b,-79,2412,1,Bermuda Guest WIFI,pole 10
2025-10-14T18:57:04.989423+00:00,26.673427833333335,-81.80601916666667,2e:70:4e:d0:88:21,-78,2412,1,Bermuda Guest WIFI,pole 14
2025-10-14T18:57:04.989423+00:00,26.673427833333335,-81.80601916666667,2e:70:4e:d0:88:f9,-59,2412,1,Bermuda Guest WIFI,pole 11
2025-10-14T18:57:04.989423+00:00,26.673427833333335,-81.80601916666667,28:70:4e:d0:88:fa,-61,5765,154,Bermuda,pole 11
2025-10-14T18:57:04.989423+00:00,26.673427833333335,-81.80601916666667,2e:70:4e:d0:88:fa,-61,5765,154,Bermuda Guest WIFI,pole 11
2025-10-14T18:57:04.989423+00:00,26.673427833333335,-81.80601916666667,28:70:4e:d2:92:ab,-72,5745,150,Bermuda,pole 12 N
2025-10-14T18:57:04.989423+00:00,26.673427833333335,-81.80601916666667,2e:70:4e:d2:92:ab,-72,5745,150,Bermuda Guest WIFI,pole 12 N
2025-10-14T18:57:04.989423+00:00,26.673427833333335,-81.80601916666667,28:70:4e:d0:89:20,-82,2412,1,Bermuda,pole 01 S
2025-10-14T18:57:04.989423+00:00,26.673427833333335,-81.80601916666667,28:70:4e:d2:92:aa,-87,2437,6,Bermuda,pole 12 N
2025-10-14T18:57:04.989423+00:00,26.673427833333335,-81.80601916666667,2e:70:4e:d2:92:aa,-89,2437,6,Bermuda Guest WIFI,pole 12 N
2025-10-14T18:57:04.989423+00:00,26.673427833333335,-81.80601916666667,28:70:4e:d0:87:4f,-66,2462,11,Bermuda,pole 13 E
2025-10-14T18:57:04.989423+00:00,26.673427833333335,-81.80601916666667,2e:70:4e:d0:87:4f,-64,2462,11,Bermuda Guest WIFI,pole 13 E
2025-10-14T18:57:04.989423+00:00,26.673427833333335,-81.80601916666667,28:70:4e:d0:87:50,-83,5745,150,Bermuda,pole 13 E
2025-10-14T18:57:04.989423+00:00,26.673427833333335,-81.80601916666667,2e:70:4e:d0:87:50,-83,5745,150,Bermuda Guest WIFI,pole 13 E
2025-10-14T18:57:04.989423+00:00,26.673427833333335,-81.80601916666667,2e:70:4e:d0:89:20,-82,2412,1,Bermuda Guest WIFI,pole 01 S
2025-10-14T18:57:04.989423+00:00,26.673427833333335,-81.80601916666667,2e:70:4e:dd:d0:49,-82,2437,6,Bermuda Guest WIFI,pole 13 SW
2025-10-14T18:57:04.989423+00:00,26.673427833333335,-81.80601916666667,28:70:4e:d0:88:f6,-80,2437,6,Bermuda,Unknown
2025-10-14T18:57:04.989423+00:00,26.673427833333335,-81.80601916666667,28:70:4e:d0:86:c2,-76,2437,6,Bermuda,pole 12 W
2025-10-14T18:57:04.989423+00:00,26.673427833333335,-81.80601916666667,2e:70:4e:d0:86:c2,-73,2437,6,Bermuda Guest WIFI,pole 12 W
2025-10-14T18:57:15.020768+00:00,26.673389166666666,-81.80603116666667,28:70:4e:d0:88:f9,-59,2412,1,Bermuda,pole 11
2025-10-14T18:57:15.020768+00:00,26.673389166666666,-81.80603116666667,28:70:4e:d0:89:0b,-77,2412,1,Bermuda,pole 10
2025-10-14T18:57:15.020768+00:00,26.673389166666666,-81.80603116666667,28:70:4e:d0:88:21,-87,2412,1,Bermuda,pole 14
2025-10-14T18:57:15.020768+00:00,26.673389166666666,-81.80603116666667,2e:70:4e:d0:89:0b,-79,2412,1,Bermuda Guest WIFI,pole 10
2025-10-14T18:57:15.020768+00:00,26.673389166666666,-81.80603116666667,2e:70:4e:d0:88:21,-85,2412,1,Bermuda Guest WIFI,pole 14
2025-10-14T18:57:15.020768+00:00,26.673389166666666,-81.80603116666667,2e:70:4e:d0:88:f9,-59,2412,1,Bermuda Guest WIFI,pole 11
2025-10-14T18:57:15.020768+00:00,26.673389166666666,-81.80603116666667,28:70:4e:d0:88:fa,-61,5765,154,Bermuda,pole 11
2025-10-14T18:57:15.020768+00:00,26.673389166666666,-81.80603116666667,2e:70:4e:d0:88:fa,-61,5765,154,Bermuda Guest WIFI,pole 11
2025-10-14T18:57:15.020768+00:00,26.673389166666666,-81.80603116666667,28:70:4e:d0:89:20,-82,2412,1,Bermuda,pole 01 S
2025-10-14T18:57:15.020768+00:00,26.673389166666666,-81.80603116666667,28:70:4e:d2:92:aa,-87,2437,6,Bermuda,pole 12 N
2025-10-14T18:57:15.020768+00:00,26.673389166666666,-81.80603116666667,2e:70:4e:d2:92:aa,-89,2437,6,Bermuda Guest WIFI,pole 12 N
2025-10-14T18:57:15.020768+00:00,26.673389166666666,-81.80603116666667,28:70:4e:d0:87:4f,-66,2462,11,Bermuda,pole 13 E
2025-10-14T18:57:15.020768+00:00,26.673389166666666,-81.80603116666667,2e:70:4e:d0:87:4f,-64,2462,11,Bermuda Guest WIFI,pole 13 E
2025-10-14T18:57:15.020768+00:00,26.673389166666666,-81.80603116666667,28:70:4e:d0:87:50,-83,5745,150,Bermuda,pole 13 E
2025-10-14T18:57:15.020768+00:00,26.673389166666666,-81.80603116666667,2e:70:4e:d0:87:50,-83,5745,150,Bermuda Guest WIFI,pole 13 E
2025-10-14T18:57:15.020768+00:00,26.673389166666666,-81.80603116666667,2e:70:4e:d0:89:20,-82,2412,1,Bermuda Guest WIFI,pole 01 S
2025-10-14T18:57:15.020768+00:00,26.673389166666666,-81.80603116666667,2e:70:4e:dd:d0:49,-82,2437,6,Bermuda Guest WIFI,pole 13 SW
2025-10-14T18:57:15.020768+00:00,26.673389166666666,-81.80603116666667,28:70:4e:d0:88:f6,-80,2437,6,Bermuda,Unknown
2025-10-14T18:57:15.020768+00:00,26.673389166666666,-81.80603116666667,28:70:4e:d0:86:c2,-79,2437,6,Bermuda,pole 12 W
2025-10-14T18:57:15.020768+00:00,26.673389166666666,-81.80603116666667,2e:70:4e:d0:86:c2,-79,2437,6,Bermuda Guest WIFI,pole 12 W
2025-10-14T18:57:53.096426+00:00,26.6733385,-81.80607233333333,28:70:4e:d0:88:f9,-65,2412,1,Bermuda,pole 11
2025-10-14T18:57:53.096426+00:00,26.6733385,-81.80607233333333,28:70:4e:dd:d0:49,-86,2437,6,Bermuda,pole 13 SW
2025-10-14T18:57:53.096426+00:00,26.6733385,-81.80607233333333,2e:70:4e:dd:d0:49,-86,2437,6,Bermuda Guest WIFI,pole 13 SW
2025-10-14T18:57:53.096426+00:00,26.6733385,-81.80607233333333,28:70:4e:d0:86:c3,-64,5765,154,Bermuda,pole 12 W
2025-10-14T18:57:53.096426+00:00,26.6733385,-81.80607233333333,2e:70:4e:d0:86:c3,-64,5765,154,Bermuda Guest WIFI,pole 12 W
2025-10-14T18:57:53.096426+00:00,26.6733385,-81.80607233333333,2e:70:4e:d0:88:fa,-65,5765,154,Bermuda Guest WIFI,pole 11
2025-10-14T18:57:53.096426+00:00,26.6733385,-81.80607233333333,2e:70:4e:d0:87:5e,-91,2462,11,Bermuda Guest WIFI,pole 15 S
2025-10-14T18:57:53.096426+00:00,26.6733385,-81.80607233333333,28:70:4e:d0:88:fa,-65,5765,154,Bermuda,pole 11
2025-10-14T18:57:53.096426+00:00,26.6733385,-81.80607233333333,2e:70:4e:d0:88:f9,-66,2412,1,Bermuda Guest WIFI,pole 11
2025-10-14T18:57:53.096426+00:00,26.6733385,-81.80607233333333,28:70:4e:d0:89:0b,-76,2412,1,Bermuda,pole 10
2025-10-14T18:57:53.096426+00:00,26.6733385,-81.80607233333333,2e:70:4e:d0:89:0b,-75,2412,1,Bermuda Guest WIFI,pole 10
2025-10-14T18:57:53.096426+00:00,26.6733385,-81.80607233333333,28:70:4e:d0:86:c2,-78,2437,6,Bermuda,pole 12 W
2025-10-14T18:57:53.096426+00:00,26.6733385,-81.80607233333333,2e:70:4e:d0:86:c2,-77,2437,6,Bermuda Guest WIFI,pole 12 W
2025-10-14T18:57:53.096426+00:00,26.6733385,-81.80607233333333,28:70:4e:d2:92:aa,-74,2437,6,Bermuda,pole 12 N
2025-10-14T18:57:53.096426+00:00,26.6733385,-81.80607233333333,28:70:4e:d0:87:4f,-72,2462,11,Bermuda,pole 13 E
2025-10-14T18:57:53.096426+00:00,26.6733385,-81.80607233333333,2e:70:4e:d0:87:4f,-72,2462,11,Bermuda Guest WIFI,pole 13 E
2025-10-14T18:58:02.289593+00:00,26.673274,-81.80604383333333,28:70:4e:d0:88:f9,-69,2412,1,Bermuda,pole 11
2025-10-14T18:58:02.289593+00:00,26.673274,-81.80604383333333,28:70:4e:dd:d0:49,-86,2437,6,Bermuda,pole 13 SW
2025-10-14T18:58:02.289593+00:00,26.673274,-81.80604383333333,2e:70:4e:dd:d0:49,-86,2437,6,Bermuda Guest WIFI,pole 13 SW
2025-10-14T18:58:02.289593+00:00,26.673274,-81.80604383333333,28:70:4e:d0:86:c3,-80,5765,154,Bermuda,pole 12 W
2025-10-14T18:58:02.289593+00:00,26.673274,-81.80604383333333,2e:70:4e:d0:86:c3,-80,5765,154,Bermuda Guest WIFI,pole 12 W
2025-10-14T18:58:02.289593+00:00,26.673274,-81.80604383333333,2e:70:4e:d0:88:fa,-70,5765,154,Bermuda Guest WIFI,pole 11
2025-10-14T18:58:02.289593+00:00,26.673274,-81.80604383333333,2e:70:4e:d0:87:5e,-91,2462,11,Bermuda Guest WIFI,pole 15 S
2025-10-14T18:58:02.289593+00:00,26.673274,-81.80604383333333,28:70:4e:d0:88:fa,-67,5765,154,Bermuda,pole 11
2025-10-14T18:58:02.289593+00:00,26.673274,-81.80604383333333,2e:70:4e:d0:88:f9,-68,2412,1,Bermuda Guest WIFI,pole 11
2025-10-14T18:58:02.289593+00:00,26.673274,-81.80604383333333,28:70:4e:d0:89:0b,-76,2412,1,Bermuda,pole 10
2025-10-14T18:58:02.289593+00:00,26.673274,-81.80604383333333,2e:70:4e:d0:89:0b,-75,2412,1,Bermuda Guest WIFI,pole 10
2025-10-14T18:58:02.289593+00:00,26.673274,-81.80604383333333,28:70:4e:d0:86:c2,-78,2437,6,Bermuda,pole 12 W
2025-10-14T18:58:02.289593+00:00,26.673274,-81.80604383333333,2e:70:4e:d0:86:c2,-77,2437,6,Bermuda Guest WIFI,pole 12 W
2025-10-14T18:58:02.289593+00:00,26.673274,-81.80604383333333,28:70:4e:d2:92:aa,-87,2437,6,Bermuda,pole 12 N
2025-10-14T18:58:02.289593+00:00,26.673274,-81.80604383333333,28:70:4e:d0:87:4f,-88,2462,11,Bermuda,pole 13 E
2025-10-14T18:58:02.289593+00:00,26.673274,-81.80604383333333,2e:70:4e:d0:87:4f,-89,2462,11,Bermuda Guest WIFI,pole 13 E
2025-10-14T18:58:11.050978+00:00,26.6732915,-81.80596083333333,28:70:4e:d0:88:f9,-61,2412,1,Bermuda,pole 11
2025-10-14T18:58:11.050978+00:00,26.6732915,-81.80596083333333,28:70:4e:d0:86:c3,-80,5765,154,Bermuda,pole 12 W
2025-10-14T18:58:11.050978+00:00,26.6732915,-81.80596083333333,2e:70:4e:d0:86:c3,-80,5765,154,Bermuda Guest WIFI,pole 12 W
2025-10-14T18:58:11.050978+00:00,26.6732915,-81.80596083333333,2e:70:4e:d0:88:fa,-70,5765,154,Bermuda Guest WIFI,pole 11
2025-10-14T18:58:11.050978+00:00,26.6732915,-81.80596083333333,28:70:4e:d0:88:fa,-73,5765,154,Bermuda,pole 11
2025-10-14T18:58:11.050978+00:00,26.6732915,-81.80596083333333,2e:70:4e:d0:88:f9,-60,2412,1,Bermuda Guest WIFI,pole 11
2025-10-14T18:58:11.050978+00:00,26.6732915,-81.80596083333333,28:70:4e:d0:89:0b,-68,2412,1,Bermuda,pole 10
2025-10-14T18:58:11.050978+00:00,26.6732915,-81.80596083333333,2e:70:4e:d0:89:0b,-67,2412,1,Bermuda Guest WIFI,pole 10
2025-10-14T18:58:11.050978+00:00,26.6732915,-81.80596083333333,28:70:4e:d0:86:c2,-78,2437,6,Bermuda,pole 12 W
2025-10-14T18:58:11.050978+00:00,26.6732915,-81.80596083333333,2e:70:4e:d0:86:c2,-78,2437,6,Bermuda Guest WIFI,pole 12 W
2025-10-14T18:58:11.050978+00:00,26.6732915,-81.80596083333333,28:70:4e:d2:92:aa,-78,2437,6,Bermuda,pole 12 N
2025-10-14T18:58:11.050978+00:00,26.6732915,-81.80596083333333,28:70:4e:d0:87:4f,-88,2462,11,Bermuda,pole 13 E
2025-10-14T18:58:11.050978+00:00,26.6732915,-81.80596083333333,2e:70:4e:d0:87:4f,-89,2462,11,Bermuda Guest WIFI,pole 13 E
2025-10-14T18:58:20.105798+00:00,26.673362,-81.80591033333333,28:70:4e:d0:88:f9,-73,2412,1,Bermuda,pole 11
2025-10-14T18:58:20.105798+00:00,26.673362,-81.80591033333333,28:70:4e:d0:86:c3,-80,5765,154,Bermuda,pole 12 W
2025-10-14T18:58:20.105798+00:00,26.673362,-81.80591033333333,2e:70:4e:d0:86:c3,-80,5765,154,Bermuda Guest WIFI,pole 12 W
2025-10-14T18:58:20.105798+00:00,26.673362,-81.80591033333333,2e:70:4e:d0:88:fa,-56,5765,154,Bermuda Guest WIFI,pole 11
2025-10-14T18:58:20.105798+00:00,26.673362,-81.80591033333333,28:70:4e:d0:88:fa,-56,5765,154,Bermuda,pole 11
2025-10-14T18:58:20.105798+00:00,26.673362,-81.80591033333333,2e:70:4e:d0:88:f9,-73,2412,1,Bermuda Guest WIFI,pole 11
2025-10-14T18:58:20.105798+00:00,26.673362,-81.80591033333333,28:70:4e:d0:89:0b,-83,2412,1,Bermuda,pole 10
2025-10-14T18:58:20.105798+00:00,26.673362,-81.80591033333333,2e:70:4e:d0:89:0b,-83,2412,1,Bermuda Guest WIFI,pole 10
2025-10-14T18:58:20.105798+00:00,26.673362,-81.80591033333333,28:70:4e:d0:86:c2,-77,2437,6,Bermuda,pole 12 W
2025-10-14T18:58:20.105798+00:00,26.673362,-81.80591033333333,2e:70:4e:d0:86:c2,-78,2437,6,Bermuda Guest WIFI,pole 12 W
2025-10-14T18:58:20.105798+00:00,26.673362,-81.80591033333333,28:70:4e:d2:92:aa,-78,2437,6,Bermuda,pole 12 N
2025-10-14T18:58:20.105798+00:00,26.673362,-81.80591033333333,28:70:4e:d0:87:4f,-88,2462,11,Bermuda,pole 13 E
2025-10-14T18:58:20.105798+00:00,26.673362,-81.80591033333333,2e:70:4e:d0:87:4f,-89,2462,11,Bermuda Guest WIFI,pole 13 E
2025-10-14T18:58:20.105798+00:00,26.673362,-81.80591033333333,2e:70:4e:d0:88:f6,-83,2437,6,Bermuda Guest WIFI,Unknown
2025-10-14T18:58:56.952915+00:00,26.673405166666665,-81.80588116666667,28:70:4e:d0:88:fa,-59,5765,154,Bermuda,pole 11
2025-10-14T18:58:56.952915+00:00,26.673405166666665,-81.80588116666667,28:70:4e:d0:88:f9,-71,2412,1,Bermuda,pole 11
2025-10-14T18:58:56.952915+00:00,26.673405166666665,-81.80588116666667,2e:70:4e:d0:88:f9,-71,2412,1,Bermuda Guest WIFI,pole 11
2025-10-14T18:58:56.952915+00:00,26.673405166666665,-81.80588116666667,2e:70:4e:d0:89:0b,-75,2412,1,Bermuda Guest WIFI,pole 10
2025-10-14T18:58:56.952915+00:00,26.673405166666665,-81.80588116666667,28:70:4e:d0:89:20,-78,2412,1,Bermuda,pole 01 S
2025-10-14T18:58:56.952915+00:00,26.673405166666665,-81.80588116666667,28:70:4e:d2:8b:2d,-73,2462,11,Bermuda,pole 02 N
2025-10-14T18:58:56.952915+00:00,26.673405166666665,-81.80588116666667,28:70:4e:d0:87:4f,-65,2462,11,Bermuda,pole 13 E
2025-10-14T18:58:56.952915+00:00,26.673405166666665,-81.80588116666667,2e:70:4e:d0:87:4f,-67,2462,11,Bermuda Guest WIFI,pole 13 E
2025-10-14T18:58:56.952915+00:00,26.673405166666665,-81.80588116666667,28:70:4e:d0:87:5e,-79,2462,11,Bermuda,pole 15 S
2025-10-14T18:58:56.952915+00:00,26.673405166666665,-81.80588116666667,28:70:4e:d0:88:22,-80,5765,154,Bermuda,pole 14
2025-10-14T18:58:56.952915+00:00,26.673405166666665,-81.80588116666667,2e:70:4e:d0:88:fa,-59,5765,154,Bermuda Guest WIFI,pole 11
2025-10-14T18:58:56.952915+00:00,26.673405166666665,-81.80588116666667,2e:70:4e:d0:88:22,-80,5765,154,Bermuda Guest WIFI,pole 14
2025-10-14T18:58:56.952915+00:00,26.673405166666665,-81.80588116666667,28:70:4e:d2:92:ab,-67,5745,150,Bermuda,pole 12 N
2025-10-14T18:58:56.952915+00:00,26.673405166666665,-81.80588116666667,2e:70:4e:d2:92:ab,-67,5745,150,Bermuda Guest WIFI,pole 12 N
2025-10-14T18:59:06.335003+00:00,26.673338,-81.8058255,28:70:4e:d0:88:fa,-55,5765,154,Bermuda,pole 11
2025-10-14T18:59:06.335003+00:00,26.673338,-81.8058255,28:70:4e:d0:88:f9,-46,2412,1,Bermuda,pole 11
2025-10-14T18:59:06.335003+00:00,26.673338,-81.8058255,2e:70:4e:d0:88:f9,-47,2412,1,Bermuda Guest WIFI,pole 11
2025-10-14T18:59:06.335003+00:00,26.673338,-81.8058255,2e:70:4e:d0:89:0b,-71,2412,1,Bermuda Guest WIFI,pole 10
2025-10-14T18:59:06.335003+00:00,26.673338,-81.8058255,28:70:4e:d0:89:20,-78,2412,1,Bermuda,pole 01 S
2025-10-14T18:59:06.335003+00:00,26.673338,-81.8058255,28:70:4e:d2:8b:2d,-77,2462,11,Bermuda,pole 02 N
2025-10-14T18:59:06.335003+00:00,26.673338,-81.8058255,28:70:4e:d0:87:4f,-65,2462,11,Bermuda,pole 13 E
2025-10-14T18:59:06.335003+00:00,26.673338,-81.8058255,2e:70:4e:d0:87:4f,-67,2462,11,Bermuda Guest WIFI,pole 13 E
2025-10-14T18:59:06.335003+00:00,26.673338,-81.8058255,28:70:4e:d0:87:5e,-78,2462,11,Bermuda,pole 15 S
2025-10-14T18:59:06.335003+00:00,26.673338,-81.8058255,28:70:4e:d0:88:22,-80,5765,154,Bermuda,pole 14
2025-10-14T18:59:06.335003+00:00,26.673338,-81.8058255,2e:70:4e:d0:88:fa,-55,5765,154,Bermuda Guest WIFI,pole 11
2025-10-14T18:59:06.335003+00:00,26.673338,-81.8058255,2e:70:4e:d0:88:22,-80,5765,154,Bermuda Guest WIFI,pole 14
2025-10-14T18:59:06.335003+00:00,26.673338,-81.8058255,28:70:4e:d2:92:ab,-67,5745,150,Bermuda,pole 12 N
2025-10-14T18:59:06.335003+00:00,26.673338,-81.8058255,2e:70:4e:d2:92:ab,-67,5745,150,Bermuda Guest WIFI,pole 12 N
2025-10-14T18:59:06.335003+00:00,26.673338,-81.8058255,28:70:4e:d0:89:0b,-72,2412,1,Bermuda,pole 10
2025-10-14T18:59:06.335003+00:00,26.673338,-81.8058255,28:70:4e:d0:86:c2,-65,2437,6,Bermuda,pole 12 W
2025-10-14T18:59:06.335003+00:00,26.673338,-81.8058255,28:70:4e:d2:92:aa,-68,2437,6,Bermuda,pole 12 N
2025-10-14T18:59:06.335003+00:00,26.673338,-81.8058255,2e:70:4e:d0:86:c2,-64,2437,6,Bermuda Guest WIFI,pole 12 W
2025-10-14T18:59:06.335003+00:00,26.673338,-81.8058255,2e:70:4e:d2:92:aa,-67,2437,6,Bermuda Guest WIFI,pole 12 N
2025-10-14T18:59:06.335003+00:00,26.673338,-81.8058255,2e:70:4e:d2:8b:2d,-77,2462,11,Bermuda Guest WIFI,pole 02 N
2025-10-14T18:59:06.335003+00:00,26.673338,-81.8058255,2e:70:4e:d0:87:5e,-79,2462,11,Bermuda Guest WIFI,pole 15 S
2025-10-14T18:59:15.246122+00:00,26.673274666666668,-81.805849,28:70:4e:d0:88:fa,-62,5765,154,Bermuda,pole 11
2025-10-14T18:59:15.246122+00:00,26.673274666666668,-81.805849,28:70:4e:d0:88:f9,-62,2412,1,Bermuda,pole 11
2025-10-14T18:59:15.246122+00:00,26.673274666666668,-81.805849,2e:70:4e:d0:88:f9,-62,2412,1,Bermuda Guest WIFI,pole 11
2025-10-14T18:59:15.246122+00:00,26.673274666666668,-81.805849,2e:70:4e:d0:89:0b,-77,2412,1,Bermuda Guest WIFI,pole 10
2025-10-14T18:59:15.246122+00:00,26.673274666666668,-81.805849,28:70:4e:d0:89:20,-78,2412,1,Bermuda,pole 01 S
2025-10-14T18:59:15.246122+00:00,26.673274666666668,-81.805849,28:70:4e:d2:8b:2d,-77,2462,11,Bermuda,pole 02 N
2025-10-14T18:59:15.246122+00:00,26.673274666666668,-81.805849,28:70:4e:d0:87:4f,-71,2462,11,Bermuda,pole 13 E
2025-10-14T18:59:15.246122+00:00,26.673274666666668,-81.805849,2e:70:4e:d0:87:4f,-71,2462,11,Bermuda Guest WIFI,pole 13 E
2025-10-14T18:59:15.246122+00:00,26.673274666666668,-81.805849,28:70:4e:d0:87:5e,-78,2462,11,Bermuda,pole 15 S
2025-10-14T18:59:15.246122+00:00,26.673274666666668,-81.805849,28:70:4e:d0:88:22,-80,5765,154,Bermuda,pole 14
2025-10-14T18:59:15.246122+00:00,26.673274666666668,-81.805849,2e:70:4e:d0:88:fa,-62,5765,154,Bermuda Guest WIFI,pole 11
2025-10-14T18:59:15.246122+00:00,26.673274666666668,-81.805849,2e:70:4e:d0:88:22,-80,5765,154,Bermuda Guest WIFI,pole 14
2025-10-14T18:59:15.246122+00:00,26.673274666666668,-81.805849,28:70:4e:d2:92:ab,-67,5745,150,Bermuda,pole 12 N
2025-10-14T18:59:15.246122+00:00,26.673274666666668,-81.805849,2e:70:4e:d2:92:ab,-67,5745,150,Bermuda Guest WIFI,pole 12 N
2025-10-14T18:59:15.246122+00:00,26.673274666666668,-81.805849,28:70:4e:d0:89:0b,-78,2412,1,Bermuda,pole 10
2025-10-14T18:59:15.246122+00:00,26.673274666666668,-81.805849,28:70:4e:d0:86:c2,-77,2437,6,Bermuda,pole 12 W
2025-10-14T18:59:15.246122+00:00,26.673274666666668,-81.805849,28:70:4e:d2:92:aa,-71,2437,6,Bermuda,pole 12 N
2025-10-14T18:59:15.246122+00:00,26.673274666666668,-81.805849,2e:70:4e:d0:86:c2,-75,2437,6,Bermuda Guest WIFI,pole 12 W
2025-10-14T18:59:15.246122+00:00,26.673274666666668,-81.805849,2e:70:4e:d2:92:aa,-69,2437,6,Bermuda Guest WIFI,pole 12 N
2025-10-14T18:59:15.246122+00:00,26.673274666666668,-81.805849,2e:70:4e:d2:8b:2d,-77,2462,11,Bermuda Guest WIFI,pole 02 N
2025-10-14T18:59:15.246122+00:00,26.673274666666668,-81.805849,2e:70:4e:d0:87:5e,-79,2462,11,Bermuda Guest WIFI,pole 15 S
2025-10-14T18:59:24.461393+00:00,26.673216166666666,-81.80587733333333,28:70:4e:d0:88:fa,-62,5765,154,Bermuda,pole 11
2025-10-14T18:59:24.461393+00:00,26.673216166666666,-81.80587733333333,28:70:4e:d0:88:f9,-66,2412,1,Bermuda,pole 11
2025-10-14T18:59:24.461393+00:00,26.673216166666666,-81.80587733333333,2e:70:4e:d0:88:f9,-67,2412,1,Bermuda Guest WIFI,pole 11
2025-10-14T18:59:24.461393+00:00,26.673216166666666,-81.80587733333333,2e:70:4e:d0:89:0b,-77,2412,1,Bermuda Guest WIFI,pole 10
2025-10-14T18:59:24.461393+00:00,26.673216166666666,-81.80587733333333,28:70:4e:d0:89:20,-78,2412,1,Bermuda,pole 01 S
2025-10-14T18:59:24.461393+00:00,26.673216166666666,-81.80587733333333,28:70:4e:d2:8b:2d,-77,2462,11,Bermuda,pole 02 N
2025-10-14T18:59:24.461393+00:00,26.673216166666666,-81.80587733333333,28:70:4e:d0:87:4f,-71,2462,11,Bermuda,pole 13 E
2025-10-14T18:59:24.461393+00:00,26.673216166666666,-81.80587733333333,2e:70:4e:d0:87:4f,-71,2462,11,Bermuda Guest WIFI,pole 13 E
2025-10-14T18:59:24.461393+00:00,26.673216166666666,-81.80587733333333,28:70:4e:d0:87:5e,-78,2462,11,Bermuda,pole 15 S
2025-10-14T18:59:24.461393+00:00,26.673216166666666,-81.80587733333333,28:70:4e:d0:88:22,-80,5765,154,Bermuda,pole 14
2025-10-14T18:59:24.461393+00:00,26.673216166666666,-81.80587733333333,2e:70:4e:d0:88:fa,-62,5765,154,Bermuda Guest WIFI,pole 11
2025-10-14T18:59:24.461393+00:00,26.673216166666666,-81.80587733333333,2e:70:4e:d0:88:22,-80,5765,154,Bermuda Guest WIFI,pole 14
2025-10-14T18:59:24.461393+00:00,26.673216166666666,-81.80587733333333,28:70:4e:d2:92:ab,-71,5745,150,Bermuda,pole 12 N
2025-10-14T18:59:24.461393+00:00,26.673216166666666,-81.80587733333333,2e:70:4e:d2:92:ab,-70,5745,150,Bermuda Guest WIFI,pole 12 N
2025-10-14T18:59:24.461393+00:00,26.673216166666666,-81.80587733333333,28:70:4e:d0:89:0b,-78,2412,1,Bermuda,pole 10
2025-10-14T18:59:24.461393+00:00,26.673216166666666,-81.80587733333333,28:70:4e:d0:86:c2,-77,2437,6,Bermuda,pole 12 W
2025-10-14T18:59:24.461393+00:00,26.673216166666666,-81.80587733333333,28:70:4e:d2:92:aa,-70,2437,6,Bermuda,pole 12 N
2025-10-14T18:59:24.461393+00:00,26.673216166666666,-81.80587733333333,2e:70:4e:d0:86:c2,-78,2437,6,Bermuda Guest WIFI,pole 12 W
2025-10-14T18:59:24.461393+00:00,26.673216166666666,-81.80587733333333,2e:70:4e:d2:92:aa,-69,2437,6,Bermuda Guest WIFI,pole 12 N
2025-10-14T18:59:24.461393+00:00,26.673216166666666,-81.80587733333333,2e:70:4e:d2:8b:2d,-77,2462,11,Bermuda Guest WIFI,pole 02 N
2025-10-14T18:59:24.461393+00:00,26.673216166666666,-81.80587733333333,2e:70:4e:d0:87:5e,-79,2462,11,Bermuda Guest WIFI,pole 15 S
2025-10-14T18:59:24.461393+00:00,26.673216166666666,-81.80587733333333,00:17:1a:d6:27:8a,-84,2462,11,Winegard2ghzD62789,Unknown
2025-10-14T18:59:59.838953+00:00,26.673181666666668,-81.80590133333334,28:70:4e:d0:88:fa,-54,5765,154,Bermuda,pole 11
2025-10-14T18:59:59.838953+00:00,26.673181666666668,-81.80590133333334,28:70:4e:d0:88:f9,-66,2412,1,Bermuda,pole 11
2025-10-14T18:59:59.838953+00:00,26.673181666666668,-81.80590133333334,2e:70:4e:d0:88:f9,-67,2412,1,Bermuda Guest WIFI,pole 11
2025-10-14T18:59:59.838953+00:00,26.673181666666668,-81.80590133333334,2e:70:4e:d0:86:c2,-79,2437,6,Bermuda Guest WIFI,pole 12 W
2025-10-14T18:59:59.838953+00:00,26.673181666666668,-81.80590133333334,2e:70:4e:d0:88:f6,-81,2437,6,Bermuda Guest WIFI,Unknown
2025-10-14T18:59:59.838953+00:00,26.673181666666668,-81.80590133333334,28:70:4e:d2:92:aa,-81,2437,6,Bermuda,pole 12 N
2025-10-14T18:59:59.838953+00:00,26.673181666666668,-81.80590133333334,28:70:4e:d2:c9:b0,-80,2437,6,Bermuda,pole 15 NW
2025-10-14T18:59:59.838953+00:00,26.673181666666668,-81.80590133333334,2e:70:4e:d2:c9:b0,-83,2437,6,Bermuda Guest WIFI,pole 15 NW
2025-10-14T18:59:59.838953+00:00,26.673181666666668,-81.80590133333334,28:70:4e:d0:87:4f,-73,2462,11,Bermuda,pole 13 E
2025-10-14T18:59:59.838953+00:00,26.673181666666668,-81.80590133333334,2e:70:4e:d0:87:4f,-75,2462,11,Bermuda Guest WIFI,pole 13 E
2025-10-14T18:59:59.838953+00:00,26.673181666666668,-81.80590133333334,00:17:1a:d6:27:8a,-82,2462,11,Winegard2ghzD62789,Unknown
2025-10-14T18:59:59.838953+00:00,26.673181666666668,-81.80590133333334,2e:70:4e:d0:88:fa,-54,5765,154,Bermuda Guest WIFI,pole 11
2025-10-14T19:00:08.232737+00:00,26.67314916666667,-81.80581616666667,28:70:4e:d0:88:fa,-63,5765,154,Bermuda,pole 11
2025-10-14T19:00:08.232737+00:00,26.67314916666667,-81.80581616666667,28:70:4e:d0:88:f9,-71,2412,1,Bermuda,pole 11
2025-10-14T19:00:08.232737+00:00,26.67314916666667,-81.80581616666667,2e:70:4e:d0:88:f9,-70,2412,1,Bermuda Guest WIFI,pole 11
2025-10-14T19:00:08.232737+00:00,26.67314916666667,-81.80581616666667,2e:70:4e:d0:86:c2,-77,2437,6,Bermuda Guest WIFI,pole 12 W
2025-10-14T19:00:08.232737+00:00,26.67314916666667,-81.80581616666667,2e:70:4e:d0:88:f6,-81,2437,6,Bermuda Guest WIFI,Unknown
2025-10-14T19:00:08.232737+00:00,26.67314916666667,-81.80581616666667,28:70:4e:d2:92:aa,-81,2437,6,Bermuda,pole 12 N
2025-10-14T19:00:08.232737+00:00,26.67314916666667,-81.80581616666667,28:70:4e:d2:c9:b0,-80,2437,6,Bermuda,pole 15 NW
2025-10-14T19:00:08.232737+00:00,26.67314916666667,-81.80581616666667,2e:70:4e:d2:c9:b0,-83,2437,6,Bermuda Guest WIFI,pole 15 NW
2025-10-14T19:00:08.232737+00:00,26.67314916666667,-81.80581616666667,28:70:4e:d0:87:4f,-74,2462,11,Bermuda,pole 13 E
2025-10-14T19:00:08.232737+00:00,26.67314916666667,-81.80581616666667,2e:70:4e:d0:87:4f,-78,2462,11,Bermuda Guest WIFI,pole 13 E
2025-10-14T19:00:08.232737+00:00,26.67314916666667,-81.80581616666667,00:17:1a:d6:27:8a,-82,2462,11,Winegard2ghzD62789,Unknown
2025-10-14T19:00:08.232737+00:00,26.67314916666667,-81.80581616666667,2e:70:4e:d0:88:fa,-63,5765,154,Bermuda Guest WIFI,pole 11
2025-10-14T19:00:08.232737+00:00,26.67314916666667,-81.80581616666667,28:70:4e:d0:89:0b,-82,2412,1,Bermuda,pole 10
2025-10-14T19:00:08.232737+00:00,26.67314916666667,-81.80581616666667,28:70:4e:d0:89:20,-84,2412,1,Bermuda,pole 01 S
2025-10-14T19:00:08.232737+00:00,26.67314916666667,-81.80581616666667,28:70:4e:d0:86:c2,-79,2437,6,Bermuda,pole 12 W
2025-10-14T19:00:08.232737+00:00,26.67314916666667,-81.80581616666667,28:70:4e:d2:8b:2d,-87,2462,11,Bermuda,pole 02 N
2025-10-14T19:00:08.232737+00:00,26.67314916666667,-81.80581616666667,2e:70:4e:d2:8b:2d,-90,2462,11,Bermuda Guest WIFI,pole 02 N
2025-10-14T19:00:17.295267+00:00,26.673164166666666,-81.80580533333334,28:70:4e:d0:88:fa,-62,5765,154,Bermuda,pole 11
2025-10-14T19:00:17.295267+00:00,26.673164166666666,-81.80580533333334,28:70:4e:d0:88:f9,-63,2412,1,Bermuda,pole 11
2025-10-14T19:00:17.295267+00:00,26.673164166666666,-81.80580533333334,2e:70:4e:d0:88:f9,-63,2412,1,Bermuda Guest WIFI,pole 11
2025-10-14T19:00:17.295267+00:00,26.673164166666666,-81.80580533333334,2e:70:4e:d0:86:c2,-77,2437,6,Bermuda Guest WIFI,pole 12 W
2025-10-14T19:00:17.295267+00:00,26.673164166666666,-81.80580533333334,2e:70:4e:d0:88:f6,-81,2437,6,Bermuda Guest WIFI,Unknown
2025-10-14T19:00:17.295267+00:00,26.673164166666666,-81.80580533333334,28:70:4e:d2:92:aa,-81,2437,6,Bermuda,pole 12 N
2025-10-14T19:00:17.295267+00:00,26.673164166666666,-81.80580533333334,28:70:4e:d2:c9:b0,-80,2437,6,Bermuda,pole 15 NW
2025-10-14T19:00:17.295267+00:00,26.673164166666666,-81.80580533333334,2e:70:4e:d2:c9:b0,-83,2437,6,Bermuda Guest WIFI,pole 15 NW
2025-10-14T19:00:17.295267+00:00,26.673164166666666,-81.80580533333334,28:70:4e:d0:87:4f,-74,2462,11,Bermuda,pole 13 E
2025-10-14T19:00:17.295267+00:00,26.673164166666666,-81.80580533333334,2e:70:4e:d0:87:4f,-78,2462,11,Bermuda Guest WIFI,pole 13 E
2025-10-14T19:00:17.295267+00:00,26.673164166666666,-81.80580533333334,00:17:1a:d6:27:8a,-82,2462,11,Winegard2ghzD62789,Unknown
2025-10-14T19:00:17.295267+00:00,26.673164166666666,-81.80580533333334,2e:70:4e:d0:88:fa,-63,5765,154,Bermuda Guest WIFI,pole 11
2025-10-14T19:00:17.295267+00:00,26.673164166666666,-81.80580533333334,28:70:4e:d0:89:0b,-82,2412,1,Bermuda,pole 10
2025-10-14T19:00:17.295267+00:00,26.673164166666666,-81.80580533333334,28:70:4e:d0:89:20,-87,2412,1,Bermuda,pole 01 S
2025-10-14T19:00:17.295267+00:00,26.673164166666666,-81.80580533333334,28:70:4e:d0:86:c2,-79,2437,6,Bermuda,pole 12 W
2025-10-14T19:00:17.295267+00:00,26.673164166666666,-81.80580533333334,28:70:4e:d2:8b:2d,-87,2462,11,Bermuda,pole 02 N
2025-10-14T19:00:17.295267+00:00,26.673164166666666,-81.80580533333334,2e:70:4e:d2:8b:2d,-90,2462,11,Bermuda Guest WIFI,pole 02 N
2025-10-14T19:00:17.295267+00:00,26.673164166666666,-81.80580533333334,28:70:4e:dd:d0:49,-67,2437,6,Bermuda,pole 13 SW
2025-10-14T19:00:17.295267+00:00,26.673164166666666,-81.80580533333334,2e:70:4e:dd:d0:49,-68,2437,6,Bermuda Guest WIFI,pole 13 SW
2025-10-14T19:00:17.295267+00:00,26.673164166666666,-81.80580533333334,28:70:4e:dd:d3:1f,-85,2462,11,Bermuda,pole 01 NE
2025-10-14T19:00:26.200238+00:00,26.673222166666665,-81.80576383333333,28:70:4e:d0:88:fa,-64,5765,154,Bermuda,pole 11
2025-10-14T19:00:26.200238+00:00,26.673222166666665,-81.80576383333333,28:70:4e:d0:88:f9,-58,2412,1,Bermuda,pole 11
2025-10-14T19:00:26.200238+00:00,26.673222166666665,-81.80576383333333,2e:70:4e:d0:88:f9,-58,2412,1,Bermuda Guest WIFI,pole 11
2025-10-14T19:00:26.200238+00:00,26.673222166666665,-81.80576383333333,2e:70:4e:d0:86:c2,-74,2437,6,Bermuda Guest WIFI,pole 12 W
2025-10-14T19:00:26.200238+00:00,26.673222166666665,-81.80576383333333,2e:70:4e:d0:88:f6,-81,2437,6,Bermuda Guest WIFI,Unknown
2025-10-14T19:00:26.200238+00:00,26.673222166666665,-81.80576383333333,28:70:4e:d2:92:aa,-74,2437,6,Bermuda,pole 12 N
2025-10-14T19:00:26.200238+00:00,26.673222166666665,-81.80576383333333,28:70:4e:d2:c9:b0,-80,2437,6,Bermuda,pole 15 NW
2025-10-14T19:00:26.200238+00:00,26.673222166666665,-81.80576383333333,2e:70:4e:d2:c9:b0,-83,2437,6,Bermuda Guest WIFI,pole 15 NW
2025-10-14T19:00:26.200238+00:00,26.673222166666665,-81.80576383333333,28:70:4e:d0:87:4f,-74,2462,11,Bermuda,pole 13 E
2025-10-14T19:00:26.200238+00:00,26.673222166666665,-81.80576383333333,2e:70:4e:d0:87:4f,-74,2462,11,Bermuda Guest WIFI,pole 13 E
2025-10-14T19:00:26.200238+00:00,26.673222166666665,-81.80576383333333,00:17:1a:d6:27:8a,-86,2462,11,Winegard2ghzD62789,Unknown
2025-10-14T19:00:26.200238+00:00,26.673222166666665,-81.80576383333333,2e:70:4e:d0:88:fa,-64,5765,154,Bermuda Guest WIFI,pole 11
2025-10-14T19:00:26.200238+00:00,26.673222166666665,-81.80576383333333,28:70:4e:d0:89:0b,-82,2412,1,Bermuda,pole 10
2025-10-14T19:00:26.200238+00:00,26.673222166666665,-81.80576383333333,28:70:4e:d0:89:20,-87,2412,1,Bermuda,pole 01 S
2025-10-14T19:00:26.200238+00:00,26.673222166666665,-81.80576383333333,28:70:4e:d0:86:c2,-74,2437,6,Bermuda,pole 12 W
2025-10-14T19:00:26.200238+00:00,26.673222166666665,-81.80576383333333,28:70:4e:d2:8b:2d,-87,2462,11,Bermuda,pole 02 N
2025-10-14T19:00:26.200238+00:00,26.673222166666665,-81.80576383333333,2e:70:4e:d2:8b:2d,-90,2462,11,Bermuda Guest WIFI,pole 02 N
2025-10-14T19:00:26.200238+00:00,26.673222166666665,-81.80576383333333,28:70:4e:dd:d0:49,-67,2437,6,Bermuda,pole 13 SW
2025-10-14T19:00:26.200238+00:00,26.673222166666665,-81.80576383333333,2e:70:4e:dd:d0:49,-68,2437,6,Bermuda Guest WIFI,pole 13 SW
2025-10-14T19:00:26.200238+00:00,26.673222166666665,-81.80576383333333,28:70:4e:dd:d3:1f,-85,2462,11,Bermuda,pole 01 NE
2025-10-14T19:00:26.200238+00:00,26.673222166666665,-81.80576383333333,2e:70:4e:d0:89:0b,-81,2412,1,Bermuda Guest WIFI,pole 10
2025-10-14T19:00:26.200238+00:00,26.673222166666665,-81.80576383333333,2e:70:4e:d2:92:aa,-74,2437,6,Bermuda Guest WIFI,pole 12 N
2025-10-14T19:00:26.200238+00:00,26.673222166666665,-81.80576383333333,28:70:4e:d0:87:5e,-85,2462,11,Bermuda,pole 15 S
2025-10-14T19:00:26.200238+00:00,26.673222166666665,-81.80576383333333,28:70:4e:d0:88:22,-71,5765,154,Bermuda,pole 14
2025-10-14T19:01:01.835159+00:00,26.67329416666667,-81.80571266666666,28:70:4e:d0:88:fa,-61,5765,154,Bermuda,pole 11
2025-10-14T19:01:01.835159+00:00,26.67329416666667,-81.80571266666666,28:70:4e:d0:88:f9,-69,2412,1,Bermuda,pole 11
2025-10-14T19:01:01.835159+00:00,26.67329416666667,-81.80571266666666,2e:70:4e:d0:88:f9,-68,2412,1,Bermuda Guest WIFI,pole 11
2025-10-14T19:01:01.835159+00:00,26.67329416666667,-81.80571266666666,28:70:4e:d0:89:0b,-77,2412,1,Bermuda,pole 10
2025-10-14T19:01:01.835159+00:00,26.67329416666667,-81.80571266666666,2e:70:4e:d0:89:0b,-77,2412,1,Bermuda Guest WIFI,pole 10
2025-10-14T19:01:01.835159+00:00,26.67329416666667,-81.80571266666666,28:70:4e:d0:86:c2,-69,2437,6,Bermuda,pole 12 W
2025-10-14T19:01:01.835159+00:00,26.67329416666667,-81.80571266666666,2e:70:4e:d0:86:c2,-69,2437,6,Bermuda Guest WIFI,pole 12 W
2025-10-14T19:01:01.835159+00:00,26.67329416666667,-81.80571266666666,2e:70:4e:dd:d3:1f,-80,2462,11,Bermuda Guest WIFI,Unknown
2025-10-14T19:01:01.835159+00:00,26.67329416666667,-81.80571266666666,00:17:1a:d6:27:8a,-86,2462,11,Winegard2ghzD62789,Unknown
2025-10-14T19:01:01.835159+00:00,26.67329416666667,-81.80571266666666,28:70:4e:d0:87:4f,-74,2462,11,Bermuda,pole 13 E
2025-10-14T19:01:01.835159+00:00,26.67329416666667,-81.80571266666666,2e:70:4e:d0:87:4f,-73,2462,11,Bermuda Guest WIFI,pole 13 E
2025-10-14T19:01:01.835159+00:00,26.67329416666667,-81.80571266666666,28:70:4e:d2:8b:2d,-80,2462,11,Bermuda,pole 02 N
2025-10-14T19:01:01.835159+00:00,26.67329416666667,-81.80571266666666,2e:70:4e:d2:8b:2d,-81,2462,11,Bermuda Guest WIFI,pole 02 N
2025-10-14T19:01:10.128200+00:00,26.673248,-81.80563666666667,28:70:4e:d0:88:fa,-61,5765,154,Bermuda,pole 11
2025-10-14T19:01:10.128200+00:00,26.673248,-81.80563666666667,28:70:4e:d0:88:f9,-58,2412,1,Bermuda,pole 11
2025-10-14T19:01:10.128200+00:00,26.673248,-81.80563666666667,2e:70:4e:d0:88:f9,-59,2412,1,Bermuda Guest WIFI,pole 11
2025-10-14T19:01:10.128200+00:00,26.673248,-81.80563666666667,28:70:4e:d0:89:0b,-75,2412,1,Bermuda,pole 10
2025-10-14T19:01:10.128200+00:00,26.673248,-81.80563666666667,2e:70:4e:d0:89:0b,-77,2412,1,Bermuda Guest WIFI,pole 10
2025-10-14T19:01:10.128200+00:00,26.673248,-81.80563666666667,28:70:4e:d0:86:c2,-70,2437,6,Bermuda,pole 12 W
2025-10-14T19:01:10.128200+00:00,26.673248,-81.80563666666667,2e:70:4e:d0:86:c2,-70,2437,6,Bermuda Guest WIFI,pole 12 W
2025-10-14T19:01:10.128200+00:00,26.673248,-81.80563666666667,2e:70:4e:dd:d3:1f,-80,2462,11,Bermuda Guest WIFI,Unknown
2025-10-14T19:01:10.128200+00:00,26.673248,-81.80563666666667,00:17:1a:d6:27:8a,-86,2462,11,Winegard2ghzD62789,Unknown
2025-10-14T19:01:10.128200+00:00,26.673248,-81.80563666666667,28:70:4e:d0:87:4f,-74,2462,11,Bermuda,pole 13 E
2025-10-14T19:01:10.128200+00:00,26.673248,-81.80563666666667,2e:70:4e:d0:87:4f,-73,2462,11,Bermuda Guest WIFI,pole 13 E
2025-10-14T19:01:10.128200+00:00,26.673248,-81.80563666666667,28:70:4e:d2:8b:2d,-80,2462,11,Bermuda,pole 02 N
2025-10-14T19:01:10.128200+00:00,26.673248,-81.80563666666667,2e:70:4e:d2:8b:2d,-81,2462,11,Bermuda Guest WIFI,pole 02 N
2025-10-14T19:01:10.128200+00:00,26.673248,-81.80563666666667,2e:70:4e:d2:92:aa,-72,2437,6,Bermuda Guest WIFI,pole 12 N
2025-10-14T19:01:10.128200+00:00,26.673248,-81.80563666666667,2e:70:4e:d2:c9:b0,-90,2437,6,Bermuda Guest WIFI,pole 15 NW
2025-10-14T19:01:10.128200+00:00,26.673248,-81.80563666666667,28:70:4e:d0:87:5e,-88,2462,11,Bermuda,pole 15 S
2025-10-14T19:01:10.128200+00:00,26.673248,-81.80563666666667,2e:70:4e:d0:87:5e,-88,2462,11,Bermuda Guest WIFI,pole 15 S
2025-10-14T19:01:10.128200+00:00,26.673248,-81.80563666666667,28:70:4e:d2:92:ab,-63,5745,150,Bermuda,pole 12 N
2025-10-14T19:01:10.128200+00:00,26.673248,-81.80563666666667,2e:70:4e:d2:92:ab,-64,5745,150,Bermuda Guest WIFI,pole 12 N
2025-10-14T19:01:10.128200+00:00,26.673248,-81.80563666666667,28:70:4e:d0:87:50,-74,5745,150,Bermuda,pole 13 E
2025-10-14T19:01:10.128200+00:00,26.673248,-81.80563666666667,2e:70:4e:d0:87:50,-75,5745,150,Bermuda Guest WIFI,pole 13 E
2025-10-14T19:01:19.187901+00:00,26.673177,-81.8056685,28:70:4e:d0:88:fa,-67,5765,154,Bermuda,pole 11
2025-10-14T19:01:19.187901+00:00,26.673177,-81.8056685,28:70:4e:d0:88:f9,-59,2412,1,Bermuda,pole 11
2025-10-14T19:01:19.187901+00:00,26.673177,-81.8056685,2e:70:4e:d0:88:f9,-60,2412,1,Bermuda Guest WIFI,pole 11
2025-10-14T19:01:19.187901+00:00,26.673177,-81.8056685,28:70:4e:d0:89:0b,-75,2412,1,Bermuda,pole 10
2025-10-14T19:01:19.187901+00:00,26.673177,-81.8056685,2e:70:4e:d0:89:0b,-74,2412,1,Bermuda Guest WIFI,pole 10
2025-10-14T19:01:19.187901+00:00,26.673177,-81.8056685,28:70:4e:d0:86:c2,-80,2437,6,Bermuda,pole 12 W
2025-10-14T19:01:19.187901+00:00,26.673177,-81.8056685,2e:70:4e:d0:86:c2,-81,2437,6,Bermuda Guest WIFI,pole 12 W
2025-10-14T19:01:19.187901+00:00,26.673177,-81.8056685,2e:70:4e:dd:d3:1f,-80,2462,11,Bermuda Guest WIFI,Unknown
2025-10-14T19:01:19.187901+00:00,26.673177,-81.8056685,00:17:1a:d6:27:8a,-86,2462,11,Winegard2ghzD62789,Unknown
2025-10-14T19:01:19.187901+00:00,26.673177,-81.8056685,28:70:4e:d0:87:4f,-74,2462,11,Bermuda,pole 13 E
2025-10-14T19:01:19.187901+00:00,26.673177,-81.8056685,2e:70:4e:d0:87:4f,-73,2462,11,Bermuda Guest WIFI,pole 13 E
2025-10-14T19:01:19.187901+00:00,26.673177,-81.8056685,28:70:4e:d2:8b:2d,-80,2462,11,Bermuda,pole 02 N
2025-10-14T19:01:19.187901+00:00,26.673177,-81.8056685,2e:70:4e:d2:8b:2d,-81,2462,11,Bermuda Guest WIFI,pole 02 N
2025-10-14T19:01:19.187901+00:00,26.673177,-81.8056685,2e:70:4e:d2:92:aa,-67,2437,6,Bermuda Guest WIFI,pole 12 N
2025-10-14T19:01:19.187901+00:00,26.673177,-81.8056685,2e:70:4e:d2:c9:b0,-90,2437,6,Bermuda Guest WIFI,pole 15 NW
2025-10-14T19:01:19.187901+00:00,26.673177,-81.8056685,28:70:4e:d0:87:5e,-88,2462,11,Bermuda,pole 15 S
2025-10-14T19:01:19.187901+00:00,26.673177,-81.8056685,2e:70:4e:d0:87:5e,-88,2462,11,Bermuda Guest WIFI,pole 15 S
2025-10-14T19:01:19.187901+00:00,26.673177,-81.8056685,28:70:4e:d2:92:ab,-63,5745,150,Bermuda,pole 12 N
2025-10-14T19:01:19.187901+00:00,26.673177,-81.8056685,2e:70:4e:d2:92:ab,-64,5745,150,Bermuda Guest WIFI,pole 12 N
2025-10-14T19:01:19.187901+00:00,26.673177,-81.8056685,28:70:4e:d0:87:50,-65,5745,150,Bermuda,pole 13 E
2025-10-14T19:01:19.187901+00:00,26.673177,-81.8056685,2e:70:4e:d0:87:50,-65,5745,150,Bermuda Guest WIFI,pole 13 E
2025-10-14T19:01:19.187901+00:00,26.673177,-81.8056685,28:70:4e:d0:89:20,-77,2412,1,Bermuda,pole 01 S
2025-10-14T19:01:19.187901+00:00,26.673177,-81.8056685,28:70:4e:d2:92:aa,-69,2437,6,Bermuda,pole 12 N
2025-10-14T19:01:19.187901+00:00,26.673177,-81.8056685,28:70:4e:dd:d0:49,-69,2437,6,Bermuda,pole 13 SW
2025-10-14T19:01:19.187901+00:00,26.673177,-81.8056685,2e:70:4e:dd:d0:49,-69,2437,6,Bermuda Guest WIFI,pole 13 SW
2025-10-14T19:01:28.403997+00:00,26.6731005,-81.80572566666666,28:70:4e:d0:88:fa,-76,5765,154,Bermuda,pole 11
2025-10-14T19:01:28.403997+00:00,26.6731005,-81.80572566666666,28:70:4e:d0:88:f9,-66,2412,1,Bermuda,pole 11
2025-10-14T19:01:28.403997+00:00,26.6731005,-81.80572566666666,2e:70:4e:d0:88:f9,-67,2412,1,Bermuda Guest WIFI,pole 11
2025-10-14T19:01:28.403997+00:00,26.6731005,-81.80572566666666,28:70:4e:d0:89:0b,-75,2412,1,Bermuda,pole 10
2025-10-14T19:01:28.403997+00:00,26.6731005,-81.80572566666666,2e:70:4e:d0:89:0b,-74,2412,1,Bermuda Guest WIFI,pole 10
2025-10-14T19:01:28.403997+00:00,26.6731005,-81.80572566666666,28:70:4e:d0:86:c2,-80,2437,6,Bermuda,pole 12 W
2025-10-14T19:01:28.403997+00:00,26.6731005,-81.80572566666666,2e:70:4e:d0:86:c2,-81,2437,6,Bermuda Guest WIFI,pole 12 W
2025-10-14T19:01:28.403997+00:00,26.6731005,-81.80572566666666,00:17:1a:d6:27:8a,-90,2462,11,Winegard2ghzD62789,Unknown
2025-10-14T19:01:28.403997+00:00,26.6731005,-81.80572566666666,2e:70:4e:d2:92:aa,-71,2437,6,Bermuda Guest WIFI,pole 12 N
2025-10-14T19:01:28.403997+00:00,26.6731005,-81.80572566666666,2e:70:4e:d2:c9:b0,-85,2437,6,Bermuda Guest WIFI,pole 15 NW
2025-10-14T19:01:28.403997+00:00,26.6731005,-81.80572566666666,28:70:4e:d0:87:5e,-88,2462,11,Bermuda,pole 15 S
2025-10-14T19:01:28.403997+00:00,26.6731005,-81.80572566666666,2e:70:4e:d0:87:5e,-88,2462,11,Bermuda Guest WIFI,pole 15 S
2025-10-14T19:01:28.403997+00:00,26.6731005,-81.80572566666666,28:70:4e:d2:92:ab,-63,5745,150,Bermuda,pole 12 N
2025-10-14T19:01:28.403997+00:00,26.6731005,-81.80572566666666,2e:70:4e:d2:92:ab,-64,5745,150,Bermuda Guest WIFI,pole 12 N
2025-10-14T19:01:28.403997+00:00,26.6731005,-81.80572566666666,28:70:4e:d0:87:50,-76,5745,150,Bermuda,pole 13 E
2025-10-14T19:01:28.403997+00:00,26.6731005,-81.80572566666666,2e:70:4e:d0:87:50,-76,5745,150,Bermuda Guest WIFI,pole 13 E
2025-10-14T19:01:28.403997+00:00,26.6731005,-81.80572566666666,28:70:4e:d0:89:20,-77,2412,1,Bermuda,pole 01 S
2025-10-14T19:01:28.403997+00:00,26.6731005,-81.80572566666666,28:70:4e:d2:92:aa,-71,2437,6,Bermuda,pole 12 N
2025-10-14T19:01:28.403997+00:00,26.6731005,-81.80572566666666,28:70:4e:dd:d0:49,-69,2437,6,Bermuda,pole 13 SW
2025-10-14T19:01:28.403997+00:00,26.6731005,-81.80572566666666,2e:70:4e:dd:d0:49,-69,2437,6,Bermuda Guest WIFI,pole 13 SW
2025-10-14T19:01:28.403997+00:00,26.6731005,-81.80572566666666,28:70:4e:d0:88:22,-74,5765,154,Bermuda,pole 14
2025-10-14T19:01:28.403997+00:00,26.6731005,-81.80572566666666,2e:70:4e:d0:88:22,-74,5765,154,Bermuda Guest WIFI,pole 14
2025-10-14T19:02:06.353798+00:00,26.6730895,-81.80572116666667,28:70:4e:d0:88:f9,-60,2412,1,Bermuda,pole 11
2025-10-14T19:02:06.353798+00:00,26.6730895,-81.80572116666667,2e:70:4e:d0:88:f9,-66,2412,1,Bermuda Guest WIFI,pole 11
2025-10-14T19:02:06.353798+00:00,26.6730895,-81.80572116666667,2e:70:4e:d0:89:0b,-83,2412,1,Bermuda Guest WIFI,pole 10
2025-10-14T19:02:06.353798+00:00,26.6730895,-81.80572116666667,28:70:4e:d2:92:aa,-71,2437,6,Bermuda,pole 12 N
2025-10-14T19:02:06.353798+00:00,26.6730895,-81.80572116666667,28:70:4e:d0:89:0b,-70,2412,1,Bermuda,pole 10
2025-10-14T19:02:06.353798+00:00,26.6730895,-81.80572116666667,2e:70:4e:d0:87:4f,-69,2462,11,Bermuda Guest WIFI,pole 13 E
2025-10-14T19:02:06.353798+00:00,26.6730895,-81.80572116666667,2e:70:4e:d2:92:ab,-70,5745,150,Bermuda Guest WIFI,pole 12 N
2025-10-14T19:02:06.353798+00:00,26.6730895,-81.80572116666667,28:70:4e:d0:87:50,-70,5745,150,Bermuda,pole 13 E
2025-10-14T19:02:06.353798+00:00,26.6730895,-81.80572116666667,2e:70:4e:d0:87:50,-70,5745,150,Bermuda Guest WIFI,pole 13 E
2025-10-14T19:02:06.353798+00:00,26.6730895,-81.80572116666667,28:70:4e:d2:92:ab,-70,5745,150,Bermuda,pole 12 N
2025-10-14T19:02:06.353798+00:00,26.6730895,-81.80572116666667,28:70:4e:d0:89:20,-70,2412,1,Bermuda,pole 01 S
2025-10-14T19:02:06.353798+00:00,26.6730895,-81.80572116666667,2e:70:4e:d0:89:20,-70,2412,1,Bermuda Guest WIFI,pole 01 S
2025-10-14T19:02:06.353798+00:00,26.6730895,-81.80572116666667,28:70:4e:d0:86:c2,-79,2437,6,Bermuda,pole 12 W
2025-10-14T19:02:06.353798+00:00,26.6730895,-81.80572116666667,2e:70:4e:d0:86:c2,-78,2437,6,Bermuda Guest WIFI,pole 12 W
2025-10-14T19:02:06.353798+00:00,26.6730895,-81.80572116666667,2e:70:4e:d2:c9:b0,-86,2437,6,Bermuda Guest WIFI,pole 15 NW
2025-10-14T19:02:06.353798+00:00,26.6730895,-81.80572116666667,28:70:4e:dd:d0:4a,-67,5240,49,Bermuda,pole 13 SW
2025-10-14T19:02:16.371602+00:00,26.6730845,-81.8056685,28:70:4e:d0:88:f9,-60,2412,1,Bermuda,pole 11
2025-10-14T19:02:16.371602+00:00,26.6730845,-81.8056685,2e:70:4e:d0:88:f9,-58,2412,1,Bermuda Guest WIFI,pole 11
2025-10-14T19:02:16.371602+00:00,26.6730845,-81.8056685,28:70:4e:d2:92:aa,-69,2437,6,Bermuda,pole 12 N
2025-10-14T19:02:16.371602+00:00,26.6730845,-81.8056685,2e:70:4e:d0:87:4f,-65,2462,11,Bermuda Guest WIFI,pole 13 E
2025-10-14T19:02:16.371602+00:00,26.6730845,-81.8056685,28:70:4e:d0:87:50,-74,5745,150,Bermuda,pole 13 E
2025-10-14T19:02:16.371602+00:00,26.6730845,-81.8056685,2e:70:4e:d0:87:50,-74,5745,150,Bermuda Guest WIFI,pole 13 E
2025-10-14T19:02:16.371602+00:00,26.6730845,-81.8056685,2e:70:4e:d0:89:20,-77,2412,1,Bermuda Guest WIFI,pole 01 S
2025-10-14T19:02:16.371602+00:00,26.6730845,-81.8056685,28:70:4e:d0:86:c2,-73,2437,6,Bermuda,pole 12 W
2025-10-14T19:02:16.371602+00:00,26.6730845,-81.8056685,2e:70:4e:d0:86:c2,-74,2437,6,Bermuda Guest WIFI,pole 12 W
2025-10-14T19:02:16.371602+00:00,26.6730845,-81.8056685,2e:70:4e:d2:c9:b0,-86,2437,6,Bermuda Guest WIFI,pole 15 NW
2025-10-14T19:02:16.371602+00:00,26.6730845,-81.8056685,28:70:4e:dd:d0:4a,-67,5240,49,Bermuda,pole 13 SW
2025-10-14T19:02:16.371602+00:00,26.6730845,-81.8056685,28:70:4e:d0:88:21,-66,2412,1,Bermuda,pole 14
2025-10-14T19:02:16.371602+00:00,26.6730845,-81.8056685,2e:70:4e:d0:88:21,-66,2412,1,Bermuda Guest WIFI,pole 14
2025-10-14T19:02:16.371602+00:00,26.6730845,-81.8056685,28:70:4e:dd:d0:49,-61,2437,6,Bermuda,pole 13 SW
2025-10-14T19:02:16.371602+00:00,26.6730845,-81.8056685,2e:70:4e:dd:d0:49,-67,2437,6,Bermuda Guest WIFI,pole 13 SW
2025-10-14T19:02:16.371602+00:00,26.6730845,-81.8056685,2e:70:4e:d2:92:aa,-70,2437,6,Bermuda Guest WIFI,pole 12 N
2025-10-14T19:02:16.371602+00:00,26.6730845,-81.8056685,28:70:4e:d0:87:4f,-66,2462,11,Bermuda,pole 13 E
2025-10-14T19:02:26.171769+00:00,26.673157166666666,-81.80559033333333,28:70:4e:d0:88:f9,-60,2412,1,Bermuda,pole 11
2025-10-14T19:02:26.171769+00:00,26.673157166666666,-81.80559033333333,2e:70:4e:d0:88:f9,-58,2412,1,Bermuda Guest WIFI,pole 11
2025-10-14T19:02:26.171769+00:00,26.673157166666666,-81.80559033333333,28:70:4e:d2:92:aa,-67,2437,6,Bermuda,pole 12 N
2025-10-14T19:02:26.171769+00:00,26.673157166666666,-81.80559033333333,2e:70:4e:d0:87:4f,-60,2462,11,Bermuda Guest WIFI,pole 13 E
2025-10-14T19:02:26.171769+00:00,26.673157166666666,-81.80559033333333,28:70:4e:d0:87:50,-65,5745,150,Bermuda,pole 13 E
2025-10-14T19:02:26.171769+00:00,26.673157166666666,-81.80559033333333,2e:70:4e:d0:87:50,-65,5745,150,Bermuda Guest WIFI,pole 13 E
2025-10-14T19:02:26.171769+00:00,26.673157166666666,-81.80559033333333,2e:70:4e:d0:89:20,-77,2412,1,Bermuda Guest WIFI,pole 01 S
2025-10-14T19:02:26.171769+00:00,26.673157166666666,-81.80559033333333,28:70:4e:d0:86:c2,-73,2437,6,Bermuda,pole 12 W
2025-10-14T19:02:26.171769+00:00,26.673157166666666,-81.80559033333333,2e:70:4e:d0:86:c2,-73,2437,6,Bermuda Guest WIFI,pole 12 W
2025-10-14T19:02:26.171769+00:00,26.673157166666666,-81.80559033333333,2e:70:4e:d2:c9:b0,-78,2437,6,Bermuda Guest WIFI,pole 15 NW
2025-10-14T19:02:26.171769+00:00,26.673157166666666,-81.80559033333333,28:70:4e:dd:d0:4a,-67,5240,49,Bermuda,pole 13 SW
2025-10-14T19:02:26.171769+00:00,26.673157166666666,-81.80559033333333,28:70:4e:d0:88:21,-58,2412,1,Bermuda,pole 14
2025-10-14T19:02:26.171769+00:00,26.673157166666666,-81.80559033333333,2e:70:4e:d0:88:21,-58,2412,1,Bermuda Guest WIFI,pole 14
2025-10-14T19:02:26.171769+00:00,26.673157166666666,-81.80559033333333,28:70:4e:dd:d0:49,-69,2437,6,Bermuda,pole 13 SW
2025-10-14T19:02:26.171769+00:00,26.673157166666666,-81.80559033333333,2e:70:4e:dd:d0:49,-70,2437,6,Bermuda Guest WIFI,pole 13 SW
2025-10-14T19:02:26.171769+00:00,26.673157166666666,-81.80559033333333,2e:70:4e:d2:92:aa,-66,2437,6,Bermuda Guest WIFI,pole 12 N
2025-10-14T19:02:26.171769+00:00,26.673157166666666,-81.80559033333333,28:70:4e:d0:87:4f,-60,2462,11,Bermuda,pole 13 E
2025-10-14T19:02:26.171769+00:00,26.673157166666666,-81.80559033333333,28:70:4e:d0:87:73,-85,2412,1,Bermuda,pole 18 N
2025-10-14T19:02:26.171769+00:00,26.673157166666666,-81.80559033333333,2e:70:4e:d0:87:73,-86,2412,1,Bermuda Guest WIFI,pole 18 N
2025-10-14T19:02:26.171769+00:00,26.673157166666666,-81.80559033333333,28:70:4e:d0:86:c3,-64,5765,154,Bermuda,pole 12 W
2025-10-14T19:02:26.171769+00:00,26.673157166666666,-81.80559033333333,2e:70:4e:d0:86:c3,-64,5765,154,Bermuda Guest WIFI,pole 12 W
2025-10-14T19:02:36.038024+00:00,26.6732255,-81.805537,28:70:4e:d0:88:f9,-70,2412,1,Bermuda,pole 11
2025-10-14T19:02:36.038024+00:00,26.6732255,-81.805537,2e:70:4e:d0:88:f9,-58,2412,1,Bermuda Guest WIFI,pole 11
2025-10-14T19:02:36.038024+00:00,26.6732255,-81.805537,28:70:4e:d2:92:aa,-74,2437,6,Bermuda,pole 12 N
2025-10-14T19:02:36.038024+00:00,26.6732255,-81.805537,2e:70:4e:d0:87:4f,-64,2462,11,Bermuda Guest WIFI,pole 13 E
2025-10-14T19:02:36.038024+00:00,26.6732255,-81.805537,28:70:4e:d0:87:50,-68,5745,150,Bermuda,pole 13 E
2025-10-14T19:02:36.038024+00:00,26.6732255,-81.805537,2e:70:4e:d0:87:50,-68,5745,150,Bermuda Guest WIFI,pole 13 E
2025-10-14T19:02:36.038024+00:00,26.6732255,-81.805537,2e:70:4e:d0:89:20,-77,2412,1,Bermuda Guest WIFI,pole 01 S
2025-10-14T19:02:36.038024+00:00,26.6732255,-81.805537,28:70:4e:d0:86:c2,-74,2437,6,Bermuda,pole 12 W
2025-10-14T19:02:36.038024+00:00,26.6732255,-81.805537,2e:70:4e:d0:86:c2,-74,2437,6,Bermuda Guest WIFI,pole 12 W
2025-10-14T19:02:36.038024+00:00,26.6732255,-81.805537,2e:70:4e:d2:c9:b0,-84,2437,6,Bermuda Guest WIFI,pole 15 NW
2025-10-14T19:02:36.038024+00:00,26.6732255,-81.805537,28:70:4e:dd:d0:4a,-67,5240,49,Bermuda,pole 13 SW
2025-10-14T19:02:36.038024+00:00,26.6732255,-81.805537,28:70:4e:d0:88:21,-62,2412,1,Bermuda,pole 14
2025-10-14T19:02:36.038024+00:00,26.6732255,-81.805537,2e:70:4e:d0:88:21,-63,2412,1,Bermuda Guest WIFI,pole 14
2025-10-14T19:02:36.038024+00:00,26.6732255,-81.805537,28:70:4e:dd:d0:49,-69,2437,6,Bermuda,pole 13 SW
2025-10-14T19:02:36.038024+00:00,26.6732255,-81.805537,2e:70:4e:dd:d0:49,-70,2437,6,Bermuda Guest WIFI,pole 13 SW
2025-10-14T19:02:36.038024+00:00,26.6732255,-81.805537,2e:70:4e:d2:92:aa,-75,2437,6,Bermuda Guest WIFI,pole 12 N
2025-10-14T19:02:36.038024+00:00,26.6732255,-81.805537,28:70:4e:d0:87:4f,-65,2462,11,Bermuda,pole 13 E
2025-10-14T19:02:36.038024+00:00,26.6732255,-81.805537,28:70:4e:d0:87:73,-85,2412,1,Bermuda,pole 18 N
2025-10-14T19:02:36.038024+00:00,26.6732255,-81.805537,2e:70:4e:d0:87:73,-86,2412,1,Bermuda Guest WIFI,pole 18 N
2025-10-14T19:02:36.038024+00:00,26.6732255,-81.805537,28:70:4e:d0:86:c3,-64,5765,154,Bermuda,pole 12 W
2025-10-14T19:02:36.038024+00:00,26.6732255,-81.805537,2e:70:4e:d0:86:c3,-64,5765,154,Bermuda Guest WIFI,pole 12 W
2025-10-14T19:02:36.038024+00:00,26.6732255,-81.805537,28:70:4e:d2:92:ab,-69,5745,150,Bermuda,pole 12 N
2025-10-14T19:02:36.038024+00:00,26.6732255,-81.805537,2e:70:4e:d2:92:ab,-69,5745,150,Bermuda Guest WIFI,pole 12 N
2025-10-14T19:03:14.557843+00:00,26.673154333333333,-81.80542083333333,28:70:4e:d0:88:f9,-72,2412,1,Bermuda,pole 11
2025-10-14T19:03:14.557843+00:00,26.673154333333333,-81.80542083333333,28:70:4e:d0:88:21,-68,2412,1,Bermuda,pole 14
2025-10-14T19:03:14.557843+00:00,26.673154333333333,-81.80542083333333,2e:70:4e:d0:88:21,-68,2412,1,Bermuda Guest WIFI,pole 14
2025-10-14T19:03:14.557843+00:00,26.673154333333333,-81.80542083333333,28:70:4e:d2:92:aa,-61,2437,6,Bermuda,pole 12 N
2025-10-14T19:03:14.557843+00:00,26.673154333333333,-81.80542083333333,28:70:4e:dd:d0:49,-67,2437,6,Bermuda,pole 13 SW
2025-10-14T19:03:14.557843+00:00,26.673154333333333,-81.80542083333333,2e:70:4e:d2:92:aa,-62,2437,6,Bermuda Guest WIFI,pole 12 N
2025-10-14T19:03:14.557843+00:00,26.673154333333333,-81.80542083333333,2e:70:4e:d0:86:c2,-67,2437,6,Bermuda Guest WIFI,pole 12 W
2025-10-14T19:03:14.557843+00:00,26.673154333333333,-81.80542083333333,2e:70:4e:dd:d0:49,-67,2437,6,Bermuda Guest WIFI,pole 13 SW
2025-10-14T19:03:14.557843+00:00,26.673154333333333,-81.80542083333333,28:70:4e:d0:86:c2,-67,2437,6,Bermuda,pole 12 W
2025-10-14T19:03:14.557843+00:00,26.673154333333333,-81.80542083333333,28:70:4e:d2:c9:b0,-76,2437,6,Bermuda,pole 15 NW
2025-10-14T19:03:14.557843+00:00,26.673154333333333,-81.80542083333333,2e:70:4e:d2:c9:b0,-75,2437,6,Bermuda Guest WIFI,pole 15 NW
2025-10-14T19:03:14.557843+00:00,26.673154333333333,-81.80542083333333,28:70:4e:d0:87:4f,-61,2462,11,Bermuda,pole 13 E
2025-10-14T19:03:14.557843+00:00,26.673154333333333,-81.80542083333333,2e:70:4e:d0:87:4f,-62,2462,11,Bermuda Guest WIFI,pole 13 E
2025-10-14T19:03:14.557843+00:00,26.673154333333333,-81.80542083333333,28:70:4e:d2:92:ab,-61,5745,150,Bermuda,pole 12 N
2025-10-14T19:03:14.557843+00:00,26.673154333333333,-81.80542083333333,2e:70:4e:d2:92:ab,-61,5745,150,Bermuda Guest WIFI,pole 12 N
2025-10-14T19:03:23.150176+00:00,26.673157166666666,-81.80541083333334,28:70:4e:d0:88:f9,-67,2412,1,Bermuda,pole 11
2025-10-14T19:03:23.150176+00:00,26.673157166666666,-81.80541083333334,28:70:4e:d2:92:aa,-68,2437,6,Bermuda,pole 12 N
2025-10-14T19:03:23.150176+00:00,26.673157166666666,-81.80541083333334,2e:70:4e:d0:86:c2,-68,2437,6,Bermuda Guest WIFI,pole 12 W
2025-10-14T19:03:23.150176+00:00,26.673157166666666,-81.80541083333334,28:70:4e:d0:86:c2,-68,2437,6,Bermuda,pole 12 W
2025-10-14T19:03:23.150176+00:00,26.673157166666666,-81.80541083333334,28:70:4e:d0:89:14,-85,2437,6,Bermuda,pole 21
2025-10-14T19:03:23.150176+00:00,26.673157166666666,-81.80541083333334,28:70:4e:d0:88:fa,-63,5765,154,Bermuda,pole 11
2025-10-14T19:03:23.150176+00:00,26.673157166666666,-81.80541083333334,28:70:4e:dd:d0:4a,-63,5240,49,Bermuda,pole 13 SW
2025-10-14T19:03:23.150176+00:00,26.673157166666666,-81.80541083333334,2e:70:4e:d0:88:f9,-67,2412,1,Bermuda Guest WIFI,pole 11
2025-10-14T19:03:23.150176+00:00,26.673157166666666,-81.80541083333334,28:70:4e:d0:89:20,-92,2412,1,Bermuda,pole 01 S
2025-10-14T19:03:23.150176+00:00,26.673157166666666,-81.80541083333334,2e:70:4e:d2:92:aa,-68,2437,6,Bermuda Guest WIFI,pole 12 N
2025-10-14T19:03:23.150176+00:00,26.673157166666666,-81.80541083333334,28:70:4e:dd:d0:49,-82,2437,6,Bermuda,pole 13 SW
2025-10-14T19:03:23.150176+00:00,26.673157166666666,-81.80541083333334,2e:70:4e:dd:d0:4a,-59,5240,49,Bermuda Guest WIFI,pole 13 SW
2025-10-14T19:03:32.242111+00:00,26.673118,-81.80543733333333,28:70:4e:d0:88:f9,-60,2412,1,Bermuda,pole 11
2025-10-14T19:03:32.242111+00:00,26.673118,-81.80543733333333,28:70:4e:d2:92:aa,-63,2437,6,Bermuda,pole 12 N
2025-10-14T19:03:32.242111+00:00,26.673118,-81.80543733333333,2e:70:4e:d0:86:c2,-75,2437,6,Bermuda Guest WIFI,pole 12 W
2025-10-14T19:03:32.242111+00:00,26.673118,-81.80543733333333,28:70:4e:d0:86:c2,-77,2437,6,Bermuda,pole 12 W
2025-10-14T19:03:32.242111+00:00,26.673118,-81.80543733333333,28:70:4e:d0:89:14,-85,2437,6,Bermuda,pole 21
2025-10-14T19:03:32.242111+00:00,26.673118,-81.80543733333333,28:70:4e:d0:88:fa,-63,5765,154,Bermuda,pole 11
2025-10-14T19:03:32.242111+00:00,26.673118,-81.80543733333333,28:70:4e:dd:d0:4a,-55,5240,49,Bermuda,pole 13 SW
2025-10-14T19:03:32.242111+00:00,26.673118,-81.80543733333333,2e:70:4e:d0:88:f9,-60,2412,1,Bermuda Guest WIFI,pole 11
2025-10-14T19:03:32.242111+00:00,26.673118,-81.80543733333333,28:70:4e:d0:89:20,-92,2412,1,Bermuda,pole 01 S
2025-10-14T19:03:32.242111+00:00,26.673118,-81.80543733333333,2e:70:4e:d2:92:aa,-63,2437,6,Bermuda Guest WIFI,pole 12 N
2025-10-14T19:03:32.242111+00:00,26.673118,-81.80543733333333,28:70:4e:dd:d0:49,-61,2437,6,Bermuda,pole 13 SW
2025-10-14T19:03:32.242111+00:00,26.673118,-81.80543733333333,2e:70:4e:dd:d0:4a,-55,5240,49,Bermuda Guest WIFI,pole 13 SW
2025-10-14T19:03:32.242111+00:00,26.673118,-81.80543733333333,2e:70:4e:dd:d0:49,-61,2437,6,Bermuda Guest WIFI,pole 13 SW
2025-10-14T19:03:32.242111+00:00,26.673118,-81.80543733333333,28:70:4e:d0:87:4f,-59,2462,11,Bermuda,pole 13 E
2025-10-14T19:03:32.242111+00:00,26.673118,-81.80543733333333,2e:70:4e:d0:87:dc,-82,2462,11,Bermuda Guest WIFI,pole 07
2025-10-14T19:03:32.242111+00:00,26.673118,-81.80543733333333,2e:70:4e:d0:87:4f,-60,2462,11,Bermuda Guest WIFI,pole 13 E
2025-10-14T19:03:32.242111+00:00,26.673118,-81.80543733333333,28:70:4e:d0:87:5e,-79,2462,11,Bermuda,pole 15 S
2025-10-14T19:03:32.242111+00:00,26.673118,-81.80543733333333,2e:70:4e:d0:87:5e,-80,2462,11,Bermuda Guest WIFI,pole 15 S
2025-10-14T19:03:41.290322+00:00,26.673076166666668,-81.80546616666666,28:70:4e:d0:88:f9,-60,2412,1,Bermuda,pole 11
2025-10-14T19:03:41.290322+00:00,26.673076166666668,-81.80546616666666,28:70:4e:d2:92:aa,-67,2437,6,Bermuda,pole 12 N
2025-10-14T19:03:41.290322+00:00,26.673076166666668,-81.80546616666666,2e:70:4e:d0:86:c2,-71,2437,6,Bermuda Guest WIFI,pole 12 W
2025-10-14T19:03:41.290322+00:00,26.673076166666668,-81.80546616666666,28:70:4e:d0:86:c2,-70,2437,6,Bermuda,pole 12 W
2025-10-14T19:03:41.290322+00:00,26.673076166666668,-81.80546616666666,28:70:4e:d0:89:14,-85,2437,6,Bermuda,pole 21
2025-10-14T19:03:41.290322+00:00,26.673076166666668,-81.80546616666666,28:70:4e:d0:88:fa,-63,5765,154,Bermuda,pole 11
2025-10-14T19:03:41.290322+00:00,26.673076166666668,-81.80546616666666,28:70:4e:dd:d0:4a,-61,5240,49,Bermuda,pole 13 SW
2025-10-14T19:03:41.290322+00:00,26.673076166666668,-81.80546616666666,2e:70:4e:d0:88:f9,-60,2412,1,Bermuda Guest WIFI,pole 11
2025-10-14T19:03:41.290322+00:00,26.673076166666668,-81.80546616666666,28:70:4e:d0:89:20,-92,2412,1,Bermuda,pole 01 S
2025-10-14T19:03:41.290322+00:00,26.673076166666668,-81.80546616666666,2e:70:4e:d2:92:aa,-66,2437,6,Bermuda Guest WIFI,pole 12 N
2025-10-14T19:03:41.290322+00:00,26.673076166666668,-81.80546616666666,28:70:4e:dd:d0:49,-68,2437,6,Bermuda,pole 13 SW
2025-10-14T19:03:41.290322+00:00,26.673076166666668,-81.80546616666666,2e:70:4e:dd:d0:4a,-61,5240,49,Bermuda Guest WIFI,pole 13 SW
2025-10-14T19:03:41.290322+00:00,26.673076166666668,-81.80546616666666,2e:70:4e:dd:d0:49,-68,2437,6,Bermuda Guest WIFI,pole 13 SW
2025-10-14T19:03:41.290322+00:00,26.673076166666668,-81.80546616666666,28:70:4e:d0:87:4f,-59,2462,11,Bermuda,pole 13 E
2025-10-14T19:03:41.290322+00:00,26.673076166666668,-81.80546616666666,2e:70:4e:d0:87:dc,-82,2462,11,Bermuda Guest WIFI,pole 07
2025-10-14T19:03:41.290322+00:00,26.673076166666668,-81.80546616666666,2e:70:4e:d0:87:4f,-60,2462,11,Bermuda Guest WIFI,pole 13 E
2025-10-14T19:03:41.290322+00:00,26.673076166666668,-81.80546616666666,28:70:4e:d0:87:5e,-79,2462,11,Bermuda,pole 15 S
2025-10-14T19:03:41.290322+00:00,26.673076166666668,-81.80546616666666,2e:70:4e:d0:87:5e,-80,2462,11,Bermuda Guest WIFI,pole 15 S
2025-10-14T19:03:41.290322+00:00,26.673076166666668,-81.80546616666666,00:17:1a:d6:27:8a,-85,2462,11,Winegard2ghzD62789,Unknown
2025-10-14T19:04:16.990891+00:00,26.673015,-81.80549366666666,28:70:4e:dd:d0:4a,-61,5240,49,Bermuda,pole 13 SW
2025-10-14T19:04:16.990891+00:00,26.673015,-81.80549366666666,28:70:4e:d0:89:0b,-82,2412,1,Bermuda,pole 10
2025-10-14T19:04:16.990891+00:00,26.673015,-81.80549366666666,28:70:4e:d0:88:f9,-65,2412,1,Bermuda,pole 11
2025-10-14T19:04:16.990891+00:00,26.673015,-81.80549366666666,2e:70:4e:d0:88:f9,-65,2412,1,Bermuda Guest WIFI,pole 11
2025-10-14T19:04:16.990891+00:00,26.673015,-81.80549366666666,2e:70:4e:d0:89:0b,-84,2412,1,Bermuda Guest WIFI,pole 10
2025-10-14T19:04:16.990891+00:00,26.673015,-81.80549366666666,28:70:4e:dd:d0:49,-62,2437,6,Bermuda,pole 13 SW
2025-10-14T19:04:16.990891+00:00,26.673015,-81.80549366666666,2e:70:4e:dd:d0:49,-62,2437,6,Bermuda Guest WIFI,pole 13 SW
2025-10-14T19:04:16.990891+00:00,26.673015,-81.80549366666666,28:70:4e:d0:86:c2,-60,2437,6,Bermuda,pole 12 W
2025-10-14T19:04:16.990891+00:00,26.673015,-81.80549366666666,2e:70:4e:d0:86:c2,-60,2437,6,Bermuda Guest WIFI,pole 12 W
2025-10-14T19:04:16.990891+00:00,26.673015,-81.80549366666666,28:70:4e:d2:92:aa,-66,2437,6,Bermuda,pole 12 N
2025-10-14T19:04:16.990891+00:00,26.673015,-81.80549366666666,2e:70:4e:d2:c9:b0,-86,2437,6,Bermuda Guest WIFI,pole 15 NW
2025-10-14T19:04:16.990891+00:00,26.673015,-81.80549366666666,2e:70:4e:d0:87:4f,-67,2462,11,Bermuda Guest WIFI,pole 13 E
2025-10-14T19:04:16.990891+00:00,26.673015,-81.80549366666666,28:70:4e:d0:87:4f,-67,2462,11,Bermuda,pole 13 E
2025-10-14T19:04:16.990891+00:00,26.673015,-81.80549366666666,2e:70:4e:d2:8b:2d,-81,2462,11,Bermuda Guest WIFI,pole 02 N
2025-10-14T19:04:16.990891+00:00,26.673015,-81.80549366666666,28:70:4e:d0:87:5e,-83,2462,11,Bermuda,pole 15 S
2025-10-14T19:04:16.990891+00:00,26.673015,-81.80549366666666,28:70:4e:d0:88:22,-72,5765,154,Bermuda,pole 14
2025-10-14T19:04:16.990891+00:00,26.673015,-81.80549366666666,2e:70:4e:d0:88:22,-73,5765,154,Bermuda Guest WIFI,pole 14
2025-10-14T19:04:26.451479+00:00,26.672980666666668,-81.80542733333333,28:70:4e:dd:d0:4a,-63,5240,49,Bermuda,pole 13 SW
2025-10-14T19:04:26.451479+00:00,26.672980666666668,-81.80542733333333,28:70:4e:d0:89:0b,-82,2412,1,Bermuda,pole 10
2025-10-14T19:04:26.451479+00:00,26.672980666666668,-81.80542733333333,28:70:4e:d0:88:f9,-65,2412,1,Bermuda,pole 11
2025-10-14T19:04:26.451479+00:00,26.672980666666668,-81.80542733333333,2e:70:4e:d0:88:f9,-65,2412,1,Bermuda Guest WIFI,pole 11
2025-10-14T19:04:26.451479+00:00,26.672980666666668,-81.80542733333333,2e:70:4e:d0:89:0b,-80,2412,1,Bermuda Guest WIFI,pole 10
2025-10-14T19:04:26.451479+00:00,26.672980666666668,-81.80542733333333,28:70:4e:dd:d0:49,-65,2437,6,Bermuda,pole 13 SW
2025-10-14T19:04:26.451479+00:00,26.672980666666668,-81.80542733333333,2e:70:4e:dd:d0:49,-64,2437,6,Bermuda Guest WIFI,pole 13 SW
2025-10-14T19:04:26.451479+00:00,26.672980666666668,-81.80542733333333,28:70:4e:d0:86:c2,-66,2437,6,Bermuda,pole 12 W
2025-10-14T19:04:26.451479+00:00,26.672980666666668,-81.80542733333333,2e:70:4e:d0:86:c2,-66,2437,6,Bermuda Guest WIFI,pole 12 W
2025-10-14T19:04:26.451479+00:00,26.672980666666668,-81.80542733333333,28:70:4e:d2:92:aa,-66,2437,6,Bermuda,pole 12 N
2025-10-14T19:04:26.451479+00:00,26.672980666666668,-81.80542733333333,2e:70:4e:d2:c9:b0,-86,2437,6,Bermuda Guest WIFI,pole 15 NW
2025-10-14T19:04:26.451479+00:00,26.672980666666668,-81.80542733333333,2e:70:4e:d0:87:4f,-67,2462,11,Bermuda Guest WIFI,pole 13 E
2025-10-14T19:04:26.451479+00:00,26.672980666666668,-81.80542733333333,28:70:4e:d0:87:4f,-67,2462,11,Bermuda,pole 13 E
2025-10-14T19:04:26.451479+00:00,26.672980666666668,-81.80542733333333,2e:70:4e:d2:8b:2d,-81,2462,11,Bermuda Guest WIFI,pole 02 N
2025-10-14T19:04:26.451479+00:00,26.672980666666668,-81.80542733333333,28:70:4e:d0:87:5e,-83,2462,11,Bermuda,pole 15 S
2025-10-14T19:04:26.451479+00:00,26.672980666666668,-81.80542733333333,28:70:4e:d0:88:22,-72,5765,154,Bermuda,pole 14
2025-10-14T19:04:26.451479+00:00,26.672980666666668,-81.80542733333333,2e:70:4e:d0:88:22,-73,5765,154,Bermuda Guest WIFI,pole 14
2025-10-14T19:04:26.451479+00:00,26.672980666666668,-81.80542733333333,28:70:4e:d0:89:20,-90,2412,1,Bermuda,pole 01 S
2025-10-14T19:04:26.451479+00:00,26.672980666666668,-81.80542733333333,00:17:1a:d6:27:8a,-85,2462,11,Winegard2ghzD62789,Unknown
2025-10-14T19:04:26.451479+00:00,26.672980666666668,-81.80542733333333,2e:70:4e:dd:d0:4a,-63,5240,49,Bermuda Guest WIFI,pole 13 SW
2025-10-14T19:04:26.451479+00:00,26.672980666666668,-81.80542733333333,28:70:4e:d0:86:c3,-63,5765,154,Bermuda,pole 12 W
2025-10-14T19:04:26.451479+00:00,26.672980666666668,-81.80542733333333,2e:70:4e:d0:86:c3,-63,5765,154,Bermuda Guest WIFI,pole 12 W
2025-10-14T19:04:26.451479+00:00,26.672980666666668,-81.80542733333333,28:70:4e:d2:92:ab,-64,5745,150,Bermuda,pole 12 N
2025-10-14T19:04:26.451479+00:00,26.672980666666668,-81.80542733333333,2e:70:4e:d2:92:ab,-64,5745,150,Bermuda Guest WIFI,pole 12 N
2025-10-14T19:04:34.295802+00:00,26.673051833333332,-81.805381,28:70:4e:dd:d0:4a,-72,5240,49,Bermuda,pole 13 SW
2025-10-14T19:04:34.295802+00:00,26.673051833333332,-81.805381,28:70:4e:d0:89:0b,-82,2412,1,Bermuda,pole 10
2025-10-14T19:04:34.295802+00:00,26.673051833333332,-81.805381,28:70:4e:d0:88:f9,-68,2412,1,Bermuda,pole 11
2025-10-14T19:04:34.295802+00:00,26.673051833333332,-81.805381,2e:70:4e:d0:88:f9,-67,2412,1,Bermuda Guest WIFI,pole 11
2025-10-14T19:04:34.295802+00:00,26.673051833333332,-81.805381,2e:70:4e:d0:89:0b,-81,2412,1,Bermuda Guest WIFI,pole 10
2025-10-14T19:04:34.295802+00:00,26.673051833333332,-81.805381,28:70:4e:dd:d0:49,-66,2437,6,Bermuda,pole 13 SW
2025-10-14T19:04:34.295802+00:00,26.673051833333332,-81.805381,2e:70:4e:dd:d0:49,-65,2437,6,Bermuda Guest WIFI,pole 13 SW
2025-10-14T19:04:34.295802+00:00,26.673051833333332,-81.805381,28:70:4e:d0:86:c2,-68,2437,6,Bermuda,pole 12 W
2025-10-14T19:04:34.295802+00:00,26.673051833333332,-81.805381,2e:70:4e:d0:86:c2,-67,2437,6,Bermuda Guest WIFI,pole 12 W
2025-10-14T19:04:34.295802+00:00,26.673051833333332,-81.805381,28:70:4e:d2:92:aa,-67,2437,6,Bermuda,pole 12 N
2025-10-14T19:04:34.295802+00:00,26.673051833333332,-81.805381,2e:70:4e:d2:c9:b0,-86,2437,6,Bermuda Guest WIFI,pole 15 NW
2025-10-14T19:04:34.295802+00:00,26.673051833333332,-81.805381,2e:70:4e:d0:87:4f,-76,2462,11,Bermuda Guest WIFI,pole 13 E
2025-10-14T19:04:34.295802+00:00,26.673051833333332,-81.805381,28:70:4e:d0:87:4f,-76,2462,11,Bermuda,pole 13 E
2025-10-14T19:04:34.295802+00:00,26.673051833333332,-81.805381,2e:70:4e:d2:8b:2d,-81,2462,11,Bermuda Guest WIFI,pole 02 N
2025-10-14T19:04:34.295802+00:00,26.673051833333332,-81.805381,28:70:4e:d0:87:5e,-83,2462,11,Bermuda,pole 15 S
2025-10-14T19:04:34.295802+00:00,26.673051833333332,-81.805381,28:70:4e:d0:88:22,-72,5765,154,Bermuda,pole 14
2025-10-14T19:04:34.295802+00:00,26.673051833333332,-81.805381,2e:70:4e:d0:88:22,-73,5765,154,Bermuda Guest WIFI,pole 14
2025-10-14T19:04:34.295802+00:00,26.673051833333332,-81.805381,28:70:4e:d0:89:20,-89,2412,1,Bermuda,pole 01 S
2025-10-14T19:04:34.295802+00:00,26.673051833333332,-81.805381,00:17:1a:d6:27:8a,-82,2462,11,Winegard2ghzD62789,Unknown
2025-10-14T19:04:34.295802+00:00,26.673051833333332,-81.805381,2e:70:4e:dd:d0:4a,-63,5240,49,Bermuda Guest WIFI,pole 13 SW
2025-10-14T19:04:34.295802+00:00,26.673051833333332,-81.805381,28:70:4e:d0:86:c3,-63,5765,154,Bermuda,pole 12 W
2025-10-14T19:04:34.295802+00:00,26.673051833333332,-81.805381,2e:70:4e:d0:86:c3,-63,5765,154,Bermuda Guest WIFI,pole 12 W
2025-10-14T19:04:34.295802+00:00,26.673051833333332,-81.805381,28:70:4e:d2:92:ab,-64,5745,150,Bermuda,pole 12 N
2025-10-14T19:04:34.295802+00:00,26.673051833333332,-81.805381,2e:70:4e:d2:92:ab,-64,5745,150,Bermuda Guest WIFI,pole 12 N
2025-10-14T19:04:34.295802+00:00,26.673051833333332,-81.805381,28:70:4e:d0:88:21,-69,2412,1,Bermuda,pole 14
2025-10-14T19:04:34.295802+00:00,26.673051833333332,-81.805381,2e:70:4e:d0:88:21,-69,2412,1,Bermuda Guest WIFI,pole 14
2025-10-14T19:04:34.295802+00:00,26.673051833333332,-81.805381,2e:70:4e:d2:92:aa,-66,2437,6,Bermuda Guest WIFI,pole 12 N
2025-10-14T19:04:43.203888+00:00,26.673113,-81.80533383333334,28:70:4e:dd:d0:4a,-61,5240,49,Bermuda,pole 13 SW
2025-10-14T19:04:43.203888+00:00,26.673113,-81.80533383333334,28:70:4e:d0:89:0b,-82,2412,1,Bermuda,pole 10
2025-10-14T19:04:43.203888+00:00,26.673113,-81.80533383333334,28:70:4e:d0:88:f9,-79,2412,1,Bermuda,pole 11
2025-10-14T19:04:43.203888+00:00,26.673113,-81.80533383333334,2e:70:4e:d0:88:f9,-78,2412,1,Bermuda Guest WIFI,pole 11
2025-10-14T19:04:43.203888+00:00,26.673113,-81.80533383333334,2e:70:4e:d0:89:0b,-81,2412,1,Bermuda Guest WIFI,pole 10
2025-10-14T19:04:43.203888+00:00,26.673113,-81.80533383333334,28:70:4e:dd:d0:49,-66,2437,6,Bermuda,pole 13 SW
2025-10-14T19:04:43.203888+00:00,26.673113,-81.80533383333334,2e:70:4e:dd:d0:49,-65,2437,6,Bermuda Guest WIFI,pole 13 SW
2025-10-14T19:04:43.203888+00:00,26.673113,-81.80533383333334,28:70:4e:d0:86:c2,-67,2437,6,Bermuda,pole 12 W
2025-10-14T19:04:43.203888+00:00,26.673113,-81.80533383333334,2e:70:4e:d0:86:c2,-67,2437,6,Bermuda Guest WIFI,pole 12 W
2025-10-14T19:04:43.203888+00:00,26.673113,-81.80533383333334,28:70:4e:d2:92:aa,-67,2437,6,Bermuda,pole 12 N
2025-10-14T19:04:43.203888+00:00,26.673113,-81.80533383333334,2e:70:4e:d2:c9:b0,-85,2437,6,Bermuda Guest WIFI,pole 15 NW
2025-10-14T19:04:43.203888+00:00,26.673113,-81.80533383333334,2e:70:4e:d0:87:4f,-64,2462,11,Bermuda Guest WIFI,pole 13 E
2025-10-14T19:04:43.203888+00:00,26.673113,-81.80533383333334,28:70:4e:d0:87:4f,-65,2462,11,Bermuda,pole 13 E
2025-10-14T19:04:43.203888+00:00,26.673113,-81.80533383333334,2e:70:4e:d2:8b:2d,-81,2462,11,Bermuda Guest WIFI,pole 02 N
2025-10-14T19:04:43.203888+00:00,26.673113,-81.80533383333334,28:70:4e:d0:87:5e,-83,2462,11,Bermuda,pole 15 S
2025-10-14T19:04:43.203888+00:00,26.673113,-81.80533383333334,28:70:4e:d0:88:22,-73,5765,154,Bermuda,pole 14
2025-10-14T19:04:43.203888+00:00,26.673113,-81.80533383333334,2e:70:4e:d0:88:22,-74,5765,154,Bermuda Guest WIFI,pole 14
2025-10-14T19:04:43.203888+00:00,26.673113,-81.80533383333334,28:70:4e:d0:89:20,-89,2412,1,Bermuda,pole 01 S
2025-10-14T19:04:43.203888+00:00,26.673113,-81.80533383333334,00:17:1a:d6:27:8a,-84,2462,11,Winegard2ghzD62789,Unknown
2025-10-14T19:04:43.203888+00:00,26.673113,-81.80533383333334,2e:70:4e:dd:d0:4a,-61,5240,49,Bermuda Guest WIFI,pole 13 SW
2025-10-14T19:04:43.203888+00:00,26.673113,-81.80533383333334,28:70:4e:d0:86:c3,-61,5765,154,Bermuda,pole 12 W
2025-10-14T19:04:43.203888+00:00,26.673113,-81.80533383333334,2e:70:4e:d0:86:c3,-61,5765,154,Bermuda Guest WIFI,pole 12 W
2025-10-14T19:04:43.203888+00:00,26.673113,-81.80533383333334,28:70:4e:d2:92:ab,-57,5745,150,Bermuda,pole 12 N
2025-10-14T19:04:43.203888+00:00,26.673113,-81.80533383333334,2e:70:4e:d2:92:ab,-57,5745,150,Bermuda Guest WIFI,pole 12 N
2025-10-14T19:04:43.203888+00:00,26.673113,-81.80533383333334,28:70:4e:d0:88:21,-67,2412,1,Bermuda,pole 14
2025-10-14T19:04:43.203888+00:00,26.673113,-81.80533383333334,2e:70:4e:d0:88:21,-66,2412,1,Bermuda Guest WIFI,pole 14
2025-10-14T19:04:43.203888+00:00,26.673113,-81.80533383333334,2e:70:4e:d2:92:aa,-67,2437,6,Bermuda Guest WIFI,pole 12 N
2025-10-14T19:04:43.203888+00:00,26.673113,-81.80533383333334,28:70:4e:d0:89:14,-81,2437,6,Bermuda,pole 21
2025-10-14T19:04:43.203888+00:00,26.673113,-81.80533383333334,2e:70:4e:d0:87:5e,-84,2462,11,Bermuda Guest WIFI,pole 15 S
2025-10-14T19:04:43.203888+00:00,26.673113,-81.80533383333334,28:70:4e:d0:87:50,-67,5745,150,Bermuda,pole 13 E
2025-10-14T19:04:43.203888+00:00,26.673113,-81.80533383333334,2e:70:4e:d0:87:50,-67,5745,150,Bermuda Guest WIFI,pole 13 E
2025-10-14T19:05:19.318601+00:00,26.673064333333333,-81.8052285,28:70:4e:dd:d0:4a,-69,5240,49,Bermuda,pole 13 SW
2025-10-14T19:05:19.318601+00:00,26.673064333333333,-81.8052285,28:70:4e:d0:88:f9,-65,2412,1,Bermuda,pole 11
2025-10-14T19:05:19.318601+00:00,26.673064333333333,-81.8052285,2e:70:4e:d0:88:f9,-65,2412,1,Bermuda Guest WIFI,pole 11
2025-10-14T19:05:19.318601+00:00,26.673064333333333,-81.8052285,28:70:4e:d0:88:21,-63,2412,1,Bermuda,pole 14
2025-10-14T19:05:19.318601+00:00,26.673064333333333,-81.8052285,2e:70:4e:d0:88:21,-63,2412,1,Bermuda Guest WIFI,pole 14
2025-10-14T19:05:19.318601+00:00,26.673064333333333,-81.8052285,28:70:4e:d0:89:0b,-73,2412,1,Bermuda,pole 10
2025-10-14T19:05:19.318601+00:00,26.673064333333333,-81.8052285,28:70:4e:d0:86:c2,-69,2437,6,Bermuda,pole 12 W
2025-10-14T19:05:19.318601+00:00,26.673064333333333,-81.8052285,28:70:4e:d2:92:aa,-64,2437,6,Bermuda,pole 12 N
2025-10-14T19:05:19.318601+00:00,26.673064333333333,-81.8052285,28:70:4e:dd:d0:49,-67,2437,6,Bermuda,pole 13 SW
2025-10-14T19:05:19.318601+00:00,26.673064333333333,-81.8052285,2e:70:4e:d0:86:c2,-69,2437,6,Bermuda Guest WIFI,pole 12 W
2025-10-14T19:05:19.318601+00:00,26.673064333333333,-81.8052285,2e:70:4e:d2:92:aa,-62,2437,6,Bermuda Guest WIFI,pole 12 N
2025-10-14T19:05:19.318601+00:00,26.673064333333333,-81.8052285,2e:70:4e:dd:d0:49,-67,2437,6,Bermuda Guest WIFI,pole 13 SW
2025-10-14T19:05:19.318601+00:00,26.673064333333333,-81.8052285,2e:70:4e:d0:87:4f,-74,2462,11,Bermuda Guest WIFI,pole 13 E
2025-10-14T19:05:19.318601+00:00,26.673064333333333,-81.8052285,00:17:1a:d6:27:8a,-80,2462,11,Winegard2ghzD62789,Unknown
2025-10-14T19:05:19.318601+00:00,26.673064333333333,-81.8052285,28:70:4e:d2:8b:2d,-79,2462,11,Bermuda,pole 02 N
2025-10-14T19:05:19.318601+00:00,26.673064333333333,-81.8052285,28:70:4e:d0:87:5e,-78,2462,11,Bermuda,pole 15 S
2025-10-14T19:05:19.318601+00:00,26.673064333333333,-81.8052285,28:70:4e:d0:86:c3,-63,5765,154,Bermuda,pole 12 W
2025-10-14T19:05:19.318601+00:00,26.673064333333333,-81.8052285,2e:70:4e:d0:86:c3,-63,5765,154,Bermuda Guest WIFI,pole 12 W
2025-10-14T19:05:19.318601+00:00,26.673064333333333,-81.8052285,28:70:4e:d0:88:22,-65,5765,154,Bermuda,pole 14
2025-10-14T19:05:19.318601+00:00,26.673064333333333,-81.8052285,2e:70:4e:d0:88:22,-65,5765,154,Bermuda Guest WIFI,pole 14
2025-10-14T19:05:19.318601+00:00,26.673064333333333,-81.8052285,28:70:4e:d2:92:ab,-58,5745,150,Bermuda,pole 12 N
2025-10-14T19:05:19.318601+00:00,26.673064333333333,-81.8052285,2e:70:4e:d2:92:ab,-58,5745,150,Bermuda Guest WIFI,pole 12 N
2025-10-14T19:05:28.660179+00:00,26.672997666666667,-81.80528683333333,28:70:4e:dd:d0:4a,-69,5240,49,Bermuda,pole 13 SW
2025-10-14T19:05:28.660179+00:00,26.672997666666667,-81.80528683333333,28:70:4e:d0:86:c3,-62,5765,154,Bermuda,pole 12 W
2025-10-14T19:05:28.660179+00:00,26.672997666666667,-81.80528683333333,28:70:4e:d0:88:f9,-67,2412,1,Bermuda,pole 11
2025-10-14T19:05:28.660179+00:00,26.672997666666667,-81.80528683333333,2e:70:4e:d0:88:f9,-68,2412,1,Bermuda Guest WIFI,pole 11
2025-10-14T19:05:28.660179+00:00,26.672997666666667,-81.80528683333333,28:70:4e:d0:86:c2,-57,2437,6,Bermuda,pole 12 W
2025-10-14T19:05:28.660179+00:00,26.672997666666667,-81.80528683333333,28:70:4e:d2:92:aa,-64,2437,6,Bermuda,pole 12 N
2025-10-14T19:05:28.660179+00:00,26.672997666666667,-81.80528683333333,2e:70:4e:d0:86:c2,-56,2437,6,Bermuda Guest WIFI,pole 12 W
2025-10-14T19:05:28.660179+00:00,26.672997666666667,-81.80528683333333,2e:70:4e:d2:92:aa,-65,2437,6,Bermuda Guest WIFI,pole 12 N
2025-10-14T19:05:28.660179+00:00,26.672997666666667,-81.80528683333333,28:70:4e:dd:d0:49,-69,2437,6,Bermuda,pole 13 SW
2025-10-14T19:05:28.660179+00:00,26.672997666666667,-81.80528683333333,2e:70:4e:dd:d0:49,-68,2437,6,Bermuda Guest WIFI,pole 13 SW
2025-10-14T19:05:28.660179+00:00,26.672997666666667,-81.80528683333333,00:17:1a:d6:27:8a,-83,2462,11,Winegard2ghzD62789,Unknown
2025-10-14T19:05:28.660179+00:00,26.672997666666667,-81.80528683333333,28:70:4e:d0:87:5e,-77,2462,11,Bermuda,pole 15 S
2025-10-14T19:05:28.660179+00:00,26.672997666666667,-81.80528683333333,2e:70:4e:d0:86:c3,-61,5765,154,Bermuda Guest WIFI,pole 12 W
2025-10-14T19:05:37.194543+00:00,26.672915,-81.80532383333333,28:70:4e:dd:d0:4a,-69,5240,49,Bermuda,pole 13 SW
2025-10-14T19:05:37.194543+00:00,26.672915,-81.80532383333333,28:70:4e:d0:86:c3,-73,5765,154,Bermuda,pole 12 W
2025-10-14T19:05:37.194543+00:00,26.672915,-81.80532383333333,28:70:4e:d0:88:f9,-67,2412,1,Bermuda,pole 11
2025-10-14T19:05:37.194543+00:00,26.672915,-81.80532383333333,2e:70:4e:d0:88:f9,-68,2412,1,Bermuda Guest WIFI,pole 11
2025-10-14T19:05:37.194543+00:00,26.672915,-81.80532383333333,28:70:4e:d0:86:c2,-57,2437,6,Bermuda,pole 12 W
2025-10-14T19:05:37.194543+00:00,26.672915,-81.80532383333333,28:70:4e:d2:92:aa,-64,2437,6,Bermuda,pole 12 N
2025-10-14T19:05:37.194543+00:00,26.672915,-81.80532383333333,2e:70:4e:d0:86:c2,-56,2437,6,Bermuda Guest WIFI,pole 12 W
2025-10-14T19:05:37.194543+00:00,26.672915,-81.80532383333333,2e:70:4e:d2:92:aa,-65,2437,6,Bermuda Guest WIFI,pole 12 N
2025-10-14T19:05:37.194543+00:00,26.672915,-81.80532383333333,28:70:4e:dd:d0:49,-69,2437,6,Bermuda,pole 13 SW
2025-10-14T19:05:37.194543+00:00,26.672915,-81.80532383333333,2e:70:4e:dd:d0:49,-68,2437,6,Bermuda Guest WIFI,pole 13 SW
2025-10-14T19:05:37.194543+00:00,26.672915,-81.80532383333333,00:17:1a:d6:27:8a,-83,2462,11,Winegard2ghzD62789,Unknown
2025-10-14T19:05:37.194543+00:00,26.672915,-81.80532383333333,28:70:4e:d0:87:5e,-77,2462,11,Bermuda,pole 15 S
2025-10-14T19:05:37.194543+00:00,26.672915,-81.80532383333333,2e:70:4e:d0:86:c3,-61,5765,154,Bermuda Guest WIFI,pole 12 W
2025-10-14T19:05:37.194543+00:00,26.672915,-81.80532383333333,28:70:4e:d0:89:0b,-79,2412,1,Bermuda,pole 10
2025-10-14T19:05:37.194543+00:00,26.672915,-81.80532383333333,2e:70:4e:d0:89:0b,-79,2412,1,Bermuda Guest WIFI,pole 10
2025-10-14T19:05:37.194543+00:00,26.672915,-81.80532383333333,2e:70:4e:d0:87:4f,-74,2462,11,Bermuda Guest WIFI,pole 13 E
2025-10-14T19:05:37.194543+00:00,26.672915,-81.80532383333333,28:70:4e:d0:87:4f,-76,2462,11,Bermuda,pole 13 E
2025-10-14T19:05:37.194543+00:00,26.672915,-81.80532383333333,28:70:4e:d0:86:3e,-89,2462,11,Bermuda,pole 09
2025-10-14T19:05:46.316496+00:00,26.672845333333335,-81.805262,28:70:4e:dd:d0:4a,-69,5240,49,Bermuda,pole 13 SW
2025-10-14T19:05:46.316496+00:00,26.672845333333335,-81.805262,28:70:4e:d0:86:c3,-64,5765,154,Bermuda,pole 12 W
2025-10-14T19:05:46.316496+00:00,26.672845333333335,-81.805262,28:70:4e:d0:88:f9,-66,2412,1,Bermuda,pole 11
2025-10-14T19:05:46.316496+00:00,26.672845333333335,-81.805262,2e:70:4e:d0:88:f9,-64,2412,1,Bermuda Guest WIFI,pole 11
2025-10-14T19:05:46.316496+00:00,26.672845333333335,-81.805262,28:70:4e:d0:86:c2,-69,2437,6,Bermuda,pole 12 W
2025-10-14T19:05:46.316496+00:00,26.672845333333335,-81.805262,28:70:4e:d2:92:aa,-66,2437,6,Bermuda,pole 12 N
2025-10-14T19:05:46.316496+00:00,26.672845333333335,-81.805262,2e:70:4e:d0:86:c2,-68,2437,6,Bermuda Guest WIFI,pole 12 W
2025-10-14T19:05:46.316496+00:00,26.672845333333335,-81.805262,2e:70:4e:d2:92:aa,-65,2437,6,Bermuda Guest WIFI,pole 12 N
2025-10-14T19:05:46.316496+00:00,26.672845333333335,-81.805262,28:70:4e:dd:d0:49,-67,2437,6,Bermuda,pole 13 SW
2025-10-14T19:05:46.316496+00:00,26.672845333333335,-81.805262,2e:70:4e:dd:d0:49,-66,2437,6,Bermuda Guest WIFI,pole 13 SW
2025-10-14T19:05:46.316496+00:00,26.672845333333335,-81.805262,00:17:1a:d6:27:8a,-83,2462,11,Winegard2ghzD62789,Unknown
2025-10-14T19:05:46.316496+00:00,26.672845333333335,-81.805262,28:70:4e:d0:87:5e,-77,2462,11,Bermuda,pole 15 S
2025-10-14T19:05:46.316496+00:00,26.672845333333335,-81.805262,2e:70:4e:d0:86:c3,-64,5765,154,Bermuda Guest WIFI,pole 12 W
2025-10-14T19:05:46.316496+00:00,26.672845333333335,-81.805262,28:70:4e:d0:89:0b,-79,2412,1,Bermuda,pole 10
2025-10-14T19:05:46.316496+00:00,26.672845333333335,-81.805262,2e:70:4e:d0:89:0b,-79,2412,1,Bermuda Guest WIFI,pole 10
2025-10-14T19:05:46.316496+00:00,26.672845333333335,-81.805262,2e:70:4e:d0:87:4f,-71,2462,11,Bermuda Guest WIFI,pole 13 E
2025-10-14T19:05:46.316496+00:00,26.672845333333335,-81.805262,28:70:4e:d0:87:4f,-67,2462,11,Bermuda,pole 13 E
2025-10-14T19:05:46.316496+00:00,26.672845333333335,-81.805262,28:70:4e:d0:86:3e,-89,2462,11,Bermuda,pole 09
2025-10-14T19:05:46.316496+00:00,26.672845333333335,-81.805262,28:70:4e:d0:88:21,-73,2412,1,Bermuda,pole 14
2025-10-14T19:05:46.316496+00:00,26.672845333333335,-81.805262,2e:70:4e:d0:88:21,-72,2412,1,Bermuda Guest WIFI,pole 14
2025-10-14T19:05:46.316496+00:00,26.672845333333335,-81.805262,28:70:4e:dd:d3:1f,-87,2462,11,Bermuda,pole 01 NE
2025-10-14T19:05:46.316496+00:00,26.672845333333335,-81.805262,28:70:4e:d2:8b:2d,-84,2462,11,Bermuda,pole 02 N
2025-10-14T19:05:46.316496+00:00,26.672845333333335,-81.805262,2e:70:4e:dd:d0:4a,-69,5240,49,Bermuda Guest WIFI,pole 13 SW
2025-10-14T19:06:22.656771+00:00,26.6729175,-81.80519183333334,28:70:4e:d0:86:c3,-63,5765,154,Bermuda,pole 12 W
2025-10-14T19:06:22.656771+00:00,26.6729175,-81.80519183333334,28:70:4e:d0:88:f9,-75,2412,1,Bermuda,pole 11
2025-10-14T19:06:22.656771+00:00,26.6729175,-81.80519183333334,2e:70:4e:d0:86:c2,-66,2437,6,Bermuda Guest WIFI,pole 12 W
2025-10-14T19:06:22.656771+00:00,26.6729175,-81.80519183333334,28:70:4e:d2:92:aa,-65,2437,6,Bermuda,pole 12 N
2025-10-14T19:06:22.656771+00:00,26.6729175,-81.80519183333334,2e:70:4e:d2:92:aa,-65,2437,6,Bermuda Guest WIFI,pole 12 N
2025-10-14T19:06:22.656771+00:00,26.6729175,-81.80519183333334,28:70:4e:d0:86:c2,-67,2437,6,Bermuda,pole 12 W
2025-10-14T19:06:22.656771+00:00,26.6729175,-81.80519183333334,28:70:4e:d0:87:5e,-79,2462,11,Bermuda,pole 15 S
2025-10-14T19:06:22.656771+00:00,26.6729175,-81.80519183333334,2e:70:4e:d0:87:5e,-80,2462,11,Bermuda Guest WIFI,pole 15 S
2025-10-14T19:06:31.412072+00:00,26.672987833333334,-81.80515966666667,28:70:4e:d0:86:c3,-65,5765,154,Bermuda,pole 12 W
2025-10-14T19:06:31.412072+00:00,26.672987833333334,-81.80515966666667,28:70:4e:d0:88:f9,-71,2412,1,Bermuda,pole 11
2025-10-14T19:06:31.412072+00:00,26.672987833333334,-81.80515966666667,2e:70:4e:d0:86:c2,-45,2437,6,Bermuda Guest WIFI,pole 12 W
2025-10-14T19:06:31.412072+00:00,26.672987833333334,-81.80515966666667,28:70:4e:d2:92:aa,-57,2437,6,Bermuda,pole 12 N
2025-10-14T19:06:31.412072+00:00,26.672987833333334,-81.80515966666667,2e:70:4e:d2:92:aa,-56,2437,6,Bermuda Guest WIFI,pole 12 N
2025-10-14T19:06:31.412072+00:00,26.672987833333334,-81.80515966666667,28:70:4e:d0:86:c2,-49,2437,6,Bermuda,pole 12 W
2025-10-14T19:06:31.412072+00:00,26.672987833333334,-81.80515966666667,28:70:4e:d0:87:5e,-76,2462,11,Bermuda,pole 15 S
2025-10-14T19:06:31.412072+00:00,26.672987833333334,-81.80515966666667,2e:70:4e:d0:87:5e,-80,2462,11,Bermuda Guest WIFI,pole 15 S
2025-10-14T19:06:31.412072+00:00,26.672987833333334,-81.80515966666667,2e:70:4e:d3:d6:28,-79,2412,1,Bermuda Guest WIFI,pole 18 W
2025-10-14T19:06:31.412072+00:00,26.672987833333334,-81.80515966666667,28:70:4e:d0:87:73,-73,2412,1,Bermuda,pole 18 N
2025-10-14T19:06:31.412072+00:00,26.672987833333334,-81.80515966666667,2e:70:4e:d0:87:73,-73,2412,1,Bermuda Guest WIFI,pole 18 N
2025-10-14T19:06:31.412072+00:00,26.672987833333334,-81.80515966666667,2e:70:4e:d0:88:f9,-68,2412,1,Bermuda Guest WIFI,pole 11
2025-10-14T19:06:31.412072+00:00,26.672987833333334,-81.80515966666667,28:70:4e:d0:89:05,-91,2412,1,Bermuda,pole 06
2025-10-14T19:06:31.412072+00:00,26.672987833333334,-81.80515966666667,2e:70:4e:d0:89:0b,-77,2412,1,Bermuda Guest WIFI,pole 10
2025-10-14T19:06:31.412072+00:00,26.672987833333334,-81.80515966666667,28:70:4e:dd:d0:49,-71,2437,6,Bermuda,pole 13 SW
2025-10-14T19:06:31.412072+00:00,26.672987833333334,-81.80515966666667,2e:70:4e:dd:d0:49,-72,2437,6,Bermuda Guest WIFI,pole 13 SW
2025-10-14T19:06:31.412072+00:00,26.672987833333334,-81.80515966666667,2e:70:4e:d2:c9:b0,-83,2437,6,Bermuda Guest WIFI,pole 15 NW
2025-10-14T19:06:31.412072+00:00,26.672987833333334,-81.80515966666667,2e:70:4e:d0:87:4f,-77,2462,11,Bermuda Guest WIFI,pole 13 E
2025-10-14T19:06:31.412072+00:00,26.672987833333334,-81.80515966666667,00:17:1a:d6:27:8a,-87,2462,11,Winegard2ghzD62789,Unknown
2025-10-14T19:06:31.412072+00:00,26.672987833333334,-81.80515966666667,28:70:4e:d2:8b:2d,-85,2462,11,Bermuda,pole 02 N
2025-10-14T19:06:31.412072+00:00,26.672987833333334,-81.80515966666667,2e:70:4e:d2:8b:2d,-84,2462,11,Bermuda Guest WIFI,pole 02 N
2025-10-14T19:06:31.412072+00:00,26.672987833333334,-81.80515966666667,2e:70:4e:d0:86:c3,-65,5765,154,Bermuda Guest WIFI,pole 12 W
2025-10-14T19:06:31.412072+00:00,26.672987833333334,-81.80515966666667,28:70:4e:d2:92:ab,-58,5745,150,Bermuda,pole 12 N
2025-10-14T19:06:31.412072+00:00,26.672987833333334,-81.80515966666667,2e:70:4e:d2:92:ab,-58,5745,150,Bermuda Guest WIFI,pole 12 N
2025-10-14T19:06:40.228295+00:00,26.673028666666667,-81.805087,28:70:4e:d0:86:c3,-61,5765,154,Bermuda,pole 12 W
2025-10-14T19:06:40.228295+00:00,26.673028666666667,-81.805087,28:70:4e:d0:88:f9,-71,2412,1,Bermuda,pole 11
2025-10-14T19:06:40.228295+00:00,26.673028666666667,-81.805087,2e:70:4e:d0:86:c2,-62,2437,6,Bermuda Guest WIFI,pole 12 W
2025-10-14T19:06:40.228295+00:00,26.673028666666667,-81.805087,28:70:4e:d2:92:aa,-42,2437,6,Bermuda,pole 12 N
2025-10-14T19:06:40.228295+00:00,26.673028666666667,-81.805087,2e:70:4e:d2:92:aa,-41,2437,6,Bermuda Guest WIFI,pole 12 N
2025-10-14T19:06:40.228295+00:00,26.673028666666667,-81.805087,28:70:4e:d0:86:c2,-63,2437,6,Bermuda,pole 12 W
2025-10-14T19:06:40.228295+00:00,26.673028666666667,-81.805087,28:70:4e:d0:87:5e,-76,2462,11,Bermuda,pole 15 S
2025-10-14T19:06:40.228295+00:00,26.673028666666667,-81.805087,2e:70:4e:d0:87:5e,-80,2462,11,Bermuda Guest WIFI,pole 15 S
2025-10-14T19:06:40.228295+00:00,26.673028666666667,-81.805087,2e:70:4e:d3:d6:28,-79,2412,1,Bermuda Guest WIFI,pole 18 W
2025-10-14T19:06:40.228295+00:00,26.673028666666667,-81.805087,28:70:4e:d0:87:73,-73,2412,1,Bermuda,pole 18 N
2025-10-14T19:06:40.228295+00:00,26.673028666666667,-81.805087,2e:70:4e:d0:87:73,-73,2412,1,Bermuda Guest WIFI,pole 18 N
2025-10-14T19:06:40.228295+00:00,26.673028666666667,-81.805087,2e:70:4e:d0:88:f9,-68,2412,1,Bermuda Guest WIFI,pole 11
2025-10-14T19:06:40.228295+00:00,26.673028666666667,-81.805087,28:70:4e:d0:89:05,-91,2412,1,Bermuda,pole 06
2025-10-14T19:06:40.228295+00:00,26.673028666666667,-81.805087,2e:70:4e:d0:89:0b,-73,2412,1,Bermuda Guest WIFI,pole 10
2025-10-14T19:06:40.228295+00:00,26.673028666666667,-81.805087,28:70:4e:dd:d0:49,-71,2437,6,Bermuda,pole 13 SW
2025-10-14T19:06:40.228295+00:00,26.673028666666667,-81.805087,2e:70:4e:dd:d0:49,-72,2437,6,Bermuda Guest WIFI,pole 13 SW
2025-10-14T19:06:40.228295+00:00,26.673028666666667,-81.805087,2e:70:4e:d2:c9:b0,-83,2437,6,Bermuda Guest WIFI,pole 15 NW
2025-10-14T19:06:40.228295+00:00,26.673028666666667,-81.805087,2e:70:4e:d0:87:4f,-77,2462,11,Bermuda Guest WIFI,pole 13 E
2025-10-14T19:06:40.228295+00:00,26.673028666666667,-81.805087,00:17:1a:d6:27:8a,-87,2462,11,Winegard2ghzD62789,Unknown
2025-10-14T19:06:40.228295+00:00,26.673028666666667,-81.805087,28:70:4e:d2:8b:2d,-85,2462,11,Bermuda,pole 02 N
2025-10-14T19:06:40.228295+00:00,26.673028666666667,-81.805087,2e:70:4e:d2:8b:2d,-84,2462,11,Bermuda Guest WIFI,pole 02 N
2025-10-14T19:06:40.228295+00:00,26.673028666666667,-81.805087,2e:70:4e:d0:86:c3,-62,5765,154,Bermuda Guest WIFI,pole 12 W
2025-10-14T19:06:40.228295+00:00,26.673028666666667,-81.805087,28:70:4e:d2:92:ab,-47,5745,150,Bermuda,pole 12 N
2025-10-14T19:06:40.228295+00:00,26.673028666666667,-81.805087,2e:70:4e:d2:92:ab,-47,5745,150,Bermuda Guest WIFI,pole 12 N
2025-10-14T19:06:40.228295+00:00,26.673028666666667,-81.805087,28:70:4e:d0:89:0b,-74,2412,1,Bermuda,pole 10
2025-10-14T19:06:40.228295+00:00,26.673028666666667,-81.805087,28:70:4e:d0:88:21,-80,2412,1,Bermuda,pole 14
2025-10-14T19:06:40.228295+00:00,26.673028666666667,-81.805087,2e:70:4e:d0:88:21,-79,2412,1,Bermuda Guest WIFI,pole 14
2025-10-14T19:06:40.228295+00:00,26.673028666666667,-81.805087,28:70:4e:d0:89:20,-86,2412,1,Bermuda,pole 01 S
2025-10-14T19:06:40.228295+00:00,26.673028666666667,-81.805087,2e:70:4e:d0:89:20,-86,2412,1,Bermuda Guest WIFI,pole 01 S
2025-10-14T19:06:40.228295+00:00,26.673028666666667,-81.805087,28:70:4e:d0:89:02,-81,2462,11,Bermuda,pole 17
2025-10-14T19:06:40.228295+00:00,26.673028666666667,-81.805087,2e:70:4e:d0:89:02,-82,2462,11,Bermuda Guest WIFI,pole 17
2025-10-14T19:06:40.228295+00:00,26.673028666666667,-81.805087,28:70:4e:d0:87:50,-64,5745,150,Bermuda,pole 13 E
2025-10-14T19:06:40.228295+00:00,26.673028666666667,-81.805087,2e:70:4e:d0:87:50,-64,5745,150,Bermuda Guest WIFI,pole 13 E
2025-10-14T19:06:40.228295+00:00,26.673028666666667,-81.805087,28:70:4e:dd:d0:4a,-69,5240,49,Bermuda,pole 13 SW
2025-10-14T19:06:40.228295+00:00,26.673028666666667,-81.805087,2e:70:4e:dd:d0:4a,-69,5240,49,Bermuda Guest WIFI,pole 13 SW
2025-10-14T19:06:49.294035+00:00,26.672959833333334,-81.80504233333333,28:70:4e:d0:86:c3,-63,5765,154,Bermuda,pole 12 W
2025-10-14T19:06:49.294035+00:00,26.672959833333334,-81.80504233333333,28:70:4e:d0:88:f9,-74,2412,1,Bermuda,pole 11
2025-10-14T19:06:49.294035+00:00,26.672959833333334,-81.80504233333333,2e:70:4e:d0:86:c2,-48,2437,6,Bermuda Guest WIFI,pole 12 W
2025-10-14T19:06:49.294035+00:00,26.672959833333334,-81.80504233333333,28:70:4e:d2:92:aa,-54,2437,6,Bermuda,pole 12 N
2025-10-14T19:06:49.294035+00:00,26.672959833333334,-81.80504233333333,2e:70:4e:d2:92:aa,-55,2437,6,Bermuda Guest WIFI,pole 12 N
2025-10-14T19:06:49.294035+00:00,26.672959833333334,-81.80504233333333,28:70:4e:d0:86:c2,-45,2437,6,Bermuda,pole 12 W
2025-10-14T19:06:49.294035+00:00,26.672959833333334,-81.80504233333333,28:70:4e:d0:87:5e,-79,2462,11,Bermuda,pole 15 S
2025-10-14T19:06:49.294035+00:00,26.672959833333334,-81.80504233333333,2e:70:4e:d0:87:5e,-80,2462,11,Bermuda Guest WIFI,pole 15 S
2025-10-14T19:06:49.294035+00:00,26.672959833333334,-81.80504233333333,2e:70:4e:d3:d6:28,-74,2412,1,Bermuda Guest WIFI,pole 18 W
2025-10-14T19:06:49.294035+00:00,26.672959833333334,-81.80504233333333,28:70:4e:d0:87:73,-73,2412,1,Bermuda,pole 18 N
2025-10-14T19:06:49.294035+00:00,26.672959833333334,-81.80504233333333,2e:70:4e:d0:87:73,-72,2412,1,Bermuda Guest WIFI,pole 18 N
2025-10-14T19:06:49.294035+00:00,26.672959833333334,-81.80504233333333,2e:70:4e:d0:88:f9,-75,2412,1,Bermuda Guest WIFI,pole 11
2025-10-14T19:06:49.294035+00:00,26.672959833333334,-81.80504233333333,28:70:4e:d0:89:05,-91,2412,1,Bermuda,pole 06
2025-10-14T19:06:49.294035+00:00,26.672959833333334,-81.80504233333333,2e:70:4e:d0:89:0b,-73,2412,1,Bermuda Guest WIFI,pole 10
2025-10-14T19:06:49.294035+00:00,26.672959833333334,-81.80504233333333,28:70:4e:dd:d0:49,-71,2437,6,Bermuda,pole 13 SW
2025-10-14T19:06:49.294035+00:00,26.672959833333334,-81.80504233333333,2e:70:4e:dd:d0:49,-72,2437,6,Bermuda Guest WIFI,pole 13 SW
2025-10-14T19:06:49.294035+00:00,26.672959833333334,-81.80504233333333,2e:70:4e:d2:c9:b0,-83,2437,6,Bermuda Guest WIFI,pole 15 NW
2025-10-14T19:06:49.294035+00:00,26.672959833333334,-81.80504233333333,2e:70:4e:d0:87:4f,-77,2462,11,Bermuda Guest WIFI,pole 13 E
2025-10-14T19:06:49.294035+00:00,26.672959833333334,-81.80504233333333,00:17:1a:d6:27:8a,-82,2462,11,Winegard2ghzD62789,Unknown
2025-10-14T19:06:49.294035+00:00,26.672959833333334,-81.80504233333333,28:70:4e:d2:8b:2d,-85,2462,11,Bermuda,pole 02 N
2025-10-14T19:06:49.294035+00:00,26.672959833333334,-81.80504233333333,2e:70:4e:d2:8b:2d,-84,2462,11,Bermuda Guest WIFI,pole 02 N
2025-10-14T19:06:49.294035+00:00,26.672959833333334,-81.80504233333333,2e:70:4e:d0:86:c3,-62,5765,154,Bermuda Guest WIFI,pole 12 W
2025-10-14T19:06:49.294035+00:00,26.672959833333334,-81.80504233333333,28:70:4e:d2:92:ab,-60,5745,150,Bermuda,pole 12 N
2025-10-14T19:06:49.294035+00:00,26.672959833333334,-81.80504233333333,2e:70:4e:d2:92:ab,-60,5745,150,Bermuda Guest WIFI,pole 12 N
2025-10-14T19:06:49.294035+00:00,26.672959833333334,-81.80504233333333,28:70:4e:d0:89:0b,-74,2412,1,Bermuda,pole 10
2025-10-14T19:06:49.294035+00:00,26.672959833333334,-81.80504233333333,28:70:4e:d0:88:21,-64,2412,1,Bermuda,pole 14
2025-10-14T19:06:49.294035+00:00,26.672959833333334,-81.80504233333333,2e:70:4e:d0:88:21,-63,2412,1,Bermuda Guest WIFI,pole 14
2025-10-14T19:06:49.294035+00:00,26.672959833333334,-81.80504233333333,28:70:4e:d0:89:20,-86,2412,1,Bermuda,pole 01 S
2025-10-14T19:06:49.294035+00:00,26.672959833333334,-81.80504233333333,2e:70:4e:d0:89:20,-86,2412,1,Bermuda Guest WIFI,pole 01 S
2025-10-14T19:06:49.294035+00:00,26.672959833333334,-81.80504233333333,28:70:4e:d0:89:02,-79,2462,11,Bermuda,pole 17
2025-10-14T19:06:49.294035+00:00,26.672959833333334,-81.80504233333333,2e:70:4e:d0:89:02,-79,2462,11,Bermuda Guest WIFI,pole 17
2025-10-14T19:06:49.294035+00:00,26.672959833333334,-81.80504233333333,28:70:4e:d0:87:50,-64,5745,150,Bermuda,pole 13 E
2025-10-14T19:06:49.294035+00:00,26.672959833333334,-81.80504233333333,2e:70:4e:d0:87:50,-64,5745,150,Bermuda Guest WIFI,pole 13 E
2025-10-14T19:06:49.294035+00:00,26.672959833333334,-81.80504233333333,28:70:4e:dd:d0:4a,-69,5240,49,Bermuda,pole 13 SW
2025-10-14T19:06:49.294035+00:00,26.672959833333334,-81.80504233333333,2e:70:4e:dd:d0:4a,-69,5240,49,Bermuda Guest WIFI,pole 13 SW
2025-10-14T19:06:49.294035+00:00,26.672959833333334,-81.80504233333333,62:22:32:16:1e:32,-88,2437,6,Bermuda Guest WIFI,laundry1
2025-10-14T19:06:49.294035+00:00,26.672959833333334,-81.80504233333333,60:22:32:16:1e:32,-87,2437,6,Bermuda,laundry1
2025-10-14T19:07:25.514913+00:00,26.672849833333334,-81.80506516666667,28:70:4e:d0:86:c3,-62,5765,154,Bermuda,pole 12 W
2025-10-14T19:07:25.514913+00:00,26.672849833333334,-81.80506516666667,28:70:4e:d0:87:73,-76,2412,1,Bermuda,pole 18 N
2025-10-14T19:07:25.514913+00:00,26.672849833333334,-81.80506516666667,2e:70:4e:d0:87:73,-78,2412,1,Bermuda Guest WIFI,pole 18 N
2025-10-14T19:07:25.514913+00:00,26.672849833333334,-81.80506516666667,28:70:4e:d0:88:21,-68,2412,1,Bermuda,pole 14
2025-10-14T19:07:25.514913+00:00,26.672849833333334,-81.80506516666667,2e:70:4e:d0:88:21,-68,2412,1,Bermuda Guest WIFI,pole 14
2025-10-14T19:07:25.514913+00:00,26.672849833333334,-81.80506516666667,28:70:4e:d0:88:f9,-79,2412,1,Bermuda,pole 11
2025-10-14T19:07:25.514913+00:00,26.672849833333334,-81.80506516666667,2e:70:4e:d0:88:f9,-80,2412,1,Bermuda Guest WIFI,pole 11
2025-10-14T19:07:25.514913+00:00,26.672849833333334,-81.80506516666667,2e:70:4e:d0:86:c2,-56,2437,6,Bermuda Guest WIFI,pole 12 W
2025-10-14T19:07:25.514913+00:00,26.672849833333334,-81.80506516666667,28:70:4e:d2:92:aa,-62,2437,6,Bermuda,pole 12 N
2025-10-14T19:07:25.514913+00:00,26.672849833333334,-81.80506516666667,28:70:4e:d0:86:c2,-56,2437,6,Bermuda,pole 12 W
2025-10-14T19:07:25.514913+00:00,26.672849833333334,-81.80506516666667,2e:70:4e:d2:92:aa,-62,2437,6,Bermuda Guest WIFI,pole 12 N
2025-10-14T19:07:25.514913+00:00,26.672849833333334,-81.80506516666667,00:17:1a:d6:27:8a,-85,2462,11,Winegard2ghzD62789,Unknown
2025-10-14T19:07:25.514913+00:00,26.672849833333334,-81.80506516666667,28:70:4e:d0:8d:34,-88,2462,11,Bermuda,pole 20
2025-10-14T19:07:25.514913+00:00,26.672849833333334,-81.80506516666667,28:70:4e:d0:87:5e,-75,2462,11,Bermuda,pole 15 S
2025-10-14T19:07:25.514913+00:00,26.672849833333334,-81.80506516666667,2e:70:4e:d0:87:5e,-76,2462,11,Bermuda Guest WIFI,pole 15 S
2025-10-14T19:07:25.514913+00:00,26.672849833333334,-81.80506516666667,28:70:4e:d0:89:02,-87,2462,11,Bermuda,pole 17
2025-10-14T19:07:25.514913+00:00,26.672849833333334,-81.80506516666667,2e:70:4e:d0:89:02,-90,2462,11,Bermuda Guest WIFI,pole 17
2025-10-14T19:07:25.514913+00:00,26.672849833333334,-81.80506516666667,2e:70:4e:d0:86:c3,-62,5765,154,Bermuda Guest WIFI,pole 12 W
2025-10-14T19:07:25.514913+00:00,26.672849833333334,-81.80506516666667,28:70:4e:d2:92:ab,-60,5745,150,Bermuda,pole 12 N
2025-10-14T19:07:25.514913+00:00,26.672849833333334,-81.80506516666667,2e:70:4e:d2:92:ab,-60,5745,150,Bermuda Guest WIFI,pole 12 N
2025-10-14T19:07:34.291612+00:00,26.672915,-81.80503083333333,28:70:4e:d0:86:c3,-63,5765,154,Bermuda,pole 12 W
2025-10-14T19:07:34.291612+00:00,26.672915,-81.80503083333333,28:70:4e:d0:87:73,-76,2412,1,Bermuda,pole 18 N
2025-10-14T19:07:34.291612+00:00,26.672915,-81.80503083333333,2e:70:4e:d0:87:73,-78,2412,1,Bermuda Guest WIFI,pole 18 N
2025-10-14T19:07:34.291612+00:00,26.672915,-81.80503083333333,28:70:4e:d0:88:21,-58,2412,1,Bermuda,pole 14
2025-10-14T19:07:34.291612+00:00,26.672915,-81.80503083333333,2e:70:4e:d0:88:21,-58,2412,1,Bermuda Guest WIFI,pole 14
2025-10-14T19:07:34.291612+00:00,26.672915,-81.80503083333333,28:70:4e:d0:88:f9,-79,2412,1,Bermuda,pole 11
2025-10-14T19:07:34.291612+00:00,26.672915,-81.80503083333333,2e:70:4e:d0:88:f9,-80,2412,1,Bermuda Guest WIFI,pole 11
2025-10-14T19:07:34.291612+00:00,26.672915,-81.80503083333333,2e:70:4e:d0:86:c2,-56,2437,6,Bermuda Guest WIFI,pole 12 W
2025-10-14T19:07:34.291612+00:00,26.672915,-81.80503083333333,28:70:4e:d2:92:aa,-64,2437,6,Bermuda,pole 12 N
2025-10-14T19:07:34.291612+00:00,26.672915,-81.80503083333333,28:70:4e:d0:86:c2,-56,2437,6,Bermuda,pole 12 W
2025-10-14T19:07:34.291612+00:00,26.672915,-81.80503083333333,2e:70:4e:d2:92:aa,-64,2437,6,Bermuda Guest WIFI,pole 12 N
2025-10-14T19:07:34.291612+00:00,26.672915,-81.80503083333333,00:17:1a:d6:27:8a,-73,2462,11,Winegard2ghzD62789,Unknown
2025-10-14T19:07:34.291612+00:00,26.672915,-81.80503083333333,28:70:4e:d0:8d:34,-88,2462,11,Bermuda,pole 20
2025-10-14T19:07:34.291612+00:00,26.672915,-81.80503083333333,28:70:4e:d0:87:5e,-75,2462,11,Bermuda,pole 15 S
2025-10-14T19:07:34.291612+00:00,26.672915,-81.80503083333333,2e:70:4e:d0:87:5e,-76,2462,11,Bermuda Guest WIFI,pole 15 S
2025-10-14T19:07:34.291612+00:00,26.672915,-81.80503083333333,28:70:4e:d0:89:02,-79,2462,11,Bermuda,pole 17
2025-10-14T19:07:34.291612+00:00,26.672915,-81.80503083333333,2e:70:4e:d0:89:02,-80,2462,11,Bermuda Guest WIFI,pole 17
2025-10-14T19:07:34.291612+00:00,26.672915,-81.80503083333333,2e:70:4e:d0:86:c3,-63,5765,154,Bermuda Guest WIFI,pole 12 W
2025-10-14T19:07:34.291612+00:00,26.672915,-81.80503083333333,28:70:4e:d2:92:ab,-63,5745,150,Bermuda,pole 12 N
2025-10-14T19:07:34.291612+00:00,26.672915,-81.80503083333333,2e:70:4e:d2:92:ab,-63,5745,150,Bermuda Guest WIFI,pole 12 N
2025-10-14T19:07:34.291612+00:00,26.672915,-81.80503083333333,28:70:4e:d0:89:0b,-77,2412,1,Bermuda,pole 10
2025-10-14T19:07:34.291612+00:00,26.672915,-81.80503083333333,2e:70:4e:d0:89:0b,-77,2412,1,Bermuda Guest WIFI,pole 10
2025-10-14T19:07:34.291612+00:00,26.672915,-81.80503083333333,2e:70:4e:d0:89:14,-76,2437,6,Bermuda Guest WIFI,pole 21
2025-10-14T19:07:34.291612+00:00,26.672915,-81.80503083333333,2e:70:4e:d2:c9:b0,-78,2437,6,Bermuda Guest WIFI,pole 15 NW
2025-10-14T19:07:34.291612+00:00,26.672915,-81.80503083333333,28:70:4e:dd:d0:49,-64,2437,6,Bermuda,pole 13 SW
2025-10-14T19:07:34.291612+00:00,26.672915,-81.80503083333333,2e:70:4e:dd:d0:49,-63,2437,6,Bermuda Guest WIFI,pole 13 SW
2025-10-14T19:07:34.291612+00:00,26.672915,-81.80503083333333,28:70:4e:d0:87:4f,-73,2462,11,Bermuda,pole 13 E
2025-10-14T19:07:34.291612+00:00,26.672915,-81.80503083333333,2e:70:4e:d0:87:4f,-73,2462,11,Bermuda Guest WIFI,pole 13 E
2025-10-14T19:07:43.198942+00:00,26.672975,-81.80496216666667,28:70:4e:d0:86:c3,-53,5765,154,Bermuda,pole 12 W
2025-10-14T19:07:43.198942+00:00,26.672975,-81.80496216666667,28:70:4e:d0:87:73,-76,2412,1,Bermuda,pole 18 N
2025-10-14T19:07:43.198942+00:00,26.672975,-81.80496216666667,2e:70:4e:d0:87:73,-78,2412,1,Bermuda Guest WIFI,pole 18 N
2025-10-14T19:07:43.198942+00:00,26.672975,-81.80496216666667,28:70:4e:d0:88:21,-58,2412,1,Bermuda,pole 14
2025-10-14T19:07:43.198942+00:00,26.672975,-81.80496216666667,2e:70:4e:d0:88:21,-58,2412,1,Bermuda Guest WIFI,pole 14
2025-10-14T19:07:43.198942+00:00,26.672975,-81.80496216666667,28:70:4e:d0:88:f9,-79,2412,1,Bermuda,pole 11
2025-10-14T19:07:43.198942+00:00,26.672975,-81.80496216666667,2e:70:4e:d0:88:f9,-80,2412,1,Bermuda Guest WIFI,pole 11
2025-10-14T19:07:43.198942+00:00,26.672975,-81.80496216666667,2e:70:4e:d0:86:c2,-63,2437,6,Bermuda Guest WIFI,pole 12 W
2025-10-14T19:07:43.198942+00:00,26.672975,-81.80496216666667,28:70:4e:d2:92:aa,-63,2437,6,Bermuda,pole 12 N
2025-10-14T19:07:43.198942+00:00,26.672975,-81.80496216666667,28:70:4e:d0:86:c2,-64,2437,6,Bermuda,pole 12 W
2025-10-14T19:07:43.198942+00:00,26.672975,-81.80496216666667,2e:70:4e:d2:92:aa,-62,2437,6,Bermuda Guest WIFI,pole 12 N
2025-10-14T19:07:43.198942+00:00,26.672975,-81.80496216666667,00:17:1a:d6:27:8a,-84,2462,11,Winegard2ghzD62789,Unknown
2025-10-14T19:07:43.198942+00:00,26.672975,-81.80496216666667,28:70:4e:d0:8d:34,-88,2462,11,Bermuda,pole 20
2025-10-14T19:07:43.198942+00:00,26.672975,-81.80496216666667,28:70:4e:d0:87:5e,-75,2462,11,Bermuda,pole 15 S
2025-10-14T19:07:43.198942+00:00,26.672975,-81.80496216666667,2e:70:4e:d0:87:5e,-76,2462,11,Bermuda Guest WIFI,pole 15 S
2025-10-14T19:07:43.198942+00:00,26.672975,-81.80496216666667,28:70:4e:d0:89:02,-79,2462,11,Bermuda,pole 17
2025-10-14T19:07:43.198942+00:00,26.672975,-81.80496216666667,2e:70:4e:d0:89:02,-80,2462,11,Bermuda Guest WIFI,pole 17
2025-10-14T19:07:43.198942+00:00,26.672975,-81.80496216666667,2e:70:4e:d0:86:c3,-64,5765,154,Bermuda Guest WIFI,pole 12 W
2025-10-14T19:07:43.198942+00:00,26.672975,-81.80496216666667,28:70:4e:d2:92:ab,-63,5745,150,Bermuda,pole 12 N
2025-10-14T19:07:43.198942+00:00,26.672975,-81.80496216666667,2e:70:4e:d2:92:ab,-63,5745,150,Bermuda Guest WIFI,pole 12 N
2025-10-14T19:07:43.198942+00:00,26.672975,-81.80496216666667,28:70:4e:d0:89:0b,-84,2412,1,Bermuda,pole 10
2025-10-14T19:07:43.198942+00:00,26.672975,-81.80496216666667,2e:70:4e:d0:89:0b,-77,2412,1,Bermuda Guest WIFI,pole 10
2025-10-14T19:07:43.198942+00:00,26.672975,-81.80496216666667,2e:70:4e:d0:89:14,-76,2437,6,Bermuda Guest WIFI,pole 21
2025-10-14T19:07:43.198942+00:00,26.672975,-81.80496216666667,2e:70:4e:d2:c9:b0,-78,2437,6,Bermuda Guest WIFI,pole 15 NW
2025-10-14T19:07:43.198942+00:00,26.672975,-81.80496216666667,28:70:4e:dd:d0:49,-74,2437,6,Bermuda,pole 13 SW
2025-10-14T19:07:43.198942+00:00,26.672975,-81.80496216666667,2e:70:4e:dd:d0:49,-74,2437,6,Bermuda Guest WIFI,pole 13 SW
2025-10-14T19:07:43.198942+00:00,26.672975,-81.80496216666667,28:70:4e:d0:87:4f,-78,2462,11,Bermuda,pole 13 E
2025-10-14T19:07:43.198942+00:00,26.672975,-81.80496216666667,2e:70:4e:d0:87:4f,-73,2462,11,Bermuda Guest WIFI,pole 13 E
2025-10-14T19:07:43.198942+00:00,26.672975,-81.80496216666667,28:70:4e:d0:89:20,-83,2412,1,Bermuda,pole 01 S
2025-10-14T19:07:43.198942+00:00,26.672975,-81.80496216666667,28:70:4e:dd:d3:1f,-88,2462,11,Bermuda,pole 01 NE
2025-10-14T19:07:43.198942+00:00,26.672975,-81.80496216666667,2e:70:4e:dd:d3:1f,-87,2462,11,Bermuda Guest WIFI,Unknown
2025-10-14T19:07:52.268853+00:00,26.672973166666665,-81.804885,28:70:4e:d0:86:c3,-53,5765,154,Bermuda,pole 12 W
2025-10-14T19:07:52.268853+00:00,26.672973166666665,-81.804885,28:70:4e:d0:88:21,-61,2412,1,Bermuda,pole 14
2025-10-14T19:07:52.268853+00:00,26.672973166666665,-81.804885,2e:70:4e:d0:88:21,-60,2412,1,Bermuda Guest WIFI,pole 14
2025-10-14T19:07:52.268853+00:00,26.672973166666665,-81.804885,28:70:4e:d0:88:f9,-78,2412,1,Bermuda,pole 11
2025-10-14T19:07:52.268853+00:00,26.672973166666665,-81.804885,2e:70:4e:d0:88:f9,-78,2412,1,Bermuda Guest WIFI,pole 11
2025-10-14T19:07:52.268853+00:00,26.672973166666665,-81.804885,2e:70:4e:d0:86:c2,-63,2437,6,Bermuda Guest WIFI,pole 12 W
2025-10-14T19:07:52.268853+00:00,26.672973166666665,-81.804885,28:70:4e:d2:92:aa,-60,2437,6,Bermuda,pole 12 N
2025-10-14T19:07:52.268853+00:00,26.672973166666665,-81.804885,28:70:4e:d0:86:c2,-64,2437,6,Bermuda,pole 12 W
2025-10-14T19:07:52.268853+00:00,26.672973166666665,-81.804885,2e:70:4e:d2:92:aa,-59,2437,6,Bermuda Guest WIFI,pole 12 N
2025-10-14T19:07:52.268853+00:00,26.672973166666665,-81.804885,00:17:1a:d6:27:8a,-84,2462,11,Winegard2ghzD62789,Unknown
2025-10-14T19:07:52.268853+00:00,26.672973166666665,-81.804885,28:70:4e:d0:8d:34,-88,2462,11,Bermuda,pole 20
2025-10-14T19:07:52.268853+00:00,26.672973166666665,-81.804885,28:70:4e:d0:87:5e,-77,2462,11,Bermuda,pole 15 S
2025-10-14T19:07:52.268853+00:00,26.672973166666665,-81.804885,2e:70:4e:d0:87:5e,-76,2462,11,Bermuda Guest WIFI,pole 15 S
2025-10-14T19:07:52.268853+00:00,26.672973166666665,-81.804885,28:70:4e:d0:89:02,-76,2462,11,Bermuda,pole 17
2025-10-14T19:07:52.268853+00:00,26.672973166666665,-81.804885,2e:70:4e:d0:89:02,-76,2462,11,Bermuda Guest WIFI,pole 17
2025-10-14T19:07:52.268853+00:00,26.672973166666665,-81.804885,2e:70:4e:d0:86:c3,-64,5765,154,Bermuda Guest WIFI,pole 12 W
2025-10-14T19:07:52.268853+00:00,26.672973166666665,-81.804885,28:70:4e:d2:92:ab,-63,5745,150,Bermuda,pole 12 N
2025-10-14T19:07:52.268853+00:00,26.672973166666665,-81.804885,2e:70:4e:d2:92:ab,-64,5745,150,Bermuda Guest WIFI,pole 12 N
2025-10-14T19:07:52.268853+00:00,26.672973166666665,-81.804885,28:70:4e:d0:89:0b,-69,2412,1,Bermuda,pole 10
2025-10-14T19:07:52.268853+00:00,26.672973166666665,-81.804885,2e:70:4e:d0:89:0b,-77,2412,1,Bermuda Guest WIFI,pole 10
2025-10-14T19:07:52.268853+00:00,26.672973166666665,-81.804885,2e:70:4e:d0:89:14,-76,2437,6,Bermuda Guest WIFI,pole 21
2025-10-14T19:07:52.268853+00:00,26.672973166666665,-81.804885,2e:70:4e:d2:c9:b0,-82,2437,6,Bermuda Guest WIFI,pole 15 NW
2025-10-14T19:07:52.268853+00:00,26.672973166666665,-81.804885,28:70:4e:dd:d0:49,-73,2437,6,Bermuda,pole 13 SW
2025-10-14T19:07:52.268853+00:00,26.672973166666665,-81.804885,2e:70:4e:dd:d0:49,-71,2437,6,Bermuda Guest WIFI,pole 13 SW
2025-10-14T19:07:52.268853+00:00,26.672973166666665,-81.804885,28:70:4e:d0:87:4f,-70,2462,11,Bermuda,pole 13 E
2025-10-14T19:07:52.268853+00:00,26.672973166666665,-81.804885,2e:70:4e:d0:87:4f,-69,2462,11,Bermuda Guest WIFI,pole 13 E
2025-10-14T19:07:52.268853+00:00,26.672973166666665,-81.804885,28:70:4e:d0:89:20,-83,2412,1,Bermuda,pole 01 S
2025-10-14T19:07:52.268853+00:00,26.672973166666665,-81.804885,28:70:4e:dd:d3:1f,-88,2462,11,Bermuda,pole 01 NE
2025-10-14T19:07:52.268853+00:00,26.672973166666665,-81.804885,2e:70:4e:dd:d3:1f,-87,2462,11,Bermuda Guest WIFI,Unknown
2025-10-14T19:07:52.268853+00:00,26.672973166666665,-81.804885,28:70:4e:d0:87:50,-72,5745,150,Bermuda,pole 13 E
2025-10-14T19:07:52.268853+00:00,26.672973166666665,-81.804885,2e:70:4e:d0:87:50,-72,5745,150,Bermuda Guest WIFI,pole 13 E
2025-10-14T19:08:27.868503+00:00,26.672961333333333,-81.80470466666667,28:70:4e:d0:86:c3,-67,5765,154,Bermuda,pole 12 W
2025-10-14T19:08:27.868503+00:00,26.672961333333333,-81.80470466666667,28:70:4e:d0:87:73,-84,2412,1,Bermuda,pole 18 N
2025-10-14T19:08:27.868503+00:00,26.672961333333333,-81.80470466666667,2e:70:4e:d0:87:73,-84,2412,1,Bermuda Guest WIFI,pole 18 N
2025-10-14T19:08:27.868503+00:00,26.672961333333333,-81.80470466666667,28:70:4e:d0:87:61,-83,2412,1,Bermuda,pole 22 NW
2025-10-14T19:08:27.868503+00:00,26.672961333333333,-81.80470466666667,2e:70:4e:d0:87:61,-82,2412,1,Bermuda Guest WIFI,pole 22 NW
2025-10-14T19:08:27.868503+00:00,26.672961333333333,-81.80470466666667,28:70:4e:d0:88:f9,-82,2412,1,Bermuda,pole 11
2025-10-14T19:08:27.868503+00:00,26.672961333333333,-81.80470466666667,2e:70:4e:d0:88:f9,-80,2412,1,Bermuda Guest WIFI,pole 11
2025-10-14T19:08:27.868503+00:00,26.672961333333333,-81.80470466666667,60:22:32:16:1e:32,-67,2437,6,Bermuda,laundry1
2025-10-14T19:08:27.868503+00:00,26.672961333333333,-81.80470466666667,2e:70:4e:d0:86:c2,-64,2437,6,Bermuda Guest WIFI,pole 12 W
2025-10-14T19:08:27.868503+00:00,26.672961333333333,-81.80470466666667,62:22:32:16:1e:32,-68,2437,6,Bermuda Guest WIFI,laundry1
2025-10-14T19:08:27.868503+00:00,26.672961333333333,-81.80470466666667,28:70:4e:d0:86:c2,-66,2437,6,Bermuda,pole 12 W
2025-10-14T19:08:27.868503+00:00,26.672961333333333,-81.80470466666667,28:70:4e:d2:92:aa,-66,2437,6,Bermuda,pole 12 N
2025-10-14T19:08:27.868503+00:00,26.672961333333333,-81.80470466666667,2e:70:4e:d2:92:aa,-63,2437,6,Bermuda Guest WIFI,pole 12 N
2025-10-14T19:08:27.868503+00:00,26.672961333333333,-81.80470466666667,00:17:1a:d6:27:8a,-83,2462,11,Winegard2ghzD62789,Unknown
2025-10-14T19:08:27.868503+00:00,26.672961333333333,-81.80470466666667,28:70:4e:d0:87:5e,-89,2462,11,Bermuda,pole 15 S
2025-10-14T19:08:27.868503+00:00,26.672961333333333,-81.80470466666667,28:70:4e:d0:89:02,-88,2462,11,Bermuda,pole 17
2025-10-14T19:08:27.868503+00:00,26.672961333333333,-81.80470466666667,2e:70:4e:d0:89:02,-87,2462,11,Bermuda Guest WIFI,pole 17
2025-10-14T19:08:27.868503+00:00,26.672961333333333,-81.80470466666667,28:70:4e:d2:92:ab,-74,5745,150,Bermuda,pole 12 N
2025-10-14T19:08:27.868503+00:00,26.672961333333333,-81.80470466666667,2e:70:4e:d2:92:ab,-74,5745,150,Bermuda Guest WIFI,pole 12 N
2025-10-14T19:08:27.868503+00:00,26.672961333333333,-81.80470466666667,60:22:32:16:1e:33,-53,5805,162,Bermuda,laundry1
2025-10-14T19:08:27.868503+00:00,26.672961333333333,-81.80470466666667,62:22:32:16:1e:33,-53,5805,162,Bermuda Guest WIFI,laundry1
2025-10-14T19:08:36.343215+00:00,26.672940166666667,-81.80468116666667,28:70:4e:d0:86:c3,-67,5765,154,Bermuda,pole 12 W
2025-10-14T19:08:36.343215+00:00,26.672940166666667,-81.80468116666667,28:70:4e:d0:87:73,-84,2412,1,Bermuda,pole 18 N
2025-10-14T19:08:36.343215+00:00,26.672940166666667,-81.80468116666667,2e:70:4e:d0:87:73,-84,2412,1,Bermuda Guest WIFI,pole 18 N
2025-10-14T19:08:36.343215+00:00,26.672940166666667,-81.80468116666667,28:70:4e:d0:87:61,-83,2412,1,Bermuda,pole 22 NW
2025-10-14T19:08:36.343215+00:00,26.672940166666667,-81.80468116666667,2e:70:4e:d0:87:61,-82,2412,1,Bermuda Guest WIFI,pole 22 NW
2025-10-14T19:08:36.343215+00:00,26.672940166666667,-81.80468116666667,28:70:4e:d0:88:f9,-84,2412,1,Bermuda,pole 11
2025-10-14T19:08:36.343215+00:00,26.672940166666667,-81.80468116666667,2e:70:4e:d0:88:f9,-80,2412,1,Bermuda Guest WIFI,pole 11
2025-10-14T19:08:36.343215+00:00,26.672940166666667,-81.80468116666667,60:22:32:16:1e:32,-75,2437,6,Bermuda,laundry1
2025-10-14T19:08:36.343215+00:00,26.672940166666667,-81.80468116666667,2e:70:4e:d0:86:c2,-59,2437,6,Bermuda Guest WIFI,pole 12 W
2025-10-14T19:08:36.343215+00:00,26.672940166666667,-81.80468116666667,62:22:32:16:1e:32,-73,2437,6,Bermuda Guest WIFI,laundry1
2025-10-14T19:08:36.343215+00:00,26.672940166666667,-81.80468116666667,28:70:4e:d0:86:c2,-59,2437,6,Bermuda,pole 12 W
2025-10-14T19:08:36.343215+00:00,26.672940166666667,-81.80468116666667,28:70:4e:d2:92:aa,-61,2437,6,Bermuda,pole 12 N
2025-10-14T19:08:36.343215+00:00,26.672940166666667,-81.80468116666667,2e:70:4e:d2:92:aa,-60,2437,6,Bermuda Guest WIFI,pole 12 N
2025-10-14T19:08:36.343215+00:00,26.672940166666667,-81.80468116666667,00:17:1a:d6:27:8a,-81,2462,11,Winegard2ghzD62789,Unknown
2025-10-14T19:08:36.343215+00:00,26.672940166666667,-81.80468116666667,28:70:4e:d0:87:5e,-89,2462,11,Bermuda,pole 15 S
2025-10-14T19:08:36.343215+00:00,26.672940166666667,-81.80468116666667,28:70:4e:d0:89:02,-88,2462,11,Bermuda,pole 17
2025-10-14T19:08:36.343215+00:00,26.672940166666667,-81.80468116666667,2e:70:4e:d0:89:02,-87,2462,11,Bermuda Guest WIFI,pole 17
2025-10-14T19:08:36.343215+00:00,26.672940166666667,-81.80468116666667,28:70:4e:d2:92:ab,-74,5745,150,Bermuda,pole 12 N
2025-10-14T19:08:36.343215+00:00,26.672940166666667,-81.80468116666667,2e:70:4e:d2:92:ab,-74,5745,150,Bermuda Guest WIFI,pole 12 N
2025-10-14T19:08:36.343215+00:00,26.672940166666667,-81.80468116666667,60:22:32:16:1e:33,-68,5805,162,Bermuda,laundry1
2025-10-14T19:08:36.343215+00:00,26.672940166666667,-81.80468116666667,62:22:32:16:1e:33,-67,5805,162,Bermuda Guest WIFI,laundry1
2025-10-14T19:08:36.343215+00:00,26.672940166666667,-81.80468116666667,28:70:4e:d0:88:21,-58,2412,1,Bermuda,pole 14
2025-10-14T19:08:36.343215+00:00,26.672940166666667,-81.80468116666667,2e:70:4e:d0:88:21,-56,2412,1,Bermuda Guest WIFI,pole 14
2025-10-14T19:08:36.343215+00:00,26.672940166666667,-81.80468116666667,28:70:4e:d0:89:0b,-80,2412,1,Bermuda,pole 10
2025-10-14T19:08:36.343215+00:00,26.672940166666667,-81.80468116666667,2e:70:4e:d0:89:0b,-80,2412,1,Bermuda Guest WIFI,pole 10
2025-10-14T19:08:36.343215+00:00,26.672940166666667,-81.80468116666667,28:70:4e:dd:d0:49,-78,2437,6,Bermuda,pole 13 SW
2025-10-14T19:08:36.343215+00:00,26.672940166666667,-81.80468116666667,74:83:c2:9a:33:47,-82,2462,11,Bermuda,guard house
2025-10-14T19:08:36.343215+00:00,26.672940166666667,-81.80468116666667,7a:83:c2:9a:33:47,-81,2462,11,Bermuda Guest WIFI,guard house
2025-10-14T19:08:45.105783+00:00,26.672858,-81.80465033333333,28:70:4e:d0:86:c3,-67,5765,154,Bermuda,pole 12 W
2025-10-14T19:08:45.105783+00:00,26.672858,-81.80465033333333,28:70:4e:d0:87:73,-84,2412,1,Bermuda,pole 18 N
2025-10-14T19:08:45.105783+00:00,26.672858,-81.80465033333333,2e:70:4e:d0:87:73,-84,2412,1,Bermuda Guest WIFI,pole 18 N
2025-10-14T19:08:45.105783+00:00,26.672858,-81.80465033333333,28:70:4e:d0:87:61,-83,2412,1,Bermuda,pole 22 NW
2025-10-14T19:08:45.105783+00:00,26.672858,-81.80465033333333,2e:70:4e:d0:87:61,-82,2412,1,Bermuda Guest WIFI,pole 22 NW
2025-10-14T19:08:45.105783+00:00,26.672858,-81.80465033333333,28:70:4e:d0:88:f9,-84,2412,1,Bermuda,pole 11
2025-10-14T19:08:45.105783+00:00,26.672858,-81.80465033333333,2e:70:4e:d0:88:f9,-80,2412,1,Bermuda Guest WIFI,pole 11
2025-10-14T19:08:45.105783+00:00,26.672858,-81.80465033333333,60:22:32:16:1e:32,-66,2437,6,Bermuda,laundry1
2025-10-14T19:08:45.105783+00:00,26.672858,-81.80465033333333,2e:70:4e:d0:86:c2,-59,2437,6,Bermuda Guest WIFI,pole 12 W
2025-10-14T19:08:45.105783+00:00,26.672858,-81.80465033333333,62:22:32:16:1e:32,-65,2437,6,Bermuda Guest WIFI,laundry1
2025-10-14T19:08:45.105783+00:00,26.672858,-81.80465033333333,28:70:4e:d0:86:c2,-71,2437,6,Bermuda,pole 12 W
2025-10-14T19:08:45.105783+00:00,26.672858,-81.80465033333333,28:70:4e:d2:92:aa,-67,2437,6,Bermuda,pole 12 N
2025-10-14T19:08:45.105783+00:00,26.672858,-81.80465033333333,2e:70:4e:d2:92:aa,-66,2437,6,Bermuda Guest WIFI,pole 12 N
2025-10-14T19:08:45.105783+00:00,26.672858,-81.80465033333333,00:17:1a:d6:27:8a,-83,2462,11,Winegard2ghzD62789,Unknown
2025-10-14T19:08:45.105783+00:00,26.672858,-81.80465033333333,28:70:4e:d0:87:5e,-89,2462,11,Bermuda,pole 15 S
2025-10-14T19:08:45.105783+00:00,26.672858,-81.80465033333333,28:70:4e:d0:89:02,-88,2462,11,Bermuda,pole 17
2025-10-14T19:08:45.105783+00:00,26.672858,-81.80465033333333,2e:70:4e:d0:89:02,-87,2462,11,Bermuda Guest WIFI,pole 17
2025-10-14T19:08:45.105783+00:00,26.672858,-81.80465033333333,28:70:4e:d2:92:ab,-74,5745,150,Bermuda,pole 12 N
2025-10-14T19:08:45.105783+00:00,26.672858,-81.80465033333333,2e:70:4e:d2:92:ab,-74,5745,150,Bermuda Guest WIFI,pole 12 N
2025-10-14T19:08:45.105783+00:00,26.672858,-81.80465033333333,60:22:32:16:1e:33,-52,5805,162,Bermuda,laundry1
2025-10-14T19:08:45.105783+00:00,26.672858,-81.80465033333333,62:22:32:16:1e:33,-52,5805,162,Bermuda Guest WIFI,laundry1
2025-10-14T19:08:45.105783+00:00,26.672858,-81.80465033333333,28:70:4e:d0:88:21,-58,2412,1,Bermuda,pole 14
2025-10-14T19:08:45.105783+00:00,26.672858,-81.80465033333333,2e:70:4e:d0:88:21,-56,2412,1,Bermuda Guest WIFI,pole 14
2025-10-14T19:08:45.105783+00:00,26.672858,-81.80465033333333,28:70:4e:d0:89:0b,-80,2412,1,Bermuda,pole 10
2025-10-14T19:08:45.105783+00:00,26.672858,-81.80465033333333,2e:70:4e:d0:89:0b,-84,2412,1,Bermuda Guest WIFI,pole 10
2025-10-14T19:08:45.105783+00:00,26.672858,-81.80465033333333,28:70:4e:dd:d0:49,-78,2437,6,Bermuda,pole 13 SW
2025-10-14T19:08:45.105783+00:00,26.672858,-81.80465033333333,74:83:c2:9a:33:47,-82,2462,11,Bermuda,guard house
2025-10-14T19:08:45.105783+00:00,26.672858,-81.80465033333333,7a:83:c2:9a:33:47,-81,2462,11,Bermuda Guest WIFI,guard house
2025-10-14T19:08:45.105783+00:00,26.672858,-81.80465033333333,2e:70:4e:d0:86:3e,-90,2462,11,Bermuda Guest WIFI,pole 09
2025-10-14T19:08:45.105783+00:00,26.672858,-81.80465033333333,2e:70:4e:d0:87:4f,-81,2462,11,Bermuda Guest WIFI,pole 13 E
2025-10-14T19:08:54.319860+00:00,26.6728395,-81.80462766666666,28:70:4e:d0:86:c3,-77,5765,154,Bermuda,pole 12 W
2025-10-14T19:08:54.319860+00:00,26.6728395,-81.80462766666666,28:70:4e:d0:88:f9,-84,2412,1,Bermuda,pole 11
2025-10-14T19:08:54.319860+00:00,26.6728395,-81.80462766666666,60:22:32:16:1e:32,-82,2437,6,Bermuda,laundry1
2025-10-14T19:08:54.319860+00:00,26.6728395,-81.80462766666666,2e:70:4e:d0:86:c2,-78,2437,6,Bermuda Guest WIFI,pole 12 W
2025-10-14T19:08:54.319860+00:00,26.6728395,-81.80462766666666,62:22:32:16:1e:32,-76,2437,6,Bermuda Guest WIFI,laundry1
2025-10-14T19:08:54.319860+00:00,26.6728395,-81.80462766666666,28:70:4e:d0:86:c2,-79,2437,6,Bermuda,pole 12 W
2025-10-14T19:08:54.319860+00:00,26.6728395,-81.80462766666666,28:70:4e:d2:92:aa,-67,2437,6,Bermuda,pole 12 N
2025-10-14T19:08:54.319860+00:00,26.6728395,-81.80462766666666,2e:70:4e:d2:92:aa,-66,2437,6,Bermuda Guest WIFI,pole 12 N
2025-10-14T19:08:54.319860+00:00,26.6728395,-81.80462766666666,00:17:1a:d6:27:8a,-81,2462,11,Winegard2ghzD62789,Unknown
2025-10-14T19:08:54.319860+00:00,26.6728395,-81.80462766666666,28:70:4e:d0:87:5e,-89,2462,11,Bermuda,pole 15 S
2025-10-14T19:08:54.319860+00:00,26.6728395,-81.80462766666666,28:70:4e:d0:89:02,-88,2462,11,Bermuda,pole 17
2025-10-14T19:08:54.319860+00:00,26.6728395,-81.80462766666666,2e:70:4e:d0:89:02,-87,2462,11,Bermuda Guest WIFI,pole 17
2025-10-14T19:08:54.319860+00:00,26.6728395,-81.80462766666666,28:70:4e:d2:92:ab,-74,5745,150,Bermuda,pole 12 N
2025-10-14T19:08:54.319860+00:00,26.6728395,-81.80462766666666,2e:70:4e:d2:92:ab,-74,5745,150,Bermuda Guest WIFI,pole 12 N
2025-10-14T19:08:54.319860+00:00,26.6728395,-81.80462766666666,60:22:32:16:1e:33,-74,5805,162,Bermuda,laundry1
2025-10-14T19:08:54.319860+00:00,26.6728395,-81.80462766666666,62:22:32:16:1e:33,-76,5805,162,Bermuda Guest WIFI,laundry1
2025-10-14T19:08:54.319860+00:00,26.6728395,-81.80462766666666,28:70:4e:d0:88:21,-58,2412,1,Bermuda,pole 14
2025-10-14T19:08:54.319860+00:00,26.6728395,-81.80462766666666,2e:70:4e:d0:88:21,-56,2412,1,Bermuda Guest WIFI,pole 14
2025-10-14T19:08:54.319860+00:00,26.6728395,-81.80462766666666,28:70:4e:d0:89:0b,-80,2412,1,Bermuda,pole 10
2025-10-14T19:08:54.319860+00:00,26.6728395,-81.80462766666666,2e:70:4e:d0:89:0b,-84,2412,1,Bermuda Guest WIFI,pole 10
2025-10-14T19:08:54.319860+00:00,26.6728395,-81.80462766666666,28:70:4e:dd:d0:49,-78,2437,6,Bermuda,pole 13 SW
2025-10-14T19:08:54.319860+00:00,26.6728395,-81.80462766666666,74:83:c2:9a:33:47,-82,2462,11,Bermuda,guard house
2025-10-14T19:08:54.319860+00:00,26.6728395,-81.80462766666666,7a:83:c2:9a:33:47,-81,2462,11,Bermuda Guest WIFI,guard house
2025-10-14T19:08:54.319860+00:00,26.6728395,-81.80462766666666,2e:70:4e:d0:86:3e,-90,2462,11,Bermuda Guest WIFI,pole 09
2025-10-14T19:08:54.319860+00:00,26.6728395,-81.80462766666666,2e:70:4e:d0:87:4f,-81,2462,11,Bermuda Guest WIFI,pole 13 E
2025-10-14T19:08:54.319860+00:00,26.6728395,-81.80462766666666,28:70:4e:d2:c9:b0,-71,2437,6,Bermuda,pole 15 NW
2025-10-14T19:08:54.319860+00:00,26.6728395,-81.80462766666666,2e:70:4e:d2:c9:b0,-72,2437,6,Bermuda Guest WIFI,pole 15 NW
2025-10-14T19:08:54.319860+00:00,26.6728395,-81.80462766666666,2e:70:4e:d0:87:5e,-72,2462,11,Bermuda Guest WIFI,pole 15 S
2025-10-14T19:08:54.319860+00:00,26.6728395,-81.80462766666666,28:70:4e:dd:d0:4a,-68,5240,49,Bermuda,pole 13 SW
2025-10-14T19:08:54.319860+00:00,26.6728395,-81.80462766666666,2e:70:4e:dd:d0:4a,-69,5240,49,Bermuda Guest WIFI,pole 13 SW
2025-10-14T19:09:30.748244+00:00,26.672936166666666,-81.80451033333334,28:70:4e:d0:88:21,-58,2412,1,Bermuda,pole 14
2025-10-14T19:09:30.748244+00:00,26.672936166666666,-81.80451033333334,28:70:4e:d0:86:c2,-61,2437,6,Bermuda,pole 12 W
2025-10-14T19:09:30.748244+00:00,26.672936166666666,-81.80451033333334,2e:70:4e:d0:88:22,-70,5765,154,Bermuda Guest WIFI,pole 14
2025-10-14T19:09:30.748244+00:00,26.672936166666666,-81.80451033333334,28:70:4e:dd:d0:4a,-66,5240,49,Bermuda,pole 13 SW
2025-10-14T19:09:30.748244+00:00,26.672936166666666,-81.80451033333334,2e:70:4e:dd:d0:4a,-66,5240,49,Bermuda Guest WIFI,pole 13 SW
2025-10-14T19:09:30.748244+00:00,26.672936166666666,-81.80451033333334,28:70:4e:d0:89:0b,-70,2412,1,Bermuda,pole 10
2025-10-14T19:09:30.748244+00:00,26.672936166666666,-81.80451033333334,2e:70:4e:d0:88:f9,-75,2412,1,Bermuda Guest WIFI,pole 11
2025-10-14T19:09:30.748244+00:00,26.672936166666666,-81.80451033333334,2e:70:4e:d0:89:0b,-71,2412,1,Bermuda Guest WIFI,pole 10
2025-10-14T19:09:30.748244+00:00,26.672936166666666,-81.80451033333334,62:22:32:16:1e:32,-82,2437,6,Bermuda Guest WIFI,laundry1
2025-10-14T19:09:30.748244+00:00,26.672936166666666,-81.80451033333334,28:70:4e:d2:92:aa,-64,2437,6,Bermuda,pole 12 N
2025-10-14T19:09:30.748244+00:00,26.672936166666666,-81.80451033333334,2e:70:4e:d0:86:c2,-61,2437,6,Bermuda Guest WIFI,pole 12 W
2025-10-14T19:09:30.748244+00:00,26.672936166666666,-81.80451033333334,2e:70:4e:d2:92:aa,-65,2437,6,Bermuda Guest WIFI,pole 12 N
2025-10-14T19:09:30.748244+00:00,26.672936166666666,-81.80451033333334,28:70:4e:d2:8b:2d,-84,2462,11,Bermuda,pole 02 N
2025-10-14T19:09:30.748244+00:00,26.672936166666666,-81.80451033333334,28:70:4e:d0:88:22,-71,5765,154,Bermuda,pole 14
2025-10-14T19:09:30.748244+00:00,26.672936166666666,-81.80451033333334,62:22:32:16:1e:33,-69,5805,162,Bermuda Guest WIFI,laundry1
2025-10-14T19:09:30.748244+00:00,26.672936166666666,-81.80451033333334,60:22:32:16:1e:33,-69,5805,162,Bermuda,laundry1
2025-10-14T19:09:40.221146+00:00,26.673015333333332,-81.80456816666667,28:70:4e:d0:88:21,-58,2412,1,Bermuda,pole 14
2025-10-14T19:09:40.221146+00:00,26.673015333333332,-81.80456816666667,28:70:4e:d0:86:c2,-70,2437,6,Bermuda,pole 12 W
2025-10-14T19:09:40.221146+00:00,26.673015333333332,-81.80456816666667,2e:70:4e:d0:88:22,-70,5765,154,Bermuda Guest WIFI,pole 14
2025-10-14T19:09:40.221146+00:00,26.673015333333332,-81.80456816666667,28:70:4e:dd:d0:4a,-66,5240,49,Bermuda,pole 13 SW
2025-10-14T19:09:40.221146+00:00,26.673015333333332,-81.80456816666667,2e:70:4e:dd:d0:4a,-66,5240,49,Bermuda Guest WIFI,pole 13 SW
2025-10-14T19:09:40.221146+00:00,26.673015333333332,-81.80456816666667,28:70:4e:d0:89:0b,-70,2412,1,Bermuda,pole 10
2025-10-14T19:09:40.221146+00:00,26.673015333333332,-81.80456816666667,2e:70:4e:d0:88:f9,-75,2412,1,Bermuda Guest WIFI,pole 11
2025-10-14T19:09:40.221146+00:00,26.673015333333332,-81.80456816666667,2e:70:4e:d0:89:0b,-71,2412,1,Bermuda Guest WIFI,pole 10
2025-10-14T19:09:40.221146+00:00,26.673015333333332,-81.80456816666667,62:22:32:16:1e:32,-65,2437,6,Bermuda Guest WIFI,laundry1
2025-10-14T19:09:40.221146+00:00,26.673015333333332,-81.80456816666667,28:70:4e:d2:92:aa,-69,2437,6,Bermuda,pole 12 N
2025-10-14T19:09:40.221146+00:00,26.673015333333332,-81.80456816666667,2e:70:4e:d0:86:c2,-71,2437,6,Bermuda Guest WIFI,pole 12 W
2025-10-14T19:09:40.221146+00:00,26.673015333333332,-81.80456816666667,2e:70:4e:d2:92:aa,-66,2437,6,Bermuda Guest WIFI,pole 12 N
2025-10-14T19:09:40.221146+00:00,26.673015333333332,-81.80456816666667,28:70:4e:d2:8b:2d,-84,2462,11,Bermuda,pole 02 N
2025-10-14T19:09:40.221146+00:00,26.673015333333332,-81.80456816666667,28:70:4e:d0:88:22,-71,5765,154,Bermuda,pole 14
2025-10-14T19:09:40.221146+00:00,26.673015333333332,-81.80456816666667,62:22:32:16:1e:33,-64,5805,162,Bermuda Guest WIFI,laundry1
2025-10-14T19:09:40.221146+00:00,26.673015333333332,-81.80456816666667,60:22:32:16:1e:33,-64,5805,162,Bermuda,laundry1
2025-10-14T19:09:40.221146+00:00,26.673015333333332,-81.80456816666667,60:22:32:16:1e:32,-63,2437,6,Bermuda,laundry1
2025-10-14T19:09:40.221146+00:00,26.673015333333332,-81.80456816666667,28:70:4e:dd:d0:49,-74,2437,6,Bermuda,pole 13 SW
2025-10-14T19:09:40.221146+00:00,26.673015333333332,-81.80456816666667,2e:70:4e:dd:d0:49,-77,2437,6,Bermuda Guest WIFI,pole 13 SW
2025-10-14T19:09:40.221146+00:00,26.673015333333332,-81.80456816666667,00:17:1a:d6:27:8a,-80,2462,11,Winegard2ghzD62789,Unknown
2025-10-14T19:09:40.221146+00:00,26.673015333333332,-81.80456816666667,2e:70:4e:d0:87:5e,-82,2462,11,Bermuda Guest WIFI,pole 15 S
2025-10-14T19:09:40.221146+00:00,26.673015333333332,-81.80456816666667,28:70:4e:d2:92:ab,-64,5745,150,Bermuda,pole 12 N
2025-10-14T19:09:40.221146+00:00,26.673015333333332,-81.80456816666667,2e:70:4e:d2:92:ab,-64,5745,150,Bermuda Guest WIFI,pole 12 N
2025-10-14T19:09:50.041255+00:00,26.673091333333332,-81.80462266666666,28:70:4e:d0:88:21,-55,2412,1,Bermuda,pole 14
2025-10-14T19:09:50.041255+00:00,26.673091333333332,-81.80462266666666,28:70:4e:d0:86:c2,-67,2437,6,Bermuda,pole 12 W
2025-10-14T19:09:50.041255+00:00,26.673091333333332,-81.80462266666666,2e:70:4e:d0:88:22,-70,5765,154,Bermuda Guest WIFI,pole 14
2025-10-14T19:09:50.041255+00:00,26.673091333333332,-81.80462266666666,28:70:4e:dd:d0:4a,-66,5240,49,Bermuda,pole 13 SW
2025-10-14T19:09:50.041255+00:00,26.673091333333332,-81.80462266666666,2e:70:4e:dd:d0:4a,-66,5240,49,Bermuda Guest WIFI,pole 13 SW
2025-10-14T19:09:50.041255+00:00,26.673091333333332,-81.80462266666666,28:70:4e:d0:89:0b,-78,2412,1,Bermuda,pole 10
2025-10-14T19:09:50.041255+00:00,26.673091333333332,-81.80462266666666,2e:70:4e:d0:88:f9,-79,2412,1,Bermuda Guest WIFI,pole 11
2025-10-14T19:09:50.041255+00:00,26.673091333333332,-81.80462266666666,2e:70:4e:d0:89:0b,-71,2412,1,Bermuda Guest WIFI,pole 10
2025-10-14T19:09:50.041255+00:00,26.673091333333332,-81.80462266666666,62:22:32:16:1e:32,-65,2437,6,Bermuda Guest WIFI,laundry1
2025-10-14T19:09:50.041255+00:00,26.673091333333332,-81.80462266666666,28:70:4e:d2:92:aa,-63,2437,6,Bermuda,pole 12 N
2025-10-14T19:09:50.041255+00:00,26.673091333333332,-81.80462266666666,2e:70:4e:d0:86:c2,-67,2437,6,Bermuda Guest WIFI,pole 12 W
2025-10-14T19:09:50.041255+00:00,26.673091333333332,-81.80462266666666,2e:70:4e:d2:92:aa,-61,2437,6,Bermuda Guest WIFI,pole 12 N
2025-10-14T19:09:50.041255+00:00,26.673091333333332,-81.80462266666666,28:70:4e:d2:8b:2d,-84,2462,11,Bermuda,pole 02 N
2025-10-14T19:09:50.041255+00:00,26.673091333333332,-81.80462266666666,28:70:4e:d0:88:22,-71,5765,154,Bermuda,pole 14
2025-10-14T19:09:50.041255+00:00,26.673091333333332,-81.80462266666666,62:22:32:16:1e:33,-71,5805,162,Bermuda Guest WIFI,laundry1
2025-10-14T19:09:50.041255+00:00,26.673091333333332,-81.80462266666666,60:22:32:16:1e:33,-71,5805,162,Bermuda,laundry1
2025-10-14T19:09:50.041255+00:00,26.673091333333332,-81.80462266666666,60:22:32:16:1e:32,-63,2437,6,Bermuda,laundry1
2025-10-14T19:09:50.041255+00:00,26.673091333333332,-81.80462266666666,28:70:4e:dd:d0:49,-74,2437,6,Bermuda,pole 13 SW
2025-10-14T19:09:50.041255+00:00,26.673091333333332,-81.80462266666666,2e:70:4e:dd:d0:49,-77,2437,6,Bermuda Guest WIFI,pole 13 SW
2025-10-14T19:09:50.041255+00:00,26.673091333333332,-81.80462266666666,00:17:1a:d6:27:8a,-78,2462,11,Winegard2ghzD62789,Unknown
2025-10-14T19:09:50.041255+00:00,26.673091333333332,-81.80462266666666,2e:70:4e:d0:87:5e,-82,2462,11,Bermuda Guest WIFI,pole 15 S
2025-10-14T19:09:50.041255+00:00,26.673091333333332,-81.80462266666666,28:70:4e:d2:92:ab,-64,5745,150,Bermuda,pole 12 N
2025-10-14T19:09:50.041255+00:00,26.673091333333332,-81.80462266666666,2e:70:4e:d2:92:ab,-64,5745,150,Bermuda Guest WIFI,pole 12 N
2025-10-14T19:09:50.041255+00:00,26.673091333333332,-81.80462266666666,2e:70:4e:d0:88:21,-53,2412,1,Bermuda Guest WIFI,pole 14
2025-10-14T19:09:50.041255+00:00,26.673091333333332,-81.80462266666666,2e:70:4e:d0:88:fa,-79,5765,154,Bermuda Guest WIFI,pole 11
2025-10-14T19:10:00.101766+00:00,26.6731595,-81.80467433333334,28:70:4e:d0:88:21,-57,2412,1,Bermuda,pole 14
2025-10-14T19:10:00.101766+00:00,26.6731595,-81.80467433333334,28:70:4e:d0:86:c2,-71,2437,6,Bermuda,pole 12 W
2025-10-14T19:10:00.101766+00:00,26.6731595,-81.80467433333334,28:70:4e:d0:89:0b,-80,2412,1,Bermuda,pole 10
2025-10-14T19:10:00.101766+00:00,26.6731595,-81.80467433333334,2e:70:4e:d0:88:f9,-84,2412,1,Bermuda Guest WIFI,pole 11
2025-10-14T19:10:00.101766+00:00,26.6731595,-81.80467433333334,2e:70:4e:d0:89:0b,-81,2412,1,Bermuda Guest WIFI,pole 10
2025-10-14T19:10:00.101766+00:00,26.6731595,-81.80467433333334,62:22:32:16:1e:32,-87,2437,6,Bermuda Guest WIFI,laundry1
2025-10-14T19:10:00.101766+00:00,26.6731595,-81.80467433333334,28:70:4e:d2:92:aa,-62,2437,6,Bermuda,pole 12 N
2025-10-14T19:10:00.101766+00:00,26.6731595,-81.80467433333334,2e:70:4e:d0:86:c2,-72,2437,6,Bermuda Guest WIFI,pole 12 W
2025-10-14T19:10:00.101766+00:00,26.6731595,-81.80467433333334,2e:70:4e:d2:92:aa,-61,2437,6,Bermuda Guest WIFI,pole 12 N
2025-10-14T19:10:00.101766+00:00,26.6731595,-81.80467433333334,62:22:32:16:1e:33,-81,5805,162,Bermuda Guest WIFI,laundry1
2025-10-14T19:10:00.101766+00:00,26.6731595,-81.80467433333334,60:22:32:16:1e:33,-83,5805,162,Bermuda,laundry1
2025-10-14T19:10:00.101766+00:00,26.6731595,-81.80467433333334,60:22:32:16:1e:32,-85,2437,6,Bermuda,laundry1
2025-10-14T19:10:00.101766+00:00,26.6731595,-81.80467433333334,28:70:4e:dd:d0:49,-76,2437,6,Bermuda,pole 13 SW
2025-10-14T19:10:00.101766+00:00,26.6731595,-81.80467433333334,2e:70:4e:dd:d0:49,-75,2437,6,Bermuda Guest WIFI,pole 13 SW
2025-10-14T19:10:00.101766+00:00,26.6731595,-81.80467433333334,00:17:1a:d6:27:8a,-76,2462,11,Winegard2ghzD62789,Unknown
2025-10-14T19:10:00.101766+00:00,26.6731595,-81.80467433333334,2e:70:4e:d0:87:5e,-82,2462,11,Bermuda Guest WIFI,pole 15 S
2025-10-14T19:10:00.101766+00:00,26.6731595,-81.80467433333334,28:70:4e:d2:92:ab,-64,5745,150,Bermuda,pole 12 N
2025-10-14T19:10:00.101766+00:00,26.6731595,-81.80467433333334,2e:70:4e:d2:92:ab,-64,5745,150,Bermuda Guest WIFI,pole 12 N
2025-10-14T19:10:00.101766+00:00,26.6731595,-81.80467433333334,2e:70:4e:d0:88:21,-58,2412,1,Bermuda Guest WIFI,pole 14
2025-10-14T19:10:00.101766+00:00,26.6731595,-81.80467433333334,2e:70:4e:d0:88:fa,-79,5765,154,Bermuda Guest WIFI,pole 11
2025-10-14T19:10:37.936525+00:00,26.673198833333334,-81.80477183333333,28:70:4e:d0:88:21,-58,2412,1,Bermuda,pole 14
2025-10-14T19:10:37.936525+00:00,26.673198833333334,-81.80477183333333,2e:70:4e:d0:88:a8,-92,2412,1,Bermuda Guest WIFI,pole 04
2025-10-14T19:10:37.936525+00:00,26.673198833333334,-81.80477183333333,62:22:32:16:1e:32,-90,2437,6,Bermuda Guest WIFI,laundry1
2025-10-14T19:10:37.936525+00:00,26.673198833333334,-81.80477183333333,28:70:4e:dd:d0:49,-68,2437,6,Bermuda,pole 13 SW
2025-10-14T19:10:37.936525+00:00,26.673198833333334,-81.80477183333333,2e:70:4e:dd:d0:49,-67,2437,6,Bermuda Guest WIFI,pole 13 SW
2025-10-14T19:10:37.936525+00:00,26.673198833333334,-81.80477183333333,28:70:4e:d0:86:c2,-82,2437,6,Bermuda,pole 12 W
2025-10-14T19:10:37.936525+00:00,26.673198833333334,-81.80477183333333,60:22:32:16:1e:32,-88,2437,6,Bermuda,laundry1
2025-10-14T19:10:37.936525+00:00,26.673198833333334,-81.80477183333333,28:70:4e:d2:92:aa,-78,2437,6,Bermuda,pole 12 N
2025-10-14T19:10:37.936525+00:00,26.673198833333334,-81.80477183333333,2e:70:4e:d0:87:5e,-84,2462,11,Bermuda Guest WIFI,pole 15 S
2025-10-14T19:10:37.936525+00:00,26.673198833333334,-81.80477183333333,00:17:1a:d6:27:8a,-82,2462,11,Winegard2ghzD62789,Unknown
2025-10-14T19:10:37.936525+00:00,26.673198833333334,-81.80477183333333,2e:70:4e:d0:89:02,-84,2462,11,Bermuda Guest WIFI,pole 17
2025-10-14T19:10:37.936525+00:00,26.673198833333334,-81.80477183333333,28:70:4e:d0:88:22,-62,5765,154,Bermuda,pole 14
2025-10-14T19:10:37.936525+00:00,26.673198833333334,-81.80477183333333,2e:70:4e:d0:88:22,-62,5765,154,Bermuda Guest WIFI,pole 14
2025-10-14T19:10:37.936525+00:00,26.673198833333334,-81.80477183333333,28:70:4e:d0:87:50,-77,5745,150,Bermuda,pole 13 E
2025-10-14T19:10:37.936525+00:00,26.673198833333334,-81.80477183333333,2e:70:4e:d0:87:50,-77,5745,150,Bermuda Guest WIFI,pole 13 E
2025-10-14T19:10:48.229770+00:00,26.6732075,-81.80488183333334,28:70:4e:d0:88:21,-60,2412,1,Bermuda,pole 14
2025-10-14T19:10:48.229770+00:00,26.6732075,-81.80488183333334,2e:70:4e:d0:88:a8,-92,2412,1,Bermuda Guest WIFI,pole 04
2025-10-14T19:10:48.229770+00:00,26.6732075,-81.80488183333334,62:22:32:16:1e:32,-90,2437,6,Bermuda Guest WIFI,laundry1
2025-10-14T19:10:48.229770+00:00,26.6732075,-81.80488183333334,28:70:4e:dd:d0:49,-68,2437,6,Bermuda,pole 13 SW
2025-10-14T19:10:48.229770+00:00,26.6732075,-81.80488183333334,2e:70:4e:dd:d0:49,-69,2437,6,Bermuda Guest WIFI,pole 13 SW
2025-10-14T19:10:48.229770+00:00,26.6732075,-81.80488183333334,28:70:4e:d0:86:c2,-82,2437,6,Bermuda,pole 12 W
2025-10-14T19:10:48.229770+00:00,26.6732075,-81.80488183333334,60:22:32:16:1e:32,-86,2437,6,Bermuda,laundry1
2025-10-14T19:10:48.229770+00:00,26.6732075,-81.80488183333334,28:70:4e:d2:92:aa,-76,2437,6,Bermuda,pole 12 N
2025-10-14T19:10:48.229770+00:00,26.6732075,-81.80488183333334,2e:70:4e:d0:87:5e,-84,2462,11,Bermuda Guest WIFI,pole 15 S
2025-10-14T19:10:48.229770+00:00,26.6732075,-81.80488183333334,00:17:1a:d6:27:8a,-77,2462,11,Winegard2ghzD62789,Unknown
2025-10-14T19:10:48.229770+00:00,26.6732075,-81.80488183333334,2e:70:4e:d0:89:02,-84,2462,11,Bermuda Guest WIFI,pole 17
2025-10-14T19:10:48.229770+00:00,26.6732075,-81.80488183333334,28:70:4e:d0:88:22,-59,5765,154,Bermuda,pole 14
2025-10-14T19:10:48.229770+00:00,26.6732075,-81.80488183333334,2e:70:4e:d0:88:22,-59,5765,154,Bermuda Guest WIFI,pole 14
2025-10-14T19:10:48.229770+00:00,26.6732075,-81.80488183333334,28:70:4e:d0:87:50,-70,5745,150,Bermuda,pole 13 E
2025-10-14T19:10:48.229770+00:00,26.6732075,-81.80488183333334,2e:70:4e:d0:87:50,-71,5745,150,Bermuda Guest WIFI,pole 13 E
2025-10-14T19:10:48.229770+00:00,26.6732075,-81.80488183333334,2e:70:4e:d0:88:21,-59,2412,1,Bermuda Guest WIFI,pole 14
2025-10-14T19:10:48.229770+00:00,26.6732075,-81.80488183333334,28:70:4e:d0:89:0b,-72,2412,1,Bermuda,pole 10
2025-10-14T19:10:48.229770+00:00,26.6732075,-81.80488183333334,2e:70:4e:d0:89:0b,-72,2412,1,Bermuda Guest WIFI,pole 10
2025-10-14T19:10:48.229770+00:00,26.6732075,-81.80488183333334,2e:70:4e:d2:92:aa,-77,2437,6,Bermuda Guest WIFI,pole 12 N
2025-10-14T19:10:48.229770+00:00,26.6732075,-81.80488183333334,28:70:4e:d0:87:4f,-74,2462,11,Bermuda,pole 13 E
2025-10-14T19:10:48.229770+00:00,26.6732075,-81.80488183333334,2e:70:4e:d0:87:4f,-73,2462,11,Bermuda Guest WIFI,pole 13 E
2025-10-14T19:10:48.229770+00:00,26.6732075,-81.80488183333334,28:70:4e:d2:92:ab,-65,5745,150,Bermuda,pole 12 N
2025-10-14T19:10:48.229770+00:00,26.6732075,-81.80488183333334,2e:70:4e:d2:92:ab,-66,5745,150,Bermuda Guest WIFI,pole 12 N
2025-10-14T19:10:48.229770+00:00,26.6732075,-81.80488183333334,60:22:32:16:1e:33,-75,5805,162,Bermuda,laundry1
2025-10-14T19:10:48.229770+00:00,26.6732075,-81.80488183333334,62:22:32:16:1e:33,-75,5805,162,Bermuda Guest WIFI,laundry1
2025-10-14T19:10:58.267783+00:00,26.673243,-81.8049475,28:70:4e:d0:88:21,-70,2412,1,Bermuda,pole 14
2025-10-14T19:10:58.267783+00:00,26.673243,-81.8049475,2e:70:4e:d0:88:a8,-92,2412,1,Bermuda Guest WIFI,pole 04
2025-10-14T19:10:58.267783+00:00,26.673243,-81.8049475,62:22:32:16:1e:32,-89,2437,6,Bermuda Guest WIFI,laundry1
2025-10-14T19:10:58.267783+00:00,26.673243,-81.8049475,28:70:4e:dd:d0:49,-81,2437,6,Bermuda,pole 13 SW
2025-10-14T19:10:58.267783+00:00,26.673243,-81.8049475,2e:70:4e:dd:d0:49,-81,2437,6,Bermuda Guest WIFI,pole 13 SW
2025-10-14T19:10:58.267783+00:00,26.673243,-81.8049475,28:70:4e:d0:86:c2,-82,2437,6,Bermuda,pole 12 W
2025-10-14T19:10:58.267783+00:00,26.673243,-81.8049475,60:22:32:16:1e:32,-91,2437,6,Bermuda,laundry1
2025-10-14T19:10:58.267783+00:00,26.673243,-81.8049475,28:70:4e:d2:92:aa,-68,2437,6,Bermuda,pole 12 N
2025-10-14T19:10:58.267783+00:00,26.673243,-81.8049475,2e:70:4e:d0:87:5e,-84,2462,11,Bermuda Guest WIFI,pole 15 S
2025-10-14T19:10:58.267783+00:00,26.673243,-81.8049475,00:17:1a:d6:27:8a,-76,2462,11,Winegard2ghzD62789,Unknown
2025-10-14T19:10:58.267783+00:00,26.673243,-81.8049475,2e:70:4e:d0:89:02,-84,2462,11,Bermuda Guest WIFI,pole 17
2025-10-14T19:10:58.267783+00:00,26.673243,-81.8049475,28:70:4e:d0:88:22,-59,5765,154,Bermuda,pole 14
2025-10-14T19:10:58.267783+00:00,26.673243,-81.8049475,2e:70:4e:d0:88:22,-59,5765,154,Bermuda Guest WIFI,pole 14
2025-10-14T19:10:58.267783+00:00,26.673243,-81.8049475,28:70:4e:d0:87:50,-70,5745,150,Bermuda,pole 13 E
2025-10-14T19:10:58.267783+00:00,26.673243,-81.8049475,2e:70:4e:d0:87:50,-71,5745,150,Bermuda Guest WIFI,pole 13 E
2025-10-14T19:10:58.267783+00:00,26.673243,-81.8049475,2e:70:4e:d0:88:21,-71,2412,1,Bermuda Guest WIFI,pole 14
2025-10-14T19:10:58.267783+00:00,26.673243,-81.8049475,28:70:4e:d0:89:0b,-72,2412,1,Bermuda,pole 10
2025-10-14T19:10:58.267783+00:00,26.673243,-81.8049475,2e:70:4e:d0:89:0b,-72,2412,1,Bermuda Guest WIFI,pole 10
2025-10-14T19:10:58.267783+00:00,26.673243,-81.8049475,2e:70:4e:d2:92:aa,-67,2437,6,Bermuda Guest WIFI,pole 12 N
2025-10-14T19:10:58.267783+00:00,26.673243,-81.8049475,28:70:4e:d0:87:4f,-74,2462,11,Bermuda,pole 13 E
2025-10-14T19:10:58.267783+00:00,26.673243,-81.8049475,2e:70:4e:d0:87:4f,-73,2462,11,Bermuda Guest WIFI,pole 13 E
2025-10-14T19:10:58.267783+00:00,26.673243,-81.8049475,28:70:4e:d2:92:ab,-65,5745,150,Bermuda,pole 12 N
2025-10-14T19:10:58.267783+00:00,26.673243,-81.8049475,2e:70:4e:d2:92:ab,-66,5745,150,Bermuda Guest WIFI,pole 12 N
2025-10-14T19:10:58.267783+00:00,26.673243,-81.8049475,60:22:32:16:1e:33,-73,5805,162,Bermuda,laundry1
2025-10-14T19:10:58.267783+00:00,26.673243,-81.8049475,62:22:32:16:1e:33,-74,5805,162,Bermuda Guest WIFI,laundry1
2025-10-14T19:10:58.267783+00:00,26.673243,-81.8049475,2e:70:4e:d3:d6:28,-84,2412,1,Bermuda Guest WIFI,pole 18 W
2025-10-14T19:10:58.267783+00:00,26.673243,-81.8049475,28:70:4e:d0:88:fa,-78,5765,154,Bermuda,pole 11
2025-10-14T19:10:58.267783+00:00,26.673243,-81.8049475,2e:70:4e:d0:88:fa,-78,5765,154,Bermuda Guest WIFI,pole 11
2025-10-14T19:11:07.889002+00:00,26.673280166666668,-81.8048955,28:70:4e:d0:88:21,-54,2412,1,Bermuda,pole 14
2025-10-14T19:11:07.889002+00:00,26.673280166666668,-81.8048955,62:22:32:16:1e:32,-83,2437,6,Bermuda Guest WIFI,laundry1
2025-10-14T19:11:07.889002+00:00,26.673280166666668,-81.8048955,28:70:4e:dd:d0:49,-81,2437,6,Bermuda,pole 13 SW
2025-10-14T19:11:07.889002+00:00,26.673280166666668,-81.8048955,2e:70:4e:dd:d0:49,-81,2437,6,Bermuda Guest WIFI,pole 13 SW
2025-10-14T19:11:07.889002+00:00,26.673280166666668,-81.8048955,60:22:32:16:1e:32,-84,2437,6,Bermuda,laundry1
2025-10-14T19:11:07.889002+00:00,26.673280166666668,-81.8048955,28:70:4e:d2:92:aa,-64,2437,6,Bermuda,pole 12 N
2025-10-14T19:11:07.889002+00:00,26.673280166666668,-81.8048955,00:17:1a:d6:27:8a,-78,2462,11,Winegard2ghzD62789,Unknown
2025-10-14T19:11:07.889002+00:00,26.673280166666668,-81.8048955,2e:70:4e:d0:89:02,-77,2462,11,Bermuda Guest WIFI,pole 17
2025-10-14T19:11:07.889002+00:00,26.673280166666668,-81.8048955,28:70:4e:d0:88:22,-65,5765,154,Bermuda,pole 14
2025-10-14T19:11:07.889002+00:00,26.673280166666668,-81.8048955,2e:70:4e:d0:88:22,-65,5765,154,Bermuda Guest WIFI,pole 14
2025-10-14T19:11:07.889002+00:00,26.673280166666668,-81.8048955,28:70:4e:d0:87:50,-70,5745,150,Bermuda,pole 13 E
2025-10-14T19:11:07.889002+00:00,26.673280166666668,-81.8048955,2e:70:4e:d0:87:50,-71,5745,150,Bermuda Guest WIFI,pole 13 E
2025-10-14T19:11:07.889002+00:00,26.673280166666668,-81.8048955,2e:70:4e:d0:88:21,-57,2412,1,Bermuda Guest WIFI,pole 14
2025-10-14T19:11:07.889002+00:00,26.673280166666668,-81.8048955,28:70:4e:d0:89:0b,-72,2412,1,Bermuda,pole 10
2025-10-14T19:11:07.889002+00:00,26.673280166666668,-81.8048955,2e:70:4e:d0:89:0b,-80,2412,1,Bermuda Guest WIFI,pole 10
2025-10-14T19:11:07.889002+00:00,26.673280166666668,-81.8048955,2e:70:4e:d2:92:aa,-63,2437,6,Bermuda Guest WIFI,pole 12 N
2025-10-14T19:11:07.889002+00:00,26.673280166666668,-81.8048955,28:70:4e:d0:87:4f,-74,2462,11,Bermuda,pole 13 E
2025-10-14T19:11:07.889002+00:00,26.673280166666668,-81.8048955,2e:70:4e:d0:87:4f,-73,2462,11,Bermuda Guest WIFI,pole 13 E
2025-10-14T19:11:07.889002+00:00,26.673280166666668,-81.8048955,28:70:4e:d2:92:ab,-76,5745,150,Bermuda,pole 12 N
2025-10-14T19:11:07.889002+00:00,26.673280166666668,-81.8048955,2e:70:4e:d2:92:ab,-77,5745,150,Bermuda Guest WIFI,pole 12 N
2025-10-14T19:11:07.889002+00:00,26.673280166666668,-81.8048955,60:22:32:16:1e:33,-77,5805,162,Bermuda,laundry1
2025-10-14T19:11:07.889002+00:00,26.673280166666668,-81.8048955,62:22:32:16:1e:33,-77,5805,162,Bermuda Guest WIFI,laundry1
2025-10-14T19:11:07.889002+00:00,26.673280166666668,-81.8048955,2e:70:4e:d3:d6:28,-84,2412,1,Bermuda Guest WIFI,pole 18 W
2025-10-14T19:11:07.889002+00:00,26.673280166666668,-81.8048955,28:70:4e:d0:88:fa,-79,5765,154,Bermuda,pole 11
2025-10-14T19:11:07.889002+00:00,26.673280166666668,-81.8048955,2e:70:4e:d0:88:fa,-79,5765,154,Bermuda Guest WIFI,pole 11
2025-10-14T19:11:07.889002+00:00,26.673280166666668,-81.8048955,2e:70:4e:d0:88:f9,-80,2412,1,Bermuda Guest WIFI,pole 11
2025-10-14T19:11:07.889002+00:00,26.673280166666668,-81.8048955,28:70:4e:d0:89:02,-75,2462,11,Bermuda,pole 17
2025-10-14T19:11:45.919971+00:00,26.673284666666667,-81.804769,28:70:4e:d0:88:21,-64,2412,1,Bermuda,pole 14
2025-10-14T19:11:45.919971+00:00,26.673284666666667,-81.804769,2e:70:4e:d0:88:21,-64,2412,1,Bermuda Guest WIFI,pole 14
2025-10-14T19:11:45.919971+00:00,26.673284666666667,-81.804769,2e:70:4e:d0:89:0b,-83,2412,1,Bermuda Guest WIFI,pole 10
2025-10-14T19:11:45.919971+00:00,26.673284666666667,-81.804769,62:22:32:16:1e:32,-80,2437,6,Bermuda Guest WIFI,laundry1
2025-10-14T19:11:45.919971+00:00,26.673284666666667,-81.804769,60:22:32:16:1e:32,-79,2437,6,Bermuda,laundry1
2025-10-14T19:11:45.919971+00:00,26.673284666666667,-81.804769,28:70:4e:dd:d3:1f,-91,2462,11,Bermuda,pole 01 NE
2025-10-14T19:11:45.919971+00:00,26.673284666666667,-81.804769,2e:70:4e:dd:d3:1f,-92,2462,11,Bermuda Guest WIFI,Unknown
2025-10-14T19:11:45.919971+00:00,26.673284666666667,-81.804769,28:70:4e:d0:86:3e,-93,2462,11,Bermuda,pole 09
2025-10-14T19:11:45.919971+00:00,26.673284666666667,-81.804769,28:70:4e:d0:87:4f,-88,2462,11,Bermuda,pole 13 E
2025-10-14T19:11:45.919971+00:00,26.673284666666667,-81.804769,60:22:32:16:1e:33,-74,5805,162,Bermuda,laundry1
2025-10-14T19:11:45.919971+00:00,26.673284666666667,-81.804769,62:22:32:16:1e:33,-74,5805,162,Bermuda Guest WIFI,laundry1
2025-10-14T19:11:45.919971+00:00,26.673284666666667,-81.804769,28:70:4e:d0:88:22,-63,5765,154,Bermuda,pole 14
2025-10-14T19:11:45.919971+00:00,26.673284666666667,-81.804769,2e:70:4e:d0:88:22,-62,5765,154,Bermuda Guest WIFI,pole 14
2025-10-14T19:11:54.993945+00:00,26.673289333333333,-81.80466616666666,28:70:4e:d0:88:21,-63,2412,1,Bermuda,pole 14
2025-10-14T19:11:54.993945+00:00,26.673289333333333,-81.80466616666666,2e:70:4e:d0:88:21,-63,2412,1,Bermuda Guest WIFI,pole 14
2025-10-14T19:11:54.993945+00:00,26.673289333333333,-81.80466616666666,2e:70:4e:d0:89:0b,-83,2412,1,Bermuda Guest WIFI,pole 10
2025-10-14T19:11:54.993945+00:00,26.673289333333333,-81.80466616666666,62:22:32:16:1e:32,-80,2437,6,Bermuda Guest WIFI,laundry1
2025-10-14T19:11:54.993945+00:00,26.673289333333333,-81.80466616666666,60:22:32:16:1e:32,-84,2437,6,Bermuda,laundry1
2025-10-14T19:11:54.993945+00:00,26.673289333333333,-81.80466616666666,28:70:4e:dd:d3:1f,-91,2462,11,Bermuda,pole 01 NE
2025-10-14T19:11:54.993945+00:00,26.673289333333333,-81.80466616666666,2e:70:4e:dd:d3:1f,-92,2462,11,Bermuda Guest WIFI,Unknown
2025-10-14T19:11:54.993945+00:00,26.673289333333333,-81.80466616666666,28:70:4e:d0:86:3e,-93,2462,11,Bermuda,pole 09
2025-10-14T19:11:54.993945+00:00,26.673289333333333,-81.80466616666666,28:70:4e:d0:87:4f,-80,2462,11,Bermuda,pole 13 E
2025-10-14T19:11:54.993945+00:00,26.673289333333333,-81.80466616666666,60:22:32:16:1e:33,-74,5805,162,Bermuda,laundry1
2025-10-14T19:11:54.993945+00:00,26.673289333333333,-81.80466616666666,62:22:32:16:1e:33,-74,5805,162,Bermuda Guest WIFI,laundry1
2025-10-14T19:11:54.993945+00:00,26.673289333333333,-81.80466616666666,28:70:4e:d0:88:22,-70,5765,154,Bermuda,pole 14
2025-10-14T19:11:54.993945+00:00,26.673289333333333,-81.80466616666666,2e:70:4e:d0:88:22,-70,5765,154,Bermuda Guest WIFI,pole 14
2025-10-14T19:11:54.993945+00:00,26.673289333333333,-81.80466616666666,28:70:4e:d0:88:f9,-84,2412,1,Bermuda,pole 11
2025-10-14T19:11:54.993945+00:00,26.673289333333333,-81.80466616666666,2e:70:4e:d0:88:f9,-84,2412,1,Bermuda Guest WIFI,pole 11
2025-10-14T19:11:54.993945+00:00,26.673289333333333,-81.80466616666666,28:70:4e:dd:d0:49,-67,2437,6,Bermuda,pole 13 SW
2025-10-14T19:11:54.993945+00:00,26.673289333333333,-81.80466616666666,2e:70:4e:dd:d0:49,-66,2437,6,Bermuda Guest WIFI,pole 13 SW
2025-10-14T19:11:54.993945+00:00,26.673289333333333,-81.80466616666666,28:70:4e:d2:92:aa,-73,2437,6,Bermuda,pole 12 N
2025-10-14T19:11:54.993945+00:00,26.673289333333333,-81.80466616666666,00:17:1a:d6:27:8a,-71,2462,11,Winegard2ghzD62789,Unknown
2025-10-14T19:11:54.993945+00:00,26.673289333333333,-81.80466616666666,2e:70:4e:d0:87:4f,-81,2462,11,Bermuda Guest WIFI,pole 13 E
2025-10-14T19:12:05.026900+00:00,26.67337283333333,-81.80463933333333,28:70:4e:d0:88:21,-64,2412,1,Bermuda,pole 14
2025-10-14T19:12:05.026900+00:00,26.67337283333333,-81.80463933333333,2e:70:4e:d0:88:21,-63,2412,1,Bermuda Guest WIFI,pole 14
2025-10-14T19:12:05.026900+00:00,26.67337283333333,-81.80463933333333,2e:70:4e:d0:89:0b,-79,2412,1,Bermuda Guest WIFI,pole 10
2025-10-14T19:12:05.026900+00:00,26.67337283333333,-81.80463933333333,62:22:32:16:1e:32,-80,2437,6,Bermuda Guest WIFI,laundry1
2025-10-14T19:12:05.026900+00:00,26.67337283333333,-81.80463933333333,60:22:32:16:1e:32,-84,2437,6,Bermuda,laundry1
2025-10-14T19:12:05.026900+00:00,26.67337283333333,-81.80463933333333,28:70:4e:dd:d3:1f,-91,2462,11,Bermuda,pole 01 NE
2025-10-14T19:12:05.026900+00:00,26.67337283333333,-81.80463933333333,2e:70:4e:dd:d3:1f,-92,2462,11,Bermuda Guest WIFI,Unknown
2025-10-14T19:12:05.026900+00:00,26.67337283333333,-81.80463933333333,28:70:4e:d0:86:3e,-93,2462,11,Bermuda,pole 09
2025-10-14T19:12:05.026900+00:00,26.67337283333333,-81.80463933333333,28:70:4e:d0:87:4f,-85,2462,11,Bermuda,pole 13 E
2025-10-14T19:12:05.026900+00:00,26.67337283333333,-81.80463933333333,60:22:32:16:1e:33,-79,5805,162,Bermuda,laundry1
2025-10-14T19:12:05.026900+00:00,26.67337283333333,-81.80463933333333,62:22:32:16:1e:33,-79,5805,162,Bermuda Guest WIFI,laundry1
2025-10-14T19:12:05.026900+00:00,26.67337283333333,-81.80463933333333,28:70:4e:d0:88:22,-59,5765,154,Bermuda,pole 14
2025-10-14T19:12:05.026900+00:00,26.67337283333333,-81.80463933333333,2e:70:4e:d0:88:22,-59,5765,154,Bermuda Guest WIFI,pole 14
2025-10-14T19:12:05.026900+00:00,26.67337283333333,-81.80463933333333,28:70:4e:d0:88:f9,-84,2412,1,Bermuda,pole 11
2025-10-14T19:12:05.026900+00:00,26.67337283333333,-81.80463933333333,2e:70:4e:d0:88:f9,-84,2412,1,Bermuda Guest WIFI,pole 11
2025-10-14T19:12:05.026900+00:00,26.67337283333333,-81.80463933333333,28:70:4e:dd:d0:49,-67,2437,6,Bermuda,pole 13 SW
2025-10-14T19:12:05.026900+00:00,26.67337283333333,-81.80463933333333,2e:70:4e:dd:d0:49,-66,2437,6,Bermuda Guest WIFI,pole 13 SW
2025-10-14T19:12:05.026900+00:00,26.67337283333333,-81.80463933333333,28:70:4e:d2:92:aa,-73,2437,6,Bermuda,pole 12 N
2025-10-14T19:12:05.026900+00:00,26.67337283333333,-81.80463933333333,00:17:1a:d6:27:8a,-72,2462,11,Winegard2ghzD62789,Unknown
2025-10-14T19:12:05.026900+00:00,26.67337283333333,-81.80463933333333,2e:70:4e:d0:87:4f,-85,2462,11,Bermuda Guest WIFI,pole 13 E
2025-10-14T19:12:05.026900+00:00,26.67337283333333,-81.80463933333333,28:70:4e:d0:89:0b,-78,2412,1,Bermuda,pole 10
2025-10-14T19:12:05.026900+00:00,26.67337283333333,-81.80463933333333,2e:70:4e:d0:86:3e,-86,2462,11,Bermuda Guest WIFI,pole 09
2025-10-14T19:12:15.060123+00:00,26.673386333333333,-81.8047345,28:70:4e:d0:88:21,-58,2412,1,Bermuda,pole 14
2025-10-14T19:12:15.060123+00:00,26.673386333333333,-81.8047345,2e:70:4e:d0:88:21,-58,2412,1,Bermuda Guest WIFI,pole 14
2025-10-14T19:12:15.060123+00:00,26.673386333333333,-81.8047345,2e:70:4e:d0:89:0b,-79,2412,1,Bermuda Guest WIFI,pole 10
2025-10-14T19:12:15.060123+00:00,26.673386333333333,-81.8047345,62:22:32:16:1e:32,-83,2437,6,Bermuda Guest WIFI,laundry1
2025-10-14T19:12:15.060123+00:00,26.673386333333333,-81.8047345,60:22:32:16:1e:32,-82,2437,6,Bermuda,laundry1
2025-10-14T19:12:15.060123+00:00,26.673386333333333,-81.8047345,28:70:4e:d0:87:4f,-72,2462,11,Bermuda,pole 13 E
2025-10-14T19:12:15.060123+00:00,26.673386333333333,-81.8047345,60:22:32:16:1e:33,-80,5805,162,Bermuda,laundry1
2025-10-14T19:12:15.060123+00:00,26.673386333333333,-81.8047345,62:22:32:16:1e:33,-80,5805,162,Bermuda Guest WIFI,laundry1
2025-10-14T19:12:15.060123+00:00,26.673386333333333,-81.8047345,28:70:4e:d0:88:22,-61,5765,154,Bermuda,pole 14
2025-10-14T19:12:15.060123+00:00,26.673386333333333,-81.8047345,2e:70:4e:d0:88:22,-61,5765,154,Bermuda Guest WIFI,pole 14
2025-10-14T19:12:15.060123+00:00,26.673386333333333,-81.8047345,28:70:4e:d0:88:f9,-84,2412,1,Bermuda,pole 11
2025-10-14T19:12:15.060123+00:00,26.673386333333333,-81.8047345,2e:70:4e:d0:88:f9,-84,2412,1,Bermuda Guest WIFI,pole 11
2025-10-14T19:12:15.060123+00:00,26.673386333333333,-81.8047345,28:70:4e:dd:d0:49,-70,2437,6,Bermuda,pole 13 SW
2025-10-14T19:12:15.060123+00:00,26.673386333333333,-81.8047345,2e:70:4e:dd:d0:49,-68,2437,6,Bermuda Guest WIFI,pole 13 SW
2025-10-14T19:12:15.060123+00:00,26.673386333333333,-81.8047345,28:70:4e:d2:92:aa,-68,2437,6,Bermuda,pole 12 N
2025-10-14T19:12:15.060123+00:00,26.673386333333333,-81.8047345,00:17:1a:d6:27:8a,-72,2462,11,Winegard2ghzD62789,Unknown
2025-10-14T19:12:15.060123+00:00,26.673386333333333,-81.8047345,2e:70:4e:d0:87:4f,-74,2462,11,Bermuda Guest WIFI,pole 13 E
2025-10-14T19:12:15.060123+00:00,26.673386333333333,-81.8047345,28:70:4e:d0:89:0b,-78,2412,1,Bermuda,pole 10
2025-10-14T19:12:15.060123+00:00,26.673386333333333,-81.8047345,2e:70:4e:d0:86:3e,-86,2462,11,Bermuda Guest WIFI,pole 09
2025-10-14T19:12:15.060123+00:00,26.673386333333333,-81.8047345,2e:70:4e:d2:92:aa,-66,2437,6,Bermuda Guest WIFI,pole 12 N
2025-10-14T19:12:15.060123+00:00,26.673386333333333,-81.8047345,2e:70:4e:d0:87:5e,-69,2462,11,Bermuda Guest WIFI,pole 15 S
2025-10-14T19:12:15.060123+00:00,26.673386333333333,-81.8047345,28:70:4e:d0:87:5e,-70,2462,11,Bermuda,pole 15 S
2025-10-14T19:12:15.060123+00:00,26.673386333333333,-81.8047345,28:70:4e:d2:92:ab,-69,5745,150,Bermuda,pole 12 N
2025-10-14T19:12:15.060123+00:00,26.673386333333333,-81.8047345,2e:70:4e:d2:92:ab,-69,5745,150,Bermuda Guest WIFI,pole 12 N
2025-10-14T19:12:52.547219+00:00,26.673389166666666,-81.80484666666666,28:70:4e:d0:88:21,-64,2412,1,Bermuda,pole 14
2025-10-14T19:12:52.547219+00:00,26.673389166666666,-81.80484666666666,2e:70:4e:d0:88:21,-55,2412,1,Bermuda Guest WIFI,pole 14
2025-10-14T19:12:52.547219+00:00,26.673389166666666,-81.80484666666666,62:22:32:16:1e:32,-92,2437,6,Bermuda Guest WIFI,laundry1
2025-10-14T19:12:52.547219+00:00,26.673389166666666,-81.80484666666666,00:17:1a:d6:27:8a,-74,2462,11,Winegard2ghzD62789,Unknown
2025-10-14T19:12:52.547219+00:00,26.673389166666666,-81.80484666666666,28:70:4e:d0:86:3e,-90,2462,11,Bermuda,pole 09
2025-10-14T19:12:52.547219+00:00,26.673389166666666,-81.80484666666666,2e:70:4e:d0:86:3e,-92,2462,11,Bermuda Guest WIFI,pole 09
2025-10-14T19:12:52.547219+00:00,26.673389166666666,-81.80484666666666,28:70:4e:d0:88:22,-51,5765,154,Bermuda,pole 14
2025-10-14T19:12:52.547219+00:00,26.673389166666666,-81.80484666666666,2e:70:4e:d0:88:22,-51,5765,154,Bermuda Guest WIFI,pole 14
2025-10-14T19:12:52.547219+00:00,26.673389166666666,-81.80484666666666,28:70:4e:d2:92:ab,-74,5745,150,Bermuda,pole 12 N
2025-10-14T19:12:52.547219+00:00,26.673389166666666,-81.80484666666666,2e:70:4e:d2:92:ab,-74,5745,150,Bermuda Guest WIFI,pole 12 N
2025-10-14T19:13:02.161994+00:00,26.673482166666666,-81.80481633333333,28:70:4e:d0:88:21,-62,2412,1,Bermuda,pole 14
2025-10-14T19:13:02.161994+00:00,26.673482166666666,-81.80481633333333,2e:70:4e:d0:88:21,-58,2412,1,Bermuda Guest WIFI,pole 14
2025-10-14T19:13:02.161994+00:00,26.673482166666666,-81.80481633333333,62:22:32:16:1e:32,-86,2437,6,Bermuda Guest WIFI,laundry1
2025-10-14T19:13:02.161994+00:00,26.673482166666666,-81.80481633333333,00:17:1a:d6:27:8a,-78,2462,11,Winegard2ghzD62789,Unknown
2025-10-14T19:13:02.161994+00:00,26.673482166666666,-81.80481633333333,28:70:4e:d0:86:3e,-74,2462,11,Bermuda,pole 09
2025-10-14T19:13:02.161994+00:00,26.673482166666666,-81.80481633333333,2e:70:4e:d0:86:3e,-75,2462,11,Bermuda Guest WIFI,pole 09
2025-10-14T19:13:02.161994+00:00,26.673482166666666,-81.80481633333333,28:70:4e:d0:88:22,-65,5765,154,Bermuda,pole 14
2025-10-14T19:13:02.161994+00:00,26.673482166666666,-81.80481633333333,2e:70:4e:d0:88:22,-65,5765,154,Bermuda Guest WIFI,pole 14
2025-10-14T19:13:02.161994+00:00,26.673482166666666,-81.80481633333333,28:70:4e:d2:92:ab,-74,5745,150,Bermuda,pole 12 N
2025-10-14T19:13:02.161994+00:00,26.673482166666666,-81.80481633333333,2e:70:4e:d2:92:ab,-74,5745,150,Bermuda Guest WIFI,pole 12 N
2025-10-14T19:13:02.161994+00:00,26.673482166666666,-81.80481633333333,28:70:4e:d0:89:0b,-73,2412,1,Bermuda,pole 10
2025-10-14T19:13:02.161994+00:00,26.673482166666666,-81.80481633333333,2e:70:4e:d0:89:0b,-79,2412,1,Bermuda Guest WIFI,pole 10
2025-10-14T19:13:02.161994+00:00,26.673482166666666,-81.80481633333333,2e:70:4e:d0:88:a8,-83,2412,1,Bermuda Guest WIFI,pole 04
2025-10-14T19:13:02.161994+00:00,26.673482166666666,-81.80481633333333,28:70:4e:d0:89:14,-73,2437,6,Bermuda,pole 21
2025-10-14T19:13:02.161994+00:00,26.673482166666666,-81.80481633333333,28:70:4e:d2:92:aa,-59,2437,6,Bermuda,pole 12 N
2025-10-14T19:13:02.161994+00:00,26.673482166666666,-81.80481633333333,28:70:4e:dd:d0:49,-64,2437,6,Bermuda,pole 13 SW
2025-10-14T19:13:02.161994+00:00,26.673482166666666,-81.80481633333333,2e:70:4e:d2:92:aa,-60,2437,6,Bermuda Guest WIFI,pole 12 N
2025-10-14T19:13:02.161994+00:00,26.673482166666666,-81.80481633333333,2e:70:4e:dd:d0:49,-62,2437,6,Bermuda Guest WIFI,pole 13 SW
2025-10-14T19:13:02.161994+00:00,26.673482166666666,-81.80481633333333,28:70:4e:d0:87:4f,-69,2462,11,Bermuda,pole 13 E
2025-10-14T19:13:02.161994+00:00,26.673482166666666,-81.80481633333333,2e:70:4e:d0:87:4f,-69,2462,11,Bermuda Guest WIFI,pole 13 E
2025-10-14T19:13:02.161994+00:00,26.673482166666666,-81.80481633333333,28:70:4e:d0:88:fa,-80,5765,154,Bermuda,pole 11
2025-10-14T19:13:11.989756+00:00,26.673561666666668,-81.80475316666667,28:70:4e:d0:88:21,-72,2412,1,Bermuda,pole 14
2025-10-14T19:13:11.989756+00:00,26.673561666666668,-81.80475316666667,2e:70:4e:d0:88:21,-72,2412,1,Bermuda Guest WIFI,pole 14
2025-10-14T19:13:11.989756+00:00,26.673561666666668,-81.80475316666667,62:22:32:16:1e:32,-86,2437,6,Bermuda Guest WIFI,laundry1
2025-10-14T19:13:11.989756+00:00,26.673561666666668,-81.80475316666667,00:17:1a:d6:27:8a,-68,2462,11,Winegard2ghzD62789,Unknown
2025-10-14T19:13:11.989756+00:00,26.673561666666668,-81.80475316666667,28:70:4e:d0:86:3e,-74,2462,11,Bermuda,pole 09
2025-10-14T19:13:11.989756+00:00,26.673561666666668,-81.80475316666667,2e:70:4e:d0:86:3e,-85,2462,11,Bermuda Guest WIFI,pole 09
2025-10-14T19:13:11.989756+00:00,26.673561666666668,-81.80475316666667,28:70:4e:d0:88:22,-59,5765,154,Bermuda,pole 14
2025-10-14T19:13:11.989756+00:00,26.673561666666668,-81.80475316666667,2e:70:4e:d0:88:22,-59,5765,154,Bermuda Guest WIFI,pole 14
2025-10-14T19:13:11.989756+00:00,26.673561666666668,-81.80475316666667,28:70:4e:d2:92:ab,-74,5745,150,Bermuda,pole 12 N
2025-10-14T19:13:11.989756+00:00,26.673561666666668,-81.80475316666667,2e:70:4e:d2:92:ab,-74,5745,150,Bermuda Guest WIFI,pole 12 N
2025-10-14T19:13:11.989756+00:00,26.673561666666668,-81.80475316666667,28:70:4e:d0:89:0b,-87,2412,1,Bermuda,pole 10
2025-10-14T19:13:11.989756+00:00,26.673561666666668,-81.80475316666667,2e:70:4e:d0:89:0b,-79,2412,1,Bermuda Guest WIFI,pole 10
2025-10-14T19:13:11.989756+00:00,26.673561666666668,-81.80475316666667,2e:70:4e:d0:88:a8,-83,2412,1,Bermuda Guest WIFI,pole 04
2025-10-14T19:13:11.989756+00:00,26.673561666666668,-81.80475316666667,28:70:4e:d0:89:14,-73,2437,6,Bermuda,pole 21
2025-10-14T19:13:11.989756+00:00,26.673561666666668,-81.80475316666667,28:70:4e:d2:92:aa,-59,2437,6,Bermuda,pole 12 N
2025-10-14T19:13:11.989756+00:00,26.673561666666668,-81.80475316666667,28:70:4e:dd:d0:49,-74,2437,6,Bermuda,pole 13 SW
2025-10-14T19:13:11.989756+00:00,26.673561666666668,-81.80475316666667,2e:70:4e:d2:92:aa,-60,2437,6,Bermuda Guest WIFI,pole 12 N
2025-10-14T19:13:11.989756+00:00,26.673561666666668,-81.80475316666667,2e:70:4e:dd:d0:49,-74,2437,6,Bermuda Guest WIFI,pole 13 SW
2025-10-14T19:13:11.989756+00:00,26.673561666666668,-81.80475316666667,28:70:4e:d0:87:4f,-69,2462,11,Bermuda,pole 13 E
2025-10-14T19:13:11.989756+00:00,26.673561666666668,-81.80475316666667,2e:70:4e:d0:87:4f,-83,2462,11,Bermuda Guest WIFI,pole 13 E
2025-10-14T19:13:11.989756+00:00,26.673561666666668,-81.80475316666667,28:70:4e:d0:88:fa,-80,5765,154,Bermuda,pole 11
2025-10-14T19:13:11.989756+00:00,26.673561666666668,-81.80475316666667,7a:83:c2:9a:33:47,-81,2462,11,Bermuda Guest WIFI,guard house
2025-10-14T19:13:22.025120+00:00,26.673557333333335,-81.804651,28:70:4e:d0:88:21,-59,2412,1,Bermuda,pole 14
2025-10-14T19:13:22.025120+00:00,26.673557333333335,-81.804651,2e:70:4e:d0:88:21,-60,2412,1,Bermuda Guest WIFI,pole 14
2025-10-14T19:13:22.025120+00:00,26.673557333333335,-81.804651,62:22:32:16:1e:32,-86,2437,6,Bermuda Guest WIFI,laundry1
2025-10-14T19:13:22.025120+00:00,26.673557333333335,-81.804651,00:17:1a:d6:27:8a,-77,2462,11,Winegard2ghzD62789,Unknown
2025-10-14T19:13:22.025120+00:00,26.673557333333335,-81.804651,28:70:4e:d0:86:3e,-79,2462,11,Bermuda,pole 09
2025-10-14T19:13:22.025120+00:00,26.673557333333335,-81.804651,2e:70:4e:d0:86:3e,-85,2462,11,Bermuda Guest WIFI,pole 09
2025-10-14T19:13:22.025120+00:00,26.673557333333335,-81.804651,28:70:4e:d0:88:22,-59,5765,154,Bermuda,pole 14
2025-10-14T19:13:22.025120+00:00,26.673557333333335,-81.804651,2e:70:4e:d0:88:22,-59,5765,154,Bermuda Guest WIFI,pole 14
2025-10-14T19:13:22.025120+00:00,26.673557333333335,-81.804651,28:70:4e:d0:89:0b,-77,2412,1,Bermuda,pole 10
2025-10-14T19:13:22.025120+00:00,26.673557333333335,-81.804651,2e:70:4e:d0:89:0b,-79,2412,1,Bermuda Guest WIFI,pole 10
2025-10-14T19:13:22.025120+00:00,26.673557333333335,-81.804651,2e:70:4e:d0:88:a8,-83,2412,1,Bermuda Guest WIFI,pole 04
2025-10-14T19:13:22.025120+00:00,26.673557333333335,-81.804651,28:70:4e:d0:89:14,-73,2437,6,Bermuda,pole 21
2025-10-14T19:13:22.025120+00:00,26.673557333333335,-81.804651,28:70:4e:d2:92:aa,-59,2437,6,Bermuda,pole 12 N
2025-10-14T19:13:22.025120+00:00,26.673557333333335,-81.804651,28:70:4e:dd:d0:49,-67,2437,6,Bermuda,pole 13 SW
2025-10-14T19:13:22.025120+00:00,26.673557333333335,-81.804651,2e:70:4e:d2:92:aa,-60,2437,6,Bermuda Guest WIFI,pole 12 N
2025-10-14T19:13:22.025120+00:00,26.673557333333335,-81.804651,2e:70:4e:dd:d0:49,-66,2437,6,Bermuda Guest WIFI,pole 13 SW
2025-10-14T19:13:22.025120+00:00,26.673557333333335,-81.804651,28:70:4e:d0:87:4f,-74,2462,11,Bermuda,pole 13 E
2025-10-14T19:13:22.025120+00:00,26.673557333333335,-81.804651,2e:70:4e:d0:87:4f,-75,2462,11,Bermuda Guest WIFI,pole 13 E
2025-10-14T19:13:22.025120+00:00,26.673557333333335,-81.804651,28:70:4e:d0:88:fa,-80,5765,154,Bermuda,pole 11
2025-10-14T19:13:22.025120+00:00,26.673557333333335,-81.804651,7a:83:c2:9a:33:47,-79,2462,11,Bermuda Guest WIFI,guard house
2025-10-14T19:13:22.025120+00:00,26.673557333333335,-81.804651,2e:70:4e:d0:88:f9,-74,2412,1,Bermuda Guest WIFI,pole 11
2025-10-14T19:13:22.025120+00:00,26.673557333333335,-81.804651,9e:05:d6:a6:20:6e,-84,2437,6,Private WIFI,Unknown
2025-10-14T19:13:22.025120+00:00,26.673557333333335,-81.804651,74:83:c2:9a:33:47,-78,2462,11,Bermuda,guard house
2025-10-14T19:13:59.593876+00:00,26.6735725,-81.8045155,28:70:4e:d0:88:21,-60,2412,1,Bermuda,pole 14
2025-10-14T19:13:59.593876+00:00,26.6735725,-81.8045155,2e:70:4e:d0:89:0b,-83,2412,1,Bermuda Guest WIFI,pole 10
2025-10-14T19:13:59.593876+00:00,26.6735725,-81.8045155,28:70:4e:dd:d0:49,-79,2437,6,Bermuda,pole 13 SW
2025-10-14T19:13:59.593876+00:00,26.6735725,-81.8045155,00:17:1a:d6:27:8a,-86,2462,11,Winegard2ghzD62789,Unknown
2025-10-14T19:13:59.593876+00:00,26.6735725,-81.8045155,28:70:4e:d0:86:3e,-81,2462,11,Bermuda,pole 09
2025-10-14T19:13:59.593876+00:00,26.6735725,-81.8045155,28:70:4e:d0:87:4f,-76,2462,11,Bermuda,pole 13 E
2025-10-14T19:13:59.593876+00:00,26.6735725,-81.8045155,2e:70:4e:d0:86:3e,-80,2462,11,Bermuda Guest WIFI,pole 09
2025-10-14T19:13:59.593876+00:00,26.6735725,-81.8045155,2e:70:4e:d0:87:4f,-77,2462,11,Bermuda Guest WIFI,pole 13 E
2025-10-14T19:13:59.593876+00:00,26.6735725,-81.8045155,28:70:4e:d0:87:50,-68,5745,150,Bermuda,pole 13 E
2025-10-14T19:13:59.593876+00:00,26.6735725,-81.8045155,2e:70:4e:d0:87:50,-68,5745,150,Bermuda Guest WIFI,pole 13 E
2025-10-14T19:14:08.915034+00:00,26.673640333333335,-81.80447066666666,28:70:4e:d0:88:21,-57,2412,1,Bermuda,pole 14
2025-10-14T19:14:08.915034+00:00,26.673640333333335,-81.80447066666666,2e:70:4e:d0:89:0b,-83,2412,1,Bermuda Guest WIFI,pole 10
2025-10-14T19:14:08.915034+00:00,26.673640333333335,-81.80447066666666,28:70:4e:dd:d0:49,-79,2437,6,Bermuda,pole 13 SW
2025-10-14T19:14:08.915034+00:00,26.673640333333335,-81.80447066666666,00:17:1a:d6:27:8a,-71,2462,11,Winegard2ghzD62789,Unknown
2025-10-14T19:14:08.915034+00:00,26.673640333333335,-81.80447066666666,28:70:4e:d0:86:3e,-81,2462,11,Bermuda,pole 09
2025-10-14T19:14:08.915034+00:00,26.673640333333335,-81.80447066666666,28:70:4e:d0:87:4f,-76,2462,11,Bermuda,pole 13 E
2025-10-14T19:14:08.915034+00:00,26.673640333333335,-81.80447066666666,2e:70:4e:d0:86:3e,-80,2462,11,Bermuda Guest WIFI,pole 09
2025-10-14T19:14:08.915034+00:00,26.673640333333335,-81.80447066666666,2e:70:4e:d0:87:4f,-70,2462,11,Bermuda Guest WIFI,pole 13 E
2025-10-14T19:14:08.915034+00:00,26.673640333333335,-81.80447066666666,28:70:4e:d0:87:50,-68,5745,150,Bermuda,pole 13 E
2025-10-14T19:14:08.915034+00:00,26.673640333333335,-81.80447066666666,2e:70:4e:d0:87:50,-68,5745,150,Bermuda Guest WIFI,pole 13 E
2025-10-14T19:14:08.915034+00:00,26.673640333333335,-81.80447066666666,28:70:4e:d0:87:61,-75,2412,1,Bermuda,pole 22 NW
2025-10-14T19:14:08.915034+00:00,26.673640333333335,-81.80447066666666,2e:70:4e:d0:87:61,-75,2412,1,Bermuda Guest WIFI,pole 22 NW
2025-10-14T19:14:08.915034+00:00,26.673640333333335,-81.80447066666666,28:70:4e:d0:88:f9,-77,2412,1,Bermuda,pole 11
2025-10-14T19:14:08.915034+00:00,26.673640333333335,-81.80447066666666,28:70:4e:d0:86:c2,-83,2437,6,Bermuda,pole 12 W
2025-10-14T19:14:08.915034+00:00,26.673640333333335,-81.80447066666666,2e:70:4e:d0:86:c2,-83,2437,6,Bermuda Guest WIFI,pole 12 W
2025-10-14T19:14:08.915034+00:00,26.673640333333335,-81.80447066666666,28:70:4e:d0:87:5e,-77,2462,11,Bermuda,pole 15 S
2025-10-14T19:14:08.915034+00:00,26.673640333333335,-81.80447066666666,2e:70:4e:d0:87:5e,-80,2462,11,Bermuda Guest WIFI,pole 15 S
2025-10-14T19:14:19.160701+00:00,26.673658333333332,-81.80455833333333,28:70:4e:d0:88:21,-57,2412,1,Bermuda,pole 14
2025-10-14T19:14:19.160701+00:00,26.673658333333332,-81.80455833333333,2e:70:4e:d0:89:0b,-83,2412,1,Bermuda Guest WIFI,pole 10
2025-10-14T19:14:19.160701+00:00,26.673658333333332,-81.80455833333333,28:70:4e:dd:d0:49,-79,2437,6,Bermuda,pole 13 SW
2025-10-14T19:14:19.160701+00:00,26.673658333333332,-81.80455833333333,00:17:1a:d6:27:8a,-78,2462,11,Winegard2ghzD62789,Unknown
2025-10-14T19:14:19.160701+00:00,26.673658333333332,-81.80455833333333,28:70:4e:d0:86:3e,-81,2462,11,Bermuda,pole 09
2025-10-14T19:14:19.160701+00:00,26.673658333333332,-81.80455833333333,28:70:4e:d0:87:4f,-76,2462,11,Bermuda,pole 13 E
2025-10-14T19:14:19.160701+00:00,26.673658333333332,-81.80455833333333,2e:70:4e:d0:86:3e,-80,2462,11,Bermuda Guest WIFI,pole 09
2025-10-14T19:14:19.160701+00:00,26.673658333333332,-81.80455833333333,2e:70:4e:d0:87:4f,-70,2462,11,Bermuda Guest WIFI,pole 13 E
2025-10-14T19:14:19.160701+00:00,26.673658333333332,-81.80455833333333,28:70:4e:d0:87:50,-68,5745,150,Bermuda,pole 13 E
2025-10-14T19:14:19.160701+00:00,26.673658333333332,-81.80455833333333,2e:70:4e:d0:87:50,-68,5745,150,Bermuda Guest WIFI,pole 13 E
2025-10-14T19:14:19.160701+00:00,26.673658333333332,-81.80455833333333,28:70:4e:d0:87:61,-75,2412,1,Bermuda,pole 22 NW
2025-10-14T19:14:19.160701+00:00,26.673658333333332,-81.80455833333333,2e:70:4e:d0:87:61,-75,2412,1,Bermuda Guest WIFI,pole 22 NW
2025-10-14T19:14:19.160701+00:00,26.673658333333332,-81.80455833333333,28:70:4e:d0:88:f9,-77,2412,1,Bermuda,pole 11
2025-10-14T19:14:19.160701+00:00,26.673658333333332,-81.80455833333333,28:70:4e:d0:86:c2,-83,2437,6,Bermuda,pole 12 W
2025-10-14T19:14:19.160701+00:00,26.673658333333332,-81.80455833333333,2e:70:4e:d0:86:c2,-83,2437,6,Bermuda Guest WIFI,pole 12 W
2025-10-14T19:14:19.160701+00:00,26.673658333333332,-81.80455833333333,28:70:4e:d0:87:5e,-85,2462,11,Bermuda,pole 15 S
2025-10-14T19:14:19.160701+00:00,26.673658333333332,-81.80455833333333,2e:70:4e:d0:87:5e,-86,2462,11,Bermuda Guest WIFI,pole 15 S
2025-10-14T19:14:19.160701+00:00,26.673658333333332,-81.80455833333333,28:70:4e:d0:89:0b,-91,2412,1,Bermuda,pole 10
2025-10-14T19:14:19.160701+00:00,26.673658333333332,-81.80455833333333,2e:70:4e:d0:88:21,-64,2412,1,Bermuda Guest WIFI,pole 14
2025-10-14T19:14:19.160701+00:00,26.673658333333332,-81.80455833333333,9e:05:d6:a6:20:6e,-92,2437,6,Private WIFI,Unknown
2025-10-14T19:14:19.160701+00:00,26.673658333333332,-81.80455833333333,9e:05:d6:96:20:6e,-92,2437,6,Bermuda Guest WIFI,inside1
2025-10-14T19:14:19.160701+00:00,26.673658333333332,-81.80455833333333,28:70:4e:d0:89:02,-85,2462,11,Bermuda,pole 17
2025-10-14T19:14:19.160701+00:00,26.673658333333332,-81.80455833333333,2e:70:4e:d0:89:02,-85,2462,11,Bermuda Guest WIFI,pole 17
2025-10-14T19:14:19.160701+00:00,26.673658333333332,-81.80455833333333,28:70:4e:d0:88:22,-71,5765,154,Bermuda,pole 14
2025-10-14T19:14:29.192647+00:00,26.673669166666667,-81.804645,28:70:4e:d0:88:21,-57,2412,1,Bermuda,pole 14
2025-10-14T19:14:29.192647+00:00,26.673669166666667,-81.804645,00:17:1a:d6:27:8a,-65,2462,11,Winegard2ghzD62789,Unknown
2025-10-14T19:14:29.192647+00:00,26.673669166666667,-81.804645,28:70:4e:d0:86:3e,-81,2462,11,Bermuda,pole 09
2025-10-14T19:14:29.192647+00:00,26.673669166666667,-81.804645,28:70:4e:d0:87:4f,-71,2462,11,Bermuda,pole 13 E
2025-10-14T19:14:29.192647+00:00,26.673669166666667,-81.804645,2e:70:4e:d0:86:3e,-79,2462,11,Bermuda Guest WIFI,pole 09
2025-10-14T19:14:29.192647+00:00,26.673669166666667,-81.804645,2e:70:4e:d0:87:4f,-71,2462,11,Bermuda Guest WIFI,pole 13 E
2025-10-14T19:14:29.192647+00:00,26.673669166666667,-81.804645,28:70:4e:d0:87:50,-67,5745,150,Bermuda,pole 13 E
2025-10-14T19:14:29.192647+00:00,26.673669166666667,-81.804645,2e:70:4e:d0:87:50,-66,5745,150,Bermuda Guest WIFI,pole 13 E
2025-10-14T19:14:29.192647+00:00,26.673669166666667,-81.804645,28:70:4e:d0:87:61,-75,2412,1,Bermuda,pole 22 NW
2025-10-14T19:14:29.192647+00:00,26.673669166666667,-81.804645,2e:70:4e:d0:87:61,-75,2412,1,Bermuda Guest WIFI,pole 22 NW
2025-10-14T19:14:29.192647+00:00,26.673669166666667,-81.804645,28:70:4e:d0:88:f9,-77,2412,1,Bermuda,pole 11
2025-10-14T19:14:29.192647+00:00,26.673669166666667,-81.804645,28:70:4e:d0:86:c2,-83,2437,6,Bermuda,pole 12 W
2025-10-14T19:14:29.192647+00:00,26.673669166666667,-81.804645,2e:70:4e:d0:86:c2,-83,2437,6,Bermuda Guest WIFI,pole 12 W
2025-10-14T19:14:29.192647+00:00,26.673669166666667,-81.804645,28:70:4e:d0:87:5e,-85,2462,11,Bermuda,pole 15 S
2025-10-14T19:14:29.192647+00:00,26.673669166666667,-81.804645,2e:70:4e:d0:87:5e,-86,2462,11,Bermuda Guest WIFI,pole 15 S
2025-10-14T19:14:29.192647+00:00,26.673669166666667,-81.804645,28:70:4e:d0:89:0b,-91,2412,1,Bermuda,pole 10
2025-10-14T19:14:29.192647+00:00,26.673669166666667,-81.804645,2e:70:4e:d0:88:21,-60,2412,1,Bermuda Guest WIFI,pole 14
2025-10-14T19:14:29.192647+00:00,26.673669166666667,-81.804645,9e:05:d6:a6:20:6e,-87,2437,6,Private WIFI,Unknown
2025-10-14T19:14:29.192647+00:00,26.673669166666667,-81.804645,9e:05:d6:96:20:6e,-92,2437,6,Bermuda Guest WIFI,inside1
2025-10-14T19:14:29.192647+00:00,26.673669166666667,-81.804645,28:70:4e:d0:89:02,-85,2462,11,Bermuda,pole 17
2025-10-14T19:14:29.192647+00:00,26.673669166666667,-81.804645,2e:70:4e:d0:89:02,-85,2462,11,Bermuda Guest WIFI,pole 17
2025-10-14T19:14:29.192647+00:00,26.673669166666667,-81.804645,28:70:4e:d0:88:22,-71,5765,154,Bermuda,pole 14
2025-10-14T19:14:29.192647+00:00,26.673669166666667,-81.804645,9c:05:d6:d6:20:6e,-87,2437,6,Bermuda,inside1
2025-10-14T19:14:29.192647+00:00,26.673669166666667,-81.804645,28:70:4e:d0:88:fa,-75,5765,154,Bermuda,pole 11
2025-10-14T19:14:29.192647+00:00,26.673669166666667,-81.804645,2e:70:4e:d0:88:fa,-75,5765,154,Bermuda Guest WIFI,pole 11
2025-10-14T19:15:06.883867+00:00,26.673666333333333,-81.80468333333333,28:70:4e:d0:88:21,-68,2412,1,Bermuda,pole 14
2025-10-14T19:15:06.883867+00:00,26.673666333333333,-81.80468333333333,28:70:4e:d0:88:f9,-74,2412,1,Bermuda,pole 11
2025-10-14T19:15:06.883867+00:00,26.673666333333333,-81.80468333333333,9e:05:d6:96:20:6e,-90,2437,6,Bermuda Guest WIFI,inside1
2025-10-14T19:15:06.883867+00:00,26.673666333333333,-81.80468333333333,9e:05:d6:96:11:fe,-83,2462,11,Bermuda Guest WIFI,inside3
2025-10-14T19:15:06.883867+00:00,26.673666333333333,-81.80468333333333,9c:05:d6:d6:11:fe,-85,2462,11,Bermuda,inside3
2025-10-14T19:15:06.883867+00:00,26.673666333333333,-81.80468333333333,00:17:1a:d6:27:8a,-75,2462,11,Winegard2ghzD62789,Unknown
2025-10-14T19:15:06.883867+00:00,26.673666333333333,-81.80468333333333,28:70:4e:d0:87:4f,-72,2462,11,Bermuda,pole 13 E
2025-10-14T19:15:06.883867+00:00,26.673666333333333,-81.80468333333333,2e:70:4e:d0:87:4f,-73,2462,11,Bermuda Guest WIFI,pole 13 E
2025-10-14T19:15:06.883867+00:00,26.673666333333333,-81.80468333333333,28:70:4e:d0:87:50,-58,5745,150,Bermuda,pole 13 E
2025-10-14T19:15:06.883867+00:00,26.673666333333333,-81.80468333333333,2e:70:4e:d0:87:50,-58,5745,150,Bermuda Guest WIFI,pole 13 E
2025-10-14T19:15:16.084421+00:00,26.673717833333335,-81.80472033333334,28:70:4e:d0:88:21,-71,2412,1,Bermuda,pole 14
2025-10-14T19:15:16.084421+00:00,26.673717833333335,-81.80472033333334,28:70:4e:d0:88:f9,-74,2412,1,Bermuda,pole 11
2025-10-14T19:15:16.084421+00:00,26.673717833333335,-81.80472033333334,9e:05:d6:96:20:6e,-90,2437,6,Bermuda Guest WIFI,inside1
2025-10-14T19:15:16.084421+00:00,26.673717833333335,-81.80472033333334,9e:05:d6:96:11:fe,-83,2462,11,Bermuda Guest WIFI,inside3
2025-10-14T19:15:16.084421+00:00,26.673717833333335,-81.80472033333334,9c:05:d6:d6:11:fe,-85,2462,11,Bermuda,inside3
2025-10-14T19:15:16.084421+00:00,26.673717833333335,-81.80472033333334,00:17:1a:d6:27:8a,-76,2462,11,Winegard2ghzD62789,Unknown
2025-10-14T19:15:16.084421+00:00,26.673717833333335,-81.80472033333334,28:70:4e:d0:87:4f,-72,2462,11,Bermuda,pole 13 E
2025-10-14T19:15:16.084421+00:00,26.673717833333335,-81.80472033333334,2e:70:4e:d0:87:4f,-71,2462,11,Bermuda Guest WIFI,pole 13 E
2025-10-14T19:15:16.084421+00:00,26.673717833333335,-81.80472033333334,28:70:4e:d0:87:50,-58,5745,150,Bermuda,pole 13 E
2025-10-14T19:15:16.084421+00:00,26.673717833333335,-81.80472033333334,2e:70:4e:d0:87:50,-58,5745,150,Bermuda Guest WIFI,pole 13 E
2025-10-14T19:15:16.084421+00:00,26.673717833333335,-81.80472033333334,28:70:4e:d0:89:0b,-84,2412,1,Bermuda,pole 10
2025-10-14T19:15:16.084421+00:00,26.673717833333335,-81.80472033333334,2e:70:4e:d0:88:21,-68,2412,1,Bermuda Guest WIFI,pole 14
2025-10-14T19:15:16.084421+00:00,26.673717833333335,-81.80472033333334,28:70:4e:dd:d0:49,-63,2437,6,Bermuda,pole 13 SW
2025-10-14T19:15:16.084421+00:00,26.673717833333335,-81.80472033333334,2e:70:4e:dd:d0:49,-64,2437,6,Bermuda Guest WIFI,pole 13 SW
2025-10-14T19:15:16.084421+00:00,26.673717833333335,-81.80472033333334,28:70:4e:d2:92:aa,-61,2437,6,Bermuda,pole 12 N
2025-10-14T19:15:16.084421+00:00,26.673717833333335,-81.80472033333334,28:70:4e:d0:86:c2,-74,2437,6,Bermuda,pole 12 W
2025-10-14T19:15:16.084421+00:00,26.673717833333335,-81.80472033333334,2e:70:4e:d0:88:22,-65,5765,154,Bermuda Guest WIFI,pole 14
2025-10-14T19:15:26.122055+00:00,26.673756666666666,-81.8048125,28:70:4e:d0:88:21,-64,2412,1,Bermuda,pole 14
2025-10-14T19:15:26.122055+00:00,26.673756666666666,-81.8048125,28:70:4e:d0:88:f9,-74,2412,1,Bermuda,pole 11
2025-10-14T19:15:26.122055+00:00,26.673756666666666,-81.8048125,9e:05:d6:96:20:6e,-90,2437,6,Bermuda Guest WIFI,inside1
2025-10-14T19:15:26.122055+00:00,26.673756666666666,-81.8048125,9e:05:d6:96:11:fe,-83,2462,11,Bermuda Guest WIFI,inside3
2025-10-14T19:15:26.122055+00:00,26.673756666666666,-81.8048125,9c:05:d6:d6:11:fe,-85,2462,11,Bermuda,inside3
2025-10-14T19:15:26.122055+00:00,26.673756666666666,-81.8048125,00:17:1a:d6:27:8a,-78,2462,11,Winegard2ghzD62789,Unknown
2025-10-14T19:15:26.122055+00:00,26.673756666666666,-81.8048125,28:70:4e:d0:87:4f,-72,2462,11,Bermuda,pole 13 E
2025-10-14T19:15:26.122055+00:00,26.673756666666666,-81.8048125,2e:70:4e:d0:87:4f,-71,2462,11,Bermuda Guest WIFI,pole 13 E
2025-10-14T19:15:26.122055+00:00,26.673756666666666,-81.8048125,28:70:4e:d0:87:50,-62,5745,150,Bermuda,pole 13 E
2025-10-14T19:15:26.122055+00:00,26.673756666666666,-81.8048125,2e:70:4e:d0:87:50,-62,5745,150,Bermuda Guest WIFI,pole 13 E
2025-10-14T19:15:26.122055+00:00,26.673756666666666,-81.8048125,28:70:4e:d0:89:0b,-84,2412,1,Bermuda,pole 10
2025-10-14T19:15:26.122055+00:00,26.673756666666666,-81.8048125,2e:70:4e:d0:88:21,-64,2412,1,Bermuda Guest WIFI,pole 14
2025-10-14T19:15:26.122055+00:00,26.673756666666666,-81.8048125,28:70:4e:dd:d0:49,-69,2437,6,Bermuda,pole 13 SW
2025-10-14T19:15:26.122055+00:00,26.673756666666666,-81.8048125,2e:70:4e:dd:d0:49,-69,2437,6,Bermuda Guest WIFI,pole 13 SW
2025-10-14T19:15:26.122055+00:00,26.673756666666666,-81.8048125,28:70:4e:d2:92:aa,-61,2437,6,Bermuda,pole 12 N
2025-10-14T19:15:26.122055+00:00,26.673756666666666,-81.8048125,28:70:4e:d0:86:c2,-83,2437,6,Bermuda,pole 12 W
2025-10-14T19:15:26.122055+00:00,26.673756666666666,-81.8048125,2e:70:4e:d0:88:22,-62,5765,154,Bermuda Guest WIFI,pole 14
2025-10-14T19:15:26.122055+00:00,26.673756666666666,-81.8048125,2e:70:4e:d0:88:f9,-74,2412,1,Bermuda Guest WIFI,pole 11
2025-10-14T19:15:26.122055+00:00,26.673756666666666,-81.8048125,2e:70:4e:d0:86:c2,-83,2437,6,Bermuda Guest WIFI,pole 12 W
2025-10-14T19:15:26.122055+00:00,26.673756666666666,-81.8048125,9c:05:d6:d6:22:ae,-90,2462,11,Bermuda,inside5
2025-10-14T19:15:26.122055+00:00,26.673756666666666,-81.8048125,7a:83:c2:9a:33:47,-88,2462,11,Bermuda Guest WIFI,guard house
2025-10-14T19:15:26.122055+00:00,26.673756666666666,-81.8048125,28:70:4e:d0:88:22,-62,5765,154,Bermuda,pole 14
2025-10-14T19:15:26.122055+00:00,26.673756666666666,-81.8048125,9e:05:d6:96:11:ff,-79,5805,162,Bermuda Guest WIFI,inside3
2025-10-14T19:15:26.122055+00:00,26.673756666666666,-81.8048125,9c:05:d6:d6:11:ff,-80,5805,162,Bermuda,inside3
2025-10-14T19:15:36.152371+00:00,26.6737595,-81.8049035,28:70:4e:d0:88:21,-52,2412,1,Bermuda,pole 14
2025-10-14T19:15:36.152371+00:00,26.6737595,-81.8049035,28:70:4e:d0:88:f9,-74,2412,1,Bermuda,pole 11
2025-10-14T19:15:36.152371+00:00,26.6737595,-81.8049035,00:17:1a:d6:27:8a,-64,2462,11,Winegard2ghzD62789,Unknown
2025-10-14T19:15:36.152371+00:00,26.6737595,-81.8049035,28:70:4e:d0:87:4f,-72,2462,11,Bermuda,pole 13 E
2025-10-14T19:15:36.152371+00:00,26.6737595,-81.8049035,2e:70:4e:d0:87:4f,-73,2462,11,Bermuda Guest WIFI,pole 13 E
2025-10-14T19:15:36.152371+00:00,26.6737595,-81.8049035,28:70:4e:d0:87:50,-57,5745,150,Bermuda,pole 13 E
2025-10-14T19:15:36.152371+00:00,26.6737595,-81.8049035,2e:70:4e:d0:87:50,-57,5745,150,Bermuda Guest WIFI,pole 13 E
2025-10-14T19:15:36.152371+00:00,26.6737595,-81.8049035,28:70:4e:d0:89:0b,-84,2412,1,Bermuda,pole 10
2025-10-14T19:15:36.152371+00:00,26.6737595,-81.8049035,2e:70:4e:d0:88:21,-65,2412,1,Bermuda Guest WIFI,pole 14
2025-10-14T19:15:36.152371+00:00,26.6737595,-81.8049035,28:70:4e:dd:d0:49,-69,2437,6,Bermuda,pole 13 SW
2025-10-14T19:15:36.152371+00:00,26.6737595,-81.8049035,2e:70:4e:dd:d0:49,-69,2437,6,Bermuda Guest WIFI,pole 13 SW
2025-10-14T19:15:36.152371+00:00,26.6737595,-81.8049035,28:70:4e:d2:92:aa,-63,2437,6,Bermuda,pole 12 N
2025-10-14T19:15:36.152371+00:00,26.6737595,-81.8049035,28:70:4e:d0:86:c2,-83,2437,6,Bermuda,pole 12 W
2025-10-14T19:15:36.152371+00:00,26.6737595,-81.8049035,2e:70:4e:d0:88:22,-65,5765,154,Bermuda Guest WIFI,pole 14
2025-10-14T19:15:36.152371+00:00,26.6737595,-81.8049035,2e:70:4e:d0:88:f9,-69,2412,1,Bermuda Guest WIFI,pole 11
2025-10-14T19:15:36.152371+00:00,26.6737595,-81.8049035,2e:70:4e:d0:86:c2,-83,2437,6,Bermuda Guest WIFI,pole 12 W
2025-10-14T19:15:36.152371+00:00,26.6737595,-81.8049035,9c:05:d6:d6:22:ae,-90,2462,11,Bermuda,inside5
2025-10-14T19:15:36.152371+00:00,26.6737595,-81.8049035,7a:83:c2:9a:33:47,-88,2462,11,Bermuda Guest WIFI,guard house
2025-10-14T19:15:36.152371+00:00,26.6737595,-81.8049035,28:70:4e:d0:88:22,-65,5765,154,Bermuda,pole 14
2025-10-14T19:15:36.152371+00:00,26.6737595,-81.8049035,9e:05:d6:96:11:ff,-79,5805,162,Bermuda Guest WIFI,inside3
2025-10-14T19:15:36.152371+00:00,26.6737595,-81.8049035,9c:05:d6:d6:11:ff,-80,5805,162,Bermuda,inside3
2025-10-14T19:15:36.152371+00:00,26.6737595,-81.8049035,2e:70:4e:d2:92:aa,-63,2437,6,Bermuda Guest WIFI,pole 12 N
2025-10-14T19:15:36.152371+00:00,26.6737595,-81.8049035,28:70:4e:d0:86:3e,-84,2462,11,Bermuda,pole 09
2025-10-14T19:15:36.152371+00:00,26.6737595,-81.8049035,2e:70:4e:d0:86:3e,-82,2462,11,Bermuda Guest WIFI,pole 09
2025-10-14T19:15:36.152371+00:00,26.6737595,-81.8049035,60:22:32:16:1e:33,-76,5805,162,Bermuda,laundry1
2025-10-14T19:15:36.152371+00:00,26.6737595,-81.8049035,62:22:32:16:1e:33,-78,5805,162,Bermuda Guest WIFI,laundry1
2025-10-14T19:15:36.152371+00:00,26.6737595,-81.8049035,28:70:4e:d2:92:ab,-69,5745,150,Bermuda,pole 12 N
2025-10-14T19:15:36.152371+00:00,26.6737595,-81.8049035,2e:70:4e:d2:92:ab,-69,5745,150,Bermuda Guest WIFI,pole 12 N
2025-10-14T19:16:14.955960+00:00,26.673758,-81.804982,28:70:4e:d0:88:21,-68,2412,1,Bermuda,pole 14
2025-10-14T19:16:14.955960+00:00,26.673758,-81.804982,2e:70:4e:d0:88:f9,-60,2412,1,Bermuda Guest WIFI,pole 11
2025-10-14T19:16:14.955960+00:00,26.673758,-81.804982,28:70:4e:d0:88:f9,-61,2412,1,Bermuda,pole 11
2025-10-14T19:16:14.955960+00:00,26.673758,-81.804982,2e:70:4e:d0:89:0b,-85,2412,1,Bermuda Guest WIFI,pole 10
2025-10-14T19:16:14.955960+00:00,26.673758,-81.804982,2e:70:4e:d0:88:21,-67,2412,1,Bermuda Guest WIFI,pole 14
2025-10-14T19:16:14.955960+00:00,26.673758,-81.804982,62:22:32:16:1e:32,-89,2437,6,Bermuda Guest WIFI,laundry1
2025-10-14T19:16:14.955960+00:00,26.673758,-81.804982,60:22:32:16:1e:32,-90,2437,6,Bermuda,laundry1
2025-10-14T19:16:14.955960+00:00,26.673758,-81.804982,00:17:1a:d6:27:8a,-73,2462,11,Winegard2ghzD62789,Unknown
2025-10-14T19:16:14.955960+00:00,26.673758,-81.804982,28:70:4e:d0:87:4f,-68,2462,11,Bermuda,pole 13 E
2025-10-14T19:16:14.955960+00:00,26.673758,-81.804982,2e:70:4e:d0:87:4f,-67,2462,11,Bermuda Guest WIFI,pole 13 E
2025-10-14T19:16:14.955960+00:00,26.673758,-81.804982,28:70:4e:d0:86:3e,-84,2462,11,Bermuda,pole 09
2025-10-14T19:16:14.955960+00:00,26.673758,-81.804982,2e:70:4e:d0:86:3e,-82,2462,11,Bermuda Guest WIFI,pole 09
2025-10-14T19:16:14.955960+00:00,26.673758,-81.804982,28:70:4e:d2:92:ab,-73,5745,150,Bermuda,pole 12 N
2025-10-14T19:16:14.955960+00:00,26.673758,-81.804982,2e:70:4e:d2:92:ab,-73,5745,150,Bermuda Guest WIFI,pole 12 N
2025-10-14T19:16:14.955960+00:00,26.673758,-81.804982,28:70:4e:dd:d0:4a,-58,5240,49,Bermuda,pole 13 SW
2025-10-14T19:16:14.955960+00:00,26.673758,-81.804982,2e:70:4e:dd:d0:4a,-58,5240,49,Bermuda Guest WIFI,pole 13 SW
2025-10-14T19:16:25.095849+00:00,26.673758833333334,-81.8049895,28:70:4e:d0:88:21,-65,2412,1,Bermuda,pole 14
2025-10-14T19:16:25.095849+00:00,26.673758833333334,-81.8049895,2e:70:4e:d0:88:f9,-69,2412,1,Bermuda Guest WIFI,pole 11
2025-10-14T19:16:25.095849+00:00,26.673758833333334,-81.8049895,28:70:4e:d0:88:f9,-70,2412,1,Bermuda,pole 11
2025-10-14T19:16:25.095849+00:00,26.673758833333334,-81.8049895,2e:70:4e:d0:89:0b,-85,2412,1,Bermuda Guest WIFI,pole 10
2025-10-14T19:16:25.095849+00:00,26.673758833333334,-81.8049895,2e:70:4e:d0:88:21,-64,2412,1,Bermuda Guest WIFI,pole 14
2025-10-14T19:16:25.095849+00:00,26.673758833333334,-81.8049895,62:22:32:16:1e:32,-89,2437,6,Bermuda Guest WIFI,laundry1
2025-10-14T19:16:25.095849+00:00,26.673758833333334,-81.8049895,60:22:32:16:1e:32,-90,2437,6,Bermuda,laundry1
2025-10-14T19:16:25.095849+00:00,26.673758833333334,-81.8049895,00:17:1a:d6:27:8a,-77,2462,11,Winegard2ghzD62789,Unknown
2025-10-14T19:16:25.095849+00:00,26.673758833333334,-81.8049895,28:70:4e:d0:87:4f,-66,2462,11,Bermuda,pole 13 E
2025-10-14T19:16:25.095849+00:00,26.673758833333334,-81.8049895,2e:70:4e:d0:87:4f,-67,2462,11,Bermuda Guest WIFI,pole 13 E
2025-10-14T19:16:25.095849+00:00,26.673758833333334,-81.8049895,28:70:4e:d0:86:3e,-84,2462,11,Bermuda,pole 09
2025-10-14T19:16:25.095849+00:00,26.673758833333334,-81.8049895,2e:70:4e:d0:86:3e,-82,2462,11,Bermuda Guest WIFI,pole 09
2025-10-14T19:16:25.095849+00:00,26.673758833333334,-81.8049895,28:70:4e:d2:92:ab,-73,5745,150,Bermuda,pole 12 N
2025-10-14T19:16:25.095849+00:00,26.673758833333334,-81.8049895,2e:70:4e:d2:92:ab,-73,5745,150,Bermuda Guest WIFI,pole 12 N
2025-10-14T19:16:25.095849+00:00,26.673758833333334,-81.8049895,28:70:4e:dd:d0:4a,-58,5240,49,Bermuda,pole 13 SW
2025-10-14T19:16:25.095849+00:00,26.673758833333334,-81.8049895,2e:70:4e:dd:d0:4a,-58,5240,49,Bermuda Guest WIFI,pole 13 SW
2025-10-14T19:16:25.095849+00:00,26.673758833333334,-81.8049895,28:70:4e:dd:d0:49,-54,2437,6,Bermuda,pole 13 SW
2025-10-14T19:16:25.095849+00:00,26.673758833333334,-81.8049895,28:70:4e:d2:92:aa,-74,2437,6,Bermuda,pole 12 N
2025-10-14T19:16:25.095849+00:00,26.673758833333334,-81.8049895,2e:70:4e:dd:d0:49,-52,2437,6,Bermuda Guest WIFI,pole 13 SW
2025-10-14T19:16:25.095849+00:00,26.673758833333334,-81.8049895,2e:70:4e:d2:92:aa,-74,2437,6,Bermuda Guest WIFI,pole 12 N
2025-10-14T19:16:25.095849+00:00,26.673758833333334,-81.8049895,28:70:4e:d0:86:c2,-74,2437,6,Bermuda,pole 12 W
2025-10-14T19:16:25.095849+00:00,26.673758833333334,-81.8049895,2e:70:4e:d0:86:c2,-72,2437,6,Bermuda Guest WIFI,pole 12 W
2025-10-14T19:16:35.102803+00:00,26.673675,-81.80500483333333,28:70:4e:d0:88:21,-62,2412,1,Bermuda,pole 14
2025-10-14T19:16:35.102803+00:00,26.673675,-81.80500483333333,2e:70:4e:d0:88:f9,-60,2412,1,Bermuda Guest WIFI,pole 11
2025-10-14T19:16:35.102803+00:00,26.673675,-81.80500483333333,28:70:4e:d0:88:f9,-59,2412,1,Bermuda,pole 11
2025-10-14T19:16:35.102803+00:00,26.673675,-81.80500483333333,2e:70:4e:d0:89:0b,-85,2412,1,Bermuda Guest WIFI,pole 10
2025-10-14T19:16:35.102803+00:00,26.673675,-81.80500483333333,2e:70:4e:d0:88:21,-64,2412,1,Bermuda Guest WIFI,pole 14
2025-10-14T19:16:35.102803+00:00,26.673675,-81.80500483333333,62:22:32:16:1e:32,-89,2437,6,Bermuda Guest WIFI,laundry1
2025-10-14T19:16:35.102803+00:00,26.673675,-81.80500483333333,60:22:32:16:1e:32,-90,2437,6,Bermuda,laundry1
2025-10-14T19:16:35.102803+00:00,26.673675,-81.80500483333333,00:17:1a:d6:27:8a,-77,2462,11,Winegard2ghzD62789,Unknown
2025-10-14T19:16:35.102803+00:00,26.673675,-81.80500483333333,28:70:4e:d0:87:4f,-63,2462,11,Bermuda,pole 13 E
2025-10-14T19:16:35.102803+00:00,26.673675,-81.80500483333333,2e:70:4e:d0:87:4f,-63,2462,11,Bermuda Guest WIFI,pole 13 E
2025-10-14T19:16:35.102803+00:00,26.673675,-81.80500483333333,28:70:4e:d0:86:3e,-84,2462,11,Bermuda,pole 09
2025-10-14T19:16:35.102803+00:00,26.673675,-81.80500483333333,2e:70:4e:d0:86:3e,-82,2462,11,Bermuda Guest WIFI,pole 09
2025-10-14T19:16:35.102803+00:00,26.673675,-81.80500483333333,28:70:4e:d2:92:ab,-72,5745,150,Bermuda,pole 12 N
2025-10-14T19:16:35.102803+00:00,26.673675,-81.80500483333333,2e:70:4e:d2:92:ab,-72,5745,150,Bermuda Guest WIFI,pole 12 N
2025-10-14T19:16:35.102803+00:00,26.673675,-81.80500483333333,28:70:4e:dd:d0:4a,-52,5240,49,Bermuda,pole 13 SW
2025-10-14T19:16:35.102803+00:00,26.673675,-81.80500483333333,2e:70:4e:dd:d0:4a,-52,5240,49,Bermuda Guest WIFI,pole 13 SW
2025-10-14T19:16:35.102803+00:00,26.673675,-81.80500483333333,28:70:4e:dd:d0:49,-67,2437,6,Bermuda,pole 13 SW
2025-10-14T19:16:35.102803+00:00,26.673675,-81.80500483333333,28:70:4e:d2:92:aa,-74,2437,6,Bermuda,pole 12 N
2025-10-14T19:16:35.102803+00:00,26.673675,-81.80500483333333,2e:70:4e:dd:d0:49,-65,2437,6,Bermuda Guest WIFI,pole 13 SW
2025-10-14T19:16:35.102803+00:00,26.673675,-81.80500483333333,2e:70:4e:d2:92:aa,-74,2437,6,Bermuda Guest WIFI,pole 12 N
2025-10-14T19:16:35.102803+00:00,26.673675,-81.80500483333333,28:70:4e:d0:86:c2,-74,2437,6,Bermuda,pole 12 W
2025-10-14T19:16:35.102803+00:00,26.673675,-81.80500483333333,2e:70:4e:d0:86:c2,-72,2437,6,Bermuda Guest WIFI,pole 12 W
2025-10-14T19:16:35.102803+00:00,26.673675,-81.80500483333333,28:70:4e:d0:87:5e,-84,2462,11,Bermuda,pole 15 S
2025-10-14T19:16:35.102803+00:00,26.673675,-81.80500483333333,28:70:4e:d0:89:02,-86,2462,11,Bermuda,pole 17
2025-10-14T19:16:35.102803+00:00,26.673675,-81.80500483333333,2e:70:4e:d0:89:02,-85,2462,11,Bermuda Guest WIFI,pole 17
2025-10-14T19:16:35.102803+00:00,26.673675,-81.80500483333333,28:70:4e:d0:88:22,-66,5765,154,Bermuda,pole 14
2025-10-14T19:16:35.102803+00:00,26.673675,-81.80500483333333,2e:70:4e:d0:88:22,-65,5765,154,Bermuda Guest WIFI,pole 14
2025-10-14T19:16:35.102803+00:00,26.673675,-81.80500483333333,28:70:4e:d0:87:50,-68,5745,150,Bermuda,pole 13 E
2025-10-14T19:16:35.102803+00:00,26.673675,-81.80500483333333,2e:70:4e:d0:87:50,-68,5745,150,Bermuda Guest WIFI,pole 13 E
2025-10-14T19:16:44.960111+00:00,26.673664166666665,-81.80490816666666,28:70:4e:d0:88:21,-62,2412,1,Bermuda,pole 14
2025-10-14T19:16:44.960111+00:00,26.673664166666665,-81.80490816666666,2e:70:4e:d0:88:f9,-68,2412,1,Bermuda Guest WIFI,pole 11
2025-10-14T19:16:44.960111+00:00,26.673664166666665,-81.80490816666666,28:70:4e:d0:88:f9,-67,2412,1,Bermuda,pole 11
2025-10-14T19:16:44.960111+00:00,26.673664166666665,-81.80490816666666,2e:70:4e:d0:88:21,-64,2412,1,Bermuda Guest WIFI,pole 14
2025-10-14T19:16:44.960111+00:00,26.673664166666665,-81.80490816666666,62:22:32:16:1e:32,-85,2437,6,Bermuda Guest WIFI,laundry1
2025-10-14T19:16:44.960111+00:00,26.673664166666665,-81.80490816666666,00:17:1a:d6:27:8a,-77,2462,11,Winegard2ghzD62789,Unknown
2025-10-14T19:16:44.960111+00:00,26.673664166666665,-81.80490816666666,28:70:4e:d0:87:4f,-71,2462,11,Bermuda,pole 13 E
2025-10-14T19:16:44.960111+00:00,26.673664166666665,-81.80490816666666,2e:70:4e:d0:87:4f,-70,2462,11,Bermuda Guest WIFI,pole 13 E
2025-10-14T19:16:44.960111+00:00,26.673664166666665,-81.80490816666666,28:70:4e:d2:92:ab,-72,5745,150,Bermuda,pole 12 N
2025-10-14T19:16:44.960111+00:00,26.673664166666665,-81.80490816666666,2e:70:4e:d2:92:ab,-72,5745,150,Bermuda Guest WIFI,pole 12 N
2025-10-14T19:16:44.960111+00:00,26.673664166666665,-81.80490816666666,28:70:4e:dd:d0:4a,-52,5240,49,Bermuda,pole 13 SW
2025-10-14T19:16:44.960111+00:00,26.673664166666665,-81.80490816666666,2e:70:4e:dd:d0:4a,-52,5240,49,Bermuda Guest WIFI,pole 13 SW
2025-10-14T19:16:44.960111+00:00,26.673664166666665,-81.80490816666666,28:70:4e:dd:d0:49,-71,2437,6,Bermuda,pole 13 SW
2025-10-14T19:16:44.960111+00:00,26.673664166666665,-81.80490816666666,28:70:4e:d2:92:aa,-74,2437,6,Bermuda,pole 12 N
2025-10-14T19:16:44.960111+00:00,26.673664166666665,-81.80490816666666,2e:70:4e:dd:d0:49,-70,2437,6,Bermuda Guest WIFI,pole 13 SW
2025-10-14T19:16:44.960111+00:00,26.673664166666665,-81.80490816666666,2e:70:4e:d2:92:aa,-74,2437,6,Bermuda Guest WIFI,pole 12 N
2025-10-14T19:16:44.960111+00:00,26.673664166666665,-81.80490816666666,28:70:4e:d0:86:c2,-74,2437,6,Bermuda,pole 12 W
2025-10-14T19:16:44.960111+00:00,26.673664166666665,-81.80490816666666,2e:70:4e:d0:86:c2,-72,2437,6,Bermuda Guest WIFI,pole 12 W
2025-10-14T19:16:44.960111+00:00,26.673664166666665,-81.80490816666666,28:70:4e:d0:87:5e,-84,2462,11,Bermuda,pole 15 S
2025-10-14T19:16:44.960111+00:00,26.673664166666665,-81.80490816666666,28:70:4e:d0:89:02,-86,2462,11,Bermuda,pole 17
2025-10-14T19:16:44.960111+00:00,26.673664166666665,-81.80490816666666,2e:70:4e:d0:89:02,-85,2462,11,Bermuda Guest WIFI,pole 17
2025-10-14T19:16:44.960111+00:00,26.673664166666665,-81.80490816666666,28:70:4e:d0:88:22,-66,5765,154,Bermuda,pole 14
2025-10-14T19:16:44.960111+00:00,26.673664166666665,-81.80490816666666,2e:70:4e:d0:88:22,-65,5765,154,Bermuda Guest WIFI,pole 14
2025-10-14T19:16:44.960111+00:00,26.673664166666665,-81.80490816666666,28:70:4e:d0:87:50,-67,5745,150,Bermuda,pole 13 E
2025-10-14T19:16:44.960111+00:00,26.673664166666665,-81.80490816666666,2e:70:4e:d0:87:50,-66,5745,150,Bermuda Guest WIFI,pole 13 E
2025-10-14T19:17:24.472024+00:00,26.673657833333333,-81.80479916666667,28:70:4e:d0:88:21,-66,2412,1,Bermuda,pole 14
2025-10-14T19:17:24.472024+00:00,26.673657833333333,-81.80479916666667,2e:70:4e:d0:88:f9,-71,2412,1,Bermuda Guest WIFI,pole 11
2025-10-14T19:17:24.472024+00:00,26.673657833333333,-81.80479916666667,9e:05:d6:96:25:72,-89,2412,1,Bermuda Guest WIFI,inside4
2025-10-14T19:17:24.472024+00:00,26.673657833333333,-81.80479916666667,9c:05:d6:d6:25:72,-89,2412,1,Bermuda,inside4
2025-10-14T19:17:24.472024+00:00,26.673657833333333,-81.80479916666667,28:70:4e:d2:92:aa,-65,2437,6,Bermuda,pole 12 N
2025-10-14T19:17:24.472024+00:00,26.673657833333333,-81.80479916666667,2e:70:4e:d2:92:aa,-65,2437,6,Bermuda Guest WIFI,pole 12 N
2025-10-14T19:17:24.472024+00:00,26.673657833333333,-81.80479916666667,00:17:1a:d6:27:8a,-71,2462,11,Winegard2ghzD62789,Unknown
2025-10-14T19:17:24.472024+00:00,26.673657833333333,-81.80479916666667,9e:05:d6:96:11:fe,-85,2462,11,Bermuda Guest WIFI,inside3
2025-10-14T19:17:24.472024+00:00,26.673657833333333,-81.80479916666667,9c:05:d6:d6:11:fe,-85,2462,11,Bermuda,inside3
2025-10-14T19:17:24.472024+00:00,26.673657833333333,-81.80479916666667,28:70:4e:d0:86:3e,-87,2462,11,Bermuda,pole 09
2025-10-14T19:17:24.472024+00:00,26.673657833333333,-81.80479916666667,28:70:4e:d0:87:4f,-69,2462,11,Bermuda,pole 13 E
2025-10-14T19:17:24.472024+00:00,26.673657833333333,-81.80479916666667,2e:70:4e:d0:86:3e,-86,2462,11,Bermuda Guest WIFI,pole 09
2025-10-14T19:17:24.472024+00:00,26.673657833333333,-81.80479916666667,2e:70:4e:d0:87:4f,-70,2462,11,Bermuda Guest WIFI,pole 13 E
2025-10-14T19:17:24.472024+00:00,26.673657833333333,-81.80479916666667,28:70:4e:d0:87:50,-69,5745,150,Bermuda,pole 13 E
2025-10-14T19:17:24.472024+00:00,26.673657833333333,-81.80479916666667,2e:70:4e:d0:87:50,-68,5745,150,Bermuda Guest WIFI,pole 13 E
2025-10-14T19:17:24.472024+00:00,26.673657833333333,-81.80479916666667,28:70:4e:d0:88:fa,-75,5765,154,Bermuda,pole 11
2025-10-14T19:17:24.472024+00:00,26.673657833333333,-81.80479916666667,2e:70:4e:d0:88:fa,-75,5765,154,Bermuda Guest WIFI,pole 11
2025-10-14T19:17:24.472024+00:00,26.673657833333333,-81.80479916666667,28:70:4e:dd:d0:4a,-60,5240,49,Bermuda,pole 13 SW
2025-10-14T19:17:24.472024+00:00,26.673657833333333,-81.80479916666667,2e:70:4e:dd:d0:4a,-61,5240,49,Bermuda Guest WIFI,pole 13 SW
2025-10-14T19:17:24.472024+00:00,26.673657833333333,-81.80479916666667,9c:05:d6:d6:25:73,-74,5220,45,Bermuda,inside4
2025-10-14T19:17:24.472024+00:00,26.673657833333333,-81.80479916666667,9e:05:d6:96:25:73,-73,5220,45,Bermuda Guest WIFI,inside4
2025-10-14T19:17:34.104873+00:00,26.673588,-81.804838,28:70:4e:d0:88:21,-60,2412,1,Bermuda,pole 14
2025-10-14T19:17:34.104873+00:00,26.673588,-81.804838,2e:70:4e:d0:88:f9,-75,2412,1,Bermuda Guest WIFI,pole 11
2025-10-14T19:17:34.104873+00:00,26.673588,-81.804838,9e:05:d6:96:25:72,-89,2412,1,Bermuda Guest WIFI,inside4
2025-10-14T19:17:34.104873+00:00,26.673588,-81.804838,9c:05:d6:d6:25:72,-89,2412,1,Bermuda,inside4
2025-10-14T19:17:34.104873+00:00,26.673588,-81.804838,28:70:4e:d2:92:aa,-65,2437,6,Bermuda,pole 12 N
2025-10-14T19:17:34.104873+00:00,26.673588,-81.804838,2e:70:4e:d2:92:aa,-65,2437,6,Bermuda Guest WIFI,pole 12 N
2025-10-14T19:17:34.104873+00:00,26.673588,-81.804838,00:17:1a:d6:27:8a,-72,2462,11,Winegard2ghzD62789,Unknown
2025-10-14T19:17:34.104873+00:00,26.673588,-81.804838,9e:05:d6:96:11:fe,-85,2462,11,Bermuda Guest WIFI,inside3
2025-10-14T19:17:34.104873+00:00,26.673588,-81.804838,9c:05:d6:d6:11:fe,-85,2462,11,Bermuda,inside3
2025-10-14T19:17:34.104873+00:00,26.673588,-81.804838,28:70:4e:d0:86:3e,-87,2462,11,Bermuda,pole 09
2025-10-14T19:17:34.104873+00:00,26.673588,-81.804838,28:70:4e:d0:87:4f,-62,2462,11,Bermuda,pole 13 E
2025-10-14T19:17:34.104873+00:00,26.673588,-81.804838,2e:70:4e:d0:86:3e,-86,2462,11,Bermuda Guest WIFI,pole 09
2025-10-14T19:17:34.104873+00:00,26.673588,-81.804838,2e:70:4e:d0:87:4f,-61,2462,11,Bermuda Guest WIFI,pole 13 E
2025-10-14T19:17:34.104873+00:00,26.673588,-81.804838,28:70:4e:d0:87:50,-69,5745,150,Bermuda,pole 13 E
2025-10-14T19:17:34.104873+00:00,26.673588,-81.804838,2e:70:4e:d0:87:50,-68,5745,150,Bermuda Guest WIFI,pole 13 E
2025-10-14T19:17:34.104873+00:00,26.673588,-81.804838,28:70:4e:d0:88:fa,-75,5765,154,Bermuda,pole 11
2025-10-14T19:17:34.104873+00:00,26.673588,-81.804838,2e:70:4e:d0:88:fa,-75,5765,154,Bermuda Guest WIFI,pole 11
2025-10-14T19:17:34.104873+00:00,26.673588,-81.804838,28:70:4e:dd:d0:4a,-60,5240,49,Bermuda,pole 13 SW
2025-10-14T19:17:34.104873+00:00,26.673588,-81.804838,2e:70:4e:dd:d0:4a,-61,5240,49,Bermuda Guest WIFI,pole 13 SW
2025-10-14T19:17:34.104873+00:00,26.673588,-81.804838,9c:05:d6:d6:25:73,-74,5220,45,Bermuda,inside4
2025-10-14T19:17:34.104873+00:00,26.673588,-81.804838,9e:05:d6:96:25:73,-73,5220,45,Bermuda Guest WIFI,inside4
2025-10-14T19:17:34.104873+00:00,26.673588,-81.804838,2e:70:4e:d0:88:21,-54,2412,1,Bermuda Guest WIFI,pole 14
2025-10-14T19:17:34.104873+00:00,26.673588,-81.804838,28:70:4e:d0:89:0b,-77,2412,1,Bermuda,pole 10
2025-10-14T19:17:34.104873+00:00,26.673588,-81.804838,2e:70:4e:d0:89:0b,-77,2412,1,Bermuda Guest WIFI,pole 10
2025-10-14T19:17:34.104873+00:00,26.673588,-81.804838,28:70:4e:dd:d0:49,-60,2437,6,Bermuda,pole 13 SW
2025-10-14T19:17:34.104873+00:00,26.673588,-81.804838,60:22:32:16:1e:32,-80,2437,6,Bermuda,laundry1
2025-10-14T19:17:34.104873+00:00,26.673588,-81.804838,2e:70:4e:dd:d0:49,-61,2437,6,Bermuda Guest WIFI,pole 13 SW
2025-10-14T19:17:34.104873+00:00,26.673588,-81.804838,28:70:4e:d0:87:5e,-81,2462,11,Bermuda,pole 15 S
2025-10-14T19:17:34.104873+00:00,26.673588,-81.804838,28:70:4e:d0:88:22,-56,5765,154,Bermuda,pole 14
2025-10-14T19:17:34.104873+00:00,26.673588,-81.804838,2e:70:4e:d0:88:22,-56,5765,154,Bermuda Guest WIFI,pole 14
2025-10-14T19:17:34.104873+00:00,26.673588,-81.804838,28:70:4e:d2:92:ab,-68,5745,150,Bermuda,pole 12 N
2025-10-14T19:17:34.104873+00:00,26.673588,-81.804838,2e:70:4e:d2:92:ab,-68,5745,150,Bermuda Guest WIFI,pole 12 N
2025-10-14T19:17:34.104873+00:00,26.673588,-81.804838,60:22:32:16:1e:33,-81,5805,162,Bermuda,laundry1
2025-10-14T19:17:34.104873+00:00,26.673588,-81.804838,62:22:32:16:1e:33,-81,5805,162,Bermuda Guest WIFI,laundry1
2025-10-14T19:17:44.273483+00:00,26.673579,-81.80494516666667,28:70:4e:d0:88:21,-55,2412,1,Bermuda,pole 14
2025-10-14T19:17:44.273483+00:00,26.673579,-81.80494516666667,2e:70:4e:d0:88:f9,-86,2412,1,Bermuda Guest WIFI,pole 11
2025-10-14T19:17:44.273483+00:00,26.673579,-81.80494516666667,9e:05:d6:96:25:72,-89,2412,1,Bermuda Guest WIFI,inside4
2025-10-14T19:17:44.273483+00:00,26.673579,-81.80494516666667,9c:05:d6:d6:25:72,-89,2412,1,Bermuda,inside4
2025-10-14T19:17:44.273483+00:00,26.673579,-81.80494516666667,28:70:4e:d2:92:aa,-65,2437,6,Bermuda,pole 12 N
2025-10-14T19:17:44.273483+00:00,26.673579,-81.80494516666667,2e:70:4e:d2:92:aa,-65,2437,6,Bermuda Guest WIFI,pole 12 N
2025-10-14T19:17:44.273483+00:00,26.673579,-81.80494516666667,00:17:1a:d6:27:8a,-87,2462,11,Winegard2ghzD62789,Unknown
2025-10-14T19:17:44.273483+00:00,26.673579,-81.80494516666667,9e:05:d6:96:11:fe,-85,2462,11,Bermuda Guest WIFI,inside3
2025-10-14T19:17:44.273483+00:00,26.673579,-81.80494516666667,9c:05:d6:d6:11:fe,-85,2462,11,Bermuda,inside3
2025-10-14T19:17:44.273483+00:00,26.673579,-81.80494516666667,28:70:4e:d0:86:3e,-87,2462,11,Bermuda,pole 09
2025-10-14T19:17:44.273483+00:00,26.673579,-81.80494516666667,28:70:4e:d0:87:4f,-60,2462,11,Bermuda,pole 13 E
2025-10-14T19:17:44.273483+00:00,26.673579,-81.80494516666667,2e:70:4e:d0:86:3e,-86,2462,11,Bermuda Guest WIFI,pole 09
2025-10-14T19:17:44.273483+00:00,26.673579,-81.80494516666667,2e:70:4e:d0:87:4f,-58,2462,11,Bermuda Guest WIFI,pole 13 E
2025-10-14T19:17:44.273483+00:00,26.673579,-81.80494516666667,28:70:4e:d0:87:50,-66,5745,150,Bermuda,pole 13 E
2025-10-14T19:17:44.273483+00:00,26.673579,-81.80494516666667,2e:70:4e:d0:87:50,-66,5745,150,Bermuda Guest WIFI,pole 13 E
2025-10-14T19:17:44.273483+00:00,26.673579,-81.80494516666667,28:70:4e:d0:88:fa,-75,5765,154,Bermuda,pole 11
2025-10-14T19:17:44.273483+00:00,26.673579,-81.80494516666667,2e:70:4e:d0:88:fa,-75,5765,154,Bermuda Guest WIFI,pole 11
2025-10-14T19:17:44.273483+00:00,26.673579,-81.80494516666667,28:70:4e:dd:d0:4a,-60,5240,49,Bermuda,pole 13 SW
2025-10-14T19:17:44.273483+00:00,26.673579,-81.80494516666667,2e:70:4e:dd:d0:4a,-61,5240,49,Bermuda Guest WIFI,pole 13 SW
2025-10-14T19:17:44.273483+00:00,26.673579,-81.80494516666667,9c:05:d6:d6:25:73,-74,5220,45,Bermuda,inside4
2025-10-14T19:17:44.273483+00:00,26.673579,-81.80494516666667,9e:05:d6:96:25:73,-73,5220,45,Bermuda Guest WIFI,inside4
2025-10-14T19:17:44.273483+00:00,26.673579,-81.80494516666667,2e:70:4e:d0:88:21,-65,2412,1,Bermuda Guest WIFI,pole 14
2025-10-14T19:17:44.273483+00:00,26.673579,-81.80494516666667,28:70:4e:d0:89:0b,-77,2412,1,Bermuda,pole 10
2025-10-14T19:17:44.273483+00:00,26.673579,-81.80494516666667,2e:70:4e:d0:89:0b,-71,2412,1,Bermuda Guest WIFI,pole 10
2025-10-14T19:17:44.273483+00:00,26.673579,-81.80494516666667,28:70:4e:dd:d0:49,-64,2437,6,Bermuda,pole 13 SW
2025-10-14T19:17:44.273483+00:00,26.673579,-81.80494516666667,60:22:32:16:1e:32,-80,2437,6,Bermuda,laundry1
2025-10-14T19:17:44.273483+00:00,26.673579,-81.80494516666667,2e:70:4e:dd:d0:49,-63,2437,6,Bermuda Guest WIFI,pole 13 SW
2025-10-14T19:17:44.273483+00:00,26.673579,-81.80494516666667,28:70:4e:d0:87:5e,-86,2462,11,Bermuda,pole 15 S
2025-10-14T19:17:44.273483+00:00,26.673579,-81.80494516666667,28:70:4e:d0:88:22,-59,5765,154,Bermuda,pole 14
2025-10-14T19:17:44.273483+00:00,26.673579,-81.80494516666667,2e:70:4e:d0:88:22,-60,5765,154,Bermuda Guest WIFI,pole 14
2025-10-14T19:17:44.273483+00:00,26.673579,-81.80494516666667,28:70:4e:d2:92:ab,-68,5745,150,Bermuda,pole 12 N
2025-10-14T19:17:44.273483+00:00,26.673579,-81.80494516666667,2e:70:4e:d2:92:ab,-68,5745,150,Bermuda Guest WIFI,pole 12 N
2025-10-14T19:17:44.273483+00:00,26.673579,-81.80494516666667,60:22:32:16:1e:33,-81,5805,162,Bermuda,laundry1
2025-10-14T19:17:44.273483+00:00,26.673579,-81.80494516666667,62:22:32:16:1e:33,-81,5805,162,Bermuda Guest WIFI,laundry1
2025-10-14T19:17:44.273483+00:00,26.673579,-81.80494516666667,28:70:4e:d0:88:a8,-89,2412,1,Bermuda,pole 04
2025-10-14T19:17:44.273483+00:00,26.673579,-81.80494516666667,2e:70:4e:d0:88:a8,-89,2412,1,Bermuda Guest WIFI,pole 04
2025-10-14T19:17:44.273483+00:00,26.673579,-81.80494516666667,62:22:32:16:1e:32,-90,2437,6,Bermuda Guest WIFI,laundry1
2025-10-14T19:17:44.273483+00:00,26.673579,-81.80494516666667,02:4d:28:6e:2f:30,-83,2462,11,Pvt.WiFiRanger_Core.5389,Unknown
2025-10-14T19:17:44.273483+00:00,26.673579,-81.80494516666667,2e:70:4e:d0:8d:34,-91,2462,11,Bermuda Guest WIFI,pole 20
2025-10-14T19:17:53.763255+00:00,26.673571333333335,-81.8050345,28:70:4e:d0:88:21,-61,2412,1,Bermuda,pole 14
2025-10-14T19:17:53.763255+00:00,26.673571333333335,-81.8050345,2e:70:4e:d0:88:f9,-63,2412,1,Bermuda Guest WIFI,pole 11
2025-10-14T19:17:53.763255+00:00,26.673571333333335,-81.8050345,28:70:4e:d2:92:aa,-67,2437,6,Bermuda,pole 12 N
2025-10-14T19:17:53.763255+00:00,26.673571333333335,-81.8050345,00:17:1a:d6:27:8a,-84,2462,11,Winegard2ghzD62789,Unknown
2025-10-14T19:17:53.763255+00:00,26.673571333333335,-81.8050345,28:70:4e:d0:87:4f,-65,2462,11,Bermuda,pole 13 E
2025-10-14T19:17:53.763255+00:00,26.673571333333335,-81.8050345,2e:70:4e:d0:87:4f,-65,2462,11,Bermuda Guest WIFI,pole 13 E
2025-10-14T19:17:53.763255+00:00,26.673571333333335,-81.8050345,28:70:4e:d0:87:50,-66,5745,150,Bermuda,pole 13 E
2025-10-14T19:17:53.763255+00:00,26.673571333333335,-81.8050345,2e:70:4e:d0:87:50,-66,5745,150,Bermuda Guest WIFI,pole 13 E
2025-10-14T19:17:53.763255+00:00,26.673571333333335,-81.8050345,28:70:4e:d0:88:fa,-76,5765,154,Bermuda,pole 11
2025-10-14T19:17:53.763255+00:00,26.673571333333335,-81.8050345,2e:70:4e:d0:88:fa,-76,5765,154,Bermuda Guest WIFI,pole 11
2025-10-14T19:17:53.763255+00:00,26.673571333333335,-81.8050345,28:70:4e:dd:d0:4a,-60,5240,49,Bermuda,pole 13 SW
2025-10-14T19:17:53.763255+00:00,26.673571333333335,-81.8050345,2e:70:4e:dd:d0:4a,-61,5240,49,Bermuda Guest WIFI,pole 13 SW
2025-10-14T19:17:53.763255+00:00,26.673571333333335,-81.8050345,9c:05:d6:d6:25:73,-74,5220,45,Bermuda,inside4
2025-10-14T19:17:53.763255+00:00,26.673571333333335,-81.8050345,9e:05:d6:96:25:73,-73,5220,45,Bermuda Guest WIFI,inside4
2025-10-14T19:17:53.763255+00:00,26.673571333333335,-81.8050345,2e:70:4e:d0:88:21,-65,2412,1,Bermuda Guest WIFI,pole 14
2025-10-14T19:17:53.763255+00:00,26.673571333333335,-81.8050345,28:70:4e:d0:89:0b,-71,2412,1,Bermuda,pole 10
2025-10-14T19:17:53.763255+00:00,26.673571333333335,-81.8050345,2e:70:4e:d0:89:0b,-59,2412,1,Bermuda Guest WIFI,pole 10
2025-10-14T19:17:53.763255+00:00,26.673571333333335,-81.8050345,28:70:4e:dd:d0:49,-64,2437,6,Bermuda,pole 13 SW
2025-10-14T19:17:53.763255+00:00,26.673571333333335,-81.8050345,60:22:32:16:1e:32,-80,2437,6,Bermuda,laundry1
2025-10-14T19:17:53.763255+00:00,26.673571333333335,-81.8050345,2e:70:4e:dd:d0:49,-63,2437,6,Bermuda Guest WIFI,pole 13 SW
2025-10-14T19:17:53.763255+00:00,26.673571333333335,-81.8050345,28:70:4e:d0:87:5e,-86,2462,11,Bermuda,pole 15 S
2025-10-14T19:17:53.763255+00:00,26.673571333333335,-81.8050345,28:70:4e:d0:88:22,-59,5765,154,Bermuda,pole 14
2025-10-14T19:17:53.763255+00:00,26.673571333333335,-81.8050345,2e:70:4e:d0:88:22,-60,5765,154,Bermuda Guest WIFI,pole 14
2025-10-14T19:17:53.763255+00:00,26.673571333333335,-81.8050345,28:70:4e:d2:92:ab,-68,5745,150,Bermuda,pole 12 N
2025-10-14T19:17:53.763255+00:00,26.673571333333335,-81.8050345,2e:70:4e:d2:92:ab,-68,5745,150,Bermuda Guest WIFI,pole 12 N
2025-10-14T19:17:53.763255+00:00,26.673571333333335,-81.8050345,60:22:32:16:1e:33,-81,5805,162,Bermuda,laundry1
2025-10-14T19:17:53.763255+00:00,26.673571333333335,-81.8050345,62:22:32:16:1e:33,-81,5805,162,Bermuda Guest WIFI,laundry1
2025-10-14T19:17:53.763255+00:00,26.673571333333335,-81.8050345,28:70:4e:d0:88:a8,-89,2412,1,Bermuda,pole 04
2025-10-14T19:17:53.763255+00:00,26.673571333333335,-81.8050345,2e:70:4e:d0:88:a8,-89,2412,1,Bermuda Guest WIFI,pole 04
2025-10-14T19:17:53.763255+00:00,26.673571333333335,-81.8050345,62:22:32:16:1e:32,-90,2437,6,Bermuda Guest WIFI,laundry1
2025-10-14T19:17:53.763255+00:00,26.673571333333335,-81.8050345,02:4d:28:6e:2f:30,-83,2462,11,Pvt.WiFiRanger_Core.5389,Unknown
2025-10-14T19:17:53.763255+00:00,26.673571333333335,-81.8050345,2e:70:4e:d0:8d:34,-91,2462,11,Bermuda Guest WIFI,pole 20
2025-10-14T19:17:53.763255+00:00,26.673571333333335,-81.8050345,28:70:4e:d0:88:f9,-63,2412,1,Bermuda,pole 11
2025-10-14T19:17:53.763255+00:00,26.673571333333335,-81.8050345,28:70:4e:d0:86:c2,-71,2437,6,Bermuda,pole 12 W
2025-10-14T19:17:53.763255+00:00,26.673571333333335,-81.8050345,2e:70:4e:d0:86:c3,-71,5765,154,Bermuda Guest WIFI,pole 12 W
2025-10-14T19:18:29.868961+00:00,26.673568666666668,-81.8050805,28:70:4e:d0:88:21,-64,2412,1,Bermuda,pole 14
2025-10-14T19:18:29.868961+00:00,26.673568666666668,-81.8050805,2e:70:4e:d0:88:f9,-74,2412,1,Bermuda Guest WIFI,pole 11
2025-10-14T19:18:29.868961+00:00,26.673568666666668,-81.8050805,28:70:4e:d2:92:aa,-78,2437,6,Bermuda,pole 12 N
2025-10-14T19:18:29.868961+00:00,26.673568666666668,-81.8050805,28:70:4e:d0:87:50,-61,5745,150,Bermuda,pole 13 E
2025-10-14T19:18:29.868961+00:00,26.673568666666668,-81.8050805,2e:70:4e:d0:88:21,-64,2412,1,Bermuda Guest WIFI,pole 14
2025-10-14T19:18:29.868961+00:00,26.673568666666668,-81.8050805,2e:70:4e:d0:89:0b,-72,2412,1,Bermuda Guest WIFI,pole 10
2025-10-14T19:18:29.868961+00:00,26.673568666666668,-81.8050805,28:70:4e:dd:d0:49,-69,2437,6,Bermuda,pole 13 SW
2025-10-14T19:18:29.868961+00:00,26.673568666666668,-81.8050805,60:22:32:16:1e:32,-87,2437,6,Bermuda,laundry1
2025-10-14T19:18:29.868961+00:00,26.673568666666668,-81.8050805,2e:70:4e:dd:d0:49,-70,2437,6,Bermuda Guest WIFI,pole 13 SW
2025-10-14T19:18:29.868961+00:00,26.673568666666668,-81.8050805,28:70:4e:d0:88:22,-70,5765,154,Bermuda,pole 14
2025-10-14T19:18:29.868961+00:00,26.673568666666668,-81.8050805,2e:70:4e:d0:88:22,-71,5765,154,Bermuda Guest WIFI,pole 14
2025-10-14T19:18:29.868961+00:00,26.673568666666668,-81.8050805,28:70:4e:d0:88:f9,-72,2412,1,Bermuda,pole 11
2025-10-14T19:18:29.868961+00:00,26.673568666666668,-81.8050805,28:70:4e:d0:86:c2,-76,2437,6,Bermuda,pole 12 W
2025-10-14T19:18:29.868961+00:00,26.673568666666668,-81.8050805,2e:70:4e:d0:86:c2,-75,2437,6,Bermuda Guest WIFI,pole 12 W
2025-10-14T19:18:29.868961+00:00,26.673568666666668,-81.8050805,28:70:4e:d2:c9:b0,-82,2437,6,Bermuda,pole 15 NW
2025-10-14T19:18:29.868961+00:00,26.673568666666668,-81.8050805,2e:70:4e:d2:92:aa,-78,2437,6,Bermuda Guest WIFI,pole 12 N
2025-10-14T19:18:29.868961+00:00,26.673568666666668,-81.8050805,2e:70:4e:d2:c9:b0,-84,2437,6,Bermuda Guest WIFI,pole 15 NW
2025-10-14T19:18:29.868961+00:00,26.673568666666668,-81.8050805,28:70:4e:dd:d0:4a,-60,5240,49,Bermuda,pole 13 SW
2025-10-14T19:18:29.868961+00:00,26.673568666666668,-81.8050805,2e:70:4e:dd:d0:4a,-61,5240,49,Bermuda Guest WIFI,pole 13 SW
2025-10-14T19:18:29.868961+00:00,26.673568666666668,-81.8050805,00:17:1a:d6:27:8a,-82,2462,11,Winegard2ghzD62789,Unknown
2025-10-14T19:18:29.868961+00:00,26.673568666666668,-81.8050805,28:70:4e:d0:87:4f,-66,2462,11,Bermuda,pole 13 E
2025-10-14T19:18:29.868961+00:00,26.673568666666668,-81.8050805,28:70:4e:d0:87:5e,-78,2462,11,Bermuda,pole 15 S
2025-10-14T19:18:29.868961+00:00,26.673568666666668,-81.8050805,2e:70:4e:d0:87:4f,-64,2462,11,Bermuda Guest WIFI,pole 13 E
2025-10-14T19:18:38.130259+00:00,26.673505,-81.80512666666667,28:70:4e:d0:88:21,-64,2412,1,Bermuda,pole 14
2025-10-14T19:18:38.130259+00:00,26.673505,-81.80512666666667,2e:70:4e:d0:88:f9,-70,2412,1,Bermuda Guest WIFI,pole 11
2025-10-14T19:18:38.130259+00:00,26.673505,-81.80512666666667,2e:70:4e:d0:88:21,-64,2412,1,Bermuda Guest WIFI,pole 14
2025-10-14T19:18:38.130259+00:00,26.673505,-81.80512666666667,28:70:4e:dd:d0:49,-58,2437,6,Bermuda,pole 13 SW
2025-10-14T19:18:38.130259+00:00,26.673505,-81.80512666666667,2e:70:4e:dd:d0:49,-57,2437,6,Bermuda Guest WIFI,pole 13 SW
2025-10-14T19:18:38.130259+00:00,26.673505,-81.80512666666667,28:70:4e:d0:88:f9,-69,2412,1,Bermuda,pole 11
2025-10-14T19:18:38.130259+00:00,26.673505,-81.80512666666667,2e:70:4e:d0:86:c2,-75,2437,6,Bermuda Guest WIFI,pole 12 W
2025-10-14T19:18:38.130259+00:00,26.673505,-81.80512666666667,28:70:4e:dd:d0:4a,-56,5240,49,Bermuda,pole 13 SW
2025-10-14T19:18:38.130259+00:00,26.673505,-81.80512666666667,2e:70:4e:dd:d0:4a,-60,5240,49,Bermuda Guest WIFI,pole 13 SW
2025-10-14T19:18:38.130259+00:00,26.673505,-81.80512666666667,00:17:1a:d6:27:8a,-82,2462,11,Winegard2ghzD62789,Unknown
2025-10-14T19:18:38.130259+00:00,26.673505,-81.80512666666667,28:70:4e:d0:87:4f,-67,2462,11,Bermuda,pole 13 E
2025-10-14T19:18:38.130259+00:00,26.673505,-81.80512666666667,28:70:4e:d0:87:5e,-78,2462,11,Bermuda,pole 15 S
2025-10-14T19:18:38.130259+00:00,26.673505,-81.80512666666667,2e:70:4e:d0:87:4f,-67,2462,11,Bermuda Guest WIFI,pole 13 E
2025-10-14T19:18:38.130259+00:00,26.673505,-81.80512666666667,28:70:4e:d0:87:50,-70,5745,150,Bermuda,pole 13 E
2025-10-14T19:18:38.130259+00:00,26.673505,-81.80512666666667,2e:70:4e:d0:87:50,-70,5745,150,Bermuda Guest WIFI,pole 13 E
2025-10-14T19:18:47.043198+00:00,26.67347133333333,-81.80506616666666,28:70:4e:d0:88:21,-64,2412,1,Bermuda,pole 14
2025-10-14T19:18:47.043198+00:00,26.67347133333333,-81.80506616666666,2e:70:4e:d0:88:f9,-63,2412,1,Bermuda Guest WIFI,pole 11
2025-10-14T19:18:47.043198+00:00,26.67347133333333,-81.80506616666666,2e:70:4e:d0:88:21,-64,2412,1,Bermuda Guest WIFI,pole 14
2025-10-14T19:18:47.043198+00:00,26.67347133333333,-81.80506616666666,28:70:4e:dd:d0:49,-58,2437,6,Bermuda,pole 13 SW
2025-10-14T19:18:47.043198+00:00,26.67347133333333,-81.80506616666666,2e:70:4e:dd:d0:49,-59,2437,6,Bermuda Guest WIFI,pole 13 SW
2025-10-14T19:18:47.043198+00:00,26.67347133333333,-81.80506616666666,28:70:4e:d0:88:f9,-64,2412,1,Bermuda,pole 11
2025-10-14T19:18:47.043198+00:00,26.67347133333333,-81.80506616666666,2e:70:4e:d0:86:c2,-75,2437,6,Bermuda Guest WIFI,pole 12 W
2025-10-14T19:18:47.043198+00:00,26.67347133333333,-81.80506616666666,28:70:4e:dd:d0:4a,-56,5240,49,Bermuda,pole 13 SW
2025-10-14T19:18:47.043198+00:00,26.67347133333333,-81.80506616666666,2e:70:4e:dd:d0:4a,-60,5240,49,Bermuda Guest WIFI,pole 13 SW
2025-10-14T19:18:47.043198+00:00,26.67347133333333,-81.80506616666666,00:17:1a:d6:27:8a,-86,2462,11,Winegard2ghzD62789,Unknown
2025-10-14T19:18:47.043198+00:00,26.67347133333333,-81.80506616666666,28:70:4e:d0:87:4f,-67,2462,11,Bermuda,pole 13 E
2025-10-14T19:18:47.043198+00:00,26.67347133333333,-81.80506616666666,28:70:4e:d0:87:5e,-78,2462,11,Bermuda,pole 15 S
2025-10-14T19:18:47.043198+00:00,26.67347133333333,-81.80506616666666,2e:70:4e:d0:87:4f,-65,2462,11,Bermuda Guest WIFI,pole 13 E
2025-10-14T19:18:47.043198+00:00,26.67347133333333,-81.80506616666666,28:70:4e:d0:87:50,-66,5745,150,Bermuda,pole 13 E
2025-10-14T19:18:47.043198+00:00,26.67347133333333,-81.80506616666666,2e:70:4e:d0:87:50,-66,5745,150,Bermuda Guest WIFI,pole 13 E
2025-10-14T19:18:47.043198+00:00,26.67347133333333,-81.80506616666666,28:70:4e:d0:89:0b,-77,2412,1,Bermuda,pole 10
2025-10-14T19:18:47.043198+00:00,26.67347133333333,-81.80506616666666,2e:70:4e:d0:89:0b,-78,2412,1,Bermuda Guest WIFI,pole 10
2025-10-14T19:18:47.043198+00:00,26.67347133333333,-81.80506616666666,28:70:4e:d0:88:a8,-88,2412,1,Bermuda,pole 04
2025-10-14T19:18:47.043198+00:00,26.67347133333333,-81.80506616666666,28:70:4e:d2:92:aa,-74,2437,6,Bermuda,pole 12 N
2025-10-14T19:18:47.043198+00:00,26.67347133333333,-81.80506616666666,2e:70:4e:d0:89:14,-78,2437,6,Bermuda Guest WIFI,pole 21
2025-10-14T19:18:47.043198+00:00,26.67347133333333,-81.80506616666666,2e:70:4e:d2:92:aa,-73,2437,6,Bermuda Guest WIFI,pole 12 N
2025-10-14T19:18:55.954602+00:00,26.6734695,-81.80496716666667,28:70:4e:d0:88:21,-64,2412,1,Bermuda,pole 14
2025-10-14T19:18:55.954602+00:00,26.6734695,-81.80496716666667,2e:70:4e:d0:88:f9,-63,2412,1,Bermuda Guest WIFI,pole 11
2025-10-14T19:18:55.954602+00:00,26.6734695,-81.80496716666667,2e:70:4e:d0:88:21,-64,2412,1,Bermuda Guest WIFI,pole 14
2025-10-14T19:18:55.954602+00:00,26.6734695,-81.80496716666667,28:70:4e:dd:d0:49,-58,2437,6,Bermuda,pole 13 SW
2025-10-14T19:18:55.954602+00:00,26.6734695,-81.80496716666667,2e:70:4e:dd:d0:49,-59,2437,6,Bermuda Guest WIFI,pole 13 SW
2025-10-14T19:18:55.954602+00:00,26.6734695,-81.80496716666667,28:70:4e:d0:88:f9,-64,2412,1,Bermuda,pole 11
2025-10-14T19:18:55.954602+00:00,26.6734695,-81.80496716666667,2e:70:4e:d0:86:c2,-75,2437,6,Bermuda Guest WIFI,pole 12 W
2025-10-14T19:18:55.954602+00:00,26.6734695,-81.80496716666667,28:70:4e:dd:d0:4a,-56,5240,49,Bermuda,pole 13 SW
2025-10-14T19:18:55.954602+00:00,26.6734695,-81.80496716666667,2e:70:4e:dd:d0:4a,-60,5240,49,Bermuda Guest WIFI,pole 13 SW
2025-10-14T19:18:55.954602+00:00,26.6734695,-81.80496716666667,00:17:1a:d6:27:8a,-82,2462,11,Winegard2ghzD62789,Unknown
2025-10-14T19:18:55.954602+00:00,26.6734695,-81.80496716666667,28:70:4e:d0:87:4f,-81,2462,11,Bermuda,pole 13 E
2025-10-14T19:18:55.954602+00:00,26.6734695,-81.80496716666667,28:70:4e:d0:87:5e,-78,2462,11,Bermuda,pole 15 S
2025-10-14T19:18:55.954602+00:00,26.6734695,-81.80496716666667,2e:70:4e:d0:87:4f,-65,2462,11,Bermuda Guest WIFI,pole 13 E
2025-10-14T19:18:55.954602+00:00,26.6734695,-81.80496716666667,28:70:4e:d0:87:50,-66,5745,150,Bermuda,pole 13 E
2025-10-14T19:18:55.954602+00:00,26.6734695,-81.80496716666667,2e:70:4e:d0:87:50,-66,5745,150,Bermuda Guest WIFI,pole 13 E
2025-10-14T19:18:55.954602+00:00,26.6734695,-81.80496716666667,28:70:4e:d0:89:0b,-86,2412,1,Bermuda,pole 10
2025-10-14T19:18:55.954602+00:00,26.6734695,-81.80496716666667,2e:70:4e:d0:89:0b,-86,2412,1,Bermuda Guest WIFI,pole 10
2025-10-14T19:18:55.954602+00:00,26.6734695,-81.80496716666667,28:70:4e:d0:88:a8,-88,2412,1,Bermuda,pole 04
2025-10-14T19:18:55.954602+00:00,26.6734695,-81.80496716666667,28:70:4e:d2:92:aa,-66,2437,6,Bermuda,pole 12 N
2025-10-14T19:18:55.954602+00:00,26.6734695,-81.80496716666667,2e:70:4e:d0:89:14,-78,2437,6,Bermuda Guest WIFI,pole 21
2025-10-14T19:18:55.954602+00:00,26.6734695,-81.80496716666667,2e:70:4e:d2:92:aa,-73,2437,6,Bermuda Guest WIFI,pole 12 N
2025-10-14T19:18:55.954602+00:00,26.6734695,-81.80496716666667,60:22:32:16:1e:32,-81,2437,6,Bermuda,laundry1
2025-10-14T19:18:55.954602+00:00,26.6734695,-81.80496716666667,62:22:32:16:1e:32,-86,2437,6,Bermuda Guest WIFI,laundry1
2025-10-14T19:18:55.954602+00:00,26.6734695,-81.80496716666667,28:70:4e:d0:86:3e,-91,2462,11,Bermuda,pole 09
2025-10-14T19:18:55.954602+00:00,26.6734695,-81.80496716666667,60:22:32:16:1e:33,-79,5805,162,Bermuda,laundry1
2025-10-14T19:18:55.954602+00:00,26.6734695,-81.80496716666667,62:22:32:16:1e:33,-79,5805,162,Bermuda Guest WIFI,laundry1
2025-10-14T19:19:32.672947+00:00,26.673373,-81.80492933333333,28:70:4e:dd:d0:4a,-64,5240,49,Bermuda,pole 13 SW
2025-10-14T19:19:32.672947+00:00,26.673373,-81.80492933333333,28:70:4e:d0:89:0b,-78,2412,1,Bermuda,pole 10
2025-10-14T19:19:32.672947+00:00,26.673373,-81.80492933333333,28:70:4e:d0:88:21,-58,2412,1,Bermuda,pole 14
2025-10-14T19:19:32.672947+00:00,26.673373,-81.80492933333333,2e:70:4e:d0:89:0b,-79,2412,1,Bermuda Guest WIFI,pole 10
2025-10-14T19:19:32.672947+00:00,26.673373,-81.80492933333333,2e:70:4e:d0:88:21,-58,2412,1,Bermuda Guest WIFI,pole 14
2025-10-14T19:19:32.672947+00:00,26.673373,-81.80492933333333,28:70:4e:d2:92:aa,-66,2437,6,Bermuda,pole 12 N
2025-10-14T19:19:32.672947+00:00,26.673373,-81.80492933333333,2e:70:4e:d2:92:aa,-66,2437,6,Bermuda Guest WIFI,pole 12 N
2025-10-14T19:19:32.672947+00:00,26.673373,-81.80492933333333,00:17:1a:d6:27:8a,-80,2462,11,Winegard2ghzD62789,Unknown
2025-10-14T19:19:32.672947+00:00,26.673373,-81.80492933333333,2e:70:4e:d0:87:4f,-77,2462,11,Bermuda Guest WIFI,pole 13 E
2025-10-14T19:19:32.672947+00:00,26.673373,-81.80492933333333,60:22:32:16:1e:33,-78,5805,162,Bermuda,laundry1
2025-10-14T19:19:32.672947+00:00,26.673373,-81.80492933333333,62:22:32:16:1e:33,-78,5805,162,Bermuda Guest WIFI,laundry1
2025-10-14T19:19:32.672947+00:00,26.673373,-81.80492933333333,28:70:4e:d0:88:22,-62,5765,154,Bermuda,pole 14
2025-10-14T19:19:32.672947+00:00,26.673373,-81.80492933333333,2e:70:4e:d0:88:22,-62,5765,154,Bermuda Guest WIFI,pole 14
2025-10-14T19:19:40.992144+00:00,26.673371833333334,-81.80500983333333,28:70:4e:dd:d0:4a,-64,5240,49,Bermuda,pole 13 SW
2025-10-14T19:19:40.992144+00:00,26.673371833333334,-81.80500983333333,28:70:4e:d0:89:0b,-78,2412,1,Bermuda,pole 10
2025-10-14T19:19:40.992144+00:00,26.673371833333334,-81.80500983333333,28:70:4e:d0:88:21,-58,2412,1,Bermuda,pole 14
2025-10-14T19:19:40.992144+00:00,26.673371833333334,-81.80500983333333,2e:70:4e:d0:89:0b,-79,2412,1,Bermuda Guest WIFI,pole 10
2025-10-14T19:19:40.992144+00:00,26.673371833333334,-81.80500983333333,2e:70:4e:d0:88:21,-58,2412,1,Bermuda Guest WIFI,pole 14
2025-10-14T19:19:40.992144+00:00,26.673371833333334,-81.80500983333333,28:70:4e:d2:92:aa,-66,2437,6,Bermuda,pole 12 N
2025-10-14T19:19:40.992144+00:00,26.673371833333334,-81.80500983333333,2e:70:4e:d2:92:aa,-66,2437,6,Bermuda Guest WIFI,pole 12 N
2025-10-14T19:19:40.992144+00:00,26.673371833333334,-81.80500983333333,00:17:1a:d6:27:8a,-80,2462,11,Winegard2ghzD62789,Unknown
2025-10-14T19:19:40.992144+00:00,26.673371833333334,-81.80500983333333,2e:70:4e:d0:87:4f,-77,2462,11,Bermuda Guest WIFI,pole 13 E
2025-10-14T19:19:40.992144+00:00,26.673371833333334,-81.80500983333333,60:22:32:16:1e:33,-78,5805,162,Bermuda,laundry1
2025-10-14T19:19:40.992144+00:00,26.673371833333334,-81.80500983333333,62:22:32:16:1e:33,-78,5805,162,Bermuda Guest WIFI,laundry1
2025-10-14T19:19:40.992144+00:00,26.673371833333334,-81.80500983333333,28:70:4e:d0:88:22,-62,5765,154,Bermuda,pole 14
2025-10-14T19:19:40.992144+00:00,26.673371833333334,-81.80500983333333,2e:70:4e:d0:88:22,-62,5765,154,Bermuda Guest WIFI,pole 14
2025-10-14T19:19:40.992144+00:00,26.673371833333334,-81.80500983333333,28:70:4e:d0:88:f9,-79,2412,1,Bermuda,pole 11
2025-10-14T19:19:40.992144+00:00,26.673371833333334,-81.80500983333333,2e:70:4e:d0:88:f9,-80,2412,1,Bermuda Guest WIFI,pole 11
2025-10-14T19:19:40.992144+00:00,26.673371833333334,-81.80500983333333,28:70:4e:d0:87:4f,-79,2462,11,Bermuda,pole 13 E
2025-10-14T19:19:40.992144+00:00,26.673371833333334,-81.80500983333333,2e:70:4e:d0:87:5e,-91,2462,11,Bermuda Guest WIFI,pole 15 S
2025-10-14T19:19:40.992144+00:00,26.673371833333334,-81.80500983333333,28:70:4e:d0:89:02,-74,2462,11,Bermuda,pole 17
2025-10-14T19:19:40.992144+00:00,26.673371833333334,-81.80500983333333,2e:70:4e:d0:89:02,-75,2462,11,Bermuda Guest WIFI,pole 17
2025-10-14T19:19:50.190776+00:00,26.673379166666667,-81.80510733333334,28:70:4e:dd:d0:4a,-53,5240,49,Bermuda,pole 13 SW
2025-10-14T19:19:50.190776+00:00,26.673379166666667,-81.80510733333334,28:70:4e:d0:89:0b,-81,2412,1,Bermuda,pole 10
2025-10-14T19:19:50.190776+00:00,26.673379166666667,-81.80510733333334,28:70:4e:d0:88:21,-65,2412,1,Bermuda,pole 14
2025-10-14T19:19:50.190776+00:00,26.673379166666667,-81.80510733333334,2e:70:4e:d0:89:0b,-79,2412,1,Bermuda Guest WIFI,pole 10
2025-10-14T19:19:50.190776+00:00,26.673379166666667,-81.80510733333334,2e:70:4e:d0:88:21,-64,2412,1,Bermuda Guest WIFI,pole 14
2025-10-14T19:19:50.190776+00:00,26.673379166666667,-81.80510733333334,28:70:4e:d2:92:aa,-79,2437,6,Bermuda,pole 12 N
2025-10-14T19:19:50.190776+00:00,26.673379166666667,-81.80510733333334,2e:70:4e:d2:92:aa,-66,2437,6,Bermuda Guest WIFI,pole 12 N
2025-10-14T19:19:50.190776+00:00,26.673379166666667,-81.80510733333334,00:17:1a:d6:27:8a,-82,2462,11,Winegard2ghzD62789,Unknown
2025-10-14T19:19:50.190776+00:00,26.673379166666667,-81.80510733333334,2e:70:4e:d0:87:4f,-73,2462,11,Bermuda Guest WIFI,pole 13 E
2025-10-14T19:19:50.190776+00:00,26.673379166666667,-81.80510733333334,60:22:32:16:1e:33,-78,5805,162,Bermuda,laundry1
2025-10-14T19:19:50.190776+00:00,26.673379166666667,-81.80510733333334,62:22:32:16:1e:33,-78,5805,162,Bermuda Guest WIFI,laundry1
2025-10-14T19:19:50.190776+00:00,26.673379166666667,-81.80510733333334,28:70:4e:d0:88:22,-62,5765,154,Bermuda,pole 14
2025-10-14T19:19:50.190776+00:00,26.673379166666667,-81.80510733333334,2e:70:4e:d0:88:22,-62,5765,154,Bermuda Guest WIFI,pole 14
2025-10-14T19:19:50.190776+00:00,26.673379166666667,-81.80510733333334,28:70:4e:d0:88:f9,-79,2412,1,Bermuda,pole 11
2025-10-14T19:19:50.190776+00:00,26.673379166666667,-81.80510733333334,2e:70:4e:d0:88:f9,-80,2412,1,Bermuda Guest WIFI,pole 11
2025-10-14T19:19:50.190776+00:00,26.673379166666667,-81.80510733333334,28:70:4e:d0:87:4f,-72,2462,11,Bermuda,pole 13 E
2025-10-14T19:19:50.190776+00:00,26.673379166666667,-81.80510733333334,2e:70:4e:d0:87:5e,-91,2462,11,Bermuda Guest WIFI,pole 15 S
2025-10-14T19:19:50.190776+00:00,26.673379166666667,-81.80510733333334,28:70:4e:d0:89:02,-74,2462,11,Bermuda,pole 17
2025-10-14T19:19:50.190776+00:00,26.673379166666667,-81.80510733333334,2e:70:4e:d0:89:02,-75,2462,11,Bermuda Guest WIFI,pole 17
2025-10-14T19:19:50.190776+00:00,26.673379166666667,-81.80510733333334,62:22:32:16:1e:32,-85,2437,6,Bermuda Guest WIFI,laundry1
2025-10-14T19:19:50.190776+00:00,26.673379166666667,-81.80510733333334,28:70:4e:dd:d0:49,-68,2437,6,Bermuda,pole 13 SW
2025-10-14T19:19:50.190776+00:00,26.673379166666667,-81.80510733333334,2e:70:4e:dd:d0:49,-67,2437,6,Bermuda Guest WIFI,pole 13 SW
2025-10-14T19:19:50.190776+00:00,26.673379166666667,-81.80510733333334,2e:70:4e:d0:86:3e,-79,2462,11,Bermuda Guest WIFI,pole 09
2025-10-14T19:19:50.190776+00:00,26.673379166666667,-81.80510733333334,2e:70:4e:dd:d0:4a,-53,5240,49,Bermuda Guest WIFI,pole 13 SW
2025-10-14T19:19:50.190776+00:00,26.673379166666667,-81.80510733333334,28:70:4e:d0:86:c3,-68,5765,154,Bermuda,pole 12 W
2025-10-14T19:19:50.190776+00:00,26.673379166666667,-81.80510733333334,2e:70:4e:d0:86:c3,-68,5765,154,Bermuda Guest WIFI,pole 12 W
2025-10-14T19:19:50.190776+00:00,26.673379166666667,-81.80510733333334,28:70:4e:d0:87:50,-66,5745,150,Bermuda,pole 13 E
2025-10-14T19:19:50.190776+00:00,26.673379166666667,-81.80510733333334,2e:70:4e:d0:87:50,-66,5745,150,Bermuda Guest WIFI,pole 13 E
2025-10-14T19:19:59.110208+00:00,26.673369333333333,-81.80515966666667,28:70:4e:dd:d0:4a,-53,5240,49,Bermuda,pole 13 SW
2025-10-14T19:19:59.110208+00:00,26.673369333333333,-81.80515966666667,28:70:4e:d0:89:0b,-81,2412,1,Bermuda,pole 10
2025-10-14T19:19:59.110208+00:00,26.673369333333333,-81.80515966666667,28:70:4e:d0:88:21,-75,2412,1,Bermuda,pole 14
2025-10-14T19:19:59.110208+00:00,26.673369333333333,-81.80515966666667,2e:70:4e:d0:88:21,-76,2412,1,Bermuda Guest WIFI,pole 14
2025-10-14T19:19:59.110208+00:00,26.673369333333333,-81.80515966666667,28:70:4e:d2:92:aa,-62,2437,6,Bermuda,pole 12 N
2025-10-14T19:19:59.110208+00:00,26.673369333333333,-81.80515966666667,2e:70:4e:d2:92:aa,-62,2437,6,Bermuda Guest WIFI,pole 12 N
2025-10-14T19:19:59.110208+00:00,26.673369333333333,-81.80515966666667,00:17:1a:d6:27:8a,-84,2462,11,Winegard2ghzD62789,Unknown
2025-10-14T19:19:59.110208+00:00,26.673369333333333,-81.80515966666667,2e:70:4e:d0:87:4f,-73,2462,11,Bermuda Guest WIFI,pole 13 E
2025-10-14T19:19:59.110208+00:00,26.673369333333333,-81.80515966666667,60:22:32:16:1e:33,-78,5805,162,Bermuda,laundry1
2025-10-14T19:19:59.110208+00:00,26.673369333333333,-81.80515966666667,62:22:32:16:1e:33,-78,5805,162,Bermuda Guest WIFI,laundry1
2025-10-14T19:19:59.110208+00:00,26.673369333333333,-81.80515966666667,28:70:4e:d0:88:22,-64,5765,154,Bermuda,pole 14
2025-10-14T19:19:59.110208+00:00,26.673369333333333,-81.80515966666667,2e:70:4e:d0:88:22,-64,5765,154,Bermuda Guest WIFI,pole 14
2025-10-14T19:19:59.110208+00:00,26.673369333333333,-81.80515966666667,28:70:4e:d0:88:f9,-79,2412,1,Bermuda,pole 11
2025-10-14T19:19:59.110208+00:00,26.673369333333333,-81.80515966666667,2e:70:4e:d0:88:f9,-80,2412,1,Bermuda Guest WIFI,pole 11
2025-10-14T19:19:59.110208+00:00,26.673369333333333,-81.80515966666667,28:70:4e:d0:87:4f,-72,2462,11,Bermuda,pole 13 E
2025-10-14T19:19:59.110208+00:00,26.673369333333333,-81.80515966666667,2e:70:4e:d0:87:5e,-91,2462,11,Bermuda Guest WIFI,pole 15 S
2025-10-14T19:19:59.110208+00:00,26.673369333333333,-81.80515966666667,28:70:4e:d0:89:02,-74,2462,11,Bermuda,pole 17
2025-10-14T19:19:59.110208+00:00,26.673369333333333,-81.80515966666667,2e:70:4e:d0:89:02,-75,2462,11,Bermuda Guest WIFI,pole 17
2025-10-14T19:19:59.110208+00:00,26.673369333333333,-81.80515966666667,62:22:32:16:1e:32,-85,2437,6,Bermuda Guest WIFI,laundry1
2025-10-14T19:19:59.110208+00:00,26.673369333333333,-81.80515966666667,28:70:4e:dd:d0:49,-79,2437,6,Bermuda,pole 13 SW
2025-10-14T19:19:59.110208+00:00,26.673369333333333,-81.80515966666667,2e:70:4e:dd:d0:49,-67,2437,6,Bermuda Guest WIFI,pole 13 SW
2025-10-14T19:19:59.110208+00:00,26.673369333333333,-81.80515966666667,2e:70:4e:d0:86:3e,-79,2462,11,Bermuda Guest WIFI,pole 09
2025-10-14T19:19:59.110208+00:00,26.673369333333333,-81.80515966666667,2e:70:4e:dd:d0:4a,-53,5240,49,Bermuda Guest WIFI,pole 13 SW
2025-10-14T19:19:59.110208+00:00,26.673369333333333,-81.80515966666667,28:70:4e:d0:86:c3,-60,5765,154,Bermuda,pole 12 W
2025-10-14T19:19:59.110208+00:00,26.673369333333333,-81.80515966666667,2e:70:4e:d0:86:c3,-60,5765,154,Bermuda Guest WIFI,pole 12 W
2025-10-14T19:19:59.110208+00:00,26.673369333333333,-81.80515966666667,28:70:4e:d0:87:50,-65,5745,150,Bermuda,pole 13 E
2025-10-14T19:19:59.110208+00:00,26.673369333333333,-81.80515966666667,2e:70:4e:d0:87:50,-65,5745,150,Bermuda Guest WIFI,pole 13 E
2025-10-14T19:19:59.110208+00:00,26.673369333333333,-81.80515966666667,28:70:4e:d3:d6:28,-73,2412,1,Bermuda,pole 18 W
2025-10-14T19:19:59.110208+00:00,26.673369333333333,-81.80515966666667,2e:70:4e:d3:d6:28,-78,2412,1,Bermuda Guest WIFI,pole 18 W
2025-10-14T19:19:59.110208+00:00,26.673369333333333,-81.80515966666667,28:70:4e:d2:92:ab,-59,5745,150,Bermuda,pole 12 N
2025-10-14T19:19:59.110208+00:00,26.673369333333333,-81.80515966666667,2e:70:4e:d2:92:ab,-60,5745,150,Bermuda Guest WIFI,pole 12 N
2025-10-14T19:20:35.294181+00:00,26.673403333333333,-81.8051995,28:70:4e:dd:d0:4a,-66,5240,49,Bermuda,pole 13 SW
2025-10-14T19:20:35.294181+00:00,26.673403333333333,-81.8051995,28:70:4e:d0:87:73,-71,2412,1,Bermuda,pole 18 N
2025-10-14T19:20:35.294181+00:00,26.673403333333333,-81.8051995,2e:70:4e:d0:87:73,-70,2412,1,Bermuda Guest WIFI,pole 18 N
2025-10-14T19:20:35.294181+00:00,26.673403333333333,-81.8051995,28:70:4e:d0:88:f9,-80,2412,1,Bermuda,pole 11
2025-10-14T19:20:35.294181+00:00,26.673403333333333,-81.8051995,28:70:4e:dd:d0:49,-68,2437,6,Bermuda,pole 13 SW
2025-10-14T19:20:35.294181+00:00,26.673403333333333,-81.8051995,00:17:1a:d6:27:8a,-80,2462,11,Winegard2ghzD62789,Unknown
2025-10-14T19:20:35.294181+00:00,26.673403333333333,-81.8051995,2a:38:5c:02:2d:2d,-59,5745,150,PROJ022d2d,Unknown
2025-10-14T19:20:35.294181+00:00,26.673403333333333,-81.8051995,d0:c3:5a:03:a6:93,-57,5805,162,HotspotZ5ms,Unknown
2025-10-14T19:20:44.135764+00:00,26.673404333333334,-81.805189,28:70:4e:dd:d0:4a,-62,5240,49,Bermuda,pole 13 SW
2025-10-14T19:20:44.135764+00:00,26.673404333333334,-81.805189,28:70:4e:d0:87:73,-71,2412,1,Bermuda,pole 18 N
2025-10-14T19:20:44.135764+00:00,26.673404333333334,-81.805189,2e:70:4e:d0:87:73,-70,2412,1,Bermuda Guest WIFI,pole 18 N
2025-10-14T19:20:44.135764+00:00,26.673404333333334,-81.805189,28:70:4e:d0:88:f9,-80,2412,1,Bermuda,pole 11
2025-10-14T19:20:44.135764+00:00,26.673404333333334,-81.805189,28:70:4e:dd:d0:49,-68,2437,6,Bermuda,pole 13 SW
2025-10-14T19:20:44.135764+00:00,26.673404333333334,-81.805189,00:17:1a:d6:27:8a,-86,2462,11,Winegard2ghzD62789,Unknown
2025-10-14T19:20:44.135764+00:00,26.673404333333334,-81.805189,2a:38:5c:02:2d:2d,-52,5745,150,PROJ022d2d,Unknown
2025-10-14T19:20:44.135764+00:00,26.673404333333334,-81.805189,d0:c3:5a:03:a6:93,-46,5805,162,HotspotZ5ms,Unknown
2025-10-14T19:20:44.135764+00:00,26.673404333333334,-81.805189,28:70:4e:d2:92:ab,-63,5745,150,Bermuda,pole 12 N
2025-10-14T19:20:44.135764+00:00,26.673404333333334,-81.805189,2e:70:4e:d2:92:ab,-63,5745,150,Bermuda Guest WIFI,pole 12 N
2025-10-14T19:20:53.191465+00:00,26.673405,-81.80520266666667,28:70:4e:dd:d0:4a,-62,5240,49,Bermuda,pole 13 SW
2025-10-14T19:20:53.191465+00:00,26.673405,-81.80520266666667,28:70:4e:d0:87:73,-71,2412,1,Bermuda,pole 18 N
2025-10-14T19:20:53.191465+00:00,26.673405,-81.80520266666667,2e:70:4e:d0:87:73,-70,2412,1,Bermuda Guest WIFI,pole 18 N
2025-10-14T19:20:53.191465+00:00,26.673405,-81.80520266666667,28:70:4e:d0:88:f9,-80,2412,1,Bermuda,pole 11
2025-10-14T19:20:53.191465+00:00,26.673405,-81.80520266666667,28:70:4e:dd:d0:49,-68,2437,6,Bermuda,pole 13 SW
2025-10-14T19:20:53.191465+00:00,26.673405,-81.80520266666667,00:17:1a:d6:27:8a,-86,2462,11,Winegard2ghzD62789,Unknown
2025-10-14T19:20:53.191465+00:00,26.673405,-81.80520266666667,2a:38:5c:02:2d:2d,-61,5745,150,PROJ022d2d,Unknown
2025-10-14T19:20:53.191465+00:00,26.673405,-81.80520266666667,d0:c3:5a:03:a6:93,-55,5805,162,HotspotZ5ms,Unknown
2025-10-14T19:20:53.191465+00:00,26.673405,-81.80520266666667,28:70:4e:d2:92:ab,-63,5745,150,Bermuda,pole 12 N
2025-10-14T19:20:53.191465+00:00,26.673405,-81.80520266666667,2e:70:4e:d2:92:ab,-63,5745,150,Bermuda Guest WIFI,pole 12 N
2025-10-14T19:20:53.191465+00:00,26.673405,-81.80520266666667,28:70:4e:d0:88:21,-63,2412,1,Bermuda,pole 14
2025-10-14T19:20:53.191465+00:00,26.673405,-81.80520266666667,2e:70:4e:d0:88:21,-63,2412,1,Bermuda Guest WIFI,pole 14
2025-10-14T19:20:53.191465+00:00,26.673405,-81.80520266666667,28:70:4e:d0:88:22,-71,5765,154,Bermuda,pole 14
2025-10-14T19:20:53.191465+00:00,26.673405,-81.80520266666667,2e:70:4e:d0:88:22,-72,5765,154,Bermuda Guest WIFI,pole 14
2025-10-14T19:21:01.951589+00:00,26.673407666666666,-81.8051975,28:70:4e:dd:d0:4a,-60,5240,49,Bermuda,pole 13 SW
2025-10-14T19:21:01.951589+00:00,26.673407666666666,-81.8051975,28:70:4e:d0:87:73,-71,2412,1,Bermuda,pole 18 N
2025-10-14T19:21:01.951589+00:00,26.673407666666666,-81.8051975,2e:70:4e:d0:87:73,-70,2412,1,Bermuda Guest WIFI,pole 18 N
2025-10-14T19:21:01.951589+00:00,26.673407666666666,-81.8051975,28:70:4e:d0:88:f9,-80,2412,1,Bermuda,pole 11
2025-10-14T19:21:01.951589+00:00,26.673407666666666,-81.8051975,28:70:4e:dd:d0:49,-62,2437,6,Bermuda,pole 13 SW
2025-10-14T19:21:01.951589+00:00,26.673407666666666,-81.8051975,00:17:1a:d6:27:8a,-85,2462,11,Winegard2ghzD62789,Unknown
2025-10-14T19:21:01.951589+00:00,26.673407666666666,-81.8051975,2a:38:5c:02:2d:2d,-51,5745,150,PROJ022d2d,Unknown
2025-10-14T19:21:01.951589+00:00,26.673407666666666,-81.8051975,d0:c3:5a:03:a6:93,-48,5805,162,HotspotZ5ms,Unknown
2025-10-14T19:21:01.951589+00:00,26.673407666666666,-81.8051975,28:70:4e:d2:92:ab,-63,5745,150,Bermuda,pole 12 N
2025-10-14T19:21:01.951589+00:00,26.673407666666666,-81.8051975,2e:70:4e:d2:92:ab,-63,5745,150,Bermuda Guest WIFI,pole 12 N
2025-10-14T19:21:01.951589+00:00,26.673407666666666,-81.8051975,28:70:4e:d0:88:21,-63,2412,1,Bermuda,pole 14
2025-10-14T19:21:01.951589+00:00,26.673407666666666,-81.8051975,2e:70:4e:d0:88:21,-63,2412,1,Bermuda Guest WIFI,pole 14
2025-10-14T19:21:01.951589+00:00,26.673407666666666,-81.8051975,28:70:4e:d0:88:22,-71,5765,154,Bermuda,pole 14
2025-10-14T19:21:01.951589+00:00,26.673407666666666,-81.8051975,2e:70:4e:d0:88:22,-72,5765,154,Bermuda Guest WIFI,pole 14
2025-10-14T19:21:01.951589+00:00,26.673407666666666,-81.8051975,28:70:4e:d0:86:c2,-68,2437,6,Bermuda,pole 12 W
2025-10-14T19:21:01.951589+00:00,26.673407666666666,-81.8051975,2e:70:4e:dd:d0:49,-61,2437,6,Bermuda Guest WIFI,pole 13 SW
2025-10-14T19:21:01.951589+00:00,26.673407666666666,-81.8051975,2e:70:4e:dd:d0:4a,-60,5240,49,Bermuda Guest WIFI,pole 13 SW
2025-10-14T19:21:37.068785+00:00,26.673395166666666,-81.80520083333333,28:70:4e:dd:d0:4a,-59,5240,49,Bermuda,pole 13 SW
2025-10-14T19:21:37.068785+00:00,26.673395166666666,-81.80520083333333,62:22:32:16:1e:32,-87,2437,6,Bermuda Guest WIFI,laundry1
2025-10-14T19:21:37.068785+00:00,26.673395166666666,-81.80520083333333,28:70:4e:dd:d0:49,-59,2437,6,Bermuda,pole 13 SW
2025-10-14T19:21:37.068785+00:00,26.673395166666666,-81.80520083333333,28:70:4e:d0:87:4f,-66,2462,11,Bermuda,pole 13 E
2025-10-14T19:21:37.068785+00:00,26.673395166666666,-81.80520083333333,2e:70:4e:d0:87:4f,-66,2462,11,Bermuda Guest WIFI,pole 13 E
2025-10-14T19:21:37.068785+00:00,26.673395166666666,-81.80520083333333,2a:38:5c:02:2d:2d,-63,5745,150,PROJ022d2d,Unknown
2025-10-14T19:21:37.068785+00:00,26.673395166666666,-81.80520083333333,d0:c3:5a:03:a6:93,-61,5805,162,HotspotZ5ms,Unknown
2025-10-14T19:21:37.068785+00:00,26.673395166666666,-81.80520083333333,28:70:4e:d0:88:22,-76,5765,154,Bermuda,pole 14
2025-10-14T19:21:37.068785+00:00,26.673395166666666,-81.80520083333333,2e:70:4e:d0:88:22,-76,5765,154,Bermuda Guest WIFI,pole 14
2025-10-14T19:21:45.733310+00:00,26.6733965,-81.80519916666667,28:70:4e:dd:d0:4a,-63,5240,49,Bermuda,pole 13 SW
2025-10-14T19:21:45.733310+00:00,26.6733965,-81.80519916666667,62:22:32:16:1e:32,-87,2437,6,Bermuda Guest WIFI,laundry1
2025-10-14T19:21:45.733310+00:00,26.6733965,-81.80519916666667,28:70:4e:dd:d0:49,-62,2437,6,Bermuda,pole 13 SW
2025-10-14T19:21:45.733310+00:00,26.6733965,-81.80519916666667,28:70:4e:d0:87:4f,-64,2462,11,Bermuda,pole 13 E
2025-10-14T19:21:45.733310+00:00,26.6733965,-81.80519916666667,2e:70:4e:d0:87:4f,-64,2462,11,Bermuda Guest WIFI,pole 13 E
2025-10-14T19:21:45.733310+00:00,26.6733965,-81.80519916666667,2a:38:5c:02:2d:2d,-50,5745,150,PROJ022d2d,Unknown
2025-10-14T19:21:45.733310+00:00,26.6733965,-81.80519916666667,d0:c3:5a:03:a6:93,-48,5805,162,HotspotZ5ms,Unknown
2025-10-14T19:21:45.733310+00:00,26.6733965,-81.80519916666667,28:70:4e:d0:88:22,-76,5765,154,Bermuda,pole 14
2025-10-14T19:21:45.733310+00:00,26.6733965,-81.80519916666667,2e:70:4e:d0:88:22,-76,5765,154,Bermuda Guest WIFI,pole 14
2025-10-14T19:21:45.733310+00:00,26.6733965,-81.80519916666667,2e:70:4e:dd:d0:49,-61,2437,6,Bermuda Guest WIFI,pole 13 SW
2025-10-14T19:21:45.733310+00:00,26.6733965,-81.80519916666667,28:70:4e:d0:87:50,-66,5745,150,Bermuda,pole 13 E
2025-10-14T19:21:45.733310+00:00,26.6733965,-81.80519916666667,2e:70:4e:d0:87:50,-66,5745,150,Bermuda Guest WIFI,pole 13 E
2025-10-14T19:21:45.733310+00:00,26.6733965,-81.80519916666667,2e:70:4e:dd:d0:4a,-63,5240,49,Bermuda Guest WIFI,pole 13 SW
2025-10-14T19:21:45.733310+00:00,26.6733965,-81.80519916666667,2e:70:4e:d0:86:c3,-69,5765,154,Bermuda Guest WIFI,pole 12 W
2025-10-14T19:21:54.029647+00:00,26.6733875,-81.80518733333334,28:70:4e:dd:d0:4a,-63,5240,49,Bermuda,pole 13 SW
2025-10-14T19:21:54.029647+00:00,26.6733875,-81.80518733333334,62:22:32:16:1e:32,-87,2437,6,Bermuda Guest WIFI,laundry1
2025-10-14T19:21:54.029647+00:00,26.6733875,-81.80518733333334,28:70:4e:dd:d0:49,-62,2437,6,Bermuda,pole 13 SW
2025-10-14T19:21:54.029647+00:00,26.6733875,-81.80518733333334,28:70:4e:d0:87:4f,-64,2462,11,Bermuda,pole 13 E
2025-10-14T19:21:54.029647+00:00,26.6733875,-81.80518733333334,2e:70:4e:d0:87:4f,-64,2462,11,Bermuda Guest WIFI,pole 13 E
2025-10-14T19:21:54.029647+00:00,26.6733875,-81.80518733333334,2a:38:5c:02:2d:2d,-58,5745,150,PROJ022d2d,Unknown
2025-10-14T19:21:54.029647+00:00,26.6733875,-81.80518733333334,d0:c3:5a:03:a6:93,-56,5805,162,HotspotZ5ms,Unknown
2025-10-14T19:21:54.029647+00:00,26.6733875,-81.80518733333334,28:70:4e:d0:88:22,-76,5765,154,Bermuda,pole 14
2025-10-14T19:21:54.029647+00:00,26.6733875,-81.80518733333334,2e:70:4e:d0:88:22,-76,5765,154,Bermuda Guest WIFI,pole 14
2025-10-14T19:21:54.029647+00:00,26.6733875,-81.80518733333334,2e:70:4e:dd:d0:49,-61,2437,6,Bermuda Guest WIFI,pole 13 SW
2025-10-14T19:21:54.029647+00:00,26.6733875,-81.80518733333334,28:70:4e:d0:87:50,-77,5745,150,Bermuda,pole 13 E
2025-10-14T19:21:54.029647+00:00,26.6733875,-81.80518733333334,2e:70:4e:d0:87:50,-77,5745,150,Bermuda Guest WIFI,pole 13 E
2025-10-14T19:21:54.029647+00:00,26.6733875,-81.80518733333334,2e:70:4e:dd:d0:4a,-63,5240,49,Bermuda Guest WIFI,pole 13 SW
2025-10-14T19:21:54.029647+00:00,26.6733875,-81.80518733333334,2e:70:4e:d0:86:c3,-69,5765,154,Bermuda Guest WIFI,pole 12 W
2025-10-14T19:21:54.029647+00:00,26.6733875,-81.80518733333334,28:70:4e:d2:92:aa,-59,2437,6,Bermuda,pole 12 N
2025-10-14T19:21:54.029647+00:00,26.6733875,-81.80518733333334,28:70:4e:d0:86:c2,-63,2437,6,Bermuda,pole 12 W
2025-10-14T19:21:54.029647+00:00,26.6733875,-81.80518733333334,2e:70:4e:d2:92:aa,-61,2437,6,Bermuda Guest WIFI,pole 12 N
2025-10-14T19:21:54.029647+00:00,26.6733875,-81.80518733333334,2e:70:4e:d0:89:02,-80,2462,11,Bermuda Guest WIFI,pole 17
2025-10-14T19:22:02.936591+00:00,26.673385333333332,-81.805178,28:70:4e:dd:d0:4a,-63,5240,49,Bermuda,pole 13 SW
2025-10-14T19:22:02.936591+00:00,26.673385333333332,-81.805178,62:22:32:16:1e:32,-87,2437,6,Bermuda Guest WIFI,laundry1
2025-10-14T19:22:02.936591+00:00,26.673385333333332,-81.805178,28:70:4e:dd:d0:49,-62,2437,6,Bermuda,pole 13 SW
2025-10-14T19:22:02.936591+00:00,26.673385333333332,-81.805178,28:70:4e:d0:87:4f,-64,2462,11,Bermuda,pole 13 E
2025-10-14T19:22:02.936591+00:00,26.673385333333332,-81.805178,2e:70:4e:d0:87:4f,-64,2462,11,Bermuda Guest WIFI,pole 13 E
2025-10-14T19:22:02.936591+00:00,26.673385333333332,-81.805178,2a:38:5c:02:2d:2d,-46,5745,150,PROJ022d2d,Unknown
2025-10-14T19:22:02.936591+00:00,26.673385333333332,-81.805178,d0:c3:5a:03:a6:93,-52,5805,162,HotspotZ5ms,Unknown
2025-10-14T19:22:02.936591+00:00,26.673385333333332,-81.805178,28:70:4e:d0:88:22,-76,5765,154,Bermuda,pole 14
2025-10-14T19:22:02.936591+00:00,26.673385333333332,-81.805178,2e:70:4e:d0:88:22,-76,5765,154,Bermuda Guest WIFI,pole 14
2025-10-14T19:22:02.936591+00:00,26.673385333333332,-81.805178,2e:70:4e:dd:d0:49,-61,2437,6,Bermuda Guest WIFI,pole 13 SW
2025-10-14T19:22:02.936591+00:00,26.673385333333332,-81.805178,28:70:4e:d0:87:50,-77,5745,150,Bermuda,pole 13 E
2025-10-14T19:22:02.936591+00:00,26.673385333333332,-81.805178,2e:70:4e:d0:87:50,-77,5745,150,Bermuda Guest WIFI,pole 13 E
2025-10-14T19:22:02.936591+00:00,26.673385333333332,-81.805178,2e:70:4e:dd:d0:4a,-63,5240,49,Bermuda Guest WIFI,pole 13 SW
2025-10-14T19:22:02.936591+00:00,26.673385333333332,-81.805178,2e:70:4e:d0:86:c3,-69,5765,154,Bermuda Guest WIFI,pole 12 W
2025-10-14T19:22:02.936591+00:00,26.673385333333332,-81.805178,28:70:4e:d2:92:aa,-59,2437,6,Bermuda,pole 12 N
2025-10-14T19:22:02.936591+00:00,26.673385333333332,-81.805178,28:70:4e:d0:86:c2,-63,2437,6,Bermuda,pole 12 W
2025-10-14T19:22:02.936591+00:00,26.673385333333332,-81.805178,2e:70:4e:d2:92:aa,-61,2437,6,Bermuda Guest WIFI,pole 12 N
2025-10-14T19:22:02.936591+00:00,26.673385333333332,-81.805178,2e:70:4e:d0:89:02,-80,2462,11,Bermuda Guest WIFI,pole 17
2025-10-14T19:22:02.936591+00:00,26.673385333333332,-81.805178,28:70:4e:d0:88:21,-71,2412,1,Bermuda,pole 14
2025-10-14T19:22:02.936591+00:00,26.673385333333332,-81.805178,28:70:4e:d2:92:ab,-65,5745,150,Bermuda,pole 12 N
2025-10-14T19:22:02.936591+00:00,26.673385333333332,-81.805178,2e:70:4e:d2:92:ab,-64,5745,150,Bermuda Guest WIFI,pole 12 N
2025-10-14T19:22:38.221966+00:00,26.673386666666666,-81.80519,2a:38:5c:02:2d:2d,-55,5745,150,PROJ022d2d,Unknown
2025-10-14T19:22:38.221966+00:00,26.673386666666666,-81.80519,28:70:4e:d2:92:aa,-62,2437,6,Bermuda,pole 12 N
2025-10-14T19:22:38.221966+00:00,26.673386666666666,-81.80519,28:70:4e:d0:86:c2,-65,2437,6,Bermuda,pole 12 W
2025-10-14T19:22:38.221966+00:00,26.673386666666666,-81.80519,2e:70:4e:d2:92:aa,-61,2437,6,Bermuda Guest WIFI,pole 12 N
2025-10-14T19:22:38.221966+00:00,26.673386666666666,-81.80519,2e:70:4e:d2:92:ab,-66,5745,150,Bermuda Guest WIFI,pole 12 N
2025-10-14T19:22:38.221966+00:00,26.673386666666666,-81.80519,2e:70:4e:d0:88:21,-70,2412,1,Bermuda Guest WIFI,pole 14
2025-10-14T19:22:38.221966+00:00,26.673386666666666,-81.80519,28:70:4e:d3:d6:28,-75,2412,1,Bermuda,pole 18 W
2025-10-14T19:22:38.221966+00:00,26.673386666666666,-81.80519,2e:70:4e:d3:d6:28,-75,2412,1,Bermuda Guest WIFI,pole 18 W
2025-10-14T19:22:38.221966+00:00,26.673386666666666,-81.80519,28:70:4e:d0:87:73,-71,2412,1,Bermuda,pole 18 N
2025-10-14T19:22:38.221966+00:00,26.673386666666666,-81.80519,2e:70:4e:d0:86:c2,-64,2437,6,Bermuda Guest WIFI,pole 12 W
2025-10-14T19:22:38.221966+00:00,26.673386666666666,-81.80519,00:17:1a:d6:27:8a,-80,2462,11,Winegard2ghzD62789,Unknown
2025-10-14T19:22:38.221966+00:00,26.673386666666666,-81.80519,2e:70:4e:d0:86:c3,-72,5765,154,Bermuda Guest WIFI,pole 12 W
2025-10-14T19:22:38.221966+00:00,26.673386666666666,-81.80519,28:70:4e:d0:87:50,-66,5745,150,Bermuda,pole 13 E
2025-10-14T19:22:38.221966+00:00,26.673386666666666,-81.80519,2e:70:4e:d0:87:50,-66,5745,150,Bermuda Guest WIFI,pole 13 E
2025-10-14T19:22:38.221966+00:00,26.673386666666666,-81.80519,28:70:4e:d0:88:22,-66,5765,154,Bermuda,pole 14
2025-10-14T19:22:38.221966+00:00,26.673386666666666,-81.80519,2e:70:4e:d0:88:22,-66,5765,154,Bermuda Guest WIFI,pole 14
2025-10-14T19:22:38.221966+00:00,26.673386666666666,-81.80519,28:70:4e:dd:d0:49,-65,2437,6,Bermuda,pole 13 SW
2025-10-14T19:22:38.221966+00:00,26.673386666666666,-81.80519,2e:70:4e:dd:d0:49,-66,2437,6,Bermuda Guest WIFI,pole 13 SW
2025-10-14T19:22:38.221966+00:00,26.673386666666666,-81.80519,28:70:4e:d0:86:c3,-72,5765,154,Bermuda,pole 12 W
2025-10-14T19:22:38.221966+00:00,26.673386666666666,-81.80519,d0:c3:5a:03:a6:93,-51,5805,162,HotspotZ5ms,Unknown
2025-10-14T19:22:48.247491+00:00,26.673381666666668,-81.80519216666667,2a:38:5c:02:2d:2d,-63,5745,150,PROJ022d2d,Unknown
2025-10-14T19:22:48.247491+00:00,26.673381666666668,-81.80519216666667,28:70:4e:d2:92:aa,-68,2437,6,Bermuda,pole 12 N
2025-10-14T19:22:48.247491+00:00,26.673381666666668,-81.80519216666667,28:70:4e:d0:86:c2,-72,2437,6,Bermuda,pole 12 W
2025-10-14T19:22:48.247491+00:00,26.673381666666668,-81.80519216666667,2e:70:4e:d2:92:aa,-59,2437,6,Bermuda Guest WIFI,pole 12 N
2025-10-14T19:22:48.247491+00:00,26.673381666666668,-81.80519216666667,2e:70:4e:d0:86:c2,-72,2437,6,Bermuda Guest WIFI,pole 12 W
2025-10-14T19:22:48.247491+00:00,26.673381666666668,-81.80519216666667,2e:70:4e:d0:86:c3,-72,5765,154,Bermuda Guest WIFI,pole 12 W
2025-10-14T19:22:48.247491+00:00,26.673381666666668,-81.80519216666667,28:70:4e:dd:d0:49,-65,2437,6,Bermuda,pole 13 SW
2025-10-14T19:22:48.247491+00:00,26.673381666666668,-81.80519216666667,28:70:4e:d0:86:c3,-72,5765,154,Bermuda,pole 12 W
2025-10-14T19:22:48.247491+00:00,26.673381666666668,-81.80519216666667,d0:c3:5a:03:a6:93,-60,5805,162,HotspotZ5ms,Unknown
2025-10-14T19:22:48.247491+00:00,26.673381666666668,-81.80519216666667,60:22:32:16:1e:32,-89,2437,6,Bermuda,laundry1
2025-10-14T19:22:58.268232+00:00,26.673391166666665,-81.805205,2a:38:5c:02:2d:2d,-55,5745,150,PROJ022d2d,Unknown
2025-10-14T19:22:58.268232+00:00,26.673391166666665,-81.805205,28:70:4e:d2:92:aa,-61,2437,6,Bermuda,pole 12 N
2025-10-14T19:22:58.268232+00:00,26.673391166666665,-81.805205,28:70:4e:d0:86:c2,-65,2437,6,Bermuda,pole 12 W
2025-10-14T19:22:58.268232+00:00,26.673391166666665,-81.805205,2e:70:4e:d2:92:aa,-61,2437,6,Bermuda Guest WIFI,pole 12 N
2025-10-14T19:22:58.268232+00:00,26.673391166666665,-81.805205,2e:70:4e:d0:86:c2,-65,2437,6,Bermuda Guest WIFI,pole 12 W
2025-10-14T19:22:58.268232+00:00,26.673391166666665,-81.805205,2e:70:4e:d0:86:c3,-64,5765,154,Bermuda Guest WIFI,pole 12 W
2025-10-14T19:22:58.268232+00:00,26.673391166666665,-81.805205,28:70:4e:dd:d0:49,-65,2437,6,Bermuda,pole 13 SW
2025-10-14T19:22:58.268232+00:00,26.673391166666665,-81.805205,28:70:4e:d0:86:c3,-64,5765,154,Bermuda,pole 12 W
2025-10-14T19:22:58.268232+00:00,26.673391166666665,-81.805205,d0:c3:5a:03:a6:93,-47,5805,162,HotspotZ5ms,Unknown
2025-10-14T19:22:58.268232+00:00,26.673391166666665,-81.805205,60:22:32:16:1e:32,-89,2437,6,Bermuda,laundry1
2025-10-14T19:22:58.268232+00:00,26.673391166666665,-81.805205,28:70:4e:d0:88:f9,-84,2412,1,Bermuda,pole 11
2025-10-14T19:22:58.268232+00:00,26.673391166666665,-81.805205,2e:70:4e:d0:87:4f,-84,2462,11,Bermuda Guest WIFI,pole 13 E
2025-10-14T19:23:07.696050+00:00,26.673389333333333,-81.8052205,2a:38:5c:02:2d:2d,-59,5745,150,PROJ022d2d,Unknown
2025-10-14T19:23:07.696050+00:00,26.673389333333333,-81.8052205,28:70:4e:d2:92:aa,-61,2437,6,Bermuda,pole 12 N
2025-10-14T19:23:07.696050+00:00,26.673389333333333,-81.8052205,28:70:4e:d0:86:c2,-74,2437,6,Bermuda,pole 12 W
2025-10-14T19:23:07.696050+00:00,26.673389333333333,-81.8052205,2e:70:4e:d2:92:aa,-61,2437,6,Bermuda Guest WIFI,pole 12 N
2025-10-14T19:23:07.696050+00:00,26.673389333333333,-81.8052205,2e:70:4e:d0:86:c2,-66,2437,6,Bermuda Guest WIFI,pole 12 W
2025-10-14T19:23:07.696050+00:00,26.673389333333333,-81.8052205,2e:70:4e:d0:86:c3,-64,5765,154,Bermuda Guest WIFI,pole 12 W
2025-10-14T19:23:07.696050+00:00,26.673389333333333,-81.8052205,28:70:4e:d0:86:c3,-64,5765,154,Bermuda,pole 12 W
2025-10-14T19:23:07.696050+00:00,26.673389333333333,-81.8052205,d0:c3:5a:03:a6:93,-58,5805,162,HotspotZ5ms,Unknown
2025-10-14T19:23:07.696050+00:00,26.673389333333333,-81.8052205,60:22:32:16:1e:32,-89,2437,6,Bermuda,laundry1
2025-10-14T19:23:07.696050+00:00,26.673389333333333,-81.8052205,28:70:4e:d0:88:f9,-79,2412,1,Bermuda,pole 11
2025-10-14T19:23:07.696050+00:00,26.673389333333333,-81.8052205,2e:70:4e:d0:87:4f,-84,2462,11,Bermuda Guest WIFI,pole 13 E
2025-10-14T19:23:44.734746+00:00,26.673396,-81.80521083333333,28:70:4e:d2:92:aa,-59,2437,6,Bermuda,pole 12 N
2025-10-14T19:23:44.734746+00:00,26.673396,-81.80521083333333,28:70:4e:dd:d0:49,-66,2437,6,Bermuda,pole 13 SW
2025-10-14T19:23:44.734746+00:00,26.673396,-81.80521083333333,28:70:4e:d0:86:c2,-62,2437,6,Bermuda,pole 12 W
2025-10-14T19:23:44.734746+00:00,26.673396,-81.80521083333333,2e:70:4e:d0:86:c2,-64,2437,6,Bermuda Guest WIFI,pole 12 W
2025-10-14T19:23:44.734746+00:00,26.673396,-81.80521083333333,2e:70:4e:dd:d0:49,-67,2437,6,Bermuda Guest WIFI,pole 13 SW
2025-10-14T19:23:44.734746+00:00,26.673396,-81.80521083333333,00:17:1a:d6:27:8a,-86,2462,11,Winegard2ghzD62789,Unknown
2025-10-14T19:23:44.734746+00:00,26.673396,-81.80521083333333,2a:38:5c:02:2d:2d,-53,5745,150,PROJ022d2d,Unknown
2025-10-14T19:23:44.734746+00:00,26.673396,-81.80521083333333,d0:c3:5a:03:a6:93,-46,5805,162,HotspotZ5ms,Unknown
2025-10-14T19:23:44.734746+00:00,26.673396,-81.80521083333333,28:70:4e:d0:86:c3,-71,5765,154,Bermuda,pole 12 W
2025-10-14T19:23:44.734746+00:00,26.673396,-81.80521083333333,2e:70:4e:d0:86:c3,-72,5765,154,Bermuda Guest WIFI,pole 12 W
2025-10-14T19:23:53.572333+00:00,26.673395833333334,-81.80521566666667,28:70:4e:d2:92:aa,-69,2437,6,Bermuda,pole 12 N
2025-10-14T19:23:53.572333+00:00,26.673395833333334,-81.80521566666667,28:70:4e:dd:d0:49,-75,2437,6,Bermuda,pole 13 SW
2025-10-14T19:23:53.572333+00:00,26.673395833333334,-81.80521566666667,28:70:4e:d0:86:c2,-71,2437,6,Bermuda,pole 12 W
2025-10-14T19:23:53.572333+00:00,26.673395833333334,-81.80521566666667,2e:70:4e:d0:86:c2,-71,2437,6,Bermuda Guest WIFI,pole 12 W
2025-10-14T19:23:53.572333+00:00,26.673395833333334,-81.80521566666667,2e:70:4e:dd:d0:49,-67,2437,6,Bermuda Guest WIFI,pole 13 SW
2025-10-14T19:23:53.572333+00:00,26.673395833333334,-81.80521566666667,00:17:1a:d6:27:8a,-86,2462,11,Winegard2ghzD62789,Unknown
2025-10-14T19:23:53.572333+00:00,26.673395833333334,-81.80521566666667,2a:38:5c:02:2d:2d,-58,5745,150,PROJ022d2d,Unknown
2025-10-14T19:23:53.572333+00:00,26.673395833333334,-81.80521566666667,d0:c3:5a:03:a6:93,-59,5805,162,HotspotZ5ms,Unknown
2025-10-14T19:23:53.572333+00:00,26.673395833333334,-81.80521566666667,28:70:4e:d0:86:c3,-71,5765,154,Bermuda,pole 12 W
2025-10-14T19:23:53.572333+00:00,26.673395833333334,-81.80521566666667,2e:70:4e:d0:86:c3,-72,5765,154,Bermuda Guest WIFI,pole 12 W
2025-10-14T19:23:53.572333+00:00,26.673395833333334,-81.80521566666667,28:70:4e:d0:88:f9,-83,2412,1,Bermuda,pole 11
2025-10-14T19:23:53.572333+00:00,26.673395833333334,-81.80521566666667,2e:70:4e:d2:92:aa,-69,2437,6,Bermuda Guest WIFI,pole 12 N
2025-10-14T19:24:02.992883+00:00,26.673384166666665,-81.80522633333334,28:70:4e:d2:92:aa,-60,2437,6,Bermuda,pole 12 N
2025-10-14T19:24:02.992883+00:00,26.673384166666665,-81.80522633333334,28:70:4e:dd:d0:49,-65,2437,6,Bermuda,pole 13 SW
2025-10-14T19:24:02.992883+00:00,26.673384166666665,-81.80522633333334,28:70:4e:d0:86:c2,-67,2437,6,Bermuda,pole 12 W
2025-10-14T19:24:02.992883+00:00,26.673384166666665,-81.80522633333334,2e:70:4e:d0:86:c2,-66,2437,6,Bermuda Guest WIFI,pole 12 W
2025-10-14T19:24:02.992883+00:00,26.673384166666665,-81.80522633333334,2e:70:4e:dd:d0:49,-65,2437,6,Bermuda Guest WIFI,pole 13 SW
2025-10-14T19:24:02.992883+00:00,26.673384166666665,-81.80522633333334,00:17:1a:d6:27:8a,-86,2462,11,Winegard2ghzD62789,Unknown
2025-10-14T19:24:02.992883+00:00,26.673384166666665,-81.80522633333334,2a:38:5c:02:2d:2d,-52,5745,150,PROJ022d2d,Unknown
2025-10-14T19:24:02.992883+00:00,26.673384166666665,-81.80522633333334,d0:c3:5a:03:a6:93,-46,5805,162,HotspotZ5ms,Unknown
2025-10-14T19:24:02.992883+00:00,26.673384166666665,-81.80522633333334,28:70:4e:d0:86:c3,-64,5765,154,Bermuda,pole 12 W
2025-10-14T19:24:02.992883+00:00,26.673384166666665,-81.80522633333334,2e:70:4e:d0:86:c3,-64,5765,154,Bermuda Guest WIFI,pole 12 W
2025-10-14T19:24:02.992883+00:00,26.673384166666665,-81.80522633333334,28:70:4e:d0:88:f9,-83,2412,1,Bermuda,pole 11
2025-10-14T19:24:02.992883+00:00,26.673384166666665,-81.80522633333334,2e:70:4e:d2:92:aa,-62,2437,6,Bermuda Guest WIFI,pole 12 N
2025-10-14T19:24:13.024402+00:00,26.673385166666666,-81.80522233333333,28:70:4e:d2:92:aa,-66,2437,6,Bermuda,pole 12 N
2025-10-14T19:24:13.024402+00:00,26.673385166666666,-81.80522233333333,28:70:4e:dd:d0:49,-74,2437,6,Bermuda,pole 13 SW
2025-10-14T19:24:13.024402+00:00,26.673385166666666,-81.80522233333333,28:70:4e:d0:86:c2,-67,2437,6,Bermuda,pole 12 W
2025-10-14T19:24:13.024402+00:00,26.673385166666666,-81.80522233333333,2e:70:4e:d0:86:c2,-73,2437,6,Bermuda Guest WIFI,pole 12 W
2025-10-14T19:24:13.024402+00:00,26.673385166666666,-81.80522233333333,2e:70:4e:dd:d0:49,-65,2437,6,Bermuda Guest WIFI,pole 13 SW
2025-10-14T19:24:13.024402+00:00,26.673385166666666,-81.80522233333333,2a:38:5c:02:2d:2d,-59,5745,150,PROJ022d2d,Unknown
2025-10-14T19:24:13.024402+00:00,26.673385166666666,-81.80522233333333,d0:c3:5a:03:a6:93,-52,5805,162,HotspotZ5ms,Unknown
2025-10-14T19:24:13.024402+00:00,26.673385166666666,-81.80522233333333,28:70:4e:d0:86:c3,-64,5765,154,Bermuda,pole 12 W
2025-10-14T19:24:13.024402+00:00,26.673385166666666,-81.80522233333333,2e:70:4e:d0:86:c3,-64,5765,154,Bermuda Guest WIFI,pole 12 W
2025-10-14T19:24:13.024402+00:00,26.673385166666666,-81.80522233333333,28:70:4e:d0:88:f9,-83,2412,1,Bermuda,pole 11
2025-10-14T19:24:13.024402+00:00,26.673385166666666,-81.80522233333333,2e:70:4e:d2:92:aa,-67,2437,6,Bermuda Guest WIFI,pole 12 N
2025-10-14T19:24:13.024402+00:00,26.673385166666666,-81.80522233333333,62:22:32:16:1e:32,-91,2437,6,Bermuda Guest WIFI,laundry1
2025-10-14T19:24:13.024402+00:00,26.673385166666666,-81.80522233333333,28:70:4e:d0:87:50,-75,5745,150,Bermuda,pole 13 E
2025-10-14T19:24:13.024402+00:00,26.673385166666666,-81.80522233333333,2e:70:4e:d0:87:50,-75,5745,150,Bermuda Guest WIFI,pole 13 E
2025-10-14T19:24:13.024402+00:00,26.673385166666666,-81.80522233333333,28:70:4e:d0:88:22,-71,5765,154,Bermuda,pole 14
2025-10-14T19:24:13.024402+00:00,26.673385166666666,-81.80522233333333,2e:70:4e:d0:88:22,-71,5765,154,Bermuda Guest WIFI,pole 14
2025-10-14T19:24:50.902632+00:00,26.6733945,-81.80522883333333,28:70:4e:d2:92:aa,-64,2437,6,Bermuda,pole 12 N
2025-10-14T19:24:50.902632+00:00,26.6733945,-81.80522883333333,28:70:4e:dd:d0:49,-64,2437,6,Bermuda,pole 13 SW
2025-10-14T19:24:50.902632+00:00,26.6733945,-81.80522883333333,2e:70:4e:dd:d0:49,-65,2437,6,Bermuda Guest WIFI,pole 13 SW
2025-10-14T19:24:50.902632+00:00,26.6733945,-81.80522883333333,28:70:4e:d0:86:c2,-75,2437,6,Bermuda,pole 12 W
2025-10-14T19:24:50.902632+00:00,26.6733945,-81.80522883333333,2a:38:5c:02:2d:2d,-54,5745,150,PROJ022d2d,Unknown
2025-10-14T19:24:50.902632+00:00,26.6733945,-81.80522883333333,d0:c3:5a:03:a6:93,-45,5805,162,HotspotZ5ms,Unknown
2025-10-14T19:24:50.902632+00:00,26.6733945,-81.80522883333333,28:70:4e:dd:d0:4a,-65,5240,49,Bermuda,pole 13 SW
2025-10-14T19:24:50.902632+00:00,26.6733945,-81.80522883333333,2e:70:4e:dd:d0:4a,-64,5240,49,Bermuda Guest WIFI,pole 13 SW
2025-10-14T19:24:59.723158+00:00,26.673402,-81.80522533333334,28:70:4e:d2:92:aa,-64,2437,6,Bermuda,pole 12 N
2025-10-14T19:24:59.723158+00:00,26.673402,-81.80522533333334,28:70:4e:dd:d0:49,-64,2437,6,Bermuda,pole 13 SW
2025-10-14T19:24:59.723158+00:00,26.673402,-81.80522533333334,2e:70:4e:dd:d0:49,-65,2437,6,Bermuda Guest WIFI,pole 13 SW
2025-10-14T19:24:59.723158+00:00,26.673402,-81.80522533333334,28:70:4e:d0:86:c2,-75,2437,6,Bermuda,pole 12 W
2025-10-14T19:24:59.723158+00:00,26.673402,-81.80522533333334,2a:38:5c:02:2d:2d,-60,5745,150,PROJ022d2d,Unknown
2025-10-14T19:24:59.723158+00:00,26.673402,-81.80522533333334,d0:c3:5a:03:a6:93,-57,5805,162,HotspotZ5ms,Unknown
2025-10-14T19:24:59.723158+00:00,26.673402,-81.80522533333334,28:70:4e:dd:d0:4a,-65,5240,49,Bermuda,pole 13 SW
2025-10-14T19:24:59.723158+00:00,26.673402,-81.80522533333334,2e:70:4e:dd:d0:4a,-64,5240,49,Bermuda Guest WIFI,pole 13 SW
2025-10-14T19:24:59.723158+00:00,26.673402,-81.80522533333334,2e:70:4e:d0:88:f9,-87,2412,1,Bermuda Guest WIFI,pole 11
2025-10-14T19:24:59.723158+00:00,26.673402,-81.80522533333334,2e:70:4e:d0:86:c2,-77,2437,6,Bermuda Guest WIFI,pole 12 W
2025-10-14T19:24:59.723158+00:00,26.673402,-81.80522533333334,28:70:4e:d0:88:22,-70,5765,154,Bermuda,pole 14
2025-10-14T19:24:59.723158+00:00,26.673402,-81.80522533333334,2e:70:4e:d0:88:22,-70,5765,154,Bermuda Guest WIFI,pole 14
2025-10-14T19:25:09.111974+00:00,26.6733985,-81.8052045,28:70:4e:d2:92:aa,-64,2437,6,Bermuda,pole 12 N
2025-10-14T19:25:09.111974+00:00,26.6733985,-81.8052045,28:70:4e:dd:d0:49,-64,2437,6,Bermuda,pole 13 SW
2025-10-14T19:25:09.111974+00:00,26.6733985,-81.8052045,2e:70:4e:dd:d0:49,-65,2437,6,Bermuda Guest WIFI,pole 13 SW
2025-10-14T19:25:09.111974+00:00,26.6733985,-81.8052045,28:70:4e:d0:86:c2,-74,2437,6,Bermuda,pole 12 W
2025-10-14T19:25:09.111974+00:00,26.6733985,-81.8052045,2a:38:5c:02:2d:2d,-51,5745,150,PROJ022d2d,Unknown
2025-10-14T19:25:09.111974+00:00,26.6733985,-81.8052045,d0:c3:5a:03:a6:93,-47,5805,162,HotspotZ5ms,Unknown
2025-10-14T19:25:09.111974+00:00,26.6733985,-81.8052045,28:70:4e:dd:d0:4a,-60,5240,49,Bermuda,pole 13 SW
2025-10-14T19:25:09.111974+00:00,26.6733985,-81.8052045,2e:70:4e:dd:d0:4a,-60,5240,49,Bermuda Guest WIFI,pole 13 SW
2025-10-14T19:25:09.111974+00:00,26.6733985,-81.8052045,2e:70:4e:d0:88:f9,-87,2412,1,Bermuda Guest WIFI,pole 11
2025-10-14T19:25:09.111974+00:00,26.6733985,-81.8052045,2e:70:4e:d0:86:c2,-77,2437,6,Bermuda Guest WIFI,pole 12 W
2025-10-14T19:25:09.111974+00:00,26.6733985,-81.8052045,28:70:4e:d0:88:22,-70,5765,154,Bermuda,pole 14
2025-10-14T19:25:09.111974+00:00,26.6733985,-81.8052045,2e:70:4e:d0:88:22,-70,5765,154,Bermuda Guest WIFI,pole 14
2025-10-14T19:25:09.111974+00:00,26.6733985,-81.8052045,28:70:4e:d0:87:4f,-69,2462,11,Bermuda,pole 13 E
2025-10-14T19:25:18.985278+00:00,26.673397333333334,-81.80520250000001,28:70:4e:d2:92:aa,-65,2437,6,Bermuda,pole 12 N
2025-10-14T19:25:18.985278+00:00,26.673397333333334,-81.80520250000001,28:70:4e:dd:d0:49,-64,2437,6,Bermuda,pole 13 SW
2025-10-14T19:25:18.985278+00:00,26.673397333333334,-81.80520250000001,2e:70:4e:dd:d0:49,-61,2437,6,Bermuda Guest WIFI,pole 13 SW
2025-10-14T19:25:18.985278+00:00,26.673397333333334,-81.80520250000001,28:70:4e:d0:86:c2,-74,2437,6,Bermuda,pole 12 W
2025-10-14T19:25:18.985278+00:00,26.673397333333334,-81.80520250000001,2a:38:5c:02:2d:2d,-59,5745,150,PROJ022d2d,Unknown
2025-10-14T19:25:18.985278+00:00,26.673397333333334,-81.80520250000001,d0:c3:5a:03:a6:93,-61,5805,162,HotspotZ5ms,Unknown
2025-10-14T19:25:18.985278+00:00,26.673397333333334,-81.80520250000001,28:70:4e:dd:d0:4a,-60,5240,49,Bermuda,pole 13 SW
2025-10-14T19:25:18.985278+00:00,26.673397333333334,-81.80520250000001,2e:70:4e:dd:d0:4a,-60,5240,49,Bermuda Guest WIFI,pole 13 SW
2025-10-14T19:25:18.985278+00:00,26.673397333333334,-81.80520250000001,2e:70:4e:d0:88:f9,-83,2412,1,Bermuda Guest WIFI,pole 11
2025-10-14T19:25:18.985278+00:00,26.673397333333334,-81.80520250000001,2e:70:4e:d0:86:c2,-77,2437,6,Bermuda Guest WIFI,pole 12 W
2025-10-14T19:25:18.985278+00:00,26.673397333333334,-81.80520250000001,28:70:4e:d0:88:22,-70,5765,154,Bermuda,pole 14
2025-10-14T19:25:18.985278+00:00,26.673397333333334,-81.80520250000001,2e:70:4e:d0:88:22,-70,5765,154,Bermuda Guest WIFI,pole 14
2025-10-14T19:25:18.985278+00:00,26.673397333333334,-81.80520250000001,28:70:4e:d0:87:4f,-69,2462,11,Bermuda,pole 13 E
2025-10-14T19:25:18.985278+00:00,26.673397333333334,-81.80520250000001,28:70:4e:d0:88:f9,-81,2412,1,Bermuda,pole 11
2025-10-14T19:25:18.985278+00:00,26.673397333333334,-81.80520250000001,2e:70:4e:d2:92:aa,-66,2437,6,Bermuda Guest WIFI,pole 12 N
2025-10-14T19:25:18.985278+00:00,26.673397333333334,-81.80520250000001,00:17:1a:d6:27:8a,-77,2462,11,Winegard2ghzD62789,Unknown
2025-10-14T19:25:57.742680+00:00,26.673302166666666,-81.80521983333334,28:70:4e:d2:92:aa,-58,2437,6,Bermuda,pole 12 N
2025-10-14T19:25:57.742680+00:00,26.673302166666666,-81.80521983333334,28:70:4e:d0:88:f9,-81,2412,1,Bermuda,pole 11
2025-10-14T19:25:57.742680+00:00,26.673302166666666,-81.80521983333334,2e:70:4e:d0:88:f9,-80,2412,1,Bermuda Guest WIFI,pole 11
2025-10-14T19:25:57.742680+00:00,26.673302166666666,-81.80521983333334,28:70:4e:dd:d0:49,-38,2437,6,Bermuda,pole 13 SW
2025-10-14T19:25:57.742680+00:00,26.673302166666666,-81.80521983333334,28:70:4e:d0:86:c2,-67,2437,6,Bermuda,pole 12 W
2025-10-14T19:25:57.742680+00:00,26.673302166666666,-81.80521983333334,2e:70:4e:dd:d0:49,-62,2437,6,Bermuda Guest WIFI,pole 13 SW
2025-10-14T19:25:57.742680+00:00,26.673302166666666,-81.80521983333334,2e:70:4e:d0:86:c2,-68,2437,6,Bermuda Guest WIFI,pole 12 W
2025-10-14T19:25:57.742680+00:00,26.673302166666666,-81.80521983333334,28:70:4e:d0:87:4f,-71,2462,11,Bermuda,pole 13 E
2025-10-14T19:25:57.742680+00:00,26.673302166666666,-81.80521983333334,2a:38:5c:02:2d:2d,-80,5745,150,PROJ022d2d,Unknown
2025-10-14T19:25:57.742680+00:00,26.673302166666666,-81.80521983333334,d0:c3:5a:03:a6:93,-75,5805,162,HotspotZ5ms,Unknown
2025-10-14T19:25:57.742680+00:00,26.673302166666666,-81.80521983333334,28:70:4e:d0:86:c3,-68,5765,154,Bermuda,pole 12 W
2025-10-14T19:25:57.742680+00:00,26.673302166666666,-81.80521983333334,2e:70:4e:d0:86:c3,-69,5765,154,Bermuda Guest WIFI,pole 12 W
2025-10-14T19:25:57.742680+00:00,26.673302166666666,-81.80521983333334,28:70:4e:d0:88:fa,-70,5765,154,Bermuda,pole 11
2025-10-14T19:25:57.742680+00:00,26.673302166666666,-81.80521983333334,2e:70:4e:d0:88:fa,-70,5765,154,Bermuda Guest WIFI,pole 11
2025-10-14T19:25:57.742680+00:00,26.673302166666666,-81.80521983333334,28:70:4e:dd:d0:4a,-62,5240,49,Bermuda,pole 13 SW
2025-10-14T19:25:57.742680+00:00,26.673302166666666,-81.80521983333334,2e:70:4e:dd:d0:4a,-62,5240,49,Bermuda Guest WIFI,pole 13 SW
2025-10-14T19:26:06.898011+00:00,26.673259666666667,-81.80517983333333,28:70:4e:d2:92:aa,-60,2437,6,Bermuda,pole 12 N
2025-10-14T19:26:06.898011+00:00,26.673259666666667,-81.80517983333333,28:70:4e:d0:88:f9,-73,2412,1,Bermuda,pole 11
2025-10-14T19:26:06.898011+00:00,26.673259666666667,-81.80517983333333,2e:70:4e:d0:88:f9,-73,2412,1,Bermuda Guest WIFI,pole 11
2025-10-14T19:26:06.898011+00:00,26.673259666666667,-81.80517983333333,28:70:4e:dd:d0:49,-67,2437,6,Bermuda,pole 13 SW
2025-10-14T19:26:06.898011+00:00,26.673259666666667,-81.80517983333333,28:70:4e:d0:86:c2,-74,2437,6,Bermuda,pole 12 W
2025-10-14T19:26:06.898011+00:00,26.673259666666667,-81.80517983333333,2e:70:4e:dd:d0:49,-66,2437,6,Bermuda Guest WIFI,pole 13 SW
2025-10-14T19:26:06.898011+00:00,26.673259666666667,-81.80517983333333,2e:70:4e:d0:86:c2,-68,2437,6,Bermuda Guest WIFI,pole 12 W
2025-10-14T19:26:06.898011+00:00,26.673259666666667,-81.80517983333333,28:70:4e:d0:87:4f,-74,2462,11,Bermuda,pole 13 E
2025-10-14T19:26:06.898011+00:00,26.673259666666667,-81.80517983333333,2a:38:5c:02:2d:2d,-80,5745,150,PROJ022d2d,Unknown
2025-10-14T19:26:06.898011+00:00,26.673259666666667,-81.80517983333333,d0:c3:5a:03:a6:93,-80,5805,162,HotspotZ5ms,Unknown
2025-10-14T19:26:06.898011+00:00,26.673259666666667,-81.80517983333333,28:70:4e:d0:86:c3,-68,5765,154,Bermuda,pole 12 W
2025-10-14T19:26:06.898011+00:00,26.673259666666667,-81.80517983333333,2e:70:4e:d0:86:c3,-69,5765,154,Bermuda Guest WIFI,pole 12 W
2025-10-14T19:26:06.898011+00:00,26.673259666666667,-81.80517983333333,28:70:4e:d0:88:fa,-70,5765,154,Bermuda,pole 11
2025-10-14T19:26:06.898011+00:00,26.673259666666667,-81.80517983333333,2e:70:4e:d0:88:fa,-70,5765,154,Bermuda Guest WIFI,pole 11
2025-10-14T19:26:06.898011+00:00,26.673259666666667,-81.80517983333333,28:70:4e:dd:d0:4a,-62,5240,49,Bermuda,pole 13 SW
2025-10-14T19:26:06.898011+00:00,26.673259666666667,-81.80517983333333,2e:70:4e:dd:d0:4a,-62,5240,49,Bermuda Guest WIFI,pole 13 SW
2025-10-14T19:26:06.898011+00:00,26.673259666666667,-81.80517983333333,28:70:4e:d0:88:21,-63,2412,1,Bermuda,pole 14
2025-10-14T19:26:06.898011+00:00,26.673259666666667,-81.80517983333333,2e:70:4e:d0:88:21,-63,2412,1,Bermuda Guest WIFI,pole 14
2025-10-14T19:26:06.898011+00:00,26.673259666666667,-81.80517983333333,28:70:4e:d0:89:0b,-79,2412,1,Bermuda,pole 10
2025-10-14T19:26:06.898011+00:00,26.673259666666667,-81.80517983333333,2e:70:4e:d2:92:aa,-57,2437,6,Bermuda Guest WIFI,pole 12 N
2025-10-14T19:26:06.898011+00:00,26.673259666666667,-81.80517983333333,00:17:1a:d6:27:8a,-79,2462,11,Winegard2ghzD62789,Unknown
2025-10-14T19:26:06.898011+00:00,26.673259666666667,-81.80517983333333,28:70:4e:d0:87:50,-67,5745,150,Bermuda,pole 13 E
2025-10-14T19:26:06.898011+00:00,26.673259666666667,-81.80517983333333,2e:70:4e:d0:87:50,-67,5745,150,Bermuda Guest WIFI,pole 13 E
2025-10-14T19:26:16.287299+00:00,26.673264,-81.80507233333333,28:70:4e:d2:92:aa,-70,2437,6,Bermuda,pole 12 N
2025-10-14T19:26:16.287299+00:00,26.673264,-81.80507233333333,28:70:4e:d0:88:f9,-73,2412,1,Bermuda,pole 11
2025-10-14T19:26:16.287299+00:00,26.673264,-81.80507233333333,2e:70:4e:d0:88:f9,-74,2412,1,Bermuda Guest WIFI,pole 11
2025-10-14T19:26:16.287299+00:00,26.673264,-81.80507233333333,28:70:4e:dd:d0:49,-67,2437,6,Bermuda,pole 13 SW
2025-10-14T19:26:16.287299+00:00,26.673264,-81.80507233333333,28:70:4e:d0:86:c2,-74,2437,6,Bermuda,pole 12 W
2025-10-14T19:26:16.287299+00:00,26.673264,-81.80507233333333,2e:70:4e:dd:d0:49,-66,2437,6,Bermuda Guest WIFI,pole 13 SW
2025-10-14T19:26:16.287299+00:00,26.673264,-81.80507233333333,2e:70:4e:d0:86:c2,-68,2437,6,Bermuda Guest WIFI,pole 12 W
2025-10-14T19:26:16.287299+00:00,26.673264,-81.80507233333333,28:70:4e:d0:87:4f,-74,2462,11,Bermuda,pole 13 E
2025-10-14T19:26:16.287299+00:00,26.673264,-81.80507233333333,2a:38:5c:02:2d:2d,-80,5745,150,PROJ022d2d,Unknown
2025-10-14T19:26:16.287299+00:00,26.673264,-81.80507233333333,d0:c3:5a:03:a6:93,-80,5805,162,HotspotZ5ms,Unknown
2025-10-14T19:26:16.287299+00:00,26.673264,-81.80507233333333,28:70:4e:d0:86:c3,-60,5765,154,Bermuda,pole 12 W
2025-10-14T19:26:16.287299+00:00,26.673264,-81.80507233333333,2e:70:4e:d0:86:c3,-60,5765,154,Bermuda Guest WIFI,pole 12 W
2025-10-14T19:26:16.287299+00:00,26.673264,-81.80507233333333,28:70:4e:d0:88:fa,-70,5765,154,Bermuda,pole 11
2025-10-14T19:26:16.287299+00:00,26.673264,-81.80507233333333,2e:70:4e:d0:88:fa,-70,5765,154,Bermuda Guest WIFI,pole 11
2025-10-14T19:26:16.287299+00:00,26.673264,-81.80507233333333,28:70:4e:dd:d0:4a,-62,5240,49,Bermuda,pole 13 SW
2025-10-14T19:26:16.287299+00:00,26.673264,-81.80507233333333,2e:70:4e:dd:d0:4a,-62,5240,49,Bermuda Guest WIFI,pole 13 SW
2025-10-14T19:26:16.287299+00:00,26.673264,-81.80507233333333,28:70:4e:d0:88:21,-58,2412,1,Bermuda,pole 14
2025-10-14T19:26:16.287299+00:00,26.673264,-81.80507233333333,2e:70:4e:d0:88:21,-59,2412,1,Bermuda Guest WIFI,pole 14
2025-10-14T19:26:16.287299+00:00,26.673264,-81.80507233333333,28:70:4e:d0:89:0b,-79,2412,1,Bermuda,pole 10
2025-10-14T19:26:16.287299+00:00,26.673264,-81.80507233333333,2e:70:4e:d2:92:aa,-67,2437,6,Bermuda Guest WIFI,pole 12 N
2025-10-14T19:26:16.287299+00:00,26.673264,-81.80507233333333,00:17:1a:d6:27:8a,-84,2462,11,Winegard2ghzD62789,Unknown
2025-10-14T19:26:16.287299+00:00,26.673264,-81.80507233333333,28:70:4e:d0:87:50,-61,5745,150,Bermuda,pole 13 E
2025-10-14T19:26:16.287299+00:00,26.673264,-81.80507233333333,2e:70:4e:d0:87:50,-61,5745,150,Bermuda Guest WIFI,pole 13 E
2025-10-14T19:26:16.287299+00:00,26.673264,-81.80507233333333,2e:70:4e:d0:89:0b,-81,2412,1,Bermuda Guest WIFI,pole 10
2025-10-14T19:26:16.287299+00:00,26.673264,-81.80507233333333,28:70:4e:d0:88:a8,-89,2412,1,Bermuda,pole 04
2025-10-14T19:26:16.287299+00:00,26.673264,-81.80507233333333,60:22:32:16:1e:32,-93,2437,6,Bermuda,laundry1
2025-10-14T19:26:16.287299+00:00,26.673264,-81.80507233333333,28:70:4e:d2:92:ab,-57,5745,150,Bermuda,pole 12 N
2025-10-14T19:26:16.287299+00:00,26.673264,-81.80507233333333,2e:70:4e:d2:92:ab,-57,5745,150,Bermuda Guest WIFI,pole 12 N
2025-10-14T19:26:16.287299+00:00,26.673264,-81.80507233333333,28:70:4e:d0:88:22,-62,5765,154,Bermuda,pole 14
2025-10-14T19:26:16.287299+00:00,26.673264,-81.80507233333333,2e:70:4e:d0:88:22,-62,5765,154,Bermuda Guest WIFI,pole 14
2025-10-14T19:26:26.148672+00:00,26.673262666666666,-81.80499783333333,28:70:4e:d2:92:aa,-70,2437,6,Bermuda,pole 12 N
2025-10-14T19:26:26.148672+00:00,26.673262666666666,-81.80499783333333,28:70:4e:d0:88:f9,-76,2412,1,Bermuda,pole 11
2025-10-14T19:26:26.148672+00:00,26.673262666666666,-81.80499783333333,2e:70:4e:d0:88:f9,-77,2412,1,Bermuda Guest WIFI,pole 11
2025-10-14T19:26:26.148672+00:00,26.673262666666666,-81.80499783333333,28:70:4e:dd:d0:49,-64,2437,6,Bermuda,pole 13 SW
2025-10-14T19:26:26.148672+00:00,26.673262666666666,-81.80499783333333,28:70:4e:d0:86:c2,-74,2437,6,Bermuda,pole 12 W
2025-10-14T19:26:26.148672+00:00,26.673262666666666,-81.80499783333333,2e:70:4e:dd:d0:49,-65,2437,6,Bermuda Guest WIFI,pole 13 SW
2025-10-14T19:26:26.148672+00:00,26.673262666666666,-81.80499783333333,28:70:4e:d0:87:4f,-74,2462,11,Bermuda,pole 13 E
2025-10-14T19:26:26.148672+00:00,26.673262666666666,-81.80499783333333,d0:c3:5a:03:a6:93,-80,5805,162,HotspotZ5ms,Unknown
2025-10-14T19:26:26.148672+00:00,26.673262666666666,-81.80499783333333,28:70:4e:d0:86:c3,-60,5765,154,Bermuda,pole 12 W
2025-10-14T19:26:26.148672+00:00,26.673262666666666,-81.80499783333333,2e:70:4e:d0:86:c3,-60,5765,154,Bermuda Guest WIFI,pole 12 W
2025-10-14T19:26:26.148672+00:00,26.673262666666666,-81.80499783333333,28:70:4e:dd:d0:4a,-62,5240,49,Bermuda,pole 13 SW
2025-10-14T19:26:26.148672+00:00,26.673262666666666,-81.80499783333333,2e:70:4e:dd:d0:4a,-62,5240,49,Bermuda Guest WIFI,pole 13 SW
2025-10-14T19:26:26.148672+00:00,26.673262666666666,-81.80499783333333,28:70:4e:d0:88:21,-57,2412,1,Bermuda,pole 14
2025-10-14T19:26:26.148672+00:00,26.673262666666666,-81.80499783333333,2e:70:4e:d0:88:21,-56,2412,1,Bermuda Guest WIFI,pole 14
2025-10-14T19:26:26.148672+00:00,26.673262666666666,-81.80499783333333,28:70:4e:d0:89:0b,-77,2412,1,Bermuda,pole 10
2025-10-14T19:26:26.148672+00:00,26.673262666666666,-81.80499783333333,2e:70:4e:d2:92:aa,-67,2437,6,Bermuda Guest WIFI,pole 12 N
2025-10-14T19:26:26.148672+00:00,26.673262666666666,-81.80499783333333,00:17:1a:d6:27:8a,-81,2462,11,Winegard2ghzD62789,Unknown
2025-10-14T19:26:26.148672+00:00,26.673262666666666,-81.80499783333333,28:70:4e:d0:87:50,-61,5745,150,Bermuda,pole 13 E
2025-10-14T19:26:26.148672+00:00,26.673262666666666,-81.80499783333333,2e:70:4e:d0:87:50,-61,5745,150,Bermuda Guest WIFI,pole 13 E
2025-10-14T19:26:26.148672+00:00,26.673262666666666,-81.80499783333333,2e:70:4e:d0:89:0b,-76,2412,1,Bermuda Guest WIFI,pole 10
2025-10-14T19:26:26.148672+00:00,26.673262666666666,-81.80499783333333,28:70:4e:d0:88:a8,-89,2412,1,Bermuda,pole 04
2025-10-14T19:26:26.148672+00:00,26.673262666666666,-81.80499783333333,60:22:32:16:1e:32,-93,2437,6,Bermuda,laundry1
2025-10-14T19:26:26.148672+00:00,26.673262666666666,-81.80499783333333,28:70:4e:d2:92:ab,-57,5745,150,Bermuda,pole 12 N
2025-10-14T19:26:26.148672+00:00,26.673262666666666,-81.80499783333333,2e:70:4e:d2:92:ab,-57,5745,150,Bermuda Guest WIFI,pole 12 N
2025-10-14T19:26:26.148672+00:00,26.673262666666666,-81.80499783333333,28:70:4e:d0:88:22,-62,5765,154,Bermuda,pole 14
2025-10-14T19:26:26.148672+00:00,26.673262666666666,-81.80499783333333,2e:70:4e:d0:88:22,-62,5765,154,Bermuda Guest WIFI,pole 14
2025-10-14T19:26:26.148672+00:00,26.673262666666666,-81.80499783333333,2e:70:4e:d2:c9:b0,-84,2437,6,Bermuda Guest WIFI,pole 15 NW
2025-10-14T19:26:26.148672+00:00,26.673262666666666,-81.80499783333333,2e:70:4e:d0:87:4f,-71,2462,11,Bermuda Guest WIFI,pole 13 E
2025-10-14T19:27:04.380203+00:00,26.673285166666666,-81.80498883333334,28:70:4e:d2:92:aa,-65,2437,6,Bermuda,pole 12 N
2025-10-14T19:27:04.380203+00:00,26.673285166666666,-81.80498883333334,28:70:4e:d0:88:21,-62,2412,1,Bermuda,pole 14
2025-10-14T19:27:04.380203+00:00,26.673285166666666,-81.80498883333334,28:70:4e:d0:88:f9,-82,2412,1,Bermuda,pole 11
2025-10-14T19:27:04.380203+00:00,26.673285166666666,-81.80498883333334,2e:70:4e:d0:88:21,-62,2412,1,Bermuda Guest WIFI,pole 14
2025-10-14T19:27:04.380203+00:00,26.673285166666666,-81.80498883333334,60:22:32:16:1e:32,-88,2437,6,Bermuda,laundry1
2025-10-14T19:27:04.380203+00:00,26.673285166666666,-81.80498883333334,62:22:32:16:1e:32,-89,2437,6,Bermuda Guest WIFI,laundry1
2025-10-14T19:27:04.380203+00:00,26.673285166666666,-81.80498883333334,28:70:4e:dd:d0:49,-69,2437,6,Bermuda,pole 13 SW
2025-10-14T19:27:04.380203+00:00,26.673285166666666,-81.80498883333334,00:17:1a:d6:27:8a,-80,2462,11,Winegard2ghzD62789,Unknown
2025-10-14T19:27:04.380203+00:00,26.673285166666666,-81.80498883333334,28:70:4e:d0:88:fa,-78,5765,154,Bermuda,pole 11
2025-10-14T19:27:04.380203+00:00,26.673285166666666,-81.80498883333334,2e:70:4e:d0:88:fa,-79,5765,154,Bermuda Guest WIFI,pole 11
2025-10-14T19:27:14.076794+00:00,26.673368833333335,-81.80493466666667,28:70:4e:d2:92:aa,-53,2437,6,Bermuda,pole 12 N
2025-10-14T19:27:14.076794+00:00,26.673368833333335,-81.80493466666667,28:70:4e:d0:88:21,-68,2412,1,Bermuda,pole 14
2025-10-14T19:27:14.076794+00:00,26.673368833333335,-81.80493466666667,28:70:4e:d0:88:f9,-77,2412,1,Bermuda,pole 11
2025-10-14T19:27:14.076794+00:00,26.673368833333335,-81.80493466666667,2e:70:4e:d0:88:21,-66,2412,1,Bermuda Guest WIFI,pole 14
2025-10-14T19:27:14.076794+00:00,26.673368833333335,-81.80493466666667,60:22:32:16:1e:32,-88,2437,6,Bermuda,laundry1
2025-10-14T19:27:14.076794+00:00,26.673368833333335,-81.80493466666667,62:22:32:16:1e:32,-89,2437,6,Bermuda Guest WIFI,laundry1
2025-10-14T19:27:14.076794+00:00,26.673368833333335,-81.80493466666667,28:70:4e:dd:d0:49,-68,2437,6,Bermuda,pole 13 SW
2025-10-14T19:27:14.076794+00:00,26.673368833333335,-81.80493466666667,00:17:1a:d6:27:8a,-81,2462,11,Winegard2ghzD62789,Unknown
2025-10-14T19:27:14.076794+00:00,26.673368833333335,-81.80493466666667,28:70:4e:d0:88:fa,-75,5765,154,Bermuda,pole 11
2025-10-14T19:27:14.076794+00:00,26.673368833333335,-81.80493466666667,2e:70:4e:d0:88:fa,-75,5765,154,Bermuda Guest WIFI,pole 11
2025-10-14T19:27:14.076794+00:00,26.673368833333335,-81.80493466666667,28:70:4e:d0:87:61,-88,2412,1,Bermuda,pole 22 NW
2025-10-14T19:27:14.076794+00:00,26.673368833333335,-81.80493466666667,2e:70:4e:d0:88:f9,-77,2412,1,Bermuda Guest WIFI,pole 11
2025-10-14T19:27:14.076794+00:00,26.673368833333335,-81.80493466666667,28:70:4e:d0:89:0b,-76,2412,1,Bermuda,pole 10
2025-10-14T19:27:14.076794+00:00,26.673368833333335,-81.80493466666667,28:70:4e:d0:86:c2,-69,2437,6,Bermuda,pole 12 W
2025-10-14T19:27:14.076794+00:00,26.673368833333335,-81.80493466666667,2e:70:4e:dd:d0:49,-68,2437,6,Bermuda Guest WIFI,pole 13 SW
2025-10-14T19:27:14.076794+00:00,26.673368833333335,-81.80493466666667,2e:70:4e:d2:92:aa,-57,2437,6,Bermuda Guest WIFI,pole 12 N
2025-10-14T19:27:14.076794+00:00,26.673368833333335,-81.80493466666667,2e:70:4e:d0:86:c2,-68,2437,6,Bermuda Guest WIFI,pole 12 W
2025-10-14T19:27:14.076794+00:00,26.673368833333335,-81.80493466666667,28:70:4e:d0:86:c3,-80,5765,154,Bermuda,pole 12 W
2025-10-14T19:27:14.076794+00:00,26.673368833333335,-81.80493466666667,2e:70:4e:d0:86:c3,-79,5765,154,Bermuda Guest WIFI,pole 12 W
2025-10-14T19:27:23.901103+00:00,26.673462,-81.80488666666666,28:70:4e:d2:92:aa,-59,2437,6,Bermuda,pole 12 N
2025-10-14T19:27:23.901103+00:00,26.673462,-81.80488666666666,28:70:4e:d0:88:21,-60,2412,1,Bermuda,pole 14
2025-10-14T19:27:23.901103+00:00,26.673462,-81.80488666666666,28:70:4e:d0:88:f9,-77,2412,1,Bermuda,pole 11
2025-10-14T19:27:23.901103+00:00,26.673462,-81.80488666666666,2e:70:4e:d0:88:21,-59,2412,1,Bermuda Guest WIFI,pole 14
2025-10-14T19:27:23.901103+00:00,26.673462,-81.80488666666666,60:22:32:16:1e:32,-88,2437,6,Bermuda,laundry1
2025-10-14T19:27:23.901103+00:00,26.673462,-81.80488666666666,62:22:32:16:1e:32,-89,2437,6,Bermuda Guest WIFI,laundry1
2025-10-14T19:27:23.901103+00:00,26.673462,-81.80488666666666,28:70:4e:dd:d0:49,-80,2437,6,Bermuda,pole 13 SW
2025-10-14T19:27:23.901103+00:00,26.673462,-81.80488666666666,00:17:1a:d6:27:8a,-80,2462,11,Winegard2ghzD62789,Unknown
2025-10-14T19:27:23.901103+00:00,26.673462,-81.80488666666666,28:70:4e:d0:88:fa,-75,5765,154,Bermuda,pole 11
2025-10-14T19:27:23.901103+00:00,26.673462,-81.80488666666666,2e:70:4e:d0:88:fa,-75,5765,154,Bermuda Guest WIFI,pole 11
2025-10-14T19:27:23.901103+00:00,26.673462,-81.80488666666666,28:70:4e:d0:87:61,-88,2412,1,Bermuda,pole 22 NW
2025-10-14T19:27:23.901103+00:00,26.673462,-81.80488666666666,2e:70:4e:d0:88:f9,-85,2412,1,Bermuda Guest WIFI,pole 11
2025-10-14T19:27:23.901103+00:00,26.673462,-81.80488666666666,28:70:4e:d0:89:0b,-81,2412,1,Bermuda,pole 10
2025-10-14T19:27:23.901103+00:00,26.673462,-81.80488666666666,28:70:4e:d0:86:c2,-69,2437,6,Bermuda,pole 12 W
2025-10-14T19:27:23.901103+00:00,26.673462,-81.80488666666666,2e:70:4e:dd:d0:49,-79,2437,6,Bermuda Guest WIFI,pole 13 SW
2025-10-14T19:27:23.901103+00:00,26.673462,-81.80488666666666,2e:70:4e:d2:92:aa,-57,2437,6,Bermuda Guest WIFI,pole 12 N
2025-10-14T19:27:23.901103+00:00,26.673462,-81.80488666666666,2e:70:4e:d0:86:c2,-68,2437,6,Bermuda Guest WIFI,pole 12 W
2025-10-14T19:27:23.901103+00:00,26.673462,-81.80488666666666,28:70:4e:d0:86:c3,-80,5765,154,Bermuda,pole 12 W
2025-10-14T19:27:23.901103+00:00,26.673462,-81.80488666666666,2e:70:4e:d0:86:c3,-79,5765,154,Bermuda Guest WIFI,pole 12 W
2025-10-14T19:27:23.901103+00:00,26.673462,-81.80488666666666,2e:70:4e:d0:89:0b,-83,2412,1,Bermuda Guest WIFI,pole 10
2025-10-14T19:27:23.901103+00:00,26.673462,-81.80488666666666,28:70:4e:d0:87:5e,-87,2462,11,Bermuda,pole 15 S
2025-10-14T19:27:23.901103+00:00,26.673462,-81.80488666666666,28:70:4e:d0:88:22,-66,5765,154,Bermuda,pole 14
2025-10-14T19:27:23.901103+00:00,26.673462,-81.80488666666666,2e:70:4e:d0:88:22,-66,5765,154,Bermuda Guest WIFI,pole 14
2025-10-14T19:27:23.901103+00:00,26.673462,-81.80488666666666,28:70:4e:d0:87:50,-76,5745,150,Bermuda,pole 13 E
2025-10-14T19:27:23.901103+00:00,26.673462,-81.80488666666666,2e:70:4e:d0:87:50,-76,5745,150,Bermuda Guest WIFI,pole 13 E
2025-10-14T19:27:33.118507+00:00,26.6735535,-81.80483416666667,28:70:4e:d2:92:aa,-60,2437,6,Bermuda,pole 12 N
2025-10-14T19:27:33.118507+00:00,26.6735535,-81.80483416666667,28:70:4e:d0:88:21,-60,2412,1,Bermuda,pole 14
2025-10-14T19:27:33.118507+00:00,26.6735535,-81.80483416666667,28:70:4e:d0:88:f9,-77,2412,1,Bermuda,pole 11
2025-10-14T19:27:33.118507+00:00,26.6735535,-81.80483416666667,2e:70:4e:d0:88:21,-59,2412,1,Bermuda Guest WIFI,pole 14
2025-10-14T19:27:33.118507+00:00,26.6735535,-81.80483416666667,60:22:32:16:1e:32,-79,2437,6,Bermuda,laundry1
2025-10-14T19:27:33.118507+00:00,26.6735535,-81.80483416666667,62:22:32:16:1e:32,-81,2437,6,Bermuda Guest WIFI,laundry1
2025-10-14T19:27:33.118507+00:00,26.6735535,-81.80483416666667,28:70:4e:dd:d0:49,-66,2437,6,Bermuda,pole 13 SW
2025-10-14T19:27:33.118507+00:00,26.6735535,-81.80483416666667,00:17:1a:d6:27:8a,-67,2462,11,Winegard2ghzD62789,Unknown
2025-10-14T19:27:33.118507+00:00,26.6735535,-81.80483416666667,28:70:4e:d0:88:fa,-78,5765,154,Bermuda,pole 11
2025-10-14T19:27:33.118507+00:00,26.6735535,-81.80483416666667,2e:70:4e:d0:88:fa,-78,5765,154,Bermuda Guest WIFI,pole 11
2025-10-14T19:27:33.118507+00:00,26.6735535,-81.80483416666667,28:70:4e:d0:87:61,-88,2412,1,Bermuda,pole 22 NW
2025-10-14T19:27:33.118507+00:00,26.6735535,-81.80483416666667,2e:70:4e:d0:88:f9,-78,2412,1,Bermuda Guest WIFI,pole 11
2025-10-14T19:27:33.118507+00:00,26.6735535,-81.80483416666667,28:70:4e:d0:89:0b,-81,2412,1,Bermuda,pole 10
2025-10-14T19:27:33.118507+00:00,26.6735535,-81.80483416666667,28:70:4e:d0:86:c2,-69,2437,6,Bermuda,pole 12 W
2025-10-14T19:27:33.118507+00:00,26.6735535,-81.80483416666667,2e:70:4e:dd:d0:49,-65,2437,6,Bermuda Guest WIFI,pole 13 SW
2025-10-14T19:27:33.118507+00:00,26.6735535,-81.80483416666667,2e:70:4e:d2:92:aa,-59,2437,6,Bermuda Guest WIFI,pole 12 N
2025-10-14T19:27:33.118507+00:00,26.6735535,-81.80483416666667,2e:70:4e:d0:86:c2,-68,2437,6,Bermuda Guest WIFI,pole 12 W
2025-10-14T19:27:33.118507+00:00,26.6735535,-81.80483416666667,28:70:4e:d0:86:c3,-80,5765,154,Bermuda,pole 12 W
2025-10-14T19:27:33.118507+00:00,26.6735535,-81.80483416666667,2e:70:4e:d0:86:c3,-79,5765,154,Bermuda Guest WIFI,pole 12 W
2025-10-14T19:27:33.118507+00:00,26.6735535,-81.80483416666667,2e:70:4e:d0:89:0b,-83,2412,1,Bermuda Guest WIFI,pole 10
2025-10-14T19:27:33.118507+00:00,26.6735535,-81.80483416666667,28:70:4e:d0:87:5e,-87,2462,11,Bermuda,pole 15 S
2025-10-14T19:27:33.118507+00:00,26.6735535,-81.80483416666667,28:70:4e:d0:88:22,-66,5765,154,Bermuda,pole 14
2025-10-14T19:27:33.118507+00:00,26.6735535,-81.80483416666667,2e:70:4e:d0:88:22,-66,5765,154,Bermuda Guest WIFI,pole 14
2025-10-14T19:27:33.118507+00:00,26.6735535,-81.80483416666667,28:70:4e:d0:87:50,-76,5745,150,Bermuda,pole 13 E
2025-10-14T19:27:33.118507+00:00,26.6735535,-81.80483416666667,2e:70:4e:d0:87:50,-76,5745,150,Bermuda Guest WIFI,pole 13 E
2025-10-14T19:27:33.118507+00:00,26.6735535,-81.80483416666667,28:70:4e:d0:87:4f,-66,2462,11,Bermuda,pole 13 E
2025-10-14T19:27:33.118507+00:00,26.6735535,-81.80483416666667,2e:70:4e:d0:87:4f,-65,2462,11,Bermuda Guest WIFI,pole 13 E
2025-10-14T19:28:11.561831+00:00,26.673920666666668,-81.8047085,28:70:4e:d2:92:aa,-79,2437,6,Bermuda,pole 12 N
2025-10-14T19:28:11.561831+00:00,26.673920666666668,-81.8047085,28:70:4e:d0:88:21,-65,2412,1,Bermuda,pole 14
2025-10-14T19:28:11.561831+00:00,26.673920666666668,-81.8047085,28:70:4e:dd:d0:49,-62,2437,6,Bermuda,pole 13 SW
2025-10-14T19:28:11.561831+00:00,26.673920666666668,-81.8047085,2e:70:4e:dd:d0:49,-62,2437,6,Bermuda Guest WIFI,pole 13 SW
2025-10-14T19:28:11.561831+00:00,26.673920666666668,-81.8047085,2e:70:4e:d2:92:aa,-78,2437,6,Bermuda Guest WIFI,pole 12 N
2025-10-14T19:28:11.561831+00:00,26.673920666666668,-81.8047085,2e:70:4e:d0:88:21,-75,2412,1,Bermuda Guest WIFI,pole 14
2025-10-14T19:28:11.561831+00:00,26.673920666666668,-81.8047085,28:70:4e:d0:86:c2,-84,2437,6,Bermuda,pole 12 W
2025-10-14T19:28:11.561831+00:00,26.673920666666668,-81.8047085,2e:70:4e:d0:86:c2,-84,2437,6,Bermuda Guest WIFI,pole 12 W
2025-10-14T19:28:11.561831+00:00,26.673920666666668,-81.8047085,2e:70:4e:d2:c9:b0,-78,2437,6,Bermuda Guest WIFI,pole 15 NW
2025-10-14T19:28:11.561831+00:00,26.673920666666668,-81.8047085,2e:70:4e:d0:88:f9,-84,2412,1,Bermuda Guest WIFI,pole 11
2025-10-14T19:28:11.561831+00:00,26.673920666666668,-81.8047085,00:17:1a:d6:27:8a,-77,2462,11,Winegard2ghzD62789,Unknown
2025-10-14T19:28:11.561831+00:00,26.673920666666668,-81.8047085,28:70:4e:d0:87:4f,-77,2462,11,Bermuda,pole 13 E
2025-10-14T19:28:11.561831+00:00,26.673920666666668,-81.8047085,9e:05:d6:96:20:6f,-81,5745,150,Bermuda Guest WIFI,inside1
2025-10-14T19:28:11.561831+00:00,26.673920666666668,-81.8047085,9e:05:d6:a6:20:6f,-81,5745,150,Private WIFI,Unknown
2025-10-14T19:28:11.561831+00:00,26.673920666666668,-81.8047085,2e:70:4e:d0:87:50,-72,5745,150,Bermuda Guest WIFI,pole 13 E
2025-10-14T19:28:11.561831+00:00,26.673920666666668,-81.8047085,28:70:4e:d3:d6:28,-75,2412,1,Bermuda,pole 18 W
2025-10-14T19:28:11.561831+00:00,26.673920666666668,-81.8047085,2e:70:4e:d3:d6:28,-75,2412,1,Bermuda Guest WIFI,pole 18 W
2025-10-14T19:28:11.561831+00:00,26.673920666666668,-81.8047085,28:70:4e:d0:87:73,-75,2412,1,Bermuda,pole 18 N
2025-10-14T19:28:11.561831+00:00,26.673920666666668,-81.8047085,2e:70:4e:d0:87:73,-75,2412,1,Bermuda Guest WIFI,pole 18 N
2025-10-14T19:28:11.561831+00:00,26.673920666666668,-81.8047085,28:70:4e:d2:92:ab,-74,5745,150,Bermuda,pole 12 N
2025-10-14T19:28:11.561831+00:00,26.673920666666668,-81.8047085,2e:70:4e:d2:92:ab,-74,5745,150,Bermuda Guest WIFI,pole 12 N
2025-10-14T19:28:21.045787+00:00,26.674023833333333,-81.80469766666667,28:70:4e:d2:92:aa,-67,2437,6,Bermuda,pole 12 N
2025-10-14T19:28:21.045787+00:00,26.674023833333333,-81.80469766666667,28:70:4e:d0:88:21,-58,2412,1,Bermuda,pole 14
2025-10-14T19:28:21.045787+00:00,26.674023833333333,-81.80469766666667,28:70:4e:dd:d0:49,-62,2437,6,Bermuda,pole 13 SW
2025-10-14T19:28:21.045787+00:00,26.674023833333333,-81.80469766666667,2e:70:4e:dd:d0:49,-62,2437,6,Bermuda Guest WIFI,pole 13 SW
2025-10-14T19:28:21.045787+00:00,26.674023833333333,-81.80469766666667,2e:70:4e:d2:92:aa,-68,2437,6,Bermuda Guest WIFI,pole 12 N
2025-10-14T19:28:21.045787+00:00,26.674023833333333,-81.80469766666667,2e:70:4e:d0:88:21,-59,2412,1,Bermuda Guest WIFI,pole 14
2025-10-14T19:28:21.045787+00:00,26.674023833333333,-81.80469766666667,28:70:4e:d0:86:c2,-84,2437,6,Bermuda,pole 12 W
2025-10-14T19:28:21.045787+00:00,26.674023833333333,-81.80469766666667,2e:70:4e:d0:86:c2,-84,2437,6,Bermuda Guest WIFI,pole 12 W
2025-10-14T19:28:21.045787+00:00,26.674023833333333,-81.80469766666667,2e:70:4e:d2:c9:b0,-78,2437,6,Bermuda Guest WIFI,pole 15 NW
2025-10-14T19:28:21.045787+00:00,26.674023833333333,-81.80469766666667,2e:70:4e:d0:88:f9,-83,2412,1,Bermuda Guest WIFI,pole 11
2025-10-14T19:28:21.045787+00:00,26.674023833333333,-81.80469766666667,00:17:1a:d6:27:8a,-77,2462,11,Winegard2ghzD62789,Unknown
2025-10-14T19:28:21.045787+00:00,26.674023833333333,-81.80469766666667,28:70:4e:d0:87:4f,-66,2462,11,Bermuda,pole 13 E
2025-10-14T19:28:21.045787+00:00,26.674023833333333,-81.80469766666667,9e:05:d6:96:20:6f,-81,5745,150,Bermuda Guest WIFI,inside1
2025-10-14T19:28:21.045787+00:00,26.674023833333333,-81.80469766666667,9e:05:d6:a6:20:6f,-81,5745,150,Private WIFI,Unknown
2025-10-14T19:28:21.045787+00:00,26.674023833333333,-81.80469766666667,2e:70:4e:d0:87:50,-72,5745,150,Bermuda Guest WIFI,pole 13 E
2025-10-14T19:28:21.045787+00:00,26.674023833333333,-81.80469766666667,28:70:4e:d3:d6:28,-75,2412,1,Bermuda,pole 18 W
2025-10-14T19:28:21.045787+00:00,26.674023833333333,-81.80469766666667,2e:70:4e:d3:d6:28,-75,2412,1,Bermuda Guest WIFI,pole 18 W
2025-10-14T19:28:21.045787+00:00,26.674023833333333,-81.80469766666667,28:70:4e:d0:87:73,-75,2412,1,Bermuda,pole 18 N
2025-10-14T19:28:21.045787+00:00,26.674023833333333,-81.80469766666667,2e:70:4e:d0:87:73,-75,2412,1,Bermuda Guest WIFI,pole 18 N
2025-10-14T19:28:21.045787+00:00,26.674023833333333,-81.80469766666667,28:70:4e:d2:92:ab,-76,5745,150,Bermuda,pole 12 N
2025-10-14T19:28:21.045787+00:00,26.674023833333333,-81.80469766666667,2e:70:4e:d2:92:ab,-75,5745,150,Bermuda Guest WIFI,pole 12 N
2025-10-14T19:28:21.045787+00:00,26.674023833333333,-81.80469766666667,9c:05:d6:d6:11:fe,-85,2462,11,Bermuda,inside3
2025-10-14T19:28:31.082589+00:00,26.674065,-81.80461533333333,28:70:4e:d2:92:aa,-67,2437,6,Bermuda,pole 12 N
2025-10-14T19:28:31.082589+00:00,26.674065,-81.80461533333333,28:70:4e:d0:88:21,-58,2412,1,Bermuda,pole 14
2025-10-14T19:28:31.082589+00:00,26.674065,-81.80461533333333,2e:70:4e:d2:92:aa,-68,2437,6,Bermuda Guest WIFI,pole 12 N
2025-10-14T19:28:31.082589+00:00,26.674065,-81.80461533333333,2e:70:4e:d0:88:21,-59,2412,1,Bermuda Guest WIFI,pole 14
2025-10-14T19:28:31.082589+00:00,26.674065,-81.80461533333333,2e:70:4e:d0:88:f9,-83,2412,1,Bermuda Guest WIFI,pole 11
2025-10-14T19:28:31.082589+00:00,26.674065,-81.80461533333333,00:17:1a:d6:27:8a,-77,2462,11,Winegard2ghzD62789,Unknown
2025-10-14T19:28:31.082589+00:00,26.674065,-81.80461533333333,28:70:4e:d0:87:4f,-66,2462,11,Bermuda,pole 13 E
2025-10-14T19:28:31.082589+00:00,26.674065,-81.80461533333333,28:70:4e:d2:92:ab,-73,5745,150,Bermuda,pole 12 N
2025-10-14T19:28:31.082589+00:00,26.674065,-81.80461533333333,2e:70:4e:d2:92:ab,-73,5745,150,Bermuda Guest WIFI,pole 12 N
2025-10-14T19:28:31.082589+00:00,26.674065,-81.80461533333333,9c:05:d6:d6:11:fe,-85,2462,11,Bermuda,inside3
2025-10-14T19:28:31.082589+00:00,26.674065,-81.80461533333333,9c:05:d6:d6:20:6e,-92,2437,6,Bermuda,inside1
2025-10-14T19:28:31.082589+00:00,26.674065,-81.80461533333333,9e:05:d6:96:20:6e,-90,2437,6,Bermuda Guest WIFI,inside1
2025-10-14T19:28:31.082589+00:00,26.674065,-81.80461533333333,9e:05:d6:a6:20:6e,-89,2437,6,Private WIFI,Unknown
2025-10-14T19:28:31.082589+00:00,26.674065,-81.80461533333333,28:70:4e:d0:89:02,-80,2462,11,Bermuda,pole 17
2025-10-14T19:28:31.082589+00:00,26.674065,-81.80461533333333,2e:70:4e:d0:89:02,-82,2462,11,Bermuda Guest WIFI,pole 17
2025-10-14T19:28:31.082589+00:00,26.674065,-81.80461533333333,9e:05:d6:96:11:ff,-81,5805,162,Bermuda Guest WIFI,inside3
2025-10-14T19:28:31.082589+00:00,26.674065,-81.80461533333333,9c:05:d6:d6:11:ff,-80,5805,162,Bermuda,inside3
2025-10-14T19:28:41.117468+00:00,26.67402583333333,-81.804534,28:70:4e:d2:92:aa,-67,2437,6,Bermuda,pole 12 N
2025-10-14T19:28:41.117468+00:00,26.67402583333333,-81.804534,28:70:4e:d0:88:21,-64,2412,1,Bermuda,pole 14
2025-10-14T19:28:41.117468+00:00,26.67402583333333,-81.804534,2e:70:4e:d2:92:aa,-68,2437,6,Bermuda Guest WIFI,pole 12 N
2025-10-14T19:28:41.117468+00:00,26.67402583333333,-81.804534,2e:70:4e:d0:88:21,-59,2412,1,Bermuda Guest WIFI,pole 14
2025-10-14T19:28:41.117468+00:00,26.67402583333333,-81.804534,2e:70:4e:d0:88:f9,-70,2412,1,Bermuda Guest WIFI,pole 11
2025-10-14T19:28:41.117468+00:00,26.67402583333333,-81.804534,00:17:1a:d6:27:8a,-78,2462,11,Winegard2ghzD62789,Unknown
2025-10-14T19:28:41.117468+00:00,26.67402583333333,-81.804534,28:70:4e:d0:87:4f,-77,2462,11,Bermuda,pole 13 E
2025-10-14T19:28:41.117468+00:00,26.67402583333333,-81.804534,28:70:4e:d2:92:ab,-79,5745,150,Bermuda,pole 12 N
2025-10-14T19:28:41.117468+00:00,26.67402583333333,-81.804534,2e:70:4e:d2:92:ab,-79,5745,150,Bermuda Guest WIFI,pole 12 N
2025-10-14T19:28:41.117468+00:00,26.67402583333333,-81.804534,9c:05:d6:d6:11:fe,-82,2462,11,Bermuda,inside3
2025-10-14T19:28:41.117468+00:00,26.67402583333333,-81.804534,9c:05:d6:d6:20:6e,-92,2437,6,Bermuda,inside1
2025-10-14T19:28:41.117468+00:00,26.67402583333333,-81.804534,9e:05:d6:96:20:6e,-90,2437,6,Bermuda Guest WIFI,inside1
2025-10-14T19:28:41.117468+00:00,26.67402583333333,-81.804534,9e:05:d6:a6:20:6e,-89,2437,6,Private WIFI,Unknown
2025-10-14T19:28:41.117468+00:00,26.67402583333333,-81.804534,28:70:4e:d0:89:02,-80,2462,11,Bermuda,pole 17
2025-10-14T19:28:41.117468+00:00,26.67402583333333,-81.804534,2e:70:4e:d0:89:02,-82,2462,11,Bermuda Guest WIFI,pole 17
2025-10-14T19:28:41.117468+00:00,26.67402583333333,-81.804534,9e:05:d6:96:11:ff,-83,5805,162,Bermuda Guest WIFI,inside3
2025-10-14T19:28:41.117468+00:00,26.67402583333333,-81.804534,9c:05:d6:d6:11:ff,-82,5805,162,Bermuda,inside3
2025-10-14T19:28:41.117468+00:00,26.67402583333333,-81.804534,28:70:4e:dd:d0:49,-76,2437,6,Bermuda,pole 13 SW
2025-10-14T19:28:41.117468+00:00,26.67402583333333,-81.804534,2e:70:4e:dd:d0:49,-76,2437,6,Bermuda Guest WIFI,pole 13 SW
2025-10-14T19:28:41.117468+00:00,26.67402583333333,-81.804534,02:8c:f2:00:6d:79,-79,2452,9,Pvt.WFR_Everest.7523,Unknown
2025-10-14T19:28:41.117468+00:00,26.67402583333333,-81.804534,2e:70:4e:d0:87:4f,-78,2462,11,Bermuda Guest WIFI,pole 13 E
2025-10-14T19:28:41.117468+00:00,26.67402583333333,-81.804534,9c:05:d6:d6:20:6f,-79,5745,150,Bermuda,inside1
2025-10-14T19:28:41.117468+00:00,26.67402583333333,-81.804534,9e:05:d6:96:20:6f,-80,5745,150,Bermuda Guest WIFI,inside1
2025-10-14T19:28:41.117468+00:00,26.67402583333333,-81.804534,9e:05:d6:a6:20:6f,-81,5745,150,Private WIFI,Unknown
2025-10-14T19:29:24.975633+00:00,26.674232333333332,-81.80458416666667,28:70:4e:d0:88:21,-72,2412,1,Bermuda,pole 14
2025-10-14T19:29:24.975633+00:00,26.674232333333332,-81.80458416666667,2e:70:4e:dd:d0:49,-75,2437,6,Bermuda Guest WIFI,pole 13 SW
2025-10-14T19:29:24.975633+00:00,26.674232333333332,-81.80458416666667,2e:70:4e:d0:87:73,-86,2412,1,Bermuda Guest WIFI,pole 18 N
2025-10-14T19:29:24.975633+00:00,26.674232333333332,-81.80458416666667,2e:70:4e:d3:d6:28,-89,2412,1,Bermuda Guest WIFI,pole 18 W
2025-10-14T19:29:24.975633+00:00,26.674232333333332,-81.80458416666667,28:70:4e:d0:87:61,-87,2412,1,Bermuda,pole 22 NW
2025-10-14T19:29:24.975633+00:00,26.674232333333332,-81.80458416666667,2e:70:4e:d0:87:61,-85,2412,1,Bermuda Guest WIFI,pole 22 NW
2025-10-14T19:29:24.975633+00:00,26.674232333333332,-81.80458416666667,02:5e:3c:48:ba:92,-90,2427,4,Pvt.WFR_Aspen.7353,Unknown
2025-10-14T19:29:24.975633+00:00,26.674232333333332,-81.80458416666667,2e:70:4e:d0:86:c2,-86,2437,6,Bermuda Guest WIFI,pole 12 W
2025-10-14T19:29:24.975633+00:00,26.674232333333332,-81.80458416666667,9c:05:d6:d6:11:fe,-86,2462,11,Bermuda,inside3
2025-10-14T19:29:24.975633+00:00,26.674232333333332,-81.80458416666667,28:70:4e:d0:87:4f,-79,2462,11,Bermuda,pole 13 E
2025-10-14T19:29:24.975633+00:00,26.674232333333332,-81.80458416666667,2e:70:4e:d0:87:4f,-81,2462,11,Bermuda Guest WIFI,pole 13 E
2025-10-14T19:29:24.975633+00:00,26.674232333333332,-81.80458416666667,00:17:1a:d6:27:8a,-79,2462,11,Winegard2ghzD62789,Unknown
2025-10-14T19:29:24.975633+00:00,26.674232333333332,-81.80458416666667,28:70:4e:d0:87:5e,-81,2462,11,Bermuda,pole 15 S
2025-10-14T19:29:24.975633+00:00,26.674232333333332,-81.80458416666667,28:70:4e:d0:8d:34,-84,2462,11,Bermuda,pole 20
2025-10-14T19:29:24.975633+00:00,26.674232333333332,-81.80458416666667,2e:70:4e:d0:87:5e,-79,2462,11,Bermuda Guest WIFI,pole 15 S
2025-10-14T19:29:24.975633+00:00,26.674232333333332,-81.80458416666667,2e:70:4e:d0:8d:34,-77,2462,11,Bermuda Guest WIFI,pole 20
2025-10-14T19:29:24.975633+00:00,26.674232333333332,-81.80458416666667,9e:05:d6:96:11:fe,-84,2462,11,Bermuda Guest WIFI,inside3
2025-10-14T19:29:24.975633+00:00,26.674232333333332,-81.80458416666667,9e:05:d6:96:22:ae,-91,2462,11,Bermuda Guest WIFI,inside5
2025-10-14T19:29:24.975633+00:00,26.674232333333332,-81.80458416666667,2e:70:4e:dd:d3:1f,-87,2462,11,Bermuda Guest WIFI,Unknown
2025-10-14T19:29:24.975633+00:00,26.674232333333332,-81.80458416666667,9c:05:d6:d6:11:ff,-78,5805,162,Bermuda,inside3
2025-10-14T19:29:24.975633+00:00,26.674232333333332,-81.80458416666667,9e:05:d6:96:11:ff,-77,5805,162,Bermuda Guest WIFI,inside3
2025-10-14T19:29:34.776111+00:00,26.674309,-81.8046455,28:70:4e:d0:88:21,-72,2412,1,Bermuda,pole 14
2025-10-14T19:29:34.776111+00:00,26.674309,-81.8046455,2e:70:4e:dd:d0:49,-69,2437,6,Bermuda Guest WIFI,pole 13 SW
2025-10-14T19:29:34.776111+00:00,26.674309,-81.8046455,2e:70:4e:d0:87:73,-86,2412,1,Bermuda Guest WIFI,pole 18 N
2025-10-14T19:29:34.776111+00:00,26.674309,-81.8046455,2e:70:4e:d3:d6:28,-89,2412,1,Bermuda Guest WIFI,pole 18 W
2025-10-14T19:29:34.776111+00:00,26.674309,-81.8046455,28:70:4e:d0:87:61,-87,2412,1,Bermuda,pole 22 NW
2025-10-14T19:29:34.776111+00:00,26.674309,-81.8046455,2e:70:4e:d0:87:61,-85,2412,1,Bermuda Guest WIFI,pole 22 NW
2025-10-14T19:29:34.776111+00:00,26.674309,-81.8046455,02:5e:3c:48:ba:92,-90,2427,4,Pvt.WFR_Aspen.7353,Unknown
2025-10-14T19:29:34.776111+00:00,26.674309,-81.8046455,2e:70:4e:d0:86:c2,-86,2437,6,Bermuda Guest WIFI,pole 12 W
2025-10-14T19:29:34.776111+00:00,26.674309,-81.8046455,9c:05:d6:d6:11:fe,-86,2462,11,Bermuda,inside3
2025-10-14T19:29:34.776111+00:00,26.674309,-81.8046455,28:70:4e:d0:87:4f,-69,2462,11,Bermuda,pole 13 E
2025-10-14T19:29:34.776111+00:00,26.674309,-81.8046455,2e:70:4e:d0:87:4f,-70,2462,11,Bermuda Guest WIFI,pole 13 E
2025-10-14T19:29:34.776111+00:00,26.674309,-81.8046455,00:17:1a:d6:27:8a,-79,2462,11,Winegard2ghzD62789,Unknown
2025-10-14T19:29:34.776111+00:00,26.674309,-81.8046455,28:70:4e:d0:87:5e,-81,2462,11,Bermuda,pole 15 S
2025-10-14T19:29:34.776111+00:00,26.674309,-81.8046455,28:70:4e:d0:8d:34,-84,2462,11,Bermuda,pole 20
2025-10-14T19:29:34.776111+00:00,26.674309,-81.8046455,2e:70:4e:d0:87:5e,-79,2462,11,Bermuda Guest WIFI,pole 15 S
2025-10-14T19:29:34.776111+00:00,26.674309,-81.8046455,2e:70:4e:d0:8d:34,-77,2462,11,Bermuda Guest WIFI,pole 20
2025-10-14T19:29:34.776111+00:00,26.674309,-81.8046455,9e:05:d6:96:11:fe,-64,2462,11,Bermuda Guest WIFI,inside3
2025-10-14T19:29:34.776111+00:00,26.674309,-81.8046455,9e:05:d6:96:22:ae,-79,2462,11,Bermuda Guest WIFI,inside5
2025-10-14T19:29:34.776111+00:00,26.674309,-81.8046455,2e:70:4e:dd:d3:1f,-87,2462,11,Bermuda Guest WIFI,Unknown
2025-10-14T19:29:34.776111+00:00,26.674309,-81.8046455,9c:05:d6:d6:11:ff,-58,5805,162,Bermuda,inside3
2025-10-14T19:29:34.776111+00:00,26.674309,-81.8046455,9e:05:d6:96:11:ff,-57,5805,162,Bermuda Guest WIFI,inside3
2025-10-14T19:29:34.776111+00:00,26.674309,-81.8046455,9e:05:d6:96:2c:46,-86,2412,1,Bermuda Guest WIFI,inside2
2025-10-14T19:29:34.776111+00:00,26.674309,-81.8046455,9e:05:d6:96:20:6e,-75,2437,6,Bermuda Guest WIFI,inside1
2025-10-14T19:29:34.776111+00:00,26.674309,-81.8046455,9c:05:d6:d6:20:6e,-76,2437,6,Bermuda,inside1
2025-10-14T19:29:34.776111+00:00,26.674309,-81.8046455,9e:05:d6:a6:20:6e,-76,2437,6,Private WIFI,Unknown
2025-10-14T19:29:34.776111+00:00,26.674309,-81.8046455,9c:05:d6:d6:22:af,-69,5805,162,Bermuda,inside5
2025-10-14T19:29:34.776111+00:00,26.674309,-81.8046455,9e:05:d6:96:20:6f,-75,5745,150,Bermuda Guest WIFI,inside1
2025-10-14T19:29:34.776111+00:00,26.674309,-81.8046455,9e:05:d6:a6:20:6f,-76,5745,150,Private WIFI,Unknown
2025-10-14T19:29:34.776111+00:00,26.674309,-81.8046455,9c:05:d6:d6:20:6f,-75,5745,150,Bermuda,inside1
2025-10-14T19:29:34.776111+00:00,26.674309,-81.8046455,9c:05:d6:d6:25:73,-74,5220,45,Bermuda,inside4
2025-10-14T19:29:34.776111+00:00,26.674309,-81.8046455,9e:05:d6:96:25:73,-74,5220,45,Bermuda Guest WIFI,inside4
